{"elements": [{"element": 15, "meta": {"autoPlayableTTS": [], "backgroundColor": null, "sectionIndex": 0}, "type": "verticalSpace"}, {"element": {"hints": {"hintLinks": [], "hints": []}, "styledString": {"styling": [{"attributes": {"alignment": "left", "fontSize": 25, "fontWeight": "bold", "lineSpacing": 4, "textColor": "4B4B4B"}, "from": 0, "to": 3}], "text": "Age"}, "tokenTTS": {"tokenTTSCollection": []}}, "meta": {"autoPlayableTTS": [], "backgroundColor": null, "sectionIndex": 0}, "type": "text"}, {"element": 12, "meta": {"autoPlayableTTS": [], "backgroundColor": null, "sectionIndex": 0}, "type": "verticalSpace"}, {"element": {"hints": {"hintLinks": [], "hints": []}, "styledString": {"styling": [{"attributes": {"alignment": "left", "fontSize": 19, "fontWeight": "normal", "lineSpacing": 5, "textColor": "4B4B4B"}, "from": 0, "to": 19}, {"attributes": {"alignment": "left", "fontSize": 19, "fontWeight": "bold", "lineSpacing": 5, "textColor": "4B4B4B"}, "from": 19, "to": 41}, {"attributes": {"alignment": "left", "fontSize": 19, "fontWeight": "normal", "lineSpacing": 5, "textColor": "4B4B4B"}, "from": 41, "to": 69}, {"attributes": {"alignment": "left", "fontSize": 19, "fontWeight": "bold", "lineSpacing": 5, "textColor": "4B4B4B"}, "from": 69, "to": 89}, {"attributes": {"alignment": "left", "fontSize": 19, "fontWeight": "normal", "lineSpacing": 5, "textColor": "4B4B4B"}, "from": 89, "to": 90}], "text": "In English, we say I am sixteen years old. But in Spanish, you'd say I have sixteen years."}, "tokenTTS": {"tokenTTSCollection": []}}, "meta": {"autoPlayableTTS": [], "backgroundColor": null, "sectionIndex": 0}, "type": "text"}, {"element": 24, "meta": {"autoPlayableTTS": [], "backgroundColor": null, "sectionIndex": 1}, "type": "verticalSpace"}, {"element": {"examples": [{"subtext": {"hints": {"hintLinks": [], "hints": []}, "styledString": {"styling": [{"attributes": {"alignment": "center", "fontSize": 19, "fontWeight": "normal", "lineSpacing": 8, "textColor": "AFAFAF"}, "from": 0, "to": 25}], "text": "The baby is one year old."}, "tokenTTS": {"tokenTTSCollection": []}}, "text": {"hints": {"hintLinks": [{"index": 0, "rangeEnd": 20, "rangeStart": 0}], "hints": ["the baby is one year old"]}, "styledString": {"styling": [{"attributes": {"alignment": "center", "fontSize": 19, "fontWeight": "normal", "lineSpacing": 5, "textColor": "4B4B4B"}, "from": 0, "to": 8}, {"attributes": {"alignment": "center", "fontSize": 19, "fontWeight": "bold", "lineSpacing": 8, "textColor": "1CB0F6"}, "from": 8, "to": 13}, {"attributes": {"alignment": "center", "fontSize": 19, "fontWeight": "normal", "lineSpacing": 5, "textColor": "4B4B4B"}, "from": 13, "to": 21}], "text": "El beb\u00e9 tiene un a\u00f1o."}, "tokenTTS": {"tokenTTSCollection": [{"endIndex": 20, "startIndex": 0, "ttsURL": "https://d1vq87e9lcf771.cloudfront.net/miguel/52d1a1df346d0e50e1d80407973b79bf"}]}}, "ttsURL": "https://d1vq87e9lcf771.cloudfront.net/miguel/52d1a1df346d0e50e1d80407973b79bf"}], "image": {"url": "https://d1btvuu4dwu627.cloudfront.net/3cdc03288e3c6f85b686b505cbfe29f3/7b0f879c5218bfdf0263a44d62c7515c/images/d31ccc6106224179bfb038f688415f26.pdf"}, "layout": "wideImageWithTextBelow"}, "meta": {"autoPlayableTTS": [], "backgroundColor": null, "sectionIndex": 1}, "type": "exampleCaptionedImage"}, {"element": 24, "meta": {"autoPlayableTTS": [], "backgroundColor": null, "sectionIndex": 2}, "type": "verticalSpace"}, {"element": {"examples": [{"subtext": {"hints": {"hintLinks": [], "hints": []}, "styledString": {"styling": [{"attributes": {"alignment": "center", "fontSize": 19, "fontWeight": "normal", "lineSpacing": 8, "textColor": "AFAFAF"}, "from": 0, "to": 21}], "text": "I am eight years old."}, "tokenTTS": {"tokenTTSCollection": []}}, "text": {"hints": {"hintLinks": [{"index": 0, "rangeEnd": 18, "rangeStart": 0}], "hints": ["I am eight years old"]}, "styledString": {"styling": [{"attributes": {"alignment": "center", "fontSize": 19, "fontWeight": "normal", "lineSpacing": 5, "textColor": "4B4B4B"}, "from": 0, "to": 3}, {"attributes": {"alignment": "center", "fontSize": 19, "fontWeight": "bold", "lineSpacing": 8, "textColor": "1CB0F6"}, "from": 3, "to": 8}, {"attributes": {"alignment": "center", "fontSize": 19, "fontWeight": "normal", "lineSpacing": 5, "textColor": "4B4B4B"}, "from": 8, "to": 19}], "text": "Yo tengo ocho a\u00f1os."}, "tokenTTS": {"tokenTTSCollection": [{"endIndex": 18, "startIndex": 0, "ttsURL": "https://d1vq87e9lcf771.cloudfront.net/miguel/c0bfc7d397c01bb2b96ca01e16858b2a"}]}}, "ttsURL": "https://d1vq87e9lcf771.cloudfront.net/miguel/c0bfc7d397c01bb2b96ca01e16858b2a"}], "image": {"url": "https://d1btvuu4dwu627.cloudfront.net/3cdc03288e3c6f85b686b505cbfe29f3/7b0f879c5218bfdf0263a44d62c7515c/images/3f7fabbd05524b0d8e971198d883a6fb.pdf"}, "layout": "wideImageWithTextBelow"}, "meta": {"autoPlayableTTS": [], "backgroundColor": null, "sectionIndex": 2}, "type": "exampleCaptionedImage"}, {"element": 36, "meta": {"autoPlayableTTS": [], "backgroundColor": null, "sectionIndex": 3}, "type": "verticalSpace"}, {"element": {"hints": {"hintLinks": [], "hints": []}, "styledString": {"styling": [{"attributes": {"alignment": "left", "fontSize": 25, "fontWeight": "bold", "lineSpacing": 4, "textColor": "4B4B4B"}, "from": 0, "to": 7}], "text": "Numbers"}, "tokenTTS": {"tokenTTSCollection": []}}, "meta": {"autoPlayableTTS": [], "backgroundColor": null, "sectionIndex": 3}, "type": "text"}, {"element": 12, "meta": {"autoPlayableTTS": [], "backgroundColor": null, "sectionIndex": 3}, "type": "verticalSpace"}, {"element": {"hints": {"hintLinks": [], "hints": []}, "styledString": {"styling": [{"attributes": {"alignment": "left", "fontSize": 19, "fontWeight": "normal", "lineSpacing": 5, "textColor": "4B4B4B"}, "from": 0, "to": 41}], "text": "Congrats! You can count to 10 in Spanish!"}, "tokenTTS": {"tokenTTSCollection": []}}, "meta": {"autoPlayableTTS": [], "backgroundColor": null, "sectionIndex": 3}, "type": "text"}, {"element": 24, "meta": {"autoPlayableTTS": [], "backgroundColor": null, "sectionIndex": 4}, "type": "verticalSpace"}, {"element": {"hints": {"hintLinks": [{"index": 0, "rangeEnd": 6, "rangeStart": 4}, {"index": 1, "rangeEnd": 14, "rangeStart": 12}, {"index": 2, "rangeEnd": 23, "rangeStart": 20}, {"index": 3, "rangeEnd": 34, "rangeStart": 29}, {"index": 4, "rangeEnd": 44, "rangeStart": 40}, {"index": 5, "rangeEnd": 53, "rangeStart": 50}, {"index": 6, "rangeEnd": 63, "rangeStart": 59}, {"index": 7, "rangeEnd": 72, "rangeStart": 69}, {"index": 8, "rangeEnd": 82, "rangeStart": 78}, {"index": 9, "rangeEnd": 92, "rangeStart": 89}], "hints": ["one", "two", "three", "four", "five", "six", "seven", "eight", "nine", "10"]}, "styledString": {"styling": [{"attributes": {"alignment": "left", "fontSize": 19, "fontWeight": "normal", "lineSpacing": 5, "textColor": "4B4B4B"}, "from": 0, "to": 93}], "text": "1 \u2011 uno\n2 \u2011 dos\n3 \u2011 tres\n4 \u2011 cuatro\n5 \u2011 cinco\n6 \u2011 seis\n7 \u2011 siete\n8 \u2011 ocho\n9 \u2011 nueve\n10 \u2011 diez"}, "tokenTTS": {"tokenTTSCollection": [{"endIndex": 6, "startIndex": 4, "ttsURL": "https://d1vq87e9lcf771.cloudfront.net/miguel/4c0fb9e26ef2a61e26664fefc0d79c21"}, {"endIndex": 14, "startIndex": 12, "ttsURL": "https://d1vq87e9lcf771.cloudfront.net/miguel/2139e14c4d528990b8b9d3d857cea59f"}, {"endIndex": 23, "startIndex": 20, "ttsURL": "https://d1vq87e9lcf771.cloudfront.net/miguel/594f1c05ab6d86dbf90ad40f6c9ab209"}, {"endIndex": 34, "startIndex": 29, "ttsURL": "https://d1vq87e9lcf771.cloudfront.net/miguel/f47fdc4e56ec2a7a1c60c51aba1ebefb"}, {"endIndex": 44, "startIndex": 40, "ttsURL": "https://d1vq87e9lcf771.cloudfront.net/miguel/ca0eb34cae4db432cd4882248a30f2ac"}, {"endIndex": 53, "startIndex": 50, "ttsURL": "https://d1vq87e9lcf771.cloudfront.net/miguel/980f36f216c1a51e4a63ef7bfbe51042"}, {"endIndex": 63, "startIndex": 59, "ttsURL": "https://d1vq87e9lcf771.cloudfront.net/miguel/6241ecc94012252fb0555a4289df650e"}, {"endIndex": 72, "startIndex": 69, "ttsURL": "https://d1vq87e9lcf771.cloudfront.net/miguel/5c5ec99c88f13faa2b1e8351aaa0b8c3"}, {"endIndex": 82, "startIndex": 78, "ttsURL": "https://d1vq87e9lcf771.cloudfront.net/miguel/25d6a3b96137a5590411e6c05946727a"}, {"endIndex": 92, "startIndex": 89, "ttsURL": "https://d1vq87e9lcf771.cloudfront.net/miguel/89282a1f5793237373529a76588be8f1"}]}}, "meta": {"autoPlayableTTS": [], "backgroundColor": null, "sectionIndex": 4}, "type": "text"}, {"element": 36, "meta": {"autoPlayableTTS": [], "backgroundColor": null, "sectionIndex": 5}, "type": "verticalSpace"}, {"element": {"hints": {"hintLinks": [], "hints": []}, "styledString": {"styling": [{"attributes": {"alignment": "left", "fontSize": 25, "fontWeight": "bold", "lineSpacing": 4, "textColor": "4B4B4B"}, "from": 0, "to": 14}], "text": "Spanish sounds"}, "tokenTTS": {"tokenTTSCollection": []}}, "meta": {"autoPlayableTTS": [], "backgroundColor": null, "sectionIndex": 5}, "type": "text"}, {"element": 12, "meta": {"autoPlayableTTS": [], "backgroundColor": null, "sectionIndex": 5}, "type": "verticalSpace"}, {"element": {"hints": {"hintLinks": [], "hints": []}, "styledString": {"styling": [{"attributes": {"alignment": "left", "fontSize": 19, "fontWeight": "normal", "lineSpacing": 5, "textColor": "4B4B4B"}, "from": 0, "to": 33}, {"attributes": {"alignment": "left", "fontSize": 19, "fontWeight": "bold", "lineSpacing": 5, "textColor": "1CB0F6"}, "from": 33, "to": 34}, {"attributes": {"alignment": "left", "fontSize": 19, "fontWeight": "normal", "lineSpacing": 5, "textColor": "4B4B4B"}, "from": 34, "to": 72}, {"attributes": {"alignment": "left", "fontSize": 19, "fontWeight": "bold", "lineSpacing": 5, "textColor": "4B4B4B"}, "from": 72, "to": 73}, {"attributes": {"alignment": "left", "fontSize": 19, "fontWeight": "normal", "lineSpacing": 5, "textColor": "4B4B4B"}, "from": 73, "to": 77}, {"attributes": {"alignment": "left", "fontSize": 19, "fontWeight": "bold", "lineSpacing": 5, "textColor": "4B4B4B"}, "from": 77, "to": 78}, {"attributes": {"alignment": "left", "fontSize": 19, "fontWeight": "normal", "lineSpacing": 5, "textColor": "4B4B4B"}, "from": 78, "to": 79}], "text": "Heads up! In Spanish, the letter g has a special sound when followed by e or i."}, "tokenTTS": {"tokenTTSCollection": []}}, "meta": {"autoPlayableTTS": [], "backgroundColor": null, "sectionIndex": 5}, "type": "text"}, {"element": 24, "meta": {"autoPlayableTTS": [], "backgroundColor": null, "sectionIndex": 6}, "type": "verticalSpace"}, {"element": {"audioURL": "https://d1btvuu4dwu627.cloudfront.net/3cdc03288e3c6f85b686b505cbfe29f3/7b0f879c5218bfdf0263a44d62c7515c/audio/bfccd0c7e12d4acebe508ed7a408de3d.mp3", "description": {"hints": {"hintLinks": [{"index": 0, "rangeEnd": 3, "rangeStart": 0}, {"index": 1, "rangeEnd": 13, "rangeStart": 6}], "hints": ["cat", "question"]}, "styledString": {"styling": [{"attributes": {"alignment": "left", "fontSize": 19, "fontWeight": "bold", "lineSpacing": 5, "textColor": "1CB0F6"}, "from": 0, "to": 1}, {"attributes": {"alignment": "left", "fontSize": 19, "fontWeight": "normal", "lineSpacing": 5, "textColor": "4B4B4B"}, "from": 1, "to": 9}, {"attributes": {"alignment": "left", "fontSize": 19, "fontWeight": "bold", "lineSpacing": 5, "textColor": "1CB0F6"}, "from": 9, "to": 10}, {"attributes": {"alignment": "left", "fontSize": 19, "fontWeight": "normal", "lineSpacing": 5, "textColor": "4B4B4B"}, "from": 10, "to": 14}], "text": "gato, pregunta"}, "tokenTTS": {"tokenTTSCollection": [{"endIndex": 3, "startIndex": 0, "ttsURL": "https://d1vq87e9lcf771.cloudfront.net/miguel/23df34204a8f580aedd8d72ed39b5418"}, {"endIndex": 13, "startIndex": 6, "ttsURL": "https://d1vq87e9lcf771.cloudfront.net/miguel/65e16125ffaa5c6f9763219ceb73494f"}]}}, "sampleText": {"styling": [{"attributes": {"alignment": "center", "fontSize": 45, "fontWeight": "bold", "lineSpacing": 5, "textColor": "4B4B4B"}, "from": 0, "to": 1}, {"attributes": {"alignment": "center", "fontSize": 45, "fontWeight": "bold", "lineSpacing": 5, "textColor": "CFCFCF"}, "from": 1, "to": 4}], "text": "gato"}}, "meta": {"autoPlayableTTS": [], "backgroundColor": null, "sectionIndex": 6}, "type": "audioSample"}, {"element": 24, "meta": {"autoPlayableTTS": [], "backgroundColor": null, "sectionIndex": 7}, "type": "verticalSpace"}, {"element": {"hints": {"hintLinks": [], "hints": []}, "styledString": {"styling": [{"attributes": {"alignment": "left", "fontSize": 19, "fontWeight": "normal", "lineSpacing": 5, "textColor": "4B4B4B"}, "from": 0, "to": 6}, {"attributes": {"alignment": "left", "fontSize": 19, "fontWeight": "bold", "lineSpacing": 5, "textColor": "1CB0F6"}, "from": 6, "to": 7}, {"attributes": {"alignment": "left", "fontSize": 19, "fontWeight": "bold", "lineSpacing": 5, "textColor": "4B4B4B"}, "from": 7, "to": 8}, {"attributes": {"alignment": "left", "fontSize": 19, "fontWeight": "normal", "lineSpacing": 5, "textColor": "4B4B4B"}, "from": 8, "to": 9}], "text": "As in go."}, "tokenTTS": {"tokenTTSCollection": []}}, "meta": {"autoPlayableTTS": [], "backgroundColor": null, "sectionIndex": 7}, "type": "text"}, {"element": 24, "meta": {"autoPlayableTTS": [], "backgroundColor": null, "sectionIndex": 8}, "type": "verticalSpace"}, {"element": {"audioURL": "https://d1btvuu4dwu627.cloudfront.net/3cdc03288e3c6f85b686b505cbfe29f3/7b0f879c5218bfdf0263a44d62c7515c/audio/9b866d5e80e0486092711860da04913a.mp3", "description": {"hints": {"hintLinks": [{"index": 0, "rangeEnd": 5, "rangeStart": 0}, {"index": 1, "rangeEnd": 18, "rangeStart": 8}], "hints": ["magic", "intelligent"]}, "styledString": {"styling": [{"attributes": {"alignment": "left", "fontSize": 19, "fontWeight": "normal", "lineSpacing": 5, "textColor": "4B4B4B"}, "from": 0, "to": 2}, {"attributes": {"alignment": "left", "fontSize": 19, "fontWeight": "bold", "lineSpacing": 5, "textColor": "1CB0F6"}, "from": 2, "to": 3}, {"attributes": {"alignment": "left", "fontSize": 19, "fontWeight": "normal", "lineSpacing": 5, "textColor": "4B4B4B"}, "from": 3, "to": 14}, {"attributes": {"alignment": "left", "fontSize": 19, "fontWeight": "bold", "lineSpacing": 5, "textColor": "1CB0F6"}, "from": 14, "to": 15}, {"attributes": {"alignment": "left", "fontSize": 19, "fontWeight": "normal", "lineSpacing": 5, "textColor": "4B4B4B"}, "from": 15, "to": 19}], "text": "m\u00e1gico, inteligente"}, "tokenTTS": {"tokenTTSCollection": [{"endIndex": 5, "startIndex": 0, "ttsURL": "https://d1vq87e9lcf771.cloudfront.net/miguel/5ab85ad83580d480ccd122a108fb9368"}, {"endIndex": 18, "startIndex": 8, "ttsURL": "https://d1vq87e9lcf771.cloudfront.net/miguel/faff78059ff7eb19e4e144f36f68b408"}]}}, "sampleText": {"styling": [{"attributes": {"alignment": "center", "fontSize": 45, "fontWeight": "bold", "lineSpacing": 5, "textColor": "CFCFCF"}, "from": 0, "to": 2}, {"attributes": {"alignment": "center", "fontSize": 45, "fontWeight": "bold", "lineSpacing": 5, "textColor": "4B4B4B"}, "from": 2, "to": 3}, {"attributes": {"alignment": "center", "fontSize": 45, "fontWeight": "bold", "lineSpacing": 5, "textColor": "CFCFCF"}, "from": 3, "to": 6}], "text": "m\u00e1gico"}}, "meta": {"autoPlayableTTS": [], "backgroundColor": null, "sectionIndex": 8}, "type": "audioSample"}, {"element": 24, "meta": {"autoPlayableTTS": [], "backgroundColor": null, "sectionIndex": 9}, "type": "verticalSpace"}, {"element": {"hints": {"hintLinks": [], "hints": []}, "styledString": {"styling": [{"attributes": {"alignment": "left", "fontSize": 19, "fontWeight": "normal", "lineSpacing": 5, "textColor": "4B4B4B"}, "from": 0, "to": 45}, {"attributes": {"alignment": "left", "fontSize": 19, "fontWeight": "bold", "lineSpacing": 5, "textColor": "4B4B4B"}, "from": 45, "to": 46}, {"attributes": {"alignment": "left", "fontSize": 19, "fontWeight": "normal", "lineSpacing": 5, "textColor": "4B4B4B"}, "from": 46, "to": 47}], "text": "That's right! It's the same sound as Spanish j!"}, "tokenTTS": {"tokenTTSCollection": []}}, "meta": {"autoPlayableTTS": [], "backgroundColor": null, "sectionIndex": 9}, "type": "text"}, {"element": 15, "meta": {"autoPlayableTTS": [], "backgroundColor": null, "sectionIndex": 9}, "type": "verticalSpace"}], "intro": null, "resourcesToPrefetch": [{"required": false, "type": "mp3", "url": "https://d1vq87e9lcf771.cloudfront.net/miguel/ca0eb34cae4db432cd4882248a30f2ac"}, {"required": false, "type": "mp3", "url": "https://d1vq87e9lcf771.cloudfront.net/miguel/4c0fb9e26ef2a61e26664fefc0d79c21"}, {"required": false, "type": "mp3", "url": "https://d1vq87e9lcf771.cloudfront.net/miguel/6241ecc94012252fb0555a4289df650e"}, {"required": false, "type": "mp3", "url": "https://d1vq87e9lcf771.cloudfront.net/miguel/5ab85ad83580d480ccd122a108fb9368"}, {"required": false, "type": "mp3", "url": "https://d1vq87e9lcf771.cloudfront.net/miguel/52d1a1df346d0e50e1d80407973b79bf"}, {"required": false, "type": "mp3", "url": "https://d1vq87e9lcf771.cloudfront.net/miguel/594f1c05ab6d86dbf90ad40f6c9ab209"}, {"required": false, "type": "mp3", "url": "https://d1vq87e9lcf771.cloudfront.net/miguel/f47fdc4e56ec2a7a1c60c51aba1ebefb"}, {"required": false, "type": "mp3", "url": "https://d1vq87e9lcf771.cloudfront.net/miguel/25d6a3b96137a5590411e6c05946727a"}, {"required": true, "type": "pdf", "url": "https://d1btvuu4dwu627.cloudfront.net/3cdc03288e3c6f85b686b505cbfe29f3/7b0f879c5218bfdf0263a44d62c7515c/images/d31ccc6106224179bfb038f688415f26.pdf"}, {"required": false, "type": "mp3", "url": "https://d1vq87e9lcf771.cloudfront.net/miguel/65e16125ffaa5c6f9763219ceb73494f"}, {"required": false, "type": "mp3", "url": "https://d1btvuu4dwu627.cloudfront.net/3cdc03288e3c6f85b686b505cbfe29f3/7b0f879c5218bfdf0263a44d62c7515c/audio/9b866d5e80e0486092711860da04913a.mp3"}, {"required": true, "type": "pdf", "url": "https://d1btvuu4dwu627.cloudfront.net/3cdc03288e3c6f85b686b505cbfe29f3/7b0f879c5218bfdf0263a44d62c7515c/images/3f7fabbd05524b0d8e971198d883a6fb.pdf"}, {"required": false, "type": "mp3", "url": "https://d1vq87e9lcf771.cloudfront.net/miguel/89282a1f5793237373529a76588be8f1"}, {"required": false, "type": "mp3", "url": "https://d1vq87e9lcf771.cloudfront.net/miguel/980f36f216c1a51e4a63ef7bfbe51042"}, {"required": false, "type": "mp3", "url": "https://d1vq87e9lcf771.cloudfront.net/miguel/c0bfc7d397c01bb2b96ca01e16858b2a"}, {"required": false, "type": "mp3", "url": "https://d1vq87e9lcf771.cloudfront.net/miguel/2139e14c4d528990b8b9d3d857cea59f"}, {"required": false, "type": "mp3", "url": "https://d1vq87e9lcf771.cloudfront.net/miguel/23df34204a8f580aedd8d72ed39b5418"}, {"required": false, "type": "mp3", "url": "https://d1btvuu4dwu627.cloudfront.net/3cdc03288e3c6f85b686b505cbfe29f3/7b0f879c5218bfdf0263a44d62c7515c/audio/bfccd0c7e12d4acebe508ed7a408de3d.mp3"}, {"required": false, "type": "mp3", "url": "https://d1vq87e9lcf771.cloudfront.net/miguel/5c5ec99c88f13faa2b1e8351aaa0b8c3"}, {"required": false, "type": "mp3", "url": "https://d1vq87e9lcf771.cloudfront.net/miguel/faff78059ff7eb19e4e144f36f68b408"}], "skillID": "28bd4be933d720f49aa480e99843deb7", "title": "Family 2"}