{"elements": [{"type": "verticalSpace", "element": 2, "meta": {"autoPlayableTTS": [], "sectionIndex": 0, "backgroundColor": "E5E5E5"}}, {"type": "verticalSpace", "element": 24, "meta": {"autoPlayableTTS": [], "sectionIndex": 0, "backgroundColor": null}}, {"type": "text", "element": {"styledString": {"text": "KEY PHRASES", "styling": [{"from": 0, "to": 11, "attributes": {"alignment": "left", "fontSize": 17, "fontWeight": "bold", "textColor": "1CB0F6", "lineSpacing": 4}}]}, "tokenTTS": {"tokenTTSCollection": []}}, "meta": {"autoPlayableTTS": [], "sectionIndex": 0, "backgroundColor": null}}, {"type": "verticalSpace", "element": 8, "meta": {"autoPlayableTTS": [], "sectionIndex": 0, "backgroundColor": null}}, {"type": "text", "element": {"styledString": {"text": "Talk about a trip", "styling": [{"from": 0, "to": 17, "attributes": {"alignment": "left", "fontSize": 25, "fontWeight": "bold", "textColor": "4B4B4B", "lineSpacing": 4}}]}, "tokenTTS": {"tokenTTSCollection": []}}, "meta": {"autoPlayableTTS": [], "sectionIndex": 0, "backgroundColor": null}}, {"type": "verticalSpace", "element": 16, "meta": {"autoPlayableTTS": [], "sectionIndex": 0, "backgroundColor": null}}, {"type": "dialogue", "element": {"phrases": [{"text": {"styledString": {"text": "\u00bfPor d\u00f3nde anduviste?", "styling": [{"from": 0, "to": 21, "attributes": {"alignment": "left", "fontSize": 19, "fontWeight": "normal", "textColor": "4B4B4B", "lineSpacing": 5}}]}, "tokenTTS": {"tokenTTSCollection": []}, "blockHints": [{"value": "\u00bf"}, {"value": "Por", "hintTable": {"headers": ["por", "d\u00f3nde"], "rows": [[{"hint": "how", "colspan": 2}], [{"hint": "around", "colspan": 1}, {"colspan": 1}], [{"hint": "through", "colspan": 1}, {"colspan": 1}], [{"hint": "at", "colspan": 1}, {"colspan": 1}]], "references": [1]}, "tts": "https://d1vq87e9lcf771.cloudfront.net/miguel/e339e0bfe581d755bb02344cc04edecc"}, {"value": " "}, {"value": "d\u00f3nde", "hintTable": {"headers": ["por", "d\u00f3nde"], "rows": [[{"hint": "how", "colspan": 2}], [{"colspan": 1}, {"hint": "where", "colspan": 1}], [{"colspan": 1}, {"hint": "wherever", "colspan": 1}]], "references": [0]}, "tts": "https://d1vq87e9lcf771.cloudfront.net/miguel/c073e4d8e11592d52ce6b85a63ec0e56"}, {"value": " "}, {"value": "anduviste", "hintTable": {"rows": [[{"hint": "(?) did you walk", "colspan": 1}], [{"hint": "walk", "colspan": 1}], [{"hint": "(you) walked", "colspan": 1}]], "references": []}, "tts": "https://d1vq87e9lcf771.cloudfront.net/miguel/3273152e7d05805ddfb524224a6bbed0"}, {"value": "?"}]}, "subtext": {"styledString": {"text": "Where did you walk around?", "styling": [{"from": 0, "to": 26, "attributes": {"alignment": "left", "fontSize": 19, "fontWeight": "normal", "textColor": "AFAFAF", "lineSpacing": 5}}]}, "tokenTTS": {"tokenTTSCollection": []}}, "ttsURL": "https://d1vq87e9lcf771.cloudfront.net/miguel/792bee4fd29d803d45ab0eee2b65f696"}, {"text": {"styledString": {"text": "Anduve por las avenidas de la ciudad.", "styling": [{"from": 0, "to": 37, "attributes": {"alignment": "left", "fontSize": 19, "fontWeight": "normal", "textColor": "4B4B4B", "lineSpacing": 5}}]}, "tokenTTS": {"tokenTTSCollection": []}, "blockHints": [{"value": "Anduve", "hintTable": {"rows": [[{"hint": "(I) walked", "colspan": 1}], [{"hint": "(I) went", "colspan": 1}], [{"hint": "(I) was", "colspan": 1}]], "references": []}, "tts": "https://d1vq87e9lcf771.cloudfront.net/miguel/342165fc39237e5069371fabe403e9b6"}, {"value": " "}, {"value": "por", "hintTable": {"rows": [[{"hint": "through", "colspan": 1}], [{"hint": "of", "colspan": 1}], [{"hint": "because of", "colspan": 1}]], "references": []}, "tts": "https://d1vq87e9lcf771.cloudfront.net/miguel/e339e0bfe581d755bb02344cc04edecc"}, {"value": " "}, {"value": "las", "hintTable": {"rows": [[{"hint": "the", "colspan": 1}], [{"hint": "your", "colspan": 1}], [{"hint": "their", "colspan": 1}]], "references": []}, "tts": "https://d1vq87e9lcf771.cloudfront.net/miguel/091132295dc9ca2d2c6c7bec077b625b"}, {"value": " "}, {"value": "avenidas", "hintTable": {"rows": [[{"hint": "avenues", "colspan": 1}]], "references": []}, "tts": "https://d1vq87e9lcf771.cloudfront.net/miguel/e14bc7a874bb8fd8c261366547d53a01"}, {"value": " "}, {"value": "de", "hintTable": {"headers": ["de", "la"], "rows": [[{"hint": "'s", "colspan": 2}], [{"hint": "of", "colspan": 1}, {"colspan": 1}], [{"hint": "the", "colspan": 1}, {"colspan": 1}], [{"hint": "made of", "colspan": 1}, {"colspan": 1}]], "references": [5]}, "tts": "https://d1vq87e9lcf771.cloudfront.net/miguel/7c3dc4295f4bfedec518e38299ea8dc5"}, {"value": " "}, {"value": "la", "hintTable": {"headers": ["de", "la"], "rows": [[{"hint": "'s", "colspan": 2}], [{"colspan": 1}, {"hint": "the", "colspan": 1}], [{"colspan": 1}, {"hint": "your", "colspan": 1}], [{"colspan": 1}, {"hint": "her", "colspan": 1}]], "references": [4]}, "tts": "https://d1vq87e9lcf771.cloudfront.net/miguel/e9ea010281921357dd4b130d51e7488b"}, {"value": " "}, {"value": "ciudad", "hintTable": {"rows": [[{"hint": "city", "colspan": 1}], [{"hint": "town", "colspan": 1}], [{"hint": "cities", "colspan": 1}]], "references": []}, "tts": "https://d1vq87e9lcf771.cloudfront.net/miguel/d424fcecace5e1c2e575d66e24d8ec9e"}, {"value": "."}]}, "subtext": {"styledString": {"text": "I walked through the avenues of the city.", "styling": [{"from": 0, "to": 41, "attributes": {"alignment": "left", "fontSize": 19, "fontWeight": "normal", "textColor": "AFAFAF", "lineSpacing": 5}}]}, "tokenTTS": {"tokenTTSCollection": []}}, "ttsURL": "https://d1vq87e9lcf771.cloudfront.net/miguel/2c651219e62caa2a84fbc73feae01e58"}]}, "meta": {"autoPlayableTTS": [], "sectionIndex": 0, "backgroundColor": null}}, {"type": "verticalSpace", "element": 16, "meta": {"autoPlayableTTS": [], "sectionIndex": 0, "backgroundColor": null}}, {"type": "dialogue", "element": {"phrases": [{"text": {"styledString": {"text": "Sebasti\u00e1n quiso quedarse en el hotel.", "styling": [{"from": 0, "to": 37, "attributes": {"alignment": "left", "fontSize": 19, "fontWeight": "normal", "textColor": "4B4B4B", "lineSpacing": 5}}]}, "tokenTTS": {"tokenTTSCollection": []}, "blockHints": [{"value": "Sebasti\u00e1n", "hintTable": {"rows": [[{"hint": "Sebasti\u00e1n", "colspan": 1}]], "references": []}, "tts": "https://d1vq87e9lcf771.cloudfront.net/miguel/181e1b47397d7e8f5bd20672c2f1c71e"}, {"value": " "}, {"value": "quiso", "hintTable": {"rows": [[{"hint": "(she) wanted", "colspan": 1}], [{"hint": "(he) wanted", "colspan": 1}], [{"hint": "wanted", "colspan": 1}]], "references": []}, "tts": "https://d1vq87e9lcf771.cloudfront.net/miguel/fdded8b90fa2c4078690662349e9dafa"}, {"value": " "}, {"value": "quedarse", "hintTable": {"rows": [[{"hint": "(to) stay", "colspan": 1}], [{"hint": "stay", "colspan": 1}], [{"hint": "stuck", "colspan": 1}]], "references": []}, "tts": "https://d1vq87e9lcf771.cloudfront.net/miguel/b2abf60760490443cef8425d86e907e7"}, {"value": " "}, {"value": "en", "hintTable": {"rows": [[{"hint": "at", "colspan": 1}], [{"hint": "to", "colspan": 1}], [{"hint": "in", "colspan": 1}]], "references": []}, "tts": "https://d1vq87e9lcf771.cloudfront.net/miguel/953baa0ff97009a5374e3a2695ce7f5c"}, {"value": " "}, {"value": "el", "hintTable": {"rows": [[{"hint": "the", "colspan": 1}], [{"hint": "your", "colspan": 1}], [{"hint": "her", "colspan": 1}]], "references": []}, "tts": "https://d1vq87e9lcf771.cloudfront.net/penelope/b47f0c6243dc0dd607abd744189eec05"}, {"value": " "}, {"value": "hotel", "hintTable": {"rows": [[{"hint": "hotel", "colspan": 1}], [{"hint": "hotels", "colspan": 1}]], "references": []}, "tts": "https://d1vq87e9lcf771.cloudfront.net/miguel/4cd4f9b109cf05668af161db47ea9cc3"}, {"value": "."}]}, "subtext": {"styledString": {"text": "Sebasti\u00e1n wanted to stay at the hotel.", "styling": [{"from": 0, "to": 38, "attributes": {"alignment": "left", "fontSize": 19, "fontWeight": "normal", "textColor": "AFAFAF", "lineSpacing": 5}}]}, "tokenTTS": {"tokenTTSCollection": []}}, "ttsURL": "https://d1vq87e9lcf771.cloudfront.net/miguel/77bd62b1842acefca0649664817d2a86"}]}, "meta": {"autoPlayableTTS": [], "sectionIndex": 0, "backgroundColor": null}}, {"type": "verticalSpace", "element": 16, "meta": {"autoPlayableTTS": [], "sectionIndex": 0, "backgroundColor": null}}, {"type": "dialogue", "element": {"phrases": [{"text": {"styledString": {"text": "Susana quiso caminar por el parque.", "styling": [{"from": 0, "to": 35, "attributes": {"alignment": "left", "fontSize": 19, "fontWeight": "normal", "textColor": "4B4B4B", "lineSpacing": 5}}]}, "tokenTTS": {"tokenTTSCollection": []}, "blockHints": [{"value": "Susana", "hintTable": {"rows": [[{"hint": "Susana", "colspan": 1}]], "references": []}, "tts": "https://d1vq87e9lcf771.cloudfront.net/miguel/eacc247716c2afeebbd7943426d7e839"}, {"value": " "}, {"value": "quiso", "hintTable": {"rows": [[{"hint": "(she) wanted", "colspan": 1}], [{"hint": "(he) wanted", "colspan": 1}], [{"hint": "wanted", "colspan": 1}]], "references": []}, "tts": "https://d1vq87e9lcf771.cloudfront.net/miguel/fdded8b90fa2c4078690662349e9dafa"}, {"value": " "}, {"value": "caminar", "hintTable": {"headers": ["caminar", "por"], "rows": [[{"hint": "walk", "colspan": 2}], [{"hint": "walks", "colspan": 2}], [{"hint": "(to) walk", "colspan": 1}, {"colspan": 1}], [{"hint": "walk", "colspan": 1}, {"colspan": 1}], [{"hint": "(to) go for a walk", "colspan": 1}, {"colspan": 1}]], "references": [3]}, "tts": "https://d1vq87e9lcf771.cloudfront.net/miguel/4f0a30d5166233ebc5ed6a0b87ffed72"}, {"value": " "}, {"value": "por", "hintTable": {"headers": ["caminar", "por"], "rows": [[{"hint": "walk", "colspan": 2}], [{"hint": "walks", "colspan": 2}], [{"colspan": 1}, {"hint": "through", "colspan": 2}], [{"colspan": 1}, {"hint": "to", "colspan": 1}], [{"colspan": 1}, {"hint": "through", "colspan": 1}]], "references": [4]}, "tts": "https://d1vq87e9lcf771.cloudfront.net/miguel/e339e0bfe581d755bb02344cc04edecc"}, {"value": " "}, {"value": "el", "hintTable": {"headers": ["por", "el"], "rows": [[{"hint": "through", "colspan": 2}], [{"colspan": 1}, {"hint": "the", "colspan": 1}], [{"colspan": 1}, {"hint": "on", "colspan": 1}], [{"colspan": 1}, {"hint": "your", "colspan": 1}]], "references": [3]}, "tts": "https://d1vq87e9lcf771.cloudfront.net/penelope/b47f0c6243dc0dd607abd744189eec05"}, {"value": " "}, {"value": "parque", "hintTable": {"rows": [[{"hint": "park", "colspan": 1}], [{"hint": "parks", "colspan": 1}], [{"hint": "parked", "colspan": 1}]], "references": []}, "tts": "https://d1vq87e9lcf771.cloudfront.net/miguel/0fef20ba0fd552d2a656d4ccd3e09599"}, {"value": "."}]}, "subtext": {"styledString": {"text": "Susana wanted to walk through the park.", "styling": [{"from": 0, "to": 39, "attributes": {"alignment": "left", "fontSize": 19, "fontWeight": "normal", "textColor": "AFAFAF", "lineSpacing": 5}}]}, "tokenTTS": {"tokenTTSCollection": []}}, "ttsURL": "https://d1vq87e9lcf771.cloudfront.net/miguel/0e4cbf24ea45652599f492ca02272128"}]}, "meta": {"autoPlayableTTS": [], "sectionIndex": 0, "backgroundColor": null}}, {"type": "verticalSpace", "element": 16, "meta": {"autoPlayableTTS": [], "sectionIndex": 0, "backgroundColor": null}}, {"type": "dialogue", "element": {"phrases": [{"text": {"styledString": {"text": "Nosotros pudimos visitar dos museos ayer.", "styling": [{"from": 0, "to": 41, "attributes": {"alignment": "left", "fontSize": 19, "fontWeight": "normal", "textColor": "4B4B4B", "lineSpacing": 5}}]}, "tokenTTS": {"tokenTTSCollection": []}, "blockHints": [{"value": "Nosotros", "hintTable": {"rows": [[{"hint": "we", "colspan": 1}], [{"hint": "us", "colspan": 1}]], "references": []}, "tts": "https://d1vq87e9lcf771.cloudfront.net/miguel/a624405f3a9f9478a2bdb7ea193ca619"}, {"value": " "}, {"value": "pudimos", "hintTable": {"rows": [[{"hint": "(we) were able", "colspan": 1}], [{"hint": "(we) could", "colspan": 1}], [{"hint": "could", "colspan": 1}]], "references": []}, "tts": "https://d1vq87e9lcf771.cloudfront.net/miguel/32c9facbc5cdc21d8a124e45d082b377"}, {"value": " "}, {"value": "visitar", "hintTable": {"rows": [[{"hint": "(to) visit", "colspan": 1}], [{"hint": "visit", "colspan": 1}], [{"hint": "visiting", "colspan": 1}]], "references": []}, "tts": "https://d1vq87e9lcf771.cloudfront.net/miguel/7c0d3916f786935be49e6aab28c5e50e"}, {"value": " "}, {"value": "dos", "hintTable": {"rows": [[{"hint": "two", "colspan": 1}], [{"hint": "2", "colspan": 1}], [{"hint": "second", "colspan": 1}]], "references": []}, "tts": "https://d1vq87e9lcf771.cloudfront.net/miguel/2139e14c4d528990b8b9d3d857cea59f"}, {"value": " "}, {"value": "museos", "hintTable": {"rows": [[{"hint": "museums", "colspan": 1}]], "references": []}, "tts": "https://d1vq87e9lcf771.cloudfront.net/miguel/1abaec0a1fd316d6d7776863e753d99b"}, {"value": " "}, {"value": "ayer", "hintTable": {"rows": [[{"hint": "yesterday", "colspan": 1}]], "references": []}, "tts": "https://d1vq87e9lcf771.cloudfront.net/miguel/ad52383bacc330110b3b2935ce459555"}, {"value": "."}]}, "subtext": {"styledString": {"text": "We were able to visit two museums yesterday.", "styling": [{"from": 0, "to": 44, "attributes": {"alignment": "left", "fontSize": 19, "fontWeight": "normal", "textColor": "AFAFAF", "lineSpacing": 5}}]}, "tokenTTS": {"tokenTTSCollection": []}}, "ttsURL": "https://d1vq87e9lcf771.cloudfront.net/miguel/6c5603fddb102664fe977c909d73fcda"}]}, "meta": {"autoPlayableTTS": [], "sectionIndex": 0, "backgroundColor": null}}, {"type": "verticalSpace", "element": 16, "meta": {"autoPlayableTTS": [], "sectionIndex": 0, "backgroundColor": null}}, {"type": "dialogue", "element": {"phrases": [{"text": {"styledString": {"text": "Nos retrasamos dos horas en el aeropuerto.", "styling": [{"from": 0, "to": 42, "attributes": {"alignment": "left", "fontSize": 19, "fontWeight": "normal", "textColor": "4B4B4B", "lineSpacing": 5}}]}, "tokenTTS": {"tokenTTSCollection": []}, "blockHints": [{"value": "Nos", "hintTable": {"headers": ["nos", "retrasamos"], "rows": [[{"hint": "(we) were delayed", "colspan": 2}], [{"hint": "we", "colspan": 1}, {"colspan": 1}], [{"hint": "for us", "colspan": 1}, {"colspan": 1}], [{"hint": "ourselves", "colspan": 1}, {"colspan": 1}]], "references": [1]}, "tts": "https://d1vq87e9lcf771.cloudfront.net/miguel/3086923da928a5f1e76aee61c55ff0b0"}, {"value": " "}, {"value": "retrasamos", "hintTable": {"headers": ["nos", "retrasamos"], "rows": [[{"hint": "(we) were delayed", "colspan": 2}], [{"colspan": 1}, {"hint": "delay", "colspan": 1}]], "references": [0]}, "tts": "https://d1vq87e9lcf771.cloudfront.net/miguel/a2cdbfdfa8173495f336559c2ca34975"}, {"value": " "}, {"value": "dos", "hintTable": {"rows": [[{"hint": "two", "colspan": 1}], [{"hint": "2", "colspan": 1}], [{"hint": "second", "colspan": 1}]], "references": []}, "tts": "https://d1vq87e9lcf771.cloudfront.net/miguel/2139e14c4d528990b8b9d3d857cea59f"}, {"value": " "}, {"value": "horas", "hintTable": {"rows": [[{"hint": "hours", "colspan": 1}]], "references": []}, "tts": "https://d1vq87e9lcf771.cloudfront.net/beaes/7add1293318264316148909f598897e0"}, {"value": " "}, {"value": "en", "hintTable": {"rows": [[{"hint": "at", "colspan": 1}], [{"hint": "a", "colspan": 1}], [{"hint": "for", "colspan": 1}]], "references": []}, "tts": "https://d1vq87e9lcf771.cloudfront.net/miguel/953baa0ff97009a5374e3a2695ce7f5c"}, {"value": " "}, {"value": "el", "hintTable": {"rows": [[{"hint": "the", "colspan": 1}], [{"hint": "your", "colspan": 1}], [{"hint": "her", "colspan": 1}]], "references": []}, "tts": "https://d1vq87e9lcf771.cloudfront.net/penelope/b47f0c6243dc0dd607abd744189eec05"}, {"value": " "}, {"value": "aeropuerto", "hintTable": {"rows": [[{"hint": "airport", "colspan": 1}]], "references": []}, "tts": "https://d1vq87e9lcf771.cloudfront.net/miguel/b0db23580c3f6947ff85022fe379f489"}, {"value": "."}]}, "subtext": {"styledString": {"text": "We were delayed two hours at the airport.", "styling": [{"from": 0, "to": 41, "attributes": {"alignment": "left", "fontSize": 19, "fontWeight": "normal", "textColor": "AFAFAF", "lineSpacing": 5}}]}, "tokenTTS": {"tokenTTSCollection": []}}, "ttsURL": "https://d1vq87e9lcf771.cloudfront.net/miguel/506036f2ef06550d1812ba99f74ee066"}]}, "meta": {"autoPlayableTTS": [], "sectionIndex": 0, "backgroundColor": null}}, {"type": "verticalSpace", "element": 24, "meta": {"autoPlayableTTS": [], "sectionIndex": 0, "backgroundColor": null}}, {"type": "verticalSpace", "element": 24, "meta": {"autoPlayableTTS": [], "sectionIndex": 0, "backgroundColor": "DDF4FF"}}, {"type": "text", "element": {"styledString": {"text": "TIP", "styling": [{"from": 0, "to": 3, "attributes": {"alignment": "left", "fontSize": 17, "fontWeight": "bold", "textColor": "1CB0F6", "lineSpacing": 4}}]}, "tokenTTS": {"tokenTTSCollection": []}}, "meta": {"autoPlayableTTS": [], "sectionIndex": 0, "backgroundColor": "DDF4FF"}}, {"type": "verticalSpace", "element": 8, "meta": {"autoPlayableTTS": [], "sectionIndex": 0, "backgroundColor": "DDF4FF"}}, {"type": "text", "element": {"styledString": {"text": "Brief orders", "styling": [{"from": 0, "to": 12, "attributes": {"alignment": "left", "fontSize": 25, "fontWeight": "bold", "textColor": "4B4B4B", "lineSpacing": 4}}]}, "tokenTTS": {"tokenTTSCollection": []}, "hints": {"hints": [], "hintLinks": []}}, "meta": {"autoPlayableTTS": [], "sectionIndex": 0, "backgroundColor": "DDF4FF"}}, {"type": "verticalSpace", "element": 12, "meta": {"autoPlayableTTS": [], "sectionIndex": 0, "backgroundColor": "DDF4FF"}}, {"type": "text", "element": {"styledString": {"text": "When giving commands with venir, salir, tener, and irse, you\u2019ll have to use special t\u00fa forms. Look how cute and short they are!", "styling": [{"from": 0, "to": 26, "attributes": {"alignment": "left", "fontSize": 19, "fontWeight": "normal", "textColor": "4B4B4B", "lineSpacing": 5}}, {"from": 26, "to": 31, "attributes": {"alignment": "left", "fontSize": 19, "fontWeight": "bold", "textColor": "4B4B4B", "lineSpacing": 5}}, {"from": 31, "to": 33, "attributes": {"alignment": "left", "fontSize": 19, "fontWeight": "normal", "textColor": "4B4B4B", "lineSpacing": 5}}, {"from": 33, "to": 38, "attributes": {"alignment": "left", "fontSize": 19, "fontWeight": "bold", "textColor": "4B4B4B", "lineSpacing": 5}}, {"from": 38, "to": 40, "attributes": {"alignment": "left", "fontSize": 19, "fontWeight": "normal", "textColor": "4B4B4B", "lineSpacing": 5}}, {"from": 40, "to": 45, "attributes": {"alignment": "left", "fontSize": 19, "fontWeight": "bold", "textColor": "4B4B4B", "lineSpacing": 5}}, {"from": 45, "to": 51, "attributes": {"alignment": "left", "fontSize": 19, "fontWeight": "normal", "textColor": "4B4B4B", "lineSpacing": 5}}, {"from": 51, "to": 55, "attributes": {"alignment": "left", "fontSize": 19, "fontWeight": "bold", "textColor": "4B4B4B", "lineSpacing": 5}}, {"from": 55, "to": 84, "attributes": {"alignment": "left", "fontSize": 19, "fontWeight": "normal", "textColor": "4B4B4B", "lineSpacing": 5}}, {"from": 84, "to": 86, "attributes": {"alignment": "left", "fontSize": 19, "fontWeight": "bold", "textColor": "4B4B4B", "lineSpacing": 5}}, {"from": 86, "to": 127, "attributes": {"alignment": "left", "fontSize": 19, "fontWeight": "normal", "textColor": "4B4B4B", "lineSpacing": 5}}]}, "tokenTTS": {"tokenTTSCollection": [{"startIndex": 26, "endIndex": 30, "ttsURL": "https://d1vq87e9lcf771.cloudfront.net/miguel/775c0802986f2fceed1e4296bfc89f4d"}, {"startIndex": 33, "endIndex": 37, "ttsURL": "https://d1vq87e9lcf771.cloudfront.net/miguel/4be31f1e4afc528de515f9a36353153b"}, {"startIndex": 40, "endIndex": 44, "ttsURL": "https://d1vq87e9lcf771.cloudfront.net/miguel/1f4579af9319bb5baf407dce8f703e36"}, {"startIndex": 51, "endIndex": 54, "ttsURL": "https://d1vq87e9lcf771.cloudfront.net/miguel/c9253a90a38315c311cb0fe366efa585"}, {"startIndex": 84, "endIndex": 85, "ttsURL": "https://d1vq87e9lcf771.cloudfront.net/miguel/2e717e2fe5783a547e2995fe3699350a"}]}, "hints": {"hints": ["to come", "to go out", "to have", "to leave", "you (informal)"], "hintLinks": [{"index": 0, "rangeStart": 26, "rangeEnd": 30}, {"index": 1, "rangeStart": 33, "rangeEnd": 37}, {"index": 2, "rangeStart": 40, "rangeEnd": 44}, {"index": 3, "rangeStart": 51, "rangeEnd": 54}, {"index": 4, "rangeStart": 84, "rangeEnd": 85}]}}, "meta": {"autoPlayableTTS": [], "sectionIndex": 0, "backgroundColor": "DDF4FF"}}, {"type": "verticalSpace", "element": 24, "meta": {"autoPlayableTTS": [], "sectionIndex": 0, "backgroundColor": "DDF4FF"}}, {"type": "example", "element": {"text": {"styledString": {"text": "Carlos, \u00a1ven ac\u00e1!\u200b", "styling": [{"from": 0, "to": 9, "attributes": {"alignment": "left", "fontSize": 19, "fontWeight": "normal", "textColor": "4B4B4B", "lineSpacing": 5}}, {"from": 9, "to": 12, "attributes": {"alignment": "left", "fontSize": 19, "fontWeight": "bold", "textColor": "1CB0F6", "lineSpacing": 5}}, {"from": 12, "to": 18, "attributes": {"alignment": "left", "fontSize": 19, "fontWeight": "normal", "textColor": "4B4B4B", "lineSpacing": 5}}]}, "tokenTTS": {"tokenTTSCollection": [{"startIndex": 0, "endIndex": 16, "ttsURL": "https://d1vq87e9lcf771.cloudfront.net/miguel/84f4dce9aae8f38800dacb875d349f03"}]}, "hints": {"hints": ["Carlos, come here"], "hintLinks": [{"index": 0, "rangeStart": 0, "rangeEnd": 16}]}}, "subtext": {"styledString": {"text": "Carlos, come here!", "styling": [{"from": 0, "to": 18, "attributes": {"alignment": "left", "fontSize": 19, "fontWeight": "normal", "textColor": "AFAFAF", "lineSpacing": 5}}]}, "tokenTTS": {"tokenTTSCollection": []}, "hints": {"hints": [], "hintLinks": []}}, "ttsURL": "https://d1vq87e9lcf771.cloudfront.net/miguel/84f4dce9aae8f38800dacb875d349f03"}, "meta": {"autoPlayableTTS": [], "sectionIndex": 0, "backgroundColor": "DDF4FF"}}, {"type": "verticalSpace", "element": 12, "meta": {"autoPlayableTTS": [], "sectionIndex": 0, "backgroundColor": "DDF4FF"}}, {"type": "example", "element": {"text": {"styledString": {"text": "Juan, \u00a1sal de la habitaci\u00f3n!\u200b", "styling": [{"from": 0, "to": 7, "attributes": {"alignment": "left", "fontSize": 19, "fontWeight": "normal", "textColor": "4B4B4B", "lineSpacing": 5}}, {"from": 7, "to": 10, "attributes": {"alignment": "left", "fontSize": 19, "fontWeight": "bold", "textColor": "1CB0F6", "lineSpacing": 5}}, {"from": 10, "to": 29, "attributes": {"alignment": "left", "fontSize": 19, "fontWeight": "normal", "textColor": "4B4B4B", "lineSpacing": 5}}]}, "tokenTTS": {"tokenTTSCollection": [{"startIndex": 0, "endIndex": 27, "ttsURL": "https://d1vq87e9lcf771.cloudfront.net/miguel/5fe08ee1ca12b185a6a2c8448de66157"}]}, "hints": {"hints": ["Juan, get out of the room"], "hintLinks": [{"index": 0, "rangeStart": 0, "rangeEnd": 27}]}}, "subtext": {"styledString": {"text": "Juan, get out of the room!\u200b", "styling": [{"from": 0, "to": 27, "attributes": {"alignment": "left", "fontSize": 19, "fontWeight": "normal", "textColor": "AFAFAF", "lineSpacing": 5}}]}, "tokenTTS": {"tokenTTSCollection": []}, "hints": {"hints": [], "hintLinks": []}}, "ttsURL": "https://d1vq87e9lcf771.cloudfront.net/miguel/5fe08ee1ca12b185a6a2c8448de66157"}, "meta": {"autoPlayableTTS": [], "sectionIndex": 0, "backgroundColor": "DDF4FF"}}, {"type": "verticalSpace", "element": 12, "meta": {"autoPlayableTTS": [], "sectionIndex": 0, "backgroundColor": "DDF4FF"}}, {"type": "example", "element": {"text": {"styledString": {"text": "\u00a1Ten un buen viaje!", "styling": [{"from": 0, "to": 1, "attributes": {"alignment": "left", "fontSize": 19, "fontWeight": "normal", "textColor": "4B4B4B", "lineSpacing": 5}}, {"from": 1, "to": 4, "attributes": {"alignment": "left", "fontSize": 19, "fontWeight": "bold", "textColor": "1CB0F6", "lineSpacing": 5}}, {"from": 4, "to": 19, "attributes": {"alignment": "left", "fontSize": 19, "fontWeight": "normal", "textColor": "4B4B4B", "lineSpacing": 5}}]}, "tokenTTS": {"tokenTTSCollection": [{"startIndex": 0, "endIndex": 18, "ttsURL": "https://d1vq87e9lcf771.cloudfront.net/miguel/0bb06f61908c73c96c1ea055e8cf6779"}]}, "hints": {"hints": ["have a good trip"], "hintLinks": [{"index": 0, "rangeStart": 0, "rangeEnd": 18}]}}, "subtext": {"styledString": {"text": "Have a good trip!\u200b", "styling": [{"from": 0, "to": 18, "attributes": {"alignment": "left", "fontSize": 19, "fontWeight": "normal", "textColor": "AFAFAF", "lineSpacing": 5}}]}, "tokenTTS": {"tokenTTSCollection": []}, "hints": {"hints": [], "hintLinks": []}}, "ttsURL": "https://d1vq87e9lcf771.cloudfront.net/miguel/0bb06f61908c73c96c1ea055e8cf6779"}, "meta": {"autoPlayableTTS": [], "sectionIndex": 0, "backgroundColor": "DDF4FF"}}, {"type": "verticalSpace", "element": 12, "meta": {"autoPlayableTTS": [], "sectionIndex": 0, "backgroundColor": "DDF4FF"}}, {"type": "example", "element": {"text": {"styledString": {"text": "Pedro, \u00a1vete, por favor!\u200b", "styling": [{"from": 0, "to": 8, "attributes": {"alignment": "left", "fontSize": 19, "fontWeight": "normal", "textColor": "4B4B4B", "lineSpacing": 5}}, {"from": 8, "to": 12, "attributes": {"alignment": "left", "fontSize": 19, "fontWeight": "bold", "textColor": "1CB0F6", "lineSpacing": 5}}, {"from": 12, "to": 25, "attributes": {"alignment": "left", "fontSize": 19, "fontWeight": "normal", "textColor": "4B4B4B", "lineSpacing": 5}}]}, "tokenTTS": {"tokenTTSCollection": [{"startIndex": 0, "endIndex": 23, "ttsURL": "https://d1vq87e9lcf771.cloudfront.net/miguel/73fa93b52fe340d85885736a6f34017c"}]}, "hints": {"hints": ["Pedro, go away, please"], "hintLinks": [{"index": 0, "rangeStart": 0, "rangeEnd": 23}]}}, "subtext": {"styledString": {"text": "Pedro, go away, please!\u200b", "styling": [{"from": 0, "to": 24, "attributes": {"alignment": "left", "fontSize": 19, "fontWeight": "normal", "textColor": "AFAFAF", "lineSpacing": 5}}]}, "tokenTTS": {"tokenTTSCollection": []}, "hints": {"hints": [], "hintLinks": []}}, "ttsURL": "https://d1vq87e9lcf771.cloudfront.net/miguel/73fa93b52fe340d85885736a6f34017c"}, "meta": {"autoPlayableTTS": [], "sectionIndex": 0, "backgroundColor": "DDF4FF"}}, {"type": "verticalSpace", "element": 24, "meta": {"autoPlayableTTS": [], "sectionIndex": 0, "backgroundColor": "DDF4FF"}}], "resourcesToPrefetch": [{"required": false, "url": "https://d1vq87e9lcf771.cloudfront.net/miguel/c9253a90a38315c311cb0fe366efa585", "type": "mp3"}, {"required": false, "url": "https://d1vq87e9lcf771.cloudfront.net/miguel/6c5603fddb102664fe977c909d73fcda", "type": "mp3"}, {"required": false, "url": "https://d1vq87e9lcf771.cloudfront.net/miguel/4be31f1e4afc528de515f9a36353153b", "type": "mp3"}, {"required": false, "url": "https://d1vq87e9lcf771.cloudfront.net/miguel/84f4dce9aae8f38800dacb875d349f03", "type": "mp3"}, {"required": false, "url": "https://d1vq87e9lcf771.cloudfront.net/miguel/0bb06f61908c73c96c1ea055e8cf6779", "type": "mp3"}, {"required": false, "url": "https://d1vq87e9lcf771.cloudfront.net/miguel/1f4579af9319bb5baf407dce8f703e36", "type": "mp3"}, {"required": false, "url": "https://d1vq87e9lcf771.cloudfront.net/miguel/506036f2ef06550d1812ba99f74ee066", "type": "mp3"}, {"required": false, "url": "https://d1vq87e9lcf771.cloudfront.net/miguel/77bd62b1842acefca0649664817d2a86", "type": "mp3"}, {"required": false, "url": "https://d1vq87e9lcf771.cloudfront.net/miguel/5fe08ee1ca12b185a6a2c8448de66157", "type": "mp3"}, {"required": false, "url": "https://d1vq87e9lcf771.cloudfront.net/miguel/73fa93b52fe340d85885736a6f34017c", "type": "mp3"}, {"required": false, "url": "https://d1vq87e9lcf771.cloudfront.net/miguel/792bee4fd29d803d45ab0eee2b65f696", "type": "mp3"}, {"required": false, "url": "https://d1vq87e9lcf771.cloudfront.net/miguel/0e4cbf24ea45652599f492ca02272128", "type": "mp3"}, {"required": false, "url": "https://d1vq87e9lcf771.cloudfront.net/miguel/775c0802986f2fceed1e4296bfc89f4d", "type": "mp3"}, {"required": false, "url": "https://d1vq87e9lcf771.cloudfront.net/miguel/2c651219e62caa2a84fbc73feae01e58", "type": "mp3"}, {"required": false, "url": "https://d1vq87e9lcf771.cloudfront.net/miguel/2e717e2fe5783a547e2995fe3699350a", "type": "mp3"}]}