{"elements": [{"type": "verticalSpace", "element": 2, "meta": {"autoPlayableTTS": [], "sectionIndex": 0, "backgroundColor": "E5E5E5"}}, {"type": "verticalSpace", "element": 24, "meta": {"autoPlayableTTS": [], "sectionIndex": 0, "backgroundColor": null}}, {"type": "text", "element": {"styledString": {"text": "KEY PHRASES", "styling": [{"from": 0, "to": 11, "attributes": {"alignment": "left", "fontSize": 17, "fontWeight": "bold", "textColor": "1CB0F6", "lineSpacing": 4}}]}, "tokenTTS": {"tokenTTSCollection": []}}, "meta": {"autoPlayableTTS": [], "sectionIndex": 0, "backgroundColor": null}}, {"type": "verticalSpace", "element": 8, "meta": {"autoPlayableTTS": [], "sectionIndex": 0, "backgroundColor": null}}, {"type": "text", "element": {"styledString": {"text": "Express disagreement", "styling": [{"from": 0, "to": 20, "attributes": {"alignment": "left", "fontSize": 25, "fontWeight": "bold", "textColor": "4B4B4B", "lineSpacing": 4}}]}, "tokenTTS": {"tokenTTSCollection": []}}, "meta": {"autoPlayableTTS": [], "sectionIndex": 0, "backgroundColor": null}}, {"type": "verticalSpace", "element": 16, "meta": {"autoPlayableTTS": [], "sectionIndex": 0, "backgroundColor": null}}, {"type": "dialogue", "element": {"phrases": [{"text": {"styledString": {"text": "El problema no es lo que dices, sino c\u00f3mo lo dices.", "styling": [{"from": 0, "to": 51, "attributes": {"alignment": "left", "fontSize": 19, "fontWeight": "normal", "textColor": "4B4B4B", "lineSpacing": 5}}]}, "tokenTTS": {"tokenTTSCollection": []}, "blockHints": [{"value": "El", "hintTable": {"rows": [[{"hint": "the", "colspan": 1}], [{"hint": "your", "colspan": 1}], [{"hint": "her", "colspan": 1}]], "references": []}, "tts": "https://d1vq87e9lcf771.cloudfront.net/penelope/b47f0c6243dc0dd607abd744189eec05"}, {"value": " "}, {"value": "problema", "hintTable": {"rows": [[{"hint": "problem", "colspan": 1}], [{"hint": "issue", "colspan": 1}], [{"hint": "problems", "colspan": 1}]], "references": []}, "tts": "https://d1vq87e9lcf771.cloudfront.net/miguel/a3825ea49e4ca910918b7ad3159361ee"}, {"value": " "}, {"value": "no", "hintTable": {"headers": ["no", "es"], "rows": [[{"hint": "isn't", "colspan": 2}], [{"hint": "(it) is not", "colspan": 2}], [{"hint": "are not", "colspan": 1}, {"colspan": 1}], [{"hint": "not", "colspan": 1}, {"colspan": 1}], [{"hint": "do not", "colspan": 1}, {"colspan": 1}]], "references": [3]}, "tts": "https://d1vq87e9lcf771.cloudfront.net/miguel/e56dc9c59b5e999bbe4a986911a59034"}, {"value": " "}, {"value": "es", "hintTable": {"headers": ["no", "es"], "rows": [[{"hint": "isn't", "colspan": 2}], [{"hint": "(it) is not", "colspan": 2}], [{"colspan": 1}, {"hint": "are you", "colspan": 1}], [{"colspan": 1}, {"hint": "you're", "colspan": 1}], [{"colspan": 1}, {"hint": "(it) is", "colspan": 1}]], "references": [2]}, "tts": "https://d1vq87e9lcf771.cloudfront.net/miguel/88bcf53446c728520f69b8a164c6e011"}, {"value": " "}, {"value": "lo", "hintTable": {"headers": ["lo", "que"], "rows": [[{"hint": "what", "colspan": 2}], [{"hint": "things", "colspan": 2}], [{"hint": "that", "colspan": 2}], [{"hint": "you", "colspan": 1}, {"colspan": 1}], [{"hint": "the", "colspan": 1}, {"colspan": 1}], [{"hint": "it", "colspan": 1}, {"colspan": 1}]], "references": [5]}, "tts": "https://d1vq87e9lcf771.cloudfront.net/miguel/e21f9356c6da5313fc1311d6dbde33c3"}, {"value": " "}, {"value": "que", "hintTable": {"headers": ["lo", "que"], "rows": [[{"hint": "what", "colspan": 2}], [{"hint": "things", "colspan": 2}], [{"hint": "that", "colspan": 2}], [{"colspan": 1}, {"hint": "what", "colspan": 1}], [{"colspan": 1}, {"hint": "because", "colspan": 1}], [{"colspan": 1}, {"hint": "that", "colspan": 1}]], "references": [4]}, "tts": "https://d1vq87e9lcf771.cloudfront.net/miguel/a1ac789b0b8d37cb82d476eff39cdd67"}, {"value": " "}, {"value": "dices", "hintTable": {"rows": [[{"hint": "(you) say", "colspan": 1}], [{"hint": "say", "colspan": 1}], [{"hint": "(?) do you say", "colspan": 1}]], "references": []}, "tts": "https://d1vq87e9lcf771.cloudfront.net/miguel/bbe355fcb0935da7993be039ad88a09c"}, {"value": ","}, {"value": " "}, {"value": "sino", "hintTable": {"rows": [[{"hint": "but", "colspan": 1}], [{"hint": "but rather", "colspan": 1}], [{"hint": "rather", "colspan": 1}]], "references": []}, "tts": "https://d1vq87e9lcf771.cloudfront.net/miguel/59f1ec34de3dc5bf2d0858550b3ee160"}, {"value": " "}, {"value": "c\u00f3mo", "hintTable": {"rows": [[{"hint": "what", "colspan": 1}], [{"hint": "how", "colspan": 1}], [{"hint": "how's", "colspan": 1}]], "references": []}, "tts": "https://d1vq87e9lcf771.cloudfront.net/miguel/9100f51141747855b51686944c2ad166"}, {"value": " "}, {"value": "lo", "hintTable": {"rows": [[{"hint": "you", "colspan": 1}], [{"hint": "the", "colspan": 1}], [{"hint": "it", "colspan": 1}]], "references": []}, "tts": "https://d1vq87e9lcf771.cloudfront.net/miguel/e21f9356c6da5313fc1311d6dbde33c3"}, {"value": " "}, {"value": "dices", "hintTable": {"rows": [[{"hint": "(you) say", "colspan": 1}], [{"hint": "say", "colspan": 1}], [{"hint": "(?) do you say", "colspan": 1}]], "references": []}, "tts": "https://d1vq87e9lcf771.cloudfront.net/miguel/bbe355fcb0935da7993be039ad88a09c"}, {"value": "."}]}, "subtext": {"styledString": {"text": "The problem isn't what you say, but how you say it.", "styling": [{"from": 0, "to": 51, "attributes": {"alignment": "left", "fontSize": 19, "fontWeight": "normal", "textColor": "AFAFAF", "lineSpacing": 5}}]}, "tokenTTS": {"tokenTTSCollection": []}}, "ttsURL": "https://d1vq87e9lcf771.cloudfront.net/miguel/9250f9874c4a1f6f4f7e58df353e3213"}]}, "meta": {"autoPlayableTTS": [], "sectionIndex": 0, "backgroundColor": null}}, {"type": "verticalSpace", "element": 16, "meta": {"autoPlayableTTS": [], "sectionIndex": 0, "backgroundColor": null}}, {"type": "dialogue", "element": {"phrases": [{"text": {"styledString": {"text": "Creo que llegaron a una conclusi\u00f3n equivocada.", "styling": [{"from": 0, "to": 46, "attributes": {"alignment": "left", "fontSize": 19, "fontWeight": "normal", "textColor": "4B4B4B", "lineSpacing": 5}}]}, "tokenTTS": {"tokenTTSCollection": []}, "blockHints": [{"value": "Creo", "hintTable": {"rows": [[{"hint": "(I) think", "colspan": 1}], [{"hint": "think", "colspan": 1}], [{"hint": "(?) do I create", "colspan": 1}]], "references": []}, "tts": "https://d1vq87e9lcf771.cloudfront.net/miguel/5b8e3344fced92523c9424939ac8e06e"}, {"value": " "}, {"value": "que", "hintTable": {"rows": [[{"hint": "to", "colspan": 1}], [{"hint": "I hope", "colspan": 1}], [{"hint": "that", "colspan": 1}]], "references": []}, "tts": "https://d1vq87e9lcf771.cloudfront.net/miguel/a1ac789b0b8d37cb82d476eff39cdd67"}, {"value": " "}, {"value": "llegaron", "hintTable": {"rows": [[{"hint": "(they) came", "colspan": 1}], [{"hint": "came", "colspan": 1}], [{"hint": "(?) did they come", "colspan": 1}]], "references": []}, "tts": "https://d1vq87e9lcf771.cloudfront.net/miguel/ff4bca24d3b5e663ace7964205dc22f1"}, {"value": " "}, {"value": "a", "hintTable": {"rows": [[{"hint": "to", "colspan": 1}], [{"hint": "a", "colspan": 1}], [{"hint": "at", "colspan": 1}]], "references": []}, "tts": "https://d1vq87e9lcf771.cloudfront.net/miguel/a615ab7aef51e62ab81ce9255166fc65"}, {"value": " "}, {"value": "una", "hintTable": {"rows": [[{"hint": "a", "colspan": 1}], [{"hint": "one", "colspan": 1}], [{"hint": "1", "colspan": 1}]], "references": []}, "tts": "https://d1vq87e9lcf771.cloudfront.net/miguel/9f4116cf1d768fa9eb00e290f9285cc7"}, {"value": " "}, {"value": "conclusi\u00f3n", "hintTable": {"rows": [[{"hint": "conclusion", "colspan": 1}], [{"hint": "completion", "colspan": 1}], [{"hint": "summing-up", "colspan": 1}]], "references": []}, "tts": "https://d1vq87e9lcf771.cloudfront.net/miguel/f308fc063bda97bbc2fbcf8be7fc740b"}, {"value": " "}, {"value": "equivocada", "hintTable": {"rows": [[{"hint": "wrong", "colspan": 1}], [{"hint": "mistaken", "colspan": 1}]], "references": []}, "tts": "https://d1vq87e9lcf771.cloudfront.net/miguel/2c9448cf117ae7eb8b90bc289c19688f"}, {"value": "."}]}, "subtext": {"styledString": {"text": "I think they came to a wrong conclusion.", "styling": [{"from": 0, "to": 40, "attributes": {"alignment": "left", "fontSize": 19, "fontWeight": "normal", "textColor": "AFAFAF", "lineSpacing": 5}}]}, "tokenTTS": {"tokenTTSCollection": []}}, "ttsURL": "https://d1vq87e9lcf771.cloudfront.net/miguel/248cfbda2b741651e929727fbe05d232"}]}, "meta": {"autoPlayableTTS": [], "sectionIndex": 0, "backgroundColor": null}}, {"type": "verticalSpace", "element": 16, "meta": {"autoPlayableTTS": [], "sectionIndex": 0, "backgroundColor": null}}, {"type": "dialogue", "element": {"phrases": [{"text": {"styledString": {"text": "Te entiendo, pero yo no pienso lo mismo.", "styling": [{"from": 0, "to": 40, "attributes": {"alignment": "left", "fontSize": 19, "fontWeight": "normal", "textColor": "4B4B4B", "lineSpacing": 5}}]}, "tokenTTS": {"tokenTTSCollection": []}, "blockHints": [{"value": "Te", "hintTable": {"headers": ["te", "entiendo"], "rows": [[{"hint": "following you", "colspan": 2}], [{"hint": "you", "colspan": 1}, {"colspan": 1}], [{"hint": "to you", "colspan": 1}, {"colspan": 1}], [{"hint": "your", "colspan": 1}, {"colspan": 1}]], "references": [1]}, "tts": "https://d1vq87e9lcf771.cloudfront.net/miguel/d7cd39e9a857d0b69e8da9436b0441c3"}, {"value": " "}, {"value": "entiendo", "hintTable": {"headers": ["te", "entiendo"], "rows": [[{"hint": "following you", "colspan": 2}], [{"colspan": 1}, {"hint": "understand", "colspan": 1}], [{"colspan": 1}, {"hint": "(I) can understand", "colspan": 1}], [{"colspan": 1}, {"hint": "get", "colspan": 1}]], "references": [0]}, "tts": "https://d1vq87e9lcf771.cloudfront.net/miguel/0f228004a9516c0b171c0bcf2f404219"}, {"value": ","}, {"value": " "}, {"value": "pero", "hintTable": {"rows": [[{"hint": "but", "colspan": 1}], [{"hint": "yet", "colspan": 1}]], "references": []}, "tts": "https://d1vq87e9lcf771.cloudfront.net/miguel/a1ffdd0c0a4cbaaa368cff9d686d92a0"}, {"value": " "}, {"value": "yo", "hintTable": {"rows": [[{"hint": "I", "colspan": 1}], [{"hint": "i'd", "colspan": 1}], [{"hint": "me", "colspan": 1}]], "references": []}, "tts": "https://d1vq87e9lcf771.cloudfront.net/miguel/aa0ff446f41920bd854cbcfe38a476e2"}, {"value": " "}, {"value": "no", "hintTable": {"rows": [[{"hint": "don't", "colspan": 1}], [{"hint": "do not", "colspan": 1}], [{"hint": "not", "colspan": 1}]], "references": []}, "tts": "https://d1vq87e9lcf771.cloudfront.net/miguel/e56dc9c59b5e999bbe4a986911a59034"}, {"value": " "}, {"value": "pienso", "hintTable": {"rows": [[{"hint": "think", "colspan": 1}], [{"hint": "planning", "colspan": 1}], [{"hint": "figured", "colspan": 1}]], "references": []}, "tts": "https://d1vq87e9lcf771.cloudfront.net/miguel/44cabfa8bc8170e6ecc15ed2ea6a21ac"}, {"value": " "}, {"value": "lo", "hintTable": {"headers": ["lo", "mismo"], "rows": [[{"hint": "the same thing", "colspan": 2}], [{"hint": "you", "colspan": 1}, {"colspan": 1}], [{"hint": "the", "colspan": 1}, {"colspan": 1}], [{"hint": "they", "colspan": 1}, {"colspan": 1}]], "references": [7]}, "tts": "https://d1vq87e9lcf771.cloudfront.net/miguel/e21f9356c6da5313fc1311d6dbde33c3"}, {"value": " "}, {"value": "mismo", "hintTable": {"headers": ["lo", "mismo"], "rows": [[{"hint": "the same thing", "colspan": 2}], [{"colspan": 1}, {"hint": "same", "colspan": 1}], [{"colspan": 1}, {"hint": "himself", "colspan": 1}]], "references": [6]}, "tts": "https://d1vq87e9lcf771.cloudfront.net/miguel/75626ae1281ec1c87a957daf5830fafd"}, {"value": "."}]}, "subtext": {"styledString": {"text": "I understand you, but I don't think the same thing.", "styling": [{"from": 0, "to": 51, "attributes": {"alignment": "left", "fontSize": 19, "fontWeight": "normal", "textColor": "AFAFAF", "lineSpacing": 5}}]}, "tokenTTS": {"tokenTTSCollection": []}}, "ttsURL": "https://d1vq87e9lcf771.cloudfront.net/miguel/67ed0459268c0f31f0460c8e82173f20"}]}, "meta": {"autoPlayableTTS": [], "sectionIndex": 0, "backgroundColor": null}}, {"type": "verticalSpace", "element": 16, "meta": {"autoPlayableTTS": [], "sectionIndex": 0, "backgroundColor": null}}, {"type": "dialogue", "element": {"phrases": [{"text": {"styledString": {"text": "Venir aqu\u00ed no fue una buena idea para nada.", "styling": [{"from": 0, "to": 43, "attributes": {"alignment": "left", "fontSize": 19, "fontWeight": "normal", "textColor": "4B4B4B", "lineSpacing": 5}}]}, "tokenTTS": {"tokenTTSCollection": []}, "blockHints": [{"value": "Venir", "hintTable": {"rows": [[{"hint": "coming", "colspan": 1}], [{"hint": "(to) arrive", "colspan": 1}], [{"hint": "(to) come", "colspan": 1}]], "references": []}, "tts": "https://d1vq87e9lcf771.cloudfront.net/miguel/775c0802986f2fceed1e4296bfc89f4d"}, {"value": " "}, {"value": "aqu\u00ed", "hintTable": {"rows": [[{"hint": "here", "colspan": 1}]], "references": []}, "tts": "https://d1vq87e9lcf771.cloudfront.net/miguel/b4b03c7841b0ca940c16d88eb7409201"}, {"value": " "}, {"value": "no", "hintTable": {"rows": [[{"hint": "not", "colspan": 1}], [{"hint": "do not", "colspan": 1}], [{"hint": "wasn't", "colspan": 1}]], "references": []}, "tts": "https://d1vq87e9lcf771.cloudfront.net/miguel/e56dc9c59b5e999bbe4a986911a59034"}, {"value": " "}, {"value": "fue", "hintTable": {"rows": [[{"hint": "was", "colspan": 1}], [{"hint": "it was", "colspan": 1}], [{"hint": "(he) went", "colspan": 1}]], "references": []}, "tts": "https://d1vq87e9lcf771.cloudfront.net/miguel/7de53ac54cfc1ee196a360be4ede560d"}, {"value": " "}, {"value": "una", "hintTable": {"rows": [[{"hint": "a", "colspan": 1}], [{"hint": "an", "colspan": 1}], [{"hint": "one", "colspan": 1}]], "references": []}, "tts": "https://d1vq87e9lcf771.cloudfront.net/miguel/9f4116cf1d768fa9eb00e290f9285cc7"}, {"value": " "}, {"value": "buena", "hintTable": {"rows": [[{"hint": "good", "colspan": 1}], [{"hint": "nice", "colspan": 1}], [{"hint": "big", "colspan": 1}]], "references": []}, "tts": "https://d1vq87e9lcf771.cloudfront.net/miguel/51a27dab5fb3fbbf8205ba3785ad2931"}, {"value": " "}, {"value": "idea", "hintTable": {"rows": [[{"hint": "idea", "colspan": 1}], [{"hint": "thought", "colspan": 1}], [{"hint": "clue", "colspan": 1}]], "references": []}, "tts": "https://d1vq87e9lcf771.cloudfront.net/miguel/42a8538ddd050fc7df024479788376a9"}, {"value": " "}, {"value": "para", "hintTable": {"headers": ["para", "nada"], "rows": [[{"hint": "not at all", "colspan": 2}], [{"hint": "at all", "colspan": 2}], [{"hint": "at", "colspan": 1}, {"colspan": 1}], [{"hint": "to", "colspan": 1}, {"colspan": 1}], [{"hint": "by", "colspan": 1}, {"colspan": 1}]], "references": [8]}, "tts": "https://d1vq87e9lcf771.cloudfront.net/miguel/6f3d0512a9245756279b8c3ebecaae1b"}, {"value": " "}, {"value": "nada", "hintTable": {"headers": ["para", "nada"], "rows": [[{"hint": "not at all", "colspan": 2}], [{"hint": "at all", "colspan": 2}], [{"colspan": 1}, {"hint": "at all", "colspan": 1}], [{"colspan": 1}, {"hint": "any", "colspan": 1}], [{"colspan": 1}, {"hint": "none", "colspan": 1}]], "references": [7]}, "tts": "https://d1vq87e9lcf771.cloudfront.net/miguel/a9b2fc6d8b7dc30a0a400eb2dfd8bb9d"}, {"value": "."}]}, "subtext": {"styledString": {"text": "Coming here was not a good idea at all.", "styling": [{"from": 0, "to": 39, "attributes": {"alignment": "left", "fontSize": 19, "fontWeight": "normal", "textColor": "AFAFAF", "lineSpacing": 5}}]}, "tokenTTS": {"tokenTTSCollection": []}}, "ttsURL": "https://d1vq87e9lcf771.cloudfront.net/miguel/0676311b5df5676ffc1bc81f501e1070"}, {"text": {"styledString": {"text": "Quiz\u00e1s tienes raz\u00f3n, pero yo no lo veo as\u00ed.", "styling": [{"from": 0, "to": 43, "attributes": {"alignment": "left", "fontSize": 19, "fontWeight": "normal", "textColor": "4B4B4B", "lineSpacing": 5}}]}, "tokenTTS": {"tokenTTSCollection": []}, "blockHints": [{"value": "Quiz\u00e1s", "hintTable": {"rows": [[{"hint": "maybe", "colspan": 1}], [{"hint": "perhaps", "colspan": 1}], [{"hint": "might", "colspan": 1}]], "references": []}, "tts": "https://d1vq87e9lcf771.cloudfront.net/miguel/679b7874b86e32391e7806a18d98cb06"}, {"value": " "}, {"value": "tienes", "hintTable": {"headers": ["tienes", "raz\u00f3n"], "rows": [[{"hint": "(you) are right", "colspan": 2}], [{"hint": "you have", "colspan": 1}, {"colspan": 1}], [{"hint": "have", "colspan": 1}, {"colspan": 1}], [{"hint": "are", "colspan": 1}, {"colspan": 1}]], "references": [2]}, "tts": "https://d1vq87e9lcf771.cloudfront.net/miguel/4c53c46b4421ab04864e9a3e789ab651"}, {"value": " "}, {"value": "raz\u00f3n", "hintTable": {"headers": ["tienes", "raz\u00f3n"], "rows": [[{"hint": "(you) are right", "colspan": 2}], [{"colspan": 1}, {"hint": "right", "colspan": 1}], [{"colspan": 1}, {"hint": "reason", "colspan": 1}], [{"colspan": 1}, {"hint": "cause", "colspan": 1}]], "references": [1]}, "tts": "https://d1vq87e9lcf771.cloudfront.net/miguel/228703e00fc9eadddbed7442d63ec784"}, {"value": ","}, {"value": " "}, {"value": "pero", "hintTable": {"rows": [[{"hint": "but", "colspan": 1}], [{"hint": "yet", "colspan": 1}]], "references": []}, "tts": "https://d1vq87e9lcf771.cloudfront.net/miguel/a1ffdd0c0a4cbaaa368cff9d686d92a0"}, {"value": " "}, {"value": "yo", "hintTable": {"rows": [[{"hint": "I", "colspan": 1}], [{"hint": "i'd", "colspan": 1}], [{"hint": "me", "colspan": 1}]], "references": []}, "tts": "https://d1vq87e9lcf771.cloudfront.net/miguel/aa0ff446f41920bd854cbcfe38a476e2"}, {"value": " "}, {"value": "no", "hintTable": {"rows": [[{"hint": "right", "colspan": 1}], [{"hint": "don't", "colspan": 1}], [{"hint": "do not", "colspan": 1}]], "references": []}, "tts": "https://d1vq87e9lcf771.cloudfront.net/miguel/e56dc9c59b5e999bbe4a986911a59034"}, {"value": " "}, {"value": "lo", "hintTable": {"headers": ["lo", "veo"], "rows": [[{"hint": "(I)  see (it/him)", "colspan": 2}], [{"hint": "(I)  imagine (it/him)", "colspan": 2}], [{"hint": "(I)  watch (it/him)", "colspan": 2}], [{"hint": "you", "colspan": 1}, {"colspan": 1}], [{"hint": "it", "colspan": 1}, {"colspan": 1}], [{"hint": "so", "colspan": 1}, {"colspan": 1}]], "references": [7]}, "tts": "https://d1vq87e9lcf771.cloudfront.net/miguel/e21f9356c6da5313fc1311d6dbde33c3"}, {"value": " "}, {"value": "veo", "hintTable": {"headers": ["lo", "veo"], "rows": [[{"hint": "(I)  see (it/him)", "colspan": 2}], [{"hint": "(I)  imagine (it/him)", "colspan": 2}], [{"hint": "(I)  watch (it/him)", "colspan": 2}], [{"colspan": 1}, {"hint": "(I) see", "colspan": 1}], [{"colspan": 1}, {"hint": "see", "colspan": 1}], [{"colspan": 1}, {"hint": "(I) can see", "colspan": 1}]], "references": [6]}, "tts": "https://d1vq87e9lcf771.cloudfront.net/miguel/6d083b00ca52ccb2f29c7105d411a73a"}, {"value": " "}, {"value": "as\u00ed", "hintTable": {"rows": [[{"hint": "that way", "colspan": 1}], [{"hint": "this way", "colspan": 1}], [{"hint": "like that", "colspan": 1}]], "references": []}, "tts": "https://d1vq87e9lcf771.cloudfront.net/miguel/033d57d35bda6abcceafba74b423a95f"}, {"value": "."}]}, "subtext": {"styledString": {"text": "Maybe you're right, but I don't see it that way.", "styling": [{"from": 0, "to": 48, "attributes": {"alignment": "left", "fontSize": 19, "fontWeight": "normal", "textColor": "AFAFAF", "lineSpacing": 5}}]}, "tokenTTS": {"tokenTTSCollection": []}}, "ttsURL": "https://d1vq87e9lcf771.cloudfront.net/miguel/1474c3e6458a2afb96f3a40e328bd057"}]}, "meta": {"autoPlayableTTS": [], "sectionIndex": 0, "backgroundColor": null}}, {"type": "verticalSpace", "element": 16, "meta": {"autoPlayableTTS": [], "sectionIndex": 0, "backgroundColor": null}}, {"type": "dialogue", "element": {"phrases": [{"text": {"styledString": {"text": "\u00bfPor qu\u00e9 nunca podemos ponernos de acuerdo?", "styling": [{"from": 0, "to": 43, "attributes": {"alignment": "left", "fontSize": 19, "fontWeight": "normal", "textColor": "4B4B4B", "lineSpacing": 5}}]}, "tokenTTS": {"tokenTTSCollection": []}, "blockHints": [{"value": "\u00bf"}, {"value": "Por", "hintTable": {"headers": ["por", "qu\u00e9"], "rows": [[{"hint": "why", "colspan": 2}], [{"hint": "reason", "colspan": 2}], [{"hint": "to", "colspan": 1}, {"colspan": 1}], [{"hint": "because", "colspan": 1}, {"colspan": 1}], [{"hint": "through", "colspan": 1}, {"colspan": 1}]], "references": [1]}, "tts": "https://d1vq87e9lcf771.cloudfront.net/miguel/e339e0bfe581d755bb02344cc04edecc"}, {"value": " "}, {"value": "qu\u00e9", "hintTable": {"headers": ["por", "qu\u00e9"], "rows": [[{"hint": "why", "colspan": 2}], [{"hint": "reason", "colspan": 2}], [{"colspan": 1}, {"hint": "what an", "colspan": 1}], [{"colspan": 1}, {"hint": "what a", "colspan": 1}], [{"colspan": 1}, {"hint": "so", "colspan": 1}]], "references": [0]}, "tts": "https://d1vq87e9lcf771.cloudfront.net/miguel/10cae84a9e87a16bf1d6dce8af8406b3"}, {"value": " "}, {"value": "nunca", "hintTable": {"rows": [[{"hint": "never", "colspan": 1}], [{"hint": "ever", "colspan": 1}]], "references": []}, "tts": "https://d1vq87e9lcf771.cloudfront.net/miguel/4e953663aad9a044188c34d18e5ae399"}, {"value": " "}, {"value": "podemos", "hintTable": {"rows": [[{"hint": "(?) can we", "colspan": 1}], [{"hint": "(we) can", "colspan": 1}], [{"hint": "can", "colspan": 1}]], "references": []}, "tts": "https://d1vq87e9lcf771.cloudfront.net/miguel/d9aca461e5663e704b6e6e388797e5cf"}, {"value": " "}, {"value": "ponernos", "hintTable": {"headers": ["ponernos", "de", "acuerdo"], "rows": [[{"hint": "agree", "colspan": 3}], [{"hint": "(to) open (us)", "colspan": 1}, {"colspan": 1}, {"colspan": 1}], [{"hint": "(to) take (us)", "colspan": 1}, {"colspan": 1}, {"colspan": 1}], [{"hint": "(to) lay (us)", "colspan": 1}, {"colspan": 1}, {"colspan": 1}]], "references": [5, 6]}, "tts": "https://d1vq87e9lcf771.cloudfront.net/miguel/93ed4a4fb6c6c2470001fad80532020d"}, {"value": " "}, {"value": "de", "hintTable": {"headers": ["ponernos", "de", "acuerdo"], "rows": [[{"hint": "agree", "colspan": 3}], [{"colspan": 1}, {"hint": "agree", "colspan": 2}], [{"colspan": 1}, {"hint": "agreed", "colspan": 2}], [{"colspan": 1}, {"hint": "with", "colspan": 1}, {"colspan": 1}]], "references": [6]}, "tts": "https://d1vq87e9lcf771.cloudfront.net/miguel/7c3dc4295f4bfedec518e38299ea8dc5"}, {"value": " "}, {"value": "acuerdo", "hintTable": {"headers": ["ponernos", "de", "acuerdo"], "rows": [[{"hint": "agree", "colspan": 3}], [{"colspan": 1}, {"hint": "agree", "colspan": 2}], [{"colspan": 1}, {"hint": "agreed", "colspan": 2}], [{"colspan": 1}, {"colspan": 1}, {"hint": "agreement", "colspan": 1}]], "references": [5]}, "tts": "https://d1vq87e9lcf771.cloudfront.net/miguel/bf80f3e2bafd54d643c4d51bb9723624"}, {"value": "?"}]}, "subtext": {"styledString": {"text": "Why can we never agree?", "styling": [{"from": 0, "to": 23, "attributes": {"alignment": "left", "fontSize": 19, "fontWeight": "normal", "textColor": "AFAFAF", "lineSpacing": 5}}]}, "tokenTTS": {"tokenTTSCollection": []}}, "ttsURL": "https://d1vq87e9lcf771.cloudfront.net/miguel/acb55ddfca8ce5478dd75d9aab0e37d1"}]}, "meta": {"autoPlayableTTS": [], "sectionIndex": 0, "backgroundColor": null}}, {"type": "verticalSpace", "element": 24, "meta": {"autoPlayableTTS": [], "sectionIndex": 0, "backgroundColor": null}}], "resourcesToPrefetch": [{"required": false, "url": "https://d1vq87e9lcf771.cloudfront.net/miguel/9250f9874c4a1f6f4f7e58df353e3213", "type": "mp3"}, {"required": false, "url": "https://d1vq87e9lcf771.cloudfront.net/miguel/0676311b5df5676ffc1bc81f501e1070", "type": "mp3"}, {"required": false, "url": "https://d1vq87e9lcf771.cloudfront.net/miguel/248cfbda2b741651e929727fbe05d232", "type": "mp3"}, {"required": false, "url": "https://d1vq87e9lcf771.cloudfront.net/miguel/67ed0459268c0f31f0460c8e82173f20", "type": "mp3"}, {"required": false, "url": "https://d1vq87e9lcf771.cloudfront.net/miguel/1474c3e6458a2afb96f3a40e328bd057", "type": "mp3"}, {"required": false, "url": "https://d1vq87e9lcf771.cloudfront.net/miguel/acb55ddfca8ce5478dd75d9aab0e37d1", "type": "mp3"}]}