{"elements": [{"type": "verticalSpace", "element": 2, "meta": {"autoPlayableTTS": [], "sectionIndex": 0, "backgroundColor": "E5E5E5"}}, {"type": "verticalSpace", "element": 24, "meta": {"autoPlayableTTS": [], "sectionIndex": 0, "backgroundColor": null}}, {"type": "text", "element": {"styledString": {"text": "KEY PHRASES", "styling": [{"from": 0, "to": 11, "attributes": {"alignment": "left", "fontSize": 17, "fontWeight": "bold", "textColor": "1CB0F6", "lineSpacing": 4}}]}, "tokenTTS": {"tokenTTSCollection": []}}, "meta": {"autoPlayableTTS": [], "sectionIndex": 0, "backgroundColor": null}}, {"type": "verticalSpace", "element": 8, "meta": {"autoPlayableTTS": [], "sectionIndex": 0, "backgroundColor": null}}, {"type": "text", "element": {"styledString": {"text": "Talk about technology", "styling": [{"from": 0, "to": 21, "attributes": {"alignment": "left", "fontSize": 25, "fontWeight": "bold", "textColor": "4B4B4B", "lineSpacing": 4}}]}, "tokenTTS": {"tokenTTSCollection": []}}, "meta": {"autoPlayableTTS": [], "sectionIndex": 0, "backgroundColor": null}}, {"type": "verticalSpace", "element": 16, "meta": {"autoPlayableTTS": [], "sectionIndex": 0, "backgroundColor": null}}, {"type": "dialogue", "element": {"phrases": [{"text": {"styledString": {"text": "\u00bfC\u00f3mo instalaste ese programa en tu tableta?", "styling": [{"from": 0, "to": 44, "attributes": {"alignment": "left", "fontSize": 19, "fontWeight": "normal", "textColor": "4B4B4B", "lineSpacing": 5}}]}, "tokenTTS": {"tokenTTSCollection": []}, "blockHints": [{"value": "\u00bf"}, {"value": "C\u00f3mo", "hintTable": {"rows": [[{"hint": "how", "colspan": 1}], [{"hint": "how's", "colspan": 1}], [{"hint": "what", "colspan": 1}]], "references": []}, "tts": "https://d1vq87e9lcf771.cloudfront.net/miguel/9100f51141747855b51686944c2ad166"}, {"value": " "}, {"value": "instalaste", "hintTable": {"rows": [[{"hint": "did you install", "colspan": 1}], [{"hint": "install", "colspan": 1}], [{"hint": "installed", "colspan": 1}]], "references": []}, "tts": "https://d1vq87e9lcf771.cloudfront.net/miguel/3d09f85d35f237629f99155deab91d4b"}, {"value": " "}, {"value": "ese", "hintTable": {"rows": [[{"hint": "that", "colspan": 1}], [{"hint": "the", "colspan": 1}]], "references": []}, "tts": "https://d1vq87e9lcf771.cloudfront.net/miguel/da66116e2742533c54f0d39ea9e668be"}, {"value": " "}, {"value": "programa", "hintTable": {"rows": [[{"hint": "program", "colspan": 1}], [{"hint": "show", "colspan": 1}], [{"hint": "software", "colspan": 1}]], "references": []}, "tts": "https://d1vq87e9lcf771.cloudfront.net/miguel/c431afac99c0cae973d7f28a145ff693"}, {"value": " "}, {"value": "en", "hintTable": {"rows": [[{"hint": "on", "colspan": 1}], [{"hint": "under", "colspan": 1}], [{"hint": "with", "colspan": 1}]], "references": []}, "tts": "https://d1vq87e9lcf771.cloudfront.net/miguel/953baa0ff97009a5374e3a2695ce7f5c"}, {"value": " "}, {"value": "tu", "hintTable": {"rows": [[{"hint": "your", "colspan": 1}]], "references": []}, "tts": "https://d1vq87e9lcf771.cloudfront.net/miguel/cea183a755ba1637d85a81c6072829ac"}, {"value": " "}, {"value": "tableta", "hintTable": {"rows": [[{"hint": "tablet", "colspan": 1}]], "references": []}, "tts": "https://d1vq87e9lcf771.cloudfront.net/miguel/0f8cc4378eea435ee29b32de00bf6de9"}, {"value": "?"}]}, "subtext": {"styledString": {"text": "How did you install that program on your tablet?", "styling": [{"from": 0, "to": 48, "attributes": {"alignment": "left", "fontSize": 19, "fontWeight": "normal", "textColor": "AFAFAF", "lineSpacing": 5}}]}, "tokenTTS": {"tokenTTSCollection": []}}, "ttsURL": "https://d1vq87e9lcf771.cloudfront.net/miguel/151d2370b2f46229e6ab0d54d2727c5d"}]}, "meta": {"autoPlayableTTS": [], "sectionIndex": 0, "backgroundColor": null}}, {"type": "verticalSpace", "element": 16, "meta": {"autoPlayableTTS": [], "sectionIndex": 0, "backgroundColor": null}}, {"type": "dialogue", "element": {"phrases": [{"text": {"styledString": {"text": "Ellos chatearon conmigo antes de ir al aeropuerto.", "styling": [{"from": 0, "to": 50, "attributes": {"alignment": "left", "fontSize": 19, "fontWeight": "normal", "textColor": "4B4B4B", "lineSpacing": 5}}]}, "tokenTTS": {"tokenTTSCollection": []}, "blockHints": [{"value": "Ellos", "hintTable": {"rows": [[{"hint": "they", "colspan": 1}], [{"hint": "them", "colspan": 1}]], "references": []}, "tts": "https://d1vq87e9lcf771.cloudfront.net/miguel/4881d6e90516a1bca7871cfae5ef97f7"}, {"value": " "}, {"value": "chatearon", "hintTable": {"rows": [[{"hint": "(they) chatted", "colspan": 1}]], "references": []}, "tts": "https://d1vq87e9lcf771.cloudfront.net/miguel/e1db53a63e5f5b9777d6f404f2af3f2c"}, {"value": " "}, {"value": "conmigo", "hintTable": {"rows": [[{"hint": "with me", "colspan": 1}], [{"hint": "to me", "colspan": 1}], [{"hint": "me", "colspan": 1}]], "references": []}, "tts": "https://d1vq87e9lcf771.cloudfront.net/miguel/1a4128c02a5af51d833b1480319c6351"}, {"value": " "}, {"value": "antes", "hintTable": {"headers": ["antes", "de"], "rows": [[{"hint": "before", "colspan": 2}], [{"hint": "prior to", "colspan": 2}], [{"hint": "before", "colspan": 1}, {"colspan": 1}], [{"hint": "previously", "colspan": 1}, {"colspan": 1}], [{"hint": "first", "colspan": 1}, {"colspan": 1}]], "references": [4]}, "tts": "https://d1vq87e9lcf771.cloudfront.net/miguel/24647be708dd783472b30f61e3ce4ddc"}, {"value": " "}, {"value": "de", "hintTable": {"headers": ["antes", "de"], "rows": [[{"hint": "before", "colspan": 2}], [{"hint": "prior to", "colspan": 2}], [{"colspan": 1}, {"hint": "with", "colspan": 1}], [{"colspan": 1}, {"hint": "to", "colspan": 1}], [{"colspan": 1}, {"hint": "the", "colspan": 1}]], "references": [3]}, "tts": "https://d1vq87e9lcf771.cloudfront.net/miguel/7c3dc4295f4bfedec518e38299ea8dc5"}, {"value": " "}, {"value": "ir", "hintTable": {"rows": [[{"hint": "going", "colspan": 1}], [{"hint": "(to) go out", "colspan": 1}], [{"hint": "(to) come", "colspan": 1}]], "references": []}, "tts": "https://d1vq87e9lcf771.cloudfront.net/miguel/dc9239ea45abfb8a1f807d67adabe2b4"}, {"value": " "}, {"value": "al", "hintTable": {"rows": [[{"hint": "to the", "colspan": 1}], [{"hint": "with", "colspan": 1}], [{"hint": "the", "colspan": 1}]], "references": []}, "tts": "https://d1vq87e9lcf771.cloudfront.net/miguel/96cab1b14b78e988600b8ec5432007c6"}, {"value": " "}, {"value": "aeropuerto", "hintTable": {"rows": [[{"hint": "airport", "colspan": 1}]], "references": []}, "tts": "https://d1vq87e9lcf771.cloudfront.net/miguel/b0db23580c3f6947ff85022fe379f489"}, {"value": "."}]}, "subtext": {"styledString": {"text": "They chatted with me before going to the airport.", "styling": [{"from": 0, "to": 49, "attributes": {"alignment": "left", "fontSize": 19, "fontWeight": "normal", "textColor": "AFAFAF", "lineSpacing": 5}}]}, "tokenTTS": {"tokenTTSCollection": []}}, "ttsURL": "https://d1vq87e9lcf771.cloudfront.net/miguel/e339a0e2965e5fbb09c51cc1ded49c81"}]}, "meta": {"autoPlayableTTS": [], "sectionIndex": 0, "backgroundColor": null}}, {"type": "verticalSpace", "element": 16, "meta": {"autoPlayableTTS": [], "sectionIndex": 0, "backgroundColor": null}}, {"type": "dialogue", "element": {"phrases": [{"text": {"styledString": {"text": "La tecnolog\u00eda cambi\u00f3 mi vida.", "styling": [{"from": 0, "to": 29, "attributes": {"alignment": "left", "fontSize": 19, "fontWeight": "normal", "textColor": "4B4B4B", "lineSpacing": 5}}]}, "tokenTTS": {"tokenTTSCollection": []}, "blockHints": [{"value": "La", "hintTable": {"headers": ["la", "tecnolog\u00eda"], "rows": [[{"hint": "Tech", "colspan": 2}], [{"hint": "my", "colspan": 1}, {"colspan": 1}], [{"hint": "the", "colspan": 1}, {"colspan": 1}], [{"hint": "your", "colspan": 1}, {"colspan": 1}]], "references": [1]}, "tts": "https://d1vq87e9lcf771.cloudfront.net/miguel/e9ea010281921357dd4b130d51e7488b"}, {"value": " "}, {"value": "tecnolog\u00eda", "hintTable": {"headers": ["la", "tecnolog\u00eda"], "rows": [[{"hint": "Tech", "colspan": 2}], [{"colspan": 1}, {"hint": "technology", "colspan": 1}], [{"colspan": 1}, {"hint": "tech", "colspan": 1}]], "references": [0]}, "tts": "https://d1vq87e9lcf771.cloudfront.net/miguel/c8df86bbc98e344dcbdba65a3f2e1d8b"}, {"value": " "}, {"value": "cambi\u00f3", "hintTable": {"rows": [[{"hint": "(she) changed", "colspan": 1}], [{"hint": "(he) changed", "colspan": 1}], [{"hint": "changed", "colspan": 1}]], "references": []}, "tts": "https://d1vq87e9lcf771.cloudfront.net/miguel/4c2647b4250067fb210dbd49c51ce591"}, {"value": " "}, {"value": "mi", "hintTable": {"rows": [[{"hint": "my", "colspan": 1}]], "references": []}, "tts": "https://d1vq87e9lcf771.cloudfront.net/miguel/b082510d0e48798ab32883bfe8d655b6"}, {"value": " "}, {"value": "vida", "hintTable": {"rows": [[{"hint": "life", "colspan": 1}], [{"hint": "lifetime", "colspan": 1}], [{"hint": "lives", "colspan": 1}]], "references": []}, "tts": "https://d1vq87e9lcf771.cloudfront.net/miguel/21e091e702687b667770d31efa9b40eb"}, {"value": "."}]}, "subtext": {"styledString": {"text": "Technology changed my life.", "styling": [{"from": 0, "to": 27, "attributes": {"alignment": "left", "fontSize": 19, "fontWeight": "normal", "textColor": "AFAFAF", "lineSpacing": 5}}]}, "tokenTTS": {"tokenTTSCollection": []}}, "ttsURL": "https://d1vq87e9lcf771.cloudfront.net/miguel/4b9918ef6b050ae3f653251e2ca69ffb"}]}, "meta": {"autoPlayableTTS": [], "sectionIndex": 0, "backgroundColor": null}}, {"type": "verticalSpace", "element": 16, "meta": {"autoPlayableTTS": [], "sectionIndex": 0, "backgroundColor": null}}, {"type": "dialogue", "element": {"phrases": [{"text": {"styledString": {"text": "\u00bfCreaste la contrase\u00f1a anteayer y ya la olvidaste?", "styling": [{"from": 0, "to": 50, "attributes": {"alignment": "left", "fontSize": 19, "fontWeight": "normal", "textColor": "4B4B4B", "lineSpacing": 5}}]}, "tokenTTS": {"tokenTTSCollection": []}, "blockHints": [{"value": "\u00bf"}, {"value": "Creaste", "hintTable": {"rows": [[{"hint": "(you) created", "colspan": 1}], [{"hint": "(?) did you create", "colspan": 1}]], "references": []}, "tts": "https://d1vq87e9lcf771.cloudfront.net/miguel/549e7391da51d67500fe8b40986427ca"}, {"value": " "}, {"value": "la", "hintTable": {"rows": [[{"hint": "the", "colspan": 1}], [{"hint": "it", "colspan": 1}], [{"hint": "your", "colspan": 1}]], "references": []}, "tts": "https://d1vq87e9lcf771.cloudfront.net/miguel/e9ea010281921357dd4b130d51e7488b"}, {"value": " "}, {"value": "contrase\u00f1a", "hintTable": {"rows": [[{"hint": "password", "colspan": 1}]], "references": []}, "tts": "https://d1vq87e9lcf771.cloudfront.net/miguel/d61768a347e77b26431e587f065ed6e6"}, {"value": " "}, {"value": "anteayer", "hintTable": {"rows": [[{"hint": "the day before yesterday", "colspan": 1}]], "references": []}, "tts": "https://d1vq87e9lcf771.cloudfront.net/miguel/8bf184567d4e42d24409200d99dbfe45"}, {"value": " "}, {"value": "y", "hintTable": {"rows": [[{"hint": "and", "colspan": 1}]], "references": []}, "tts": "https://d1vq87e9lcf771.cloudfront.net/miguel/05e3848edd76360dcc4340e158ad7843"}, {"value": " "}, {"value": "ya", "hintTable": {"rows": [[{"hint": "already", "colspan": 1}], [{"hint": "now", "colspan": 1}], [{"hint": "anymore", "colspan": 1}]], "references": []}, "tts": "https://d1vq87e9lcf771.cloudfront.net/miguel/ee28519a66797410897c30c5c3ba0803"}, {"value": " "}, {"value": "la", "hintTable": {"rows": [[{"hint": "the", "colspan": 1}], [{"hint": "it", "colspan": 1}], [{"hint": "your", "colspan": 1}]], "references": []}, "tts": "https://d1vq87e9lcf771.cloudfront.net/miguel/e9ea010281921357dd4b130d51e7488b"}, {"value": " "}, {"value": "olvidaste", "hintTable": {"rows": [[{"hint": "(you) forgot", "colspan": 1}], [{"hint": "forgot", "colspan": 1}], [{"hint": "(?) did you forget", "colspan": 1}]], "references": []}, "tts": "https://d1vq87e9lcf771.cloudfront.net/miguel/2ea1bc9e6a193e2fbaa3a439d3a0eb45"}, {"value": "?"}]}, "subtext": {"styledString": {"text": "You created the password the day before yesterday and you already forgot it?", "styling": [{"from": 0, "to": 76, "attributes": {"alignment": "left", "fontSize": 19, "fontWeight": "normal", "textColor": "AFAFAF", "lineSpacing": 5}}]}, "tokenTTS": {"tokenTTSCollection": []}}, "ttsURL": "https://d1vq87e9lcf771.cloudfront.net/miguel/e343babc99d4ac59fe237ef9aa5cdee0"}]}, "meta": {"autoPlayableTTS": [], "sectionIndex": 0, "backgroundColor": null}}, {"type": "verticalSpace", "element": 16, "meta": {"autoPlayableTTS": [], "sectionIndex": 0, "backgroundColor": null}}, {"type": "dialogue", "element": {"phrases": [{"text": {"styledString": {"text": "\u00bfD\u00f3nde est\u00e1 la arroba en este teclado?", "styling": [{"from": 0, "to": 38, "attributes": {"alignment": "left", "fontSize": 19, "fontWeight": "normal", "textColor": "4B4B4B", "lineSpacing": 5}}]}, "tokenTTS": {"tokenTTSCollection": []}, "blockHints": [{"value": "\u00bf"}, {"value": "D\u00f3nde", "hintTable": {"headers": ["d\u00f3nde", "est\u00e1"], "rows": [[{"hint": "where's", "colspan": 2}], [{"hint": "where", "colspan": 1}, {"colspan": 1}], [{"hint": "wherever", "colspan": 1}, {"colspan": 1}]], "references": [1]}, "tts": "https://d1vq87e9lcf771.cloudfront.net/miguel/c073e4d8e11592d52ce6b85a63ec0e56"}, {"value": " "}, {"value": "est\u00e1", "hintTable": {"headers": ["d\u00f3nde", "est\u00e1"], "rows": [[{"hint": "where's", "colspan": 2}], [{"colspan": 1}, {"hint": "is", "colspan": 1}], [{"colspan": 1}, {"hint": "(it) is", "colspan": 1}], [{"colspan": 1}, {"hint": "(she) is", "colspan": 1}]], "references": [0]}, "tts": "https://d1vq87e9lcf771.cloudfront.net/miguel/23737857dcae6a6dae5bd490d7a5d54b"}, {"value": " "}, {"value": "la", "hintTable": {"rows": [[{"hint": "the", "colspan": 1}], [{"hint": "your", "colspan": 1}], [{"hint": "her", "colspan": 1}]], "references": []}, "tts": "https://d1vq87e9lcf771.cloudfront.net/miguel/e9ea010281921357dd4b130d51e7488b"}, {"value": " "}, {"value": "arroba", "hintTable": {"rows": [[{"hint": "at sign", "colspan": 1}], [{"hint": "at", "colspan": 1}]], "references": []}, "tts": "https://d1vq87e9lcf771.cloudfront.net/miguel/d2bfcab9e275550f0fd2ba795cc32e4f"}, {"value": " "}, {"value": "en", "hintTable": {"rows": [[{"hint": "at", "colspan": 1}], [{"hint": "on", "colspan": 1}], [{"hint": "under", "colspan": 1}]], "references": []}, "tts": "https://d1vq87e9lcf771.cloudfront.net/miguel/953baa0ff97009a5374e3a2695ce7f5c"}, {"value": " "}, {"value": "este", "hintTable": {"rows": [[{"hint": "this", "colspan": 1}], [{"hint": "this one", "colspan": 1}], [{"hint": "east", "colspan": 1}]], "references": []}, "tts": "https://d1vq87e9lcf771.cloudfront.net/penelope/17a49ff00fa9ba4fa313e03028290005"}, {"value": " "}, {"value": "teclado", "hintTable": {"rows": [[{"hint": "keyboard", "colspan": 1}], [{"hint": "bank", "colspan": 1}]], "references": []}, "tts": "https://d1vq87e9lcf771.cloudfront.net/miguel/2da44b0da5c49a3f9de1f4469d763ffc"}, {"value": "?"}]}, "subtext": {"styledString": {"text": "Where is the at sign on this keyboard?", "styling": [{"from": 0, "to": 38, "attributes": {"alignment": "left", "fontSize": 19, "fontWeight": "normal", "textColor": "AFAFAF", "lineSpacing": 5}}]}, "tokenTTS": {"tokenTTSCollection": []}}, "ttsURL": "https://d1vq87e9lcf771.cloudfront.net/miguel/026ee5eec05e2b4e273c44d4a32e079d"}]}, "meta": {"autoPlayableTTS": [], "sectionIndex": 0, "backgroundColor": null}}, {"type": "verticalSpace", "element": 16, "meta": {"autoPlayableTTS": [], "sectionIndex": 0, "backgroundColor": null}}, {"type": "dialogue", "element": {"phrases": [{"text": {"styledString": {"text": "Completamos el formulario en la p\u00e1gina web.", "styling": [{"from": 0, "to": 43, "attributes": {"alignment": "left", "fontSize": 19, "fontWeight": "normal", "textColor": "4B4B4B", "lineSpacing": 5}}]}, "tokenTTS": {"tokenTTSCollection": []}, "blockHints": [{"value": "Completamos", "hintTable": {"rows": [[{"hint": "(we) completed", "colspan": 1}]], "references": []}, "tts": "https://d1vq87e9lcf771.cloudfront.net/miguel/108530f24d2584a4b10f8873ce66bebf"}, {"value": " "}, {"value": "el", "hintTable": {"rows": [[{"hint": "the", "colspan": 1}], [{"hint": "on", "colspan": 1}], [{"hint": "your", "colspan": 1}]], "references": []}, "tts": "https://d1vq87e9lcf771.cloudfront.net/penelope/b47f0c6243dc0dd607abd744189eec05"}, {"value": " "}, {"value": "formulario", "hintTable": {"rows": [[{"hint": "form", "colspan": 1}]], "references": []}, "tts": "https://d1vq87e9lcf771.cloudfront.net/miguel/e0e44ce84d260050985edbb2f5011ff2"}, {"value": " "}, {"value": "en", "hintTable": {"headers": ["en", "la"], "rows": [[{"hint": "to", "colspan": 2}], [{"hint": "on", "colspan": 1}, {"colspan": 1}], [{"hint": "in", "colspan": 1}, {"colspan": 1}], [{"hint": "under", "colspan": 1}, {"colspan": 1}]], "references": [4]}, "tts": "https://d1vq87e9lcf771.cloudfront.net/miguel/953baa0ff97009a5374e3a2695ce7f5c"}, {"value": " "}, {"value": "la", "hintTable": {"headers": ["en", "la"], "rows": [[{"hint": "to", "colspan": 2}], [{"colspan": 1}, {"hint": "the", "colspan": 1}], [{"colspan": 1}, {"hint": "your", "colspan": 1}], [{"colspan": 1}, {"hint": "their", "colspan": 1}]], "references": [3]}, "tts": "https://d1vq87e9lcf771.cloudfront.net/miguel/e9ea010281921357dd4b130d51e7488b"}, {"value": " "}, {"value": "p\u00e1gina", "hintTable": {"headers": ["p\u00e1gina", "web"], "rows": [[{"hint": "website", "colspan": 2}], [{"hint": "site", "colspan": 2}], [{"hint": "page", "colspan": 1}, {"colspan": 1}]], "references": [6]}, "tts": "https://d1vq87e9lcf771.cloudfront.net/miguel/036765508e4b6127b338ce625c7d9ea3"}, {"value": " "}, {"value": "web", "hintTable": {"headers": ["p\u00e1gina", "web"], "rows": [[{"hint": "website", "colspan": 2}], [{"hint": "site", "colspan": 2}], [{"colspan": 1}, {"hint": "web", "colspan": 1}]], "references": [5]}, "tts": "https://d1vq87e9lcf771.cloudfront.net/miguel/2d1a05746456a0c6e30053494db9d0a1"}, {"value": "."}]}, "subtext": {"styledString": {"text": "We completed the form on the web page.", "styling": [{"from": 0, "to": 38, "attributes": {"alignment": "left", "fontSize": 19, "fontWeight": "normal", "textColor": "AFAFAF", "lineSpacing": 5}}]}, "tokenTTS": {"tokenTTSCollection": []}}, "ttsURL": "https://d1vq87e9lcf771.cloudfront.net/miguel/c5494e66364f8570977727937b7b7010"}]}, "meta": {"autoPlayableTTS": [], "sectionIndex": 0, "backgroundColor": null}}, {"type": "verticalSpace", "element": 24, "meta": {"autoPlayableTTS": [], "sectionIndex": 0, "backgroundColor": null}}], "resourcesToPrefetch": [{"required": false, "url": "https://d1vq87e9lcf771.cloudfront.net/miguel/026ee5eec05e2b4e273c44d4a32e079d", "type": "mp3"}, {"required": false, "url": "https://d1vq87e9lcf771.cloudfront.net/miguel/e343babc99d4ac59fe237ef9aa5cdee0", "type": "mp3"}, {"required": false, "url": "https://d1vq87e9lcf771.cloudfront.net/miguel/e339a0e2965e5fbb09c51cc1ded49c81", "type": "mp3"}, {"required": false, "url": "https://d1vq87e9lcf771.cloudfront.net/miguel/c5494e66364f8570977727937b7b7010", "type": "mp3"}, {"required": false, "url": "https://d1vq87e9lcf771.cloudfront.net/miguel/4b9918ef6b050ae3f653251e2ca69ffb", "type": "mp3"}, {"required": false, "url": "https://d1vq87e9lcf771.cloudfront.net/miguel/151d2370b2f46229e6ab0d54d2727c5d", "type": "mp3"}]}