{"elements": [{"type": "verticalSpace", "element": 2, "meta": {"autoPlayableTTS": [], "sectionIndex": 0, "backgroundColor": "E5E5E5"}}, {"type": "verticalSpace", "element": 24, "meta": {"autoPlayableTTS": [], "sectionIndex": 0, "backgroundColor": null}}, {"type": "text", "element": {"styledString": {"text": "KEY PHRASES", "styling": [{"from": 0, "to": 11, "attributes": {"alignment": "left", "fontSize": 17, "fontWeight": "bold", "textColor": "1CB0F6", "lineSpacing": 4}}]}, "tokenTTS": {"tokenTTSCollection": []}}, "meta": {"autoPlayableTTS": [], "sectionIndex": 0, "backgroundColor": null}}, {"type": "verticalSpace", "element": 8, "meta": {"autoPlayableTTS": [], "sectionIndex": 0, "backgroundColor": null}}, {"type": "text", "element": {"styledString": {"text": "Describe your family", "styling": [{"from": 0, "to": 20, "attributes": {"alignment": "left", "fontSize": 25, "fontWeight": "bold", "textColor": "4B4B4B", "lineSpacing": 4}}]}, "tokenTTS": {"tokenTTSCollection": []}}, "meta": {"autoPlayableTTS": [], "sectionIndex": 0, "backgroundColor": null}}, {"type": "verticalSpace", "element": 16, "meta": {"autoPlayableTTS": [], "sectionIndex": 0, "backgroundColor": null}}, {"type": "dialogue", "element": {"phrases": [{"text": {"styledString": {"text": "Quel \u00e2ge ont tes grands-parents ?", "styling": [{"from": 0, "to": 33, "attributes": {"alignment": "left", "fontSize": 19, "fontWeight": "normal", "textColor": "4B4B4B", "lineSpacing": 5}}]}, "tokenTTS": {"tokenTTSCollection": []}, "blockHints": [{"value": "Quel", "hintTable": {"headers": ["quel", "\u00e2ge", "ont"], "rows": [[{"hint": "how old are", "colspan": 3}], [{"hint": "how old", "colspan": 2}, {"colspan": 1}], [{"hint": "what", "colspan": 1}, {"colspan": 1}, {"colspan": 1}], [{"hint": "what a", "colspan": 1}, {"colspan": 1}, {"colspan": 1}], [{"hint": "who", "colspan": 1}, {"colspan": 1}, {"colspan": 1}]], "references": [1]}, "tts": "https://d1vq87e9lcf771.cloudfront.net/danielle/a020041e57a3984206585bf2e6003812"}, {"value": " "}, {"value": "\u00e2ge", "hintTable": {"headers": ["quel", "\u00e2ge", "ont"], "rows": [[{"hint": "how old are", "colspan": 3}], [{"hint": "how old", "colspan": 2}, {"colspan": 1}], [{"colspan": 1}, {"hint": "age", "colspan": 1}, {"colspan": 1}]], "references": [0]}, "tts": "https://d1vq87e9lcf771.cloudfront.net/danielle/1910e5ccaf496a953c877b6603ee4c89"}, {"value": " "}, {"value": "ont", "hintTable": {"headers": ["quel", "\u00e2ge", "ont"], "rows": [[{"hint": "how old are", "colspan": 3}], [{"colspan": 1}, {"colspan": 1}, {"hint": "get", "colspan": 1}], [{"colspan": 1}, {"colspan": 1}, {"hint": "have", "colspan": 1}]], "references": [0, 1]}, "tts": "https://d1vq87e9lcf771.cloudfront.net/danielle/a47dc84a7f96aa6b741eba9fe300a143"}, {"value": " "}, {"value": "tes", "hintTable": {"rows": [[{"hint": "your", "colspan": 1}]], "references": []}, "tts": "https://d1vq87e9lcf771.cloudfront.net/danielle/aeffc24251480ff2a0ec1d8c1a960dc1"}, {"value": " "}, {"value": "grands", "hintTable": {"headers": ["grands", "-", "parents"], "rows": [[{"hint": "grandparents", "colspan": 2}], [{"hint": "grandparents'", "colspan": 2}], [{"hint": "tall", "colspan": 1}, {"colspan": 1}], [{"hint": "big", "colspan": 1}, {"colspan": 1}], [{"hint": "great", "colspan": 1}, {"colspan": 1}]], "references": [5]}, "tts": "https://d1vq87e9lcf771.cloudfront.net/danielle/c78bb8806165a21592bf632c8e1a9361"}, {"value": "-"}, {"value": "parents", "hintTable": {"headers": ["grands", "-", "parents"], "rows": [[{"hint": "grandparents", "colspan": 2}], [{"hint": "grandparents'", "colspan": 2}], [{"colspan": 1}, {"hint": "parents", "colspan": 1}], [{"colspan": 1}, {"hint": "relatives", "colspan": 1}]], "references": [4]}, "tts": "https://d1vq87e9lcf771.cloudfront.net/danielle/eccec4dba9f60e37d4b663b8d598a68c"}, {"value": " "}, {"value": "?"}]}, "subtext": {"styledString": {"text": "How old are your grandparents?", "styling": [{"from": 0, "to": 30, "attributes": {"alignment": "left", "fontSize": 19, "fontWeight": "normal", "textColor": "AFAFAF", "lineSpacing": 5}}]}, "tokenTTS": {"tokenTTSCollection": []}}, "ttsURL": "https://d1vq87e9lcf771.cloudfront.net/danielle/41703ed00edc4e18bff897cee801f6ab"}, {"text": {"styledString": {"text": "Mes grands-parents ont quatre-vingt-onze ans.", "styling": [{"from": 0, "to": 45, "attributes": {"alignment": "left", "fontSize": 19, "fontWeight": "normal", "textColor": "4B4B4B", "lineSpacing": 5}}]}, "tokenTTS": {"tokenTTSCollection": []}, "blockHints": [{"value": "Mes", "hintTable": {"rows": [[{"hint": "my", "colspan": 1}]], "references": []}, "tts": "https://d1vq87e9lcf771.cloudfront.net/danielle/7fe53bd342e3d7070cfb39b3ed11ab8f"}, {"value": " "}, {"value": "grands", "hintTable": {"headers": ["grands", "-", "parents"], "rows": [[{"hint": "grandparents", "colspan": 2}], [{"hint": "grandparents'", "colspan": 2}], [{"hint": "tall", "colspan": 1}, {"colspan": 1}], [{"hint": "big", "colspan": 1}, {"colspan": 1}], [{"hint": "great", "colspan": 1}, {"colspan": 1}]], "references": [2]}, "tts": "https://d1vq87e9lcf771.cloudfront.net/danielle/c78bb8806165a21592bf632c8e1a9361"}, {"value": "-"}, {"value": "parents", "hintTable": {"headers": ["grands", "-", "parents"], "rows": [[{"hint": "grandparents", "colspan": 2}], [{"hint": "grandparents'", "colspan": 2}], [{"colspan": 1}, {"hint": "parents", "colspan": 1}], [{"colspan": 1}, {"hint": "relatives", "colspan": 1}]], "references": [1]}, "tts": "https://d1vq87e9lcf771.cloudfront.net/danielle/eccec4dba9f60e37d4b663b8d598a68c"}, {"value": " "}, {"value": "ont", "hintTable": {"headers": ["ont", "...", "ans"], "rows": [[{"hint": "are ... years old", "colspan": 3}], [{"hint": "get", "colspan": 1}, {"colspan": 1}, {"colspan": 1}], [{"hint": "have", "colspan": 1}, {"colspan": 1}, {"colspan": 1}]], "references": [5]}, "tts": "https://d1vq87e9lcf771.cloudfront.net/danielle/a47dc84a7f96aa6b741eba9fe300a143"}, {"value": " "}, {"value": "quatre", "hintTable": {"headers": ["quatre", "-", "vingt", "-", "onze"], "rows": [[{"hint": "ninety-one", "colspan": 3}], [{"hint": "eighty", "colspan": 2}, {"colspan": 1}], [{"hint": "four", "colspan": 1}, {"colspan": 1}, {"colspan": 1}], [{"hint": "fourth", "colspan": 1}, {"colspan": 1}, {"colspan": 1}]], "references": [5]}, "tts": "https://d1vq87e9lcf771.cloudfront.net/danielle/90b55c70b7f05f30fd44d25b8374f3e7"}, {"value": "-"}, {"value": "vingt", "hintTable": {"headers": ["quatre", "-", "vingt", "-", "onze"], "rows": [[{"hint": "ninety-one", "colspan": 3}], [{"hint": "eighty", "colspan": 2}, {"colspan": 1}], [{"colspan": 1}, {"hint": "twenty", "colspan": 1}, {"colspan": 1}]], "references": [4]}, "tts": "https://d1vq87e9lcf771.cloudfront.net/danielle/fa4d571ce8b0d0505d831846afa2551a"}, {"value": "-"}, {"value": "onze", "hintTable": {"headers": ["quatre", "-", "vingt", "-", "onze"], "rows": [[{"hint": "ninety-one", "colspan": 3}], [{"colspan": 1}, {"colspan": 1}, {"hint": "eleven", "colspan": 1}], [{"colspan": 1}, {"colspan": 1}, {"hint": "eleventh", "colspan": 1}]], "references": [4, 5]}, "tts": "https://d1vq87e9lcf771.cloudfront.net/danielle/68855f3c1b996656e2755a07359f66bb"}, {"value": " "}, {"value": "ans", "hintTable": {"headers": ["ont", "...", "ans"], "rows": [[{"hint": "are ... years old", "colspan": 3}], [{"colspan": 1}, {"colspan": 1}, {"hint": "years old", "colspan": 1}], [{"colspan": 1}, {"colspan": 1}, {"hint": "years", "colspan": 1}], [{"colspan": 1}, {"colspan": 1}, {"hint": "old", "colspan": 1}]], "references": [5]}, "tts": "https://d1vq87e9lcf771.cloudfront.net/danielle/c58fe05532735198b0cdf0884931ed98"}, {"value": "."}]}, "subtext": {"styledString": {"text": "My grandparents are ninety-one years old.", "styling": [{"from": 0, "to": 41, "attributes": {"alignment": "left", "fontSize": 19, "fontWeight": "normal", "textColor": "AFAFAF", "lineSpacing": 5}}]}, "tokenTTS": {"tokenTTSCollection": []}}, "ttsURL": "https://d1vq87e9lcf771.cloudfront.net/danielle/ba6a24fb7049f38a216e58e2553e6e3b"}]}, "meta": {"autoPlayableTTS": [], "sectionIndex": 0, "backgroundColor": null}}, {"type": "verticalSpace", "element": 16, "meta": {"autoPlayableTTS": [], "sectionIndex": 0, "backgroundColor": null}}, {"type": "dialogue", "element": {"phrases": [{"text": {"styledString": {"text": "Mon grand fr\u00e8re a soixante ans.", "styling": [{"from": 0, "to": 31, "attributes": {"alignment": "left", "fontSize": 19, "fontWeight": "normal", "textColor": "4B4B4B", "lineSpacing": 5}}]}, "tokenTTS": {"tokenTTSCollection": []}, "blockHints": [{"value": "Mon", "hintTable": {"rows": [[{"hint": "my", "colspan": 1}]], "references": []}, "tts": "https://d1vq87e9lcf771.cloudfront.net/danielle/415eac14ad5c16e804201a45e5d2993d"}, {"value": " "}, {"value": "grand", "hintTable": {"headers": ["grand", "fr\u00e8re"], "rows": [[{"hint": "big brother", "colspan": 2}], [{"hint": "big", "colspan": 1}, {"colspan": 1}], [{"hint": "large", "colspan": 1}, {"colspan": 1}], [{"hint": "great", "colspan": 1}, {"colspan": 1}]], "references": [2]}, "tts": "https://d1vq87e9lcf771.cloudfront.net/danielle/eaa585a7b62adda52df893821c48f585"}, {"value": " "}, {"value": "fr\u00e8re", "hintTable": {"headers": ["grand", "fr\u00e8re"], "rows": [[{"hint": "big brother", "colspan": 2}], [{"colspan": 1}, {"hint": "brother", "colspan": 1}]], "references": [1]}, "tts": "https://d1vq87e9lcf771.cloudfront.net/danielle/b225b715c86977893673fbb8a126e045"}, {"value": " "}, {"value": "a", "hintTable": {"headers": ["a", "...", "ans"], "rows": [[{"hint": "is \u2026 years old", "colspan": 3}], [{"hint": "gets", "colspan": 1}, {"colspan": 1}, {"colspan": 1}], [{"hint": "has", "colspan": 1}, {"colspan": 1}, {"colspan": 1}], [{"hint": "get", "colspan": 1}, {"colspan": 1}, {"colspan": 1}]], "references": [5]}, "tts": "https://d1vq87e9lcf771.cloudfront.net/danielle/634fc80350d4866a1d055dc60cc43de0"}, {"value": " "}, {"value": "soixante", "hintTable": {"rows": [[{"hint": "sixty", "colspan": 1}]], "references": []}, "tts": "https://d1vq87e9lcf771.cloudfront.net/danielle/2214688e53f96ea13e4810a8b5647dc0"}, {"value": " "}, {"value": "ans", "hintTable": {"headers": ["a", "...", "ans"], "rows": [[{"hint": "is \u2026 years old", "colspan": 3}], [{"colspan": 1}, {"colspan": 1}, {"hint": "years old", "colspan": 1}], [{"colspan": 1}, {"colspan": 1}, {"hint": "years", "colspan": 1}], [{"colspan": 1}, {"colspan": 1}, {"hint": "old", "colspan": 1}]], "references": [3]}, "tts": "https://d1vq87e9lcf771.cloudfront.net/danielle/c58fe05532735198b0cdf0884931ed98"}, {"value": "."}]}, "subtext": {"styledString": {"text": "My big brother is sixty years old.", "styling": [{"from": 0, "to": 34, "attributes": {"alignment": "left", "fontSize": 19, "fontWeight": "normal", "textColor": "AFAFAF", "lineSpacing": 5}}]}, "tokenTTS": {"tokenTTSCollection": []}}, "ttsURL": "https://d1vq87e9lcf771.cloudfront.net/danielle/5dafd8fc5d5a3c289c26b5470ddb4887"}]}, "meta": {"autoPlayableTTS": [], "sectionIndex": 0, "backgroundColor": null}}, {"type": "verticalSpace", "element": 16, "meta": {"autoPlayableTTS": [], "sectionIndex": 0, "backgroundColor": null}}, {"type": "dialogue", "element": {"phrases": [{"text": {"styledString": {"text": "Vous avez soixante-dix ans ?", "styling": [{"from": 0, "to": 28, "attributes": {"alignment": "left", "fontSize": 19, "fontWeight": "normal", "textColor": "4B4B4B", "lineSpacing": 5}}]}, "tokenTTS": {"tokenTTSCollection": []}, "blockHints": [{"value": "Vous", "hintTable": {"rows": [[{"hint": "you", "colspan": 1}], [{"hint": "for you", "colspan": 1}], [{"hint": "to you", "colspan": 1}]], "references": []}, "tts": "https://d1vq87e9lcf771.cloudfront.net/danielle/480892a594f400f082857d91ad80c042"}, {"value": " "}, {"value": "avez", "hintTable": {"headers": ["avez", "...", "ans"], "rows": [[{"hint": "are ... old", "colspan": 3}], [{"hint": "have", "colspan": 1}, {"colspan": 1}, {"colspan": 1}], [{"hint": "get", "colspan": 1}, {"colspan": 1}, {"colspan": 1}]], "references": [3]}, "tts": "https://d1vq87e9lcf771.cloudfront.net/danielle/fa00bb62b5483fcf906f12a2433cbd7e"}, {"value": " "}, {"value": "soixante-dix", "hintTable": {"rows": [[{"hint": "seventy", "colspan": 1}]], "references": []}, "tts": "https://d1vq87e9lcf771.cloudfront.net/danielle/4decb6c6bcc43bcc3d31bb05ed24f05f"}, {"value": " "}, {"value": "ans", "hintTable": {"headers": ["avez", "...", "ans"], "rows": [[{"hint": "are ... old", "colspan": 3}], [{"colspan": 1}, {"colspan": 1}, {"hint": "years old", "colspan": 1}], [{"colspan": 1}, {"colspan": 1}, {"hint": "years", "colspan": 1}], [{"colspan": 1}, {"colspan": 1}, {"hint": "old", "colspan": 1}]], "references": [1]}, "tts": "https://d1vq87e9lcf771.cloudfront.net/danielle/c58fe05532735198b0cdf0884931ed98"}, {"value": " "}, {"value": "?"}]}, "subtext": {"styledString": {"text": "You are seventy years old?", "styling": [{"from": 0, "to": 26, "attributes": {"alignment": "left", "fontSize": 19, "fontWeight": "normal", "textColor": "AFAFAF", "lineSpacing": 5}}]}, "tokenTTS": {"tokenTTSCollection": []}}, "ttsURL": "https://d1vq87e9lcf771.cloudfront.net/danielle/1fd909dc8890250cb5c205cd2f2e6a5c"}]}, "meta": {"autoPlayableTTS": [], "sectionIndex": 0, "backgroundColor": null}}, {"type": "verticalSpace", "element": 16, "meta": {"autoPlayableTTS": [], "sectionIndex": 0, "backgroundColor": null}}, {"type": "dialogue", "element": {"phrases": [{"text": {"styledString": {"text": "Mon grand-p\u00e8re a quatre-vingt-cinq ans.", "styling": [{"from": 0, "to": 39, "attributes": {"alignment": "left", "fontSize": 19, "fontWeight": "normal", "textColor": "4B4B4B", "lineSpacing": 5}}]}, "tokenTTS": {"tokenTTSCollection": []}, "blockHints": [{"value": "Mon", "hintTable": {"rows": [[{"hint": "my", "colspan": 1}]], "references": []}, "tts": "https://d1vq87e9lcf771.cloudfront.net/danielle/415eac14ad5c16e804201a45e5d2993d"}, {"value": " "}, {"value": "grand", "hintTable": {"headers": ["grand", "-", "p\u00e8re"], "rows": [[{"hint": "grandfather", "colspan": 2}], [{"hint": "grandpa", "colspan": 2}], [{"hint": "large", "colspan": 1}, {"colspan": 1}], [{"hint": "great", "colspan": 1}, {"colspan": 1}], [{"hint": "tall", "colspan": 1}, {"colspan": 1}]], "references": [2]}, "tts": "https://d1vq87e9lcf771.cloudfront.net/danielle/eaa585a7b62adda52df893821c48f585"}, {"value": "-"}, {"value": "p\u00e8re", "hintTable": {"headers": ["grand", "-", "p\u00e8re"], "rows": [[{"hint": "grandfather", "colspan": 2}], [{"hint": "grandpa", "colspan": 2}], [{"colspan": 1}, {"hint": "father", "colspan": 1}], [{"colspan": 1}, {"hint": "dad", "colspan": 1}]], "references": [1]}, "tts": "https://d1vq87e9lcf771.cloudfront.net/danielle/5a4e9425a6b9f876c988d4c5c34c19f8"}, {"value": " "}, {"value": "a", "hintTable": {"headers": ["a", "...", "ans"], "rows": [[{"hint": "is \u2026 years old", "colspan": 3}], [{"hint": "gets", "colspan": 1}, {"colspan": 1}, {"colspan": 1}], [{"hint": "has", "colspan": 1}, {"colspan": 1}, {"colspan": 1}], [{"hint": "get", "colspan": 1}, {"colspan": 1}, {"colspan": 1}]], "references": [5]}, "tts": "https://d1vq87e9lcf771.cloudfront.net/danielle/634fc80350d4866a1d055dc60cc43de0"}, {"value": " "}, {"value": "quatre", "hintTable": {"headers": ["quatre", "-", "vingt"], "rows": [[{"hint": "eighty", "colspan": 2}], [{"hint": "four", "colspan": 1}, {"colspan": 1}], [{"hint": "fourth", "colspan": 1}, {"colspan": 1}]], "references": [5]}, "tts": "https://d1vq87e9lcf771.cloudfront.net/danielle/90b55c70b7f05f30fd44d25b8374f3e7"}, {"value": "-"}, {"value": "vingt", "hintTable": {"headers": ["quatre", "-", "vingt"], "rows": [[{"hint": "eighty", "colspan": 2}], [{"colspan": 1}, {"hint": "twenty", "colspan": 1}]], "references": [4]}, "tts": "https://d1vq87e9lcf771.cloudfront.net/danielle/fa4d571ce8b0d0505d831846afa2551a"}, {"value": "-"}, {"value": "cinq", "hintTable": {"headers": ["cinq", "ans"], "rows": [[{"hint": "five", "colspan": 2}], [{"hint": "five", "colspan": 1}, {"colspan": 1}], [{"hint": "fifth", "colspan": 1}, {"colspan": 1}]], "references": [7]}, "tts": "https://d1vq87e9lcf771.cloudfront.net/danielle/5359432aa39b38c3b203239429c0836e"}, {"value": " "}, {"value": "ans", "hintTable": {"headers": ["a", "...", "ans"], "rows": [[{"hint": "is \u2026 years old", "colspan": 3}], [{"colspan": 1}, {"hint": "five", "colspan": 2}], [{"colspan": 1}, {"colspan": 1}, {"hint": "years old", "colspan": 1}], [{"colspan": 1}, {"colspan": 1}, {"hint": "years", "colspan": 1}]], "references": [6]}, "tts": "https://d1vq87e9lcf771.cloudfront.net/danielle/c58fe05532735198b0cdf0884931ed98"}, {"value": "."}]}, "subtext": {"styledString": {"text": "My grandfather is eighty-five years old.", "styling": [{"from": 0, "to": 40, "attributes": {"alignment": "left", "fontSize": 19, "fontWeight": "normal", "textColor": "AFAFAF", "lineSpacing": 5}}]}, "tokenTTS": {"tokenTTSCollection": []}}, "ttsURL": "https://d1vq87e9lcf771.cloudfront.net/danielle/7a68b2d74a9fed96c87f31f324624d73"}]}, "meta": {"autoPlayableTTS": [], "sectionIndex": 0, "backgroundColor": null}}, {"type": "verticalSpace", "element": 16, "meta": {"autoPlayableTTS": [], "sectionIndex": 0, "backgroundColor": null}}, {"type": "dialogue", "element": {"phrases": [{"text": {"styledString": {"text": "Elle a soixante-dix-sept chats !", "styling": [{"from": 0, "to": 32, "attributes": {"alignment": "left", "fontSize": 19, "fontWeight": "normal", "textColor": "4B4B4B", "lineSpacing": 5}}]}, "tokenTTS": {"tokenTTSCollection": []}, "blockHints": [{"value": "Elle", "hintTable": {"rows": [[{"hint": "she", "colspan": 1}], [{"hint": "it's", "colspan": 1}], [{"hint": "her", "colspan": 1}]], "references": []}, "tts": "https://d1vq87e9lcf771.cloudfront.net/danielle/aff4ce70dd29106f848ee89ba53ece81"}, {"value": " "}, {"value": "a", "hintTable": {"rows": [[{"hint": "has", "colspan": 1}], [{"hint": "gets", "colspan": 1}], [{"hint": "get", "colspan": 1}]], "references": []}, "tts": "https://d1vq87e9lcf771.cloudfront.net/danielle/634fc80350d4866a1d055dc60cc43de0"}, {"value": " "}, {"value": "soixante", "hintTable": {"headers": ["soixante", "-", "dix", "-", "sept"], "rows": [[{"hint": "seventy-seven", "colspan": 3}], [{"hint": "sixty", "colspan": 1}, {"colspan": 1}, {"colspan": 1}]], "references": [3, 4]}, "tts": "https://d1vq87e9lcf771.cloudfront.net/danielle/2214688e53f96ea13e4810a8b5647dc0"}, {"value": "-"}, {"value": "dix", "hintTable": {"headers": ["soixante", "-", "dix", "-", "sept"], "rows": [[{"hint": "seventy-seven", "colspan": 3}], [{"colspan": 1}, {"hint": "seventeen", "colspan": 2}], [{"colspan": 1}, {"hint": "ten", "colspan": 1}, {"colspan": 1}], [{"colspan": 1}, {"hint": "tenth", "colspan": 1}, {"colspan": 1}]], "references": [4]}, "tts": "https://d1vq87e9lcf771.cloudfront.net/danielle/15e97dd7545a2c8d6dfdd95d9c878f00"}, {"value": "-"}, {"value": "sept", "hintTable": {"headers": ["soixante", "-", "dix", "-", "sept"], "rows": [[{"hint": "seventy-seven", "colspan": 3}], [{"colspan": 1}, {"hint": "seventeen", "colspan": 2}], [{"colspan": 1}, {"colspan": 1}, {"hint": "seven", "colspan": 1}], [{"colspan": 1}, {"colspan": 1}, {"hint": "seventh", "colspan": 1}]], "references": [3]}, "tts": "https://d1vq87e9lcf771.cloudfront.net/danielle/74b97765f6de666ba69c604da58595b0"}, {"value": " "}, {"value": "chats", "hintTable": {"rows": [[{"hint": "cats", "colspan": 1}]], "references": []}, "tts": "https://d1vq87e9lcf771.cloudfront.net/danielle/4e8a8b23967a8bfd67323e1e798d557d"}, {"value": " "}, {"value": "!"}]}, "subtext": {"styledString": {"text": "She has seventy-seven cats!", "styling": [{"from": 0, "to": 27, "attributes": {"alignment": "left", "fontSize": 19, "fontWeight": "normal", "textColor": "AFAFAF", "lineSpacing": 5}}]}, "tokenTTS": {"tokenTTSCollection": []}}, "ttsURL": "https://d1vq87e9lcf771.cloudfront.net/danielle/194bd95a8fcdd4debe016dceae419a5e"}]}, "meta": {"autoPlayableTTS": [], "sectionIndex": 0, "backgroundColor": null}}, {"type": "verticalSpace", "element": 24, "meta": {"autoPlayableTTS": [], "sectionIndex": 0, "backgroundColor": null}}, {"type": "verticalSpace", "element": 24, "meta": {"autoPlayableTTS": [], "sectionIndex": 0, "backgroundColor": "DDF4FF"}}, {"type": "text", "element": {"styledString": {"text": "TIP", "styling": [{"from": 0, "to": 3, "attributes": {"alignment": "left", "fontSize": 17, "fontWeight": "bold", "textColor": "1CB0F6", "lineSpacing": 4}}]}, "tokenTTS": {"tokenTTSCollection": []}}, "meta": {"autoPlayableTTS": [], "sectionIndex": 0, "backgroundColor": "DDF4FF"}}, {"type": "verticalSpace", "element": 8, "meta": {"autoPlayableTTS": [], "sectionIndex": 0, "backgroundColor": "DDF4FF"}}, {"type": "text", "element": {"styledString": {"text": "Four twenties? ", "styling": [{"from": 0, "to": 15, "attributes": {"alignment": "left", "fontSize": 25, "fontWeight": "bold", "textColor": "4B4B4B", "lineSpacing": 4}}]}, "tokenTTS": {"tokenTTSCollection": []}, "hints": {"hints": [], "hintLinks": []}}, "meta": {"autoPlayableTTS": [], "sectionIndex": 9, "backgroundColor": "DDF4FF"}}, {"type": "verticalSpace", "element": 12, "meta": {"autoPlayableTTS": [], "sectionIndex": 9, "backgroundColor": "DDF4FF"}}, {"type": "text", "element": {"styledString": {"text": "Be sure to use a dash in numbers like vingt\u2011deux and trente\u2011six. But if the second number is one, add et between dashes, as in quarante\u2011et\u2011un.", "styling": [{"from": 0, "to": 38, "attributes": {"alignment": "left", "fontSize": 19, "fontWeight": "normal", "textColor": "4B4B4B", "lineSpacing": 5}}, {"from": 38, "to": 48, "attributes": {"alignment": "left", "fontSize": 19, "fontWeight": "bold", "textColor": "4B4B4B", "lineSpacing": 5}}, {"from": 48, "to": 53, "attributes": {"alignment": "left", "fontSize": 19, "fontWeight": "normal", "textColor": "4B4B4B", "lineSpacing": 5}}, {"from": 53, "to": 63, "attributes": {"alignment": "left", "fontSize": 19, "fontWeight": "bold", "textColor": "4B4B4B", "lineSpacing": 5}}, {"from": 63, "to": 93, "attributes": {"alignment": "left", "fontSize": 19, "fontWeight": "normal", "textColor": "4B4B4B", "lineSpacing": 5}}, {"from": 93, "to": 96, "attributes": {"alignment": "left", "fontSize": 19, "fontWeight": "bold", "textColor": "4B4B4B", "lineSpacing": 5}}, {"from": 96, "to": 102, "attributes": {"alignment": "left", "fontSize": 19, "fontWeight": "normal", "textColor": "4B4B4B", "lineSpacing": 5}}, {"from": 102, "to": 104, "attributes": {"alignment": "left", "fontSize": 19, "fontWeight": "bold", "textColor": "1CB0F6", "lineSpacing": 5}}, {"from": 104, "to": 127, "attributes": {"alignment": "left", "fontSize": 19, "fontWeight": "normal", "textColor": "4B4B4B", "lineSpacing": 5}}, {"from": 127, "to": 136, "attributes": {"alignment": "left", "fontSize": 19, "fontWeight": "bold", "textColor": "4B4B4B", "lineSpacing": 5}}, {"from": 136, "to": 138, "attributes": {"alignment": "left", "fontSize": 19, "fontWeight": "bold", "textColor": "1CB0F6", "lineSpacing": 5}}, {"from": 138, "to": 141, "attributes": {"alignment": "left", "fontSize": 19, "fontWeight": "bold", "textColor": "4B4B4B", "lineSpacing": 5}}, {"from": 141, "to": 142, "attributes": {"alignment": "left", "fontSize": 19, "fontWeight": "normal", "textColor": "4B4B4B", "lineSpacing": 5}}]}, "tokenTTS": {"tokenTTSCollection": [{"startIndex": 38, "endIndex": 47, "ttsURL": "https://d1vq87e9lcf771.cloudfront.net/danielle/2d6a6950abe32507cd6fc22b092d4dc3"}, {"startIndex": 53, "endIndex": 62, "ttsURL": "https://d1vq87e9lcf771.cloudfront.net/danielle/27b127da4283e0d52d9fdd8e756100a4"}, {"startIndex": 102, "endIndex": 103, "ttsURL": "https://d1vq87e9lcf771.cloudfront.net/danielle/cefb7f02ef34d81ce2e6f5d94e82df1e"}, {"startIndex": 127, "endIndex": 140, "ttsURL": "https://d1vq87e9lcf771.cloudfront.net/danielle/8a36a36e41e2ac9010f9c4fac87d66fd"}]}, "hints": {"hints": ["twenty-two", "thirty-six", "and", "forty-one"], "hintLinks": [{"index": 0, "rangeStart": 38, "rangeEnd": 47}, {"index": 1, "rangeStart": 53, "rangeEnd": 62}, {"index": 2, "rangeStart": 102, "rangeEnd": 103}, {"index": 3, "rangeStart": 127, "rangeEnd": 140}]}}, "meta": {"autoPlayableTTS": [], "sectionIndex": 9, "backgroundColor": "DDF4FF"}}, {"type": "verticalSpace", "element": 24, "meta": {"autoPlayableTTS": [], "sectionIndex": 10, "backgroundColor": "DDF4FF"}}, {"type": "text", "element": {"styledString": {"text": "Now, for numbers above seventy, you start combining smaller number words!", "styling": [{"from": 0, "to": 23, "attributes": {"alignment": "left", "fontSize": 19, "fontWeight": "normal", "textColor": "4B4B4B", "lineSpacing": 5}}, {"from": 23, "to": 30, "attributes": {"alignment": "left", "fontSize": 19, "fontWeight": "bold", "textColor": "4B4B4B", "lineSpacing": 5}}, {"from": 30, "to": 73, "attributes": {"alignment": "left", "fontSize": 19, "fontWeight": "normal", "textColor": "4B4B4B", "lineSpacing": 5}}]}, "tokenTTS": {"tokenTTSCollection": []}, "hints": {"hints": [], "hintLinks": []}}, "meta": {"autoPlayableTTS": [], "sectionIndex": 10, "backgroundColor": "DDF4FF"}}, {"type": "verticalSpace", "element": 24, "meta": {"autoPlayableTTS": [], "sectionIndex": 11, "backgroundColor": "DDF4FF"}}, {"type": "example", "element": {"text": {"styledString": {"text": "70 \u2011 soixante\u2011dix", "styling": [{"from": 0, "to": 17, "attributes": {"alignment": "left", "fontSize": 19, "fontWeight": "normal", "textColor": "4B4B4B", "lineSpacing": 5}}, {"from": 17, "to": 17, "attributes": {"alignment": "left", "fontSize": 19, "fontWeight": "normal", "textColor": "4B4B4B", "lineSpacing": 5, "underline": "thick", "underlineColor": "E5E5E5"}}]}, "tokenTTS": {"tokenTTSCollection": [{"startIndex": 5, "endIndex": 16, "ttsURL": "https://d1vq87e9lcf771.cloudfront.net/danielle/2f6fe341ff4eea1ee8ae7ed6db256ab9"}]}, "hints": {"hints": ["seventy"], "hintLinks": [{"index": 0, "rangeStart": 5, "rangeEnd": 16}]}}, "subtext": {"styledString": {"text": "seventy (literal: sixty ten)", "styling": [{"from": 0, "to": 28, "attributes": {"alignment": "left", "fontSize": 19, "fontWeight": "normal", "textColor": "AFAFAF", "lineSpacing": 5}}]}, "tokenTTS": {"tokenTTSCollection": []}, "hints": {"hints": [], "hintLinks": []}}, "ttsURL": "https://d1vq87e9lcf771.cloudfront.net/danielle/67e1c4c175abbbfce627ee5cf502be85"}, "meta": {"autoPlayableTTS": [], "sectionIndex": 11, "backgroundColor": "DDF4FF"}}, {"type": "verticalSpace", "element": 12, "meta": {"autoPlayableTTS": [], "sectionIndex": 12, "backgroundColor": "DDF4FF"}}, {"type": "example", "element": {"text": {"styledString": {"text": "71 \u2011 soixante\u2011et\u2011onze", "styling": [{"from": 0, "to": 14, "attributes": {"alignment": "left", "fontSize": 19, "fontWeight": "normal", "textColor": "4B4B4B", "lineSpacing": 5}}, {"from": 14, "to": 16, "attributes": {"alignment": "left", "fontSize": 19, "fontWeight": "bold", "textColor": "1CB0F6", "lineSpacing": 5}}, {"from": 16, "to": 21, "attributes": {"alignment": "left", "fontSize": 19, "fontWeight": "normal", "textColor": "4B4B4B", "lineSpacing": 5}}]}, "tokenTTS": {"tokenTTSCollection": [{"startIndex": 5, "endIndex": 20, "ttsURL": "https://d1vq87e9lcf771.cloudfront.net/danielle/078d491805fbdd4e492a27aa797596ad"}]}, "hints": {"hints": ["seventy-one"], "hintLinks": [{"index": 0, "rangeStart": 5, "rangeEnd": 20}]}}, "subtext": {"styledString": {"text": "seventy\u2011one (literal: sixty and eleven)", "styling": [{"from": 0, "to": 0, "attributes": {"alignment": "left", "fontSize": 19, "fontWeight": "normal", "textColor": "4B4B4B", "lineSpacing": 5, "underline": "thick", "underlineColor": "E5E5E5"}}, {"from": 0, "to": 39, "attributes": {"alignment": "left", "fontSize": 19, "fontWeight": "normal", "textColor": "AFAFAF", "lineSpacing": 5}}]}, "tokenTTS": {"tokenTTSCollection": []}, "hints": {"hints": [], "hintLinks": []}}, "ttsURL": "https://d1vq87e9lcf771.cloudfront.net/danielle/39d3b3a4a3f8c886145a7d61f0b0f2e5"}, "meta": {"autoPlayableTTS": [], "sectionIndex": 12, "backgroundColor": "DDF4FF"}}, {"type": "verticalSpace", "element": 12, "meta": {"autoPlayableTTS": [], "sectionIndex": 13, "backgroundColor": "DDF4FF"}}, {"type": "example", "element": {"text": {"styledString": {"text": "72 \u2011 soixante\u2011douze", "styling": [{"from": 0, "to": 19, "attributes": {"alignment": "left", "fontSize": 19, "fontWeight": "normal", "textColor": "4B4B4B", "lineSpacing": 5}}]}, "tokenTTS": {"tokenTTSCollection": [{"startIndex": 5, "endIndex": 18, "ttsURL": "https://d1vq87e9lcf771.cloudfront.net/danielle/7abc9292086f260417a66eb946368bb1"}]}, "hints": {"hints": ["seventy-two"], "hintLinks": [{"index": 0, "rangeStart": 5, "rangeEnd": 18}]}}, "subtext": {"styledString": {"text": "seventy\u2011two (literal: sixty twelve)", "styling": [{"from": 0, "to": 35, "attributes": {"alignment": "left", "fontSize": 19, "fontWeight": "normal", "textColor": "AFAFAF", "lineSpacing": 5}}]}, "tokenTTS": {"tokenTTSCollection": []}, "hints": {"hints": [], "hintLinks": []}}, "ttsURL": "https://d1vq87e9lcf771.cloudfront.net/danielle/b97d27f4aeada56940b5c3b24b64ceee"}, "meta": {"autoPlayableTTS": [], "sectionIndex": 13, "backgroundColor": "DDF4FF"}}, {"type": "verticalSpace", "element": 12, "meta": {"autoPlayableTTS": [], "sectionIndex": 14, "backgroundColor": "DDF4FF"}}, {"type": "example", "element": {"text": {"styledString": {"text": "80 \u2011 quatre\u2011vingts", "styling": [{"from": 0, "to": 18, "attributes": {"alignment": "left", "fontSize": 19, "fontWeight": "normal", "textColor": "4B4B4B", "lineSpacing": 5}}]}, "tokenTTS": {"tokenTTSCollection": [{"startIndex": 5, "endIndex": 17, "ttsURL": "https://d1vq87e9lcf771.cloudfront.net/danielle/ef82d063e3d191cedaa1a2edb16fd48f"}]}, "hints": {"hints": ["eighty"], "hintLinks": [{"index": 0, "rangeStart": 5, "rangeEnd": 17}]}}, "subtext": {"styledString": {"text": "eighty (literal: four twenties)", "styling": [{"from": 0, "to": 31, "attributes": {"alignment": "left", "fontSize": 19, "fontWeight": "normal", "textColor": "AFAFAF", "lineSpacing": 5}}]}, "tokenTTS": {"tokenTTSCollection": []}, "hints": {"hints": [], "hintLinks": []}}, "ttsURL": "https://d1vq87e9lcf771.cloudfront.net/danielle/a8629236a069c47d7533205b631e6971"}, "meta": {"autoPlayableTTS": [], "sectionIndex": 14, "backgroundColor": "DDF4FF"}}, {"type": "verticalSpace", "element": 24, "meta": {"autoPlayableTTS": [], "sectionIndex": 0, "backgroundColor": "DDF4FF"}}], "resourcesToPrefetch": [{"required": false, "url": "https://d1vq87e9lcf771.cloudfront.net/danielle/5dafd8fc5d5a3c289c26b5470ddb4887", "type": "mp3"}, {"required": false, "url": "https://d1vq87e9lcf771.cloudfront.net/danielle/7a68b2d74a9fed96c87f31f324624d73", "type": "mp3"}, {"required": false, "url": "https://d1vq87e9lcf771.cloudfront.net/danielle/67e1c4c175abbbfce627ee5cf502be85", "type": "mp3"}, {"required": false, "url": "https://d1vq87e9lcf771.cloudfront.net/danielle/39d3b3a4a3f8c886145a7d61f0b0f2e5", "type": "mp3"}, {"required": false, "url": "https://d1vq87e9lcf771.cloudfront.net/danielle/7abc9292086f260417a66eb946368bb1", "type": "mp3"}, {"required": false, "url": "https://d1vq87e9lcf771.cloudfront.net/danielle/41703ed00edc4e18bff897cee801f6ab", "type": "mp3"}, {"required": false, "url": "https://d1vq87e9lcf771.cloudfront.net/danielle/ba6a24fb7049f38a216e58e2553e6e3b", "type": "mp3"}, {"required": false, "url": "https://d1vq87e9lcf771.cloudfront.net/danielle/ef82d063e3d191cedaa1a2edb16fd48f", "type": "mp3"}, {"required": false, "url": "https://d1vq87e9lcf771.cloudfront.net/danielle/194bd95a8fcdd4debe016dceae419a5e", "type": "mp3"}, {"required": false, "url": "https://d1vq87e9lcf771.cloudfront.net/danielle/cefb7f02ef34d81ce2e6f5d94e82df1e", "type": "mp3"}, {"required": false, "url": "https://d1vq87e9lcf771.cloudfront.net/danielle/8a36a36e41e2ac9010f9c4fac87d66fd", "type": "mp3"}, {"required": false, "url": "https://d1vq87e9lcf771.cloudfront.net/danielle/27b127da4283e0d52d9fdd8e756100a4", "type": "mp3"}, {"required": false, "url": "https://d1vq87e9lcf771.cloudfront.net/danielle/2f6fe341ff4eea1ee8ae7ed6db256ab9", "type": "mp3"}, {"required": false, "url": "https://d1vq87e9lcf771.cloudfront.net/danielle/a8629236a069c47d7533205b631e6971", "type": "mp3"}, {"required": false, "url": "https://d1vq87e9lcf771.cloudfront.net/danielle/1fd909dc8890250cb5c205cd2f2e6a5c", "type": "mp3"}, {"required": false, "url": "https://d1vq87e9lcf771.cloudfront.net/danielle/2d6a6950abe32507cd6fc22b092d4dc3", "type": "mp3"}, {"required": false, "url": "https://d1vq87e9lcf771.cloudfront.net/danielle/b97d27f4aeada56940b5c3b24b64ceee", "type": "mp3"}, {"required": false, "url": "https://d1vq87e9lcf771.cloudfront.net/danielle/078d491805fbdd4e492a27aa797596ad", "type": "mp3"}]}