{"elements": [{"type": "dialogue", "element": {"phrases": [{"text": {"styledString": {"text": "Mi abuelita dijo que le gusta ir al gimnasio.", "styling": [{"styleClass": "text", "from": 0, "to": 45, "attributes": {}}]}, "tokenTTS": {"tokenTTSCollection": []}, "blockHints": [{"value": "Mi", "hintTable": {"rows": [[{"hint": "my", "colspan": 1}]], "references": []}, "tts": "https://d1vq87e9lcf771.cloudfront.net/lines/74bf124e183e5a8d08528a076aab3fdc"}, {"value": " "}, {"value": "abuelita", "hintTable": {"rows": [[{"hint": "grandma", "colspan": 1}]], "references": []}, "tts": "https://d1vq87e9lcf771.cloudfront.net/lines/aaff2e45f50b3552b5f973a913a7052d"}, {"value": " "}, {"value": "dijo", "hintTable": {"rows": [[{"hint": "(he) said", "colspan": 1}], [{"hint": "(he) told", "colspan": 1}], [{"hint": "said", "colspan": 1}]], "references": []}, "tts": "https://d1vq87e9lcf771.cloudfront.net/lines/2cedd30b67208633c8e1a550522f08d0"}, {"value": " "}, {"value": "que", "hintTable": {"rows": [[{"hint": "because", "colspan": 1}], [{"hint": "that", "colspan": 1}], [{"hint": "I hope", "colspan": 1}]], "references": []}, "tts": "https://d1vq87e9lcf771.cloudfront.net/lines/2586df0475fdbde47a062e2076277a1d"}, {"value": " "}, {"value": "le", "hintTable": {"headers": ["le", "gusta"], "rows": [[{"hint": "(he) likes", "colspan": 2}], [{"hint": "likes", "colspan": 2}], [{"hint": "(?) do you like", "colspan": 2}], [{"hint": "her", "colspan": 1}, {"colspan": 1}], [{"hint": "to her", "colspan": 1}, {"colspan": 1}], [{"hint": "they", "colspan": 1}, {"colspan": 1}]], "references": [5]}, "tts": "https://d1vq87e9lcf771.cloudfront.net/lines/75777e768550525e78c71aabda174068"}, {"value": " "}, {"value": "gusta", "hintTable": {"headers": ["le", "gusta"], "rows": [[{"hint": "(he) likes", "colspan": 2}], [{"hint": "likes", "colspan": 2}], [{"hint": "(?) do you like", "colspan": 2}], [{"colspan": 1}, {"hint": "I've liked (since)", "colspan": 1}]], "references": [4]}, "tts": "https://d1vq87e9lcf771.cloudfront.net/lines/764d7c78fb41470a976ea4ddeae8a592"}, {"value": " "}, {"value": "ir", "hintTable": {"rows": [[{"hint": "go", "colspan": 1}], [{"hint": "(to) go out", "colspan": 1}], [{"hint": "(to) come", "colspan": 1}]], "references": []}, "tts": "https://d1vq87e9lcf771.cloudfront.net/lines/38ba045d0a6a412fd245dbc0c562ef84"}, {"value": " "}, {"value": "al", "hintTable": {"rows": [[{"hint": "to the", "colspan": 1}], [{"hint": "with", "colspan": 1}], [{"hint": "your", "colspan": 1}]], "references": []}, "tts": "https://d1vq87e9lcf771.cloudfront.net/lines/15200d3d00681887f8b00d9ca99859b9"}, {"value": " "}, {"value": "gimnasio", "hintTable": {"rows": [[{"hint": "gym", "colspan": 1}]], "references": []}, "tts": "https://d1vq87e9lcf771.cloudfront.net/lines/79d0156f0f178b314c130bda0a160fd9"}, {"value": "."}]}, "subtext": {"styledString": {"text": "My grandma said she likes going to the gym.", "styling": [{"styleClass": "light", "from": 0, "to": 43, "attributes": {}}]}, "tokenTTS": {"tokenTTSCollection": []}}, "gender": "female", "character": "lin", "ttsURL": "https://d1vq87e9lcf771.cloudfront.net/lines/122e6c4939f0411828935100cce80b58"}]}, "meta": {"sectionIndex": 0, "backgroundColor": null}}, {"type": "dialogue", "element": {"phrases": [{"text": {"styledString": {"text": "\u00a1Tienes que venir a nuestra fiesta de Nochevieja!", "styling": [{"styleClass": "text", "from": 0, "to": 49, "attributes": {}}]}, "tokenTTS": {"tokenTTSCollection": []}, "blockHints": [{"value": "\u00a1"}, {"value": "Tienes", "hintTable": {"headers": ["tienes", "que"], "rows": [[{"hint": "(you) need", "colspan": 2}], [{"hint": "(you) have to", "colspan": 2}], [{"hint": "(you) must", "colspan": 2}], [{"hint": "have", "colspan": 1}, {"colspan": 1}], [{"hint": "are", "colspan": 1}, {"colspan": 1}], [{"hint": "there's", "colspan": 1}, {"colspan": 1}]], "references": [1]}, "tts": "https://d1vq87e9lcf771.cloudfront.net/zaries/6518d530dce5827d6df5cfbf70ada680"}, {"value": " "}, {"value": "que", "hintTable": {"headers": ["tienes", "que"], "rows": [[{"hint": "(you) need", "colspan": 2}], [{"hint": "(you) have to", "colspan": 2}], [{"hint": "(you) must", "colspan": 2}], [{"colspan": 1}, {"hint": "because", "colspan": 1}], [{"colspan": 1}, {"hint": "that", "colspan": 1}], [{"colspan": 1}, {"hint": "I hope", "colspan": 1}]], "references": [0]}, "tts": "https://d1vq87e9lcf771.cloudfront.net/zaries/deba12dadff4272c9b5b0eaa7a8eef76"}, {"value": " "}, {"value": "venir", "hintTable": {"rows": [[{"hint": "(to) arrive", "colspan": 1}], [{"hint": "(to) come", "colspan": 1}], [{"hint": "coming", "colspan": 1}]], "references": []}, "tts": "https://d1vq87e9lcf771.cloudfront.net/zaries/5b7dee37e0751fa5f12190dc614e0708"}, {"value": " "}, {"value": "a", "hintTable": {"rows": [[{"hint": "to", "colspan": 1}], [{"hint": "with", "colspan": 1}], [{"hint": "away", "colspan": 1}]], "references": []}, "tts": "https://d1vq87e9lcf771.cloudfront.net/zaries/78688fd9caafccf2397f625bb5060b13"}, {"value": " "}, {"value": "nuestra", "hintTable": {"rows": [[{"hint": "our", "colspan": 1}], [{"hint": "ours", "colspan": 1}]], "references": []}, "tts": "https://d1vq87e9lcf771.cloudfront.net/zaries/2337eafa563cbc72bc02ce03e27ec6e0"}, {"value": " "}, {"value": "fiesta", "hintTable": {"rows": [[{"hint": "party", "colspan": 1}], [{"hint": "parties", "colspan": 1}], [{"hint": "celebration", "colspan": 1}]], "references": []}, "tts": "https://d1vq87e9lcf771.cloudfront.net/zaries/1b77e5770dc1431cbe91878e3995ceb2"}, {"value": " "}, {"value": "de", "hintTable": {"rows": [[{"hint": "with", "colspan": 1}], [{"hint": "made of", "colspan": 1}], [{"hint": "off", "colspan": 1}]], "references": []}, "tts": "https://d1vq87e9lcf771.cloudfront.net/zaries/b1b61ca7be71835c2f3b6140cba3c69e"}, {"value": " "}, {"value": "Nochevieja", "hintTable": {"rows": [[{"hint": "New Year's Eve", "colspan": 1}]], "references": []}, "tts": "https://d1vq87e9lcf771.cloudfront.net/zaries/c36a5e785ff1f66e50bc7c447e71421e"}, {"value": "!"}]}, "subtext": {"styledString": {"text": "You must come to our New Year's Eve party!", "styling": [{"styleClass": "light", "from": 0, "to": 42, "attributes": {}}]}, "tokenTTS": {"tokenTTSCollection": []}}, "gender": "female", "character": "zari", "ttsURL": "https://d1vq87e9lcf771.cloudfront.net/zaries/9333f69f8ea04bb63c9db3ad64c5d971"}]}, "meta": {"sectionIndex": 0, "backgroundColor": null}}, {"type": "dialogue", "element": {"phrases": [{"text": {"styledString": {"text": "Cuando vi a Juan, estaba comprando fruta en el mercado.", "styling": [{"styleClass": "text", "from": 0, "to": 55, "attributes": {}}]}, "tokenTTS": {"tokenTTSCollection": []}, "blockHints": [{"value": "Cuando", "hintTable": {"rows": [[{"hint": "while", "colspan": 1}], [{"hint": "as", "colspan": 1}], [{"hint": "by the time", "colspan": 1}]], "references": []}, "tts": "https://d1vq87e9lcf771.cloudfront.net/lucyes/8ee3385400f85b2a025b43496b079558"}, {"value": " "}, {"value": "vi", "hintTable": {"rows": [[{"hint": "saw", "colspan": 1}], [{"hint": "see", "colspan": 1}], [{"hint": "(I) saw", "colspan": 1}]], "references": []}, "tts": "https://d1vq87e9lcf771.cloudfront.net/lucyes/f81cbf59468cb508f7802f1ccf4214e1"}, {"value": " "}, {"value": "a", "hintTable": {"rows": [[{"hint": "to", "colspan": 1}], [{"hint": "with", "colspan": 1}], [{"hint": "away", "colspan": 1}]], "references": []}, "tts": "https://d1vq87e9lcf771.cloudfront.net/lucyes/b1290be1713bcf388d4d86189c69eece"}, {"value": " "}, {"value": "Juan", "hintTable": {"rows": [[{"hint": "Juan", "colspan": 1}]], "references": []}, "tts": "https://d1vq87e9lcf771.cloudfront.net/lucyes/488e4a53cb446737004c1dfd899f6b85"}, {"value": ","}, {"value": " "}, {"value": "estaba", "hintTable": {"rows": [[{"hint": "stood", "colspan": 1}], [{"hint": "were", "colspan": 1}], [{"hint": "(it) was", "colspan": 1}]], "references": []}, "tts": "https://d1vq87e9lcf771.cloudfront.net/lucyes/6776c1a18326794769d6f52c77f1e4a7"}, {"value": " "}, {"value": "comprando", "hintTable": {"rows": [[{"hint": "getting", "colspan": 1}], [{"hint": "buying", "colspan": 1}], [{"hint": "shopping", "colspan": 1}]], "references": []}, "tts": "https://d1vq87e9lcf771.cloudfront.net/lucyes/c17541a9ace60143047a0a660a3d877e"}, {"value": " "}, {"value": "fruta", "hintTable": {"rows": [[{"hint": "fruit", "colspan": 1}]], "references": []}, "tts": "https://d1vq87e9lcf771.cloudfront.net/lucyes/1da639cb87bcbe8f28c288d12426a5a1"}, {"value": " "}, {"value": "en", "hintTable": {"rows": [[{"hint": "under", "colspan": 1}], [{"hint": "with", "colspan": 1}], [{"hint": "a", "colspan": 1}]], "references": []}, "tts": "https://d1vq87e9lcf771.cloudfront.net/lucyes/11b5dd52cd4277f5bccee97ccb8d9c57"}, {"value": " "}, {"value": "el", "hintTable": {"rows": [[{"hint": "the", "colspan": 1}], [{"hint": "your", "colspan": 1}], [{"hint": "her", "colspan": 1}]], "references": []}, "tts": "https://d1vq87e9lcf771.cloudfront.net/lucyes/6730682bacadd44a166cc90ede9f6c1b"}, {"value": " "}, {"value": "mercado", "hintTable": {"rows": [[{"hint": "market", "colspan": 1}], [{"hint": "markets", "colspan": 1}]], "references": []}, "tts": "https://d1vq87e9lcf771.cloudfront.net/lucyes/ad4af2bcf3434fad1470e9fed4cfd50a"}, {"value": "."}]}, "subtext": {"styledString": {"text": "When I saw Juan, he was buying fruit at the market.", "styling": [{"styleClass": "light", "from": 0, "to": 51, "attributes": {}}]}, "tokenTTS": {"tokenTTSCollection": []}}, "gender": "female", "character": "lucy", "ttsURL": "https://d1vq87e9lcf771.cloudfront.net/lucyes/9170f375c6530792b44da84a517ad4b6"}]}, "meta": {"sectionIndex": 0, "backgroundColor": null}}, {"type": "dialogue", "element": {"phrases": [{"text": {"styledString": {"text": "\u00bfNecesito llevar mi impermeable al campamento?", "styling": [{"styleClass": "text", "from": 0, "to": 46, "attributes": {}}]}, "tokenTTS": {"tokenTTSCollection": []}, "blockHints": [{"value": "\u00bf"}, {"value": "Necesito", "hintTable": {"rows": [[{"hint": "need", "colspan": 1}], [{"hint": "(I) need", "colspan": 1}], [{"hint": "(?) do I need", "colspan": 1}]], "references": []}, "tts": "https://d1vq87e9lcf771.cloudfront.net/juniores/8a28f19ebd7641dd255c87fb62cad62d"}, {"value": " "}, {"value": "llevar", "hintTable": {"rows": [[{"hint": "give a ride", "colspan": 1}], [{"hint": "(to) bring", "colspan": 1}], [{"hint": "(to) wear", "colspan": 1}]], "references": []}, "tts": "https://d1vq87e9lcf771.cloudfront.net/juniores/c6ea50740ba6bac1a60ecc9435ff709d"}, {"value": " "}, {"value": "mi", "hintTable": {"rows": [[{"hint": "my", "colspan": 1}]], "references": []}, "tts": "https://d1vq87e9lcf771.cloudfront.net/juniores/9bdf91452fd728ed4e014ca04f6c96bb"}, {"value": " "}, {"value": "impermeable", "hintTable": {"rows": [[{"hint": "raincoat", "colspan": 1}], [{"hint": "raincoats", "colspan": 1}], [{"hint": "waterproof", "colspan": 1}]], "references": []}, "tts": "https://d1vq87e9lcf771.cloudfront.net/juniores/380b9c2442ad6c43540c907ca89b2ed5"}, {"value": " "}, {"value": "al", "hintTable": {"rows": [[{"hint": "to the", "colspan": 1}], [{"hint": "with", "colspan": 1}], [{"hint": "your", "colspan": 1}]], "references": []}, "tts": "https://d1vq87e9lcf771.cloudfront.net/juniores/896b487c2b7d9812b1762c92634bc833"}, {"value": " "}, {"value": "campamento", "hintTable": {"rows": [[{"hint": "camp", "colspan": 1}], [{"hint": "camping", "colspan": 1}]], "references": []}, "tts": "https://d1vq87e9lcf771.cloudfront.net/juniores/ec9772bff31b99410a9129945a2ea020"}, {"value": "?"}]}, "subtext": {"styledString": {"text": "Do I need to take my raincoat to the campsite?", "styling": [{"styleClass": "light", "from": 0, "to": 46, "attributes": {}}]}, "tokenTTS": {"tokenTTSCollection": []}}, "gender": "male", "character": "junior", "ttsURL": "https://d1vq87e9lcf771.cloudfront.net/juniores/b5d58a2cdf5f0fea86a07fbf19ce3924"}, {"text": {"styledString": {"text": "Creo que s\u00ed, porque si no lo haces, podr\u00edas mojarte.", "styling": [{"styleClass": "text", "from": 0, "to": 52, "attributes": {}}]}, "tokenTTS": {"tokenTTSCollection": []}, "blockHints": [{"value": "Creo", "hintTable": {"rows": [[{"hint": "(I) think", "colspan": 1}], [{"hint": "(I) believe", "colspan": 1}], [{"hint": "(?) do I create", "colspan": 1}]], "references": []}, "tts": "https://d1vq87e9lcf771.cloudfront.net/eddyes/c8291f47b849d62515b0a66be50d1ca8"}, {"value": " "}, {"value": "que", "hintTable": {"headers": ["que", "s\u00ed"], "rows": [[{"hint": "so", "colspan": 2}], [{"hint": "because", "colspan": 1}, {"colspan": 1}], [{"hint": "that", "colspan": 1}, {"colspan": 1}], [{"hint": "I hope", "colspan": 1}, {"colspan": 1}]], "references": [2]}, "tts": "https://d1vq87e9lcf771.cloudfront.net/eddyes/1f45c9b85232a1b3d771f26161be00f3"}, {"value": " "}, {"value": "s\u00ed", "hintTable": {"headers": ["que", "s\u00ed"], "rows": [[{"hint": "so", "colspan": 2}], [{"colspan": 1}, {"hint": "we do", "colspan": 1}], [{"colspan": 1}, {"hint": "yeah", "colspan": 1}], [{"colspan": 1}, {"hint": "I do", "colspan": 1}]], "references": [1]}, "tts": "https://d1vq87e9lcf771.cloudfront.net/eddyes/b359be13f31d1caebd2e71b9197a6831"}, {"value": ","}, {"value": " "}, {"value": "porque", "hintTable": {"rows": [[{"hint": "because", "colspan": 1}], [{"hint": "that", "colspan": 1}], [{"hint": "for", "colspan": 1}]], "references": []}, "tts": "https://d1vq87e9lcf771.cloudfront.net/eddyes/a40018b5cb4e33eaf37ba486c647209f"}, {"value": " "}, {"value": "si", "hintTable": {"headers": ["si", "no"], "rows": [[{"hint": "otherwise", "colspan": 2}], [{"hint": "alternatively", "colspan": 2}], [{"hint": "alternatively", "colspan": 1}, {"colspan": 1}], [{"hint": "though", "colspan": 1}, {"colspan": 1}], [{"hint": "when", "colspan": 1}, {"colspan": 1}]], "references": [5]}, "tts": "https://d1vq87e9lcf771.cloudfront.net/eddyes/73707b473b96040c61bff86a6e8c856d"}, {"value": " "}, {"value": "no", "hintTable": {"headers": ["si", "no"], "rows": [[{"hint": "otherwise", "colspan": 2}], [{"hint": "alternatively", "colspan": 2}], [{"colspan": 1}, {"hint": "do not", "colspan": 1}], [{"colspan": 1}, {"hint": "wasn't", "colspan": 1}], [{"colspan": 1}, {"hint": "n't", "colspan": 1}]], "references": [4]}, "tts": "https://d1vq87e9lcf771.cloudfront.net/eddyes/45e263b87d20d47555cdffb0bf7b4dd2"}, {"value": " "}, {"value": "lo", "hintTable": {"headers": ["lo", "haces"], "rows": [[{"hint": "(you)  do (it/him)", "colspan": 2}], [{"hint": "(you)  make (it/him)", "colspan": 2}], [{"hint": "(you)  write out (it/him)", "colspan": 2}], [{"hint": "they", "colspan": 1}, {"colspan": 1}], [{"hint": "him", "colspan": 1}, {"colspan": 1}], [{"hint": "you", "colspan": 1}, {"colspan": 1}]], "references": [7]}, "tts": "https://d1vq87e9lcf771.cloudfront.net/eddyes/b929ef4526991de9227920c81648d7c9"}, {"value": " "}, {"value": "haces", "hintTable": {"headers": ["lo", "haces"], "rows": [[{"hint": "(you)  do (it/him)", "colspan": 2}], [{"hint": "(you)  make (it/him)", "colspan": 2}], [{"hint": "(you)  write out (it/him)", "colspan": 2}], [{"colspan": 1}, {"hint": "(you) make", "colspan": 1}], [{"colspan": 1}, {"hint": "(?) are you doing", "colspan": 1}], [{"colspan": 1}, {"hint": "made", "colspan": 1}]], "references": [6]}, "tts": "https://d1vq87e9lcf771.cloudfront.net/eddyes/191dce97cfa03f67f3a45be5b0261ba6"}, {"value": ","}, {"value": " "}, {"value": "podr\u00edas", "hintTable": {"rows": [[{"hint": "you would be able to", "colspan": 1}], [{"hint": "(you) could", "colspan": 1}], [{"hint": "(you) might", "colspan": 1}]], "references": []}, "tts": "https://d1vq87e9lcf771.cloudfront.net/eddyes/51a64729c1c31daa757316a3fc5ecfb5"}, {"value": " "}, {"value": "mojarte", "hintTable": {"rows": [], "references": []}, "tts": "https://d1vq87e9lcf771.cloudfront.net/eddyes/a525005b6c05e255f2746c305a776415"}, {"value": "."}]}, "subtext": {"styledString": {"text": "I think so, because if you don't, you might get wet.", "styling": [{"styleClass": "light", "from": 0, "to": 52, "attributes": {}}]}, "tokenTTS": {"tokenTTSCollection": []}}, "gender": "male", "character": "eddy", "ttsURL": "https://d1vq87e9lcf771.cloudfront.net/eddyes/6ffc0ad1dc2f84dfcd768ebed05fd01f"}]}, "meta": {"sectionIndex": 0, "backgroundColor": null}}]}