{"elements": [{"type": "verticalSpace", "element": 2, "meta": {"autoPlayableTTS": [], "sectionIndex": 0, "backgroundColor": "E5E5E5"}}, {"type": "verticalSpace", "element": 24, "meta": {"autoPlayableTTS": [], "sectionIndex": 0, "backgroundColor": null}}, {"type": "text", "element": {"styledString": {"text": "KEY PHRASES", "styling": [{"from": 0, "to": 11, "attributes": {"alignment": "left", "fontSize": 17, "fontWeight": "bold", "textColor": "1CB0F6", "lineSpacing": 4}}]}, "tokenTTS": {"tokenTTSCollection": []}}, "meta": {"autoPlayableTTS": [], "sectionIndex": 0, "backgroundColor": null}}, {"type": "verticalSpace", "element": 8, "meta": {"autoPlayableTTS": [], "sectionIndex": 0, "backgroundColor": null}}, {"type": "text", "element": {"styledString": {"text": "Describe a bad trip", "styling": [{"from": 0, "to": 19, "attributes": {"alignment": "left", "fontSize": 25, "fontWeight": "bold", "textColor": "4B4B4B", "lineSpacing": 4}}]}, "tokenTTS": {"tokenTTSCollection": []}}, "meta": {"autoPlayableTTS": [], "sectionIndex": 0, "backgroundColor": null}}, {"type": "verticalSpace", "element": 16, "meta": {"autoPlayableTTS": [], "sectionIndex": 0, "backgroundColor": null}}, {"type": "dialogue", "element": {"phrases": [{"text": {"styledString": {"text": "\u00a1Todo lo que no quer\u00eda que pasara, pas\u00f3!", "styling": [{"from": 0, "to": 40, "attributes": {"alignment": "left", "fontSize": 19, "fontWeight": "normal", "textColor": "4B4B4B", "lineSpacing": 5}}]}, "tokenTTS": {"tokenTTSCollection": []}, "blockHints": [{"value": "\u00a1"}, {"value": "Todo", "hintTable": {"headers": ["todo", "lo", "que"], "rows": [[{"hint": "everything", "colspan": 3}], [{"hint": "all", "colspan": 3}], [{"hint": "everything", "colspan": 1}, {"colspan": 1}, {"colspan": 1}], [{"hint": "all", "colspan": 1}, {"colspan": 1}, {"colspan": 1}], [{"hint": "whole", "colspan": 1}, {"colspan": 1}, {"colspan": 1}]], "references": [1, 2]}, "tts": "https://d1vq87e9lcf771.cloudfront.net/miguel/0762f052a7702a70446bc257cd3a8a29"}, {"value": " "}, {"value": "lo", "hintTable": {"headers": ["todo", "lo", "que"], "rows": [[{"hint": "everything", "colspan": 3}], [{"hint": "all", "colspan": 3}], [{"colspan": 1}, {"hint": "that", "colspan": 2}], [{"colspan": 1}, {"hint": "what", "colspan": 2}], [{"colspan": 1}, {"hint": "things", "colspan": 2}]], "references": [2]}, "tts": "https://d1vq87e9lcf771.cloudfront.net/miguel/e21f9356c6da5313fc1311d6dbde33c3"}, {"value": " "}, {"value": "que", "hintTable": {"headers": ["todo", "lo", "que"], "rows": [[{"hint": "everything", "colspan": 3}], [{"hint": "all", "colspan": 3}], [{"colspan": 1}, {"hint": "that", "colspan": 2}], [{"colspan": 1}, {"hint": "what", "colspan": 2}], [{"colspan": 1}, {"hint": "things", "colspan": 2}]], "references": [1]}, "tts": "https://d1vq87e9lcf771.cloudfront.net/miguel/a1ac789b0b8d37cb82d476eff39cdd67"}, {"value": " "}, {"value": "no", "hintTable": {"headers": ["no", "quer\u00eda"], "rows": [[{"hint": "did not want", "colspan": 2}], [{"hint": "didn't", "colspan": 1}, {"colspan": 1}], [{"hint": "n't", "colspan": 1}, {"colspan": 1}], [{"hint": "wasn't", "colspan": 1}, {"colspan": 1}]], "references": [4]}, "tts": "https://d1vq87e9lcf771.cloudfront.net/miguel/e56dc9c59b5e999bbe4a986911a59034"}, {"value": " "}, {"value": "quer\u00eda", "hintTable": {"headers": ["no", "quer\u00eda"], "rows": [[{"hint": "did not want", "colspan": 2}], [{"colspan": 1}, {"hint": "want", "colspan": 1}], [{"colspan": 1}, {"hint": "(?) did he want", "colspan": 1}], [{"colspan": 1}, {"hint": "mean to", "colspan": 1}]], "references": [3]}, "tts": "https://d1vq87e9lcf771.cloudfront.net/miguel/4e216a6420cca01cc14bf926141cacb6"}, {"value": " "}, {"value": "que", "hintTable": {"rows": [[{"hint": "to", "colspan": 1}], [{"hint": "I hope", "colspan": 1}], [{"hint": "that", "colspan": 1}]], "references": []}, "tts": "https://d1vq87e9lcf771.cloudfront.net/miguel/a1ac789b0b8d37cb82d476eff39cdd67"}, {"value": " "}, {"value": "pasara", "hintTable": {"rows": [[{"hint": "(I/he/she/it/you) happen", "colspan": 1}], [{"hint": "happened", "colspan": 1}], [{"hint": "happen", "colspan": 1}]], "references": []}, "tts": "https://d1vq87e9lcf771.cloudfront.net/miguel/334ed145e553e6004f62e58bbb99a81b"}, {"value": ","}, {"value": " "}, {"value": "pas\u00f3", "hintTable": {"rows": [[{"hint": "(it) happened", "colspan": 1}], [{"hint": "happen", "colspan": 1}], [{"hint": "happened", "colspan": 1}]], "references": []}, "tts": "https://d1vq87e9lcf771.cloudfront.net/miguel/79bca74fabbd7920145852870b6e4bfc"}, {"value": "!"}]}, "subtext": {"styledString": {"text": "Everything I didn't want to happen happened!", "styling": [{"from": 0, "to": 44, "attributes": {"alignment": "left", "fontSize": 19, "fontWeight": "normal", "textColor": "AFAFAF", "lineSpacing": 5}}]}, "tokenTTS": {"tokenTTSCollection": []}}, "ttsURL": "https://d1vq87e9lcf771.cloudfront.net/miguel/d5fa7be4a957f012cf7401359b211670"}]}, "meta": {"autoPlayableTTS": [], "sectionIndex": 0, "backgroundColor": null}}, {"type": "verticalSpace", "element": 16, "meta": {"autoPlayableTTS": [], "sectionIndex": 0, "backgroundColor": null}}, {"type": "dialogue", "element": {"phrases": [{"text": {"styledString": {"text": "Planificar este viaje fue m\u00e1s dif\u00edcil de lo que pens\u00e9.", "styling": [{"from": 0, "to": 54, "attributes": {"alignment": "left", "fontSize": 19, "fontWeight": "normal", "textColor": "4B4B4B", "lineSpacing": 5}}]}, "tokenTTS": {"tokenTTSCollection": []}, "blockHints": [{"value": "Planificar", "hintTable": {"rows": [[{"hint": "planning", "colspan": 1}], [{"hint": "(to) plan", "colspan": 1}], [{"hint": "plan", "colspan": 1}]], "references": []}, "tts": "https://d1vq87e9lcf771.cloudfront.net/miguel/1a65e95a15d1c1954c53dcb6cebea16f"}, {"value": " "}, {"value": "este", "hintTable": {"rows": [[{"hint": "this", "colspan": 1}], [{"hint": "this one", "colspan": 1}], [{"hint": "east", "colspan": 1}]], "references": []}, "tts": "https://d1vq87e9lcf771.cloudfront.net/penelope/17a49ff00fa9ba4fa313e03028290005"}, {"value": " "}, {"value": "viaje", "hintTable": {"rows": [[{"hint": "trip", "colspan": 1}], [{"hint": "journey", "colspan": 1}], [{"hint": "travel", "colspan": 1}]], "references": []}, "tts": "https://d1vq87e9lcf771.cloudfront.net/miguel/961d9b64ae0b995cf3e2907d0048dc85"}, {"value": " "}, {"value": "fue", "hintTable": {"rows": [[{"hint": "was", "colspan": 1}], [{"hint": "it was", "colspan": 1}], [{"hint": "(he) went", "colspan": 1}]], "references": []}, "tts": "https://d1vq87e9lcf771.cloudfront.net/miguel/7de53ac54cfc1ee196a360be4ede560d"}, {"value": " "}, {"value": "m\u00e1s", "hintTable": {"headers": ["m\u00e1s", "dif\u00edcil"], "rows": [[{"hint": "harder", "colspan": 2}], [{"hint": "hardest", "colspan": 2}], [{"hint": "more", "colspan": 1}, {"colspan": 1}], [{"hint": "the more", "colspan": 1}, {"colspan": 1}], [{"hint": "harder", "colspan": 1}, {"colspan": 1}]], "references": [5]}, "tts": "https://d1vq87e9lcf771.cloudfront.net/penelope/af681eccd75ccf2240e1043949ba30d8"}, {"value": " "}, {"value": "dif\u00edcil", "hintTable": {"headers": ["m\u00e1s", "dif\u00edcil"], "rows": [[{"hint": "harder", "colspan": 2}], [{"hint": "hardest", "colspan": 2}], [{"colspan": 1}, {"hint": "difficult", "colspan": 1}], [{"colspan": 1}, {"hint": "tough", "colspan": 1}], [{"colspan": 1}, {"hint": "demanding", "colspan": 1}]], "references": [4]}, "tts": "https://d1vq87e9lcf771.cloudfront.net/miguel/2a63e642574e42d84d93704f4c533655"}, {"value": " "}, {"value": "de", "hintTable": {"headers": ["de", "lo", "que"], "rows": [[{"hint": "than", "colspan": 3}], [{"hint": "than", "colspan": 1}, {"colspan": 1}, {"colspan": 1}], [{"hint": "'s", "colspan": 1}, {"colspan": 1}, {"colspan": 1}], [{"hint": "to", "colspan": 1}, {"colspan": 1}, {"colspan": 1}]], "references": [7, 8]}, "tts": "https://d1vq87e9lcf771.cloudfront.net/miguel/7c3dc4295f4bfedec518e38299ea8dc5"}, {"value": " "}, {"value": "lo", "hintTable": {"headers": ["de", "lo", "que"], "rows": [[{"hint": "than", "colspan": 3}], [{"colspan": 1}, {"hint": "what", "colspan": 2}], [{"colspan": 1}, {"hint": "things", "colspan": 2}], [{"colspan": 1}, {"hint": "that", "colspan": 2}]], "references": [8]}, "tts": "https://d1vq87e9lcf771.cloudfront.net/miguel/e21f9356c6da5313fc1311d6dbde33c3"}, {"value": " "}, {"value": "que", "hintTable": {"headers": ["de", "lo", "que"], "rows": [[{"hint": "than", "colspan": 3}], [{"colspan": 1}, {"hint": "what", "colspan": 2}], [{"colspan": 1}, {"hint": "things", "colspan": 2}], [{"colspan": 1}, {"hint": "that", "colspan": 2}]], "references": [7]}, "tts": "https://d1vq87e9lcf771.cloudfront.net/miguel/a1ac789b0b8d37cb82d476eff39cdd67"}, {"value": " "}, {"value": "pens\u00e9", "hintTable": {"rows": [[{"hint": "(I) thought", "colspan": 1}], [{"hint": "thought", "colspan": 1}], [{"hint": "figured", "colspan": 1}]], "references": []}, "tts": "https://d1vq87e9lcf771.cloudfront.net/miguel/6a2ffb227f81cb5b019ad7ec0cb97a9a"}, {"value": "."}]}, "subtext": {"styledString": {"text": "Planning this trip was more difficult than I thought.", "styling": [{"from": 0, "to": 53, "attributes": {"alignment": "left", "fontSize": 19, "fontWeight": "normal", "textColor": "AFAFAF", "lineSpacing": 5}}]}, "tokenTTS": {"tokenTTSCollection": []}}, "ttsURL": "https://d1vq87e9lcf771.cloudfront.net/miguel/bf693b7f0f83bbc0b322f7f71a430004"}, {"text": {"styledString": {"text": "Hab\u00eda m\u00e1s requisitos para embarcar que la otra vez.", "styling": [{"from": 0, "to": 51, "attributes": {"alignment": "left", "fontSize": 19, "fontWeight": "normal", "textColor": "4B4B4B", "lineSpacing": 5}}]}, "tokenTTS": {"tokenTTSCollection": []}, "blockHints": [{"value": "Hab\u00eda", "hintTable": {"rows": [[{"hint": "there were", "colspan": 1}], [{"hint": "were", "colspan": 1}], [{"hint": "there used to be", "colspan": 1}]], "references": []}, "tts": "https://d1vq87e9lcf771.cloudfront.net/miguel/210f829f608612949c55f09b98e79881"}, {"value": " "}, {"value": "m\u00e1s", "hintTable": {"rows": [[{"hint": "more", "colspan": 1}], [{"hint": "the more", "colspan": 1}], [{"hint": "any", "colspan": 1}]], "references": []}, "tts": "https://d1vq87e9lcf771.cloudfront.net/penelope/af681eccd75ccf2240e1043949ba30d8"}, {"value": " "}, {"value": "requisitos", "hintTable": {"rows": [[{"hint": "requirements", "colspan": 1}]], "references": []}, "tts": "https://d1vq87e9lcf771.cloudfront.net/miguel/b262a5f48c0b8f193cc5daceb7aadc4c"}, {"value": " "}, {"value": "para", "hintTable": {"rows": [[{"hint": "to", "colspan": 1}], [{"hint": "in order to", "colspan": 1}], [{"hint": "for", "colspan": 1}]], "references": []}, "tts": "https://d1vq87e9lcf771.cloudfront.net/miguel/6f3d0512a9245756279b8c3ebecaae1b"}, {"value": " "}, {"value": "embarcar", "hintTable": {"rows": [[{"hint": "to board", "colspan": 1}], [{"hint": "board", "colspan": 1}], [{"hint": "boarding", "colspan": 1}]], "references": []}, "tts": "https://d1vq87e9lcf771.cloudfront.net/miguel/478af843983f379ec1a0048b426a8c7e"}, {"value": " "}, {"value": "que", "hintTable": {"rows": [[{"hint": "than", "colspan": 1}], [{"hint": "to", "colspan": 1}], [{"hint": "that", "colspan": 1}]], "references": []}, "tts": "https://d1vq87e9lcf771.cloudfront.net/miguel/a1ac789b0b8d37cb82d476eff39cdd67"}, {"value": " "}, {"value": "la", "hintTable": {"headers": ["la", "otra", "vez"], "rows": [[{"hint": "last time", "colspan": 3}], [{"hint": "the", "colspan": 1}, {"colspan": 1}, {"colspan": 1}], [{"hint": "your", "colspan": 1}, {"colspan": 1}, {"colspan": 1}], [{"hint": "her", "colspan": 1}, {"colspan": 1}, {"colspan": 1}]], "references": [7, 8]}, "tts": "https://d1vq87e9lcf771.cloudfront.net/miguel/e9ea010281921357dd4b130d51e7488b"}, {"value": " "}, {"value": "otra", "hintTable": {"headers": ["la", "otra", "vez"], "rows": [[{"hint": "last time", "colspan": 3}], [{"colspan": 1}, {"hint": "again", "colspan": 2}], [{"colspan": 1}, {"hint": "last", "colspan": 1}, {"colspan": 1}], [{"colspan": 1}, {"hint": "other", "colspan": 1}, {"colspan": 1}]], "references": [8]}, "tts": "https://d1vq87e9lcf771.cloudfront.net/miguel/92bcbaeeb697c9543c3f180256a2914d"}, {"value": " "}, {"value": "vez", "hintTable": {"headers": ["la", "otra", "vez"], "rows": [[{"hint": "last time", "colspan": 3}], [{"colspan": 1}, {"hint": "again", "colspan": 2}], [{"colspan": 1}, {"colspan": 1}, {"hint": "time", "colspan": 1}]], "references": [7]}, "tts": "https://d1vq87e9lcf771.cloudfront.net/miguel/897f2365f5f3979c44e76469d2764dba"}, {"value": "."}]}, "subtext": {"styledString": {"text": "There were more requirements to board than last time.", "styling": [{"from": 0, "to": 53, "attributes": {"alignment": "left", "fontSize": 19, "fontWeight": "normal", "textColor": "AFAFAF", "lineSpacing": 5}}]}, "tokenTTS": {"tokenTTSCollection": []}}, "ttsURL": "https://d1vq87e9lcf771.cloudfront.net/miguel/2199e928e3d5025c55ca883e113c4da9"}, {"text": {"styledString": {"text": "\u00bfNadie averigu\u00f3 antes?", "styling": [{"from": 0, "to": 22, "attributes": {"alignment": "left", "fontSize": 19, "fontWeight": "normal", "textColor": "4B4B4B", "lineSpacing": 5}}]}, "tokenTTS": {"tokenTTSCollection": []}, "blockHints": [{"value": "\u00bf"}, {"value": "Nadie", "hintTable": {"rows": [[{"hint": "no one", "colspan": 1}], [{"hint": "no one else", "colspan": 1}], [{"hint": "nobody", "colspan": 1}]], "references": []}, "tts": "https://d1vq87e9lcf771.cloudfront.net/miguel/eff88ea71f85dbfb3dab692f24a693e2"}, {"value": " "}, {"value": "averigu\u00f3", "hintTable": {"rows": [[{"hint": "found out", "colspan": 1}]], "references": []}, "tts": "https://d1vq87e9lcf771.cloudfront.net/miguel/579b69115df29506ade84046a9b4c5d1"}, {"value": " "}, {"value": "antes", "hintTable": {"rows": [[{"hint": "before", "colspan": 1}], [{"hint": "first", "colspan": 1}], [{"hint": "previously", "colspan": 1}]], "references": []}, "tts": "https://d1vq87e9lcf771.cloudfront.net/miguel/24647be708dd783472b30f61e3ce4ddc"}, {"value": "?"}]}, "subtext": {"styledString": {"text": "No one found out before?", "styling": [{"from": 0, "to": 24, "attributes": {"alignment": "left", "fontSize": 19, "fontWeight": "normal", "textColor": "AFAFAF", "lineSpacing": 5}}]}, "tokenTTS": {"tokenTTSCollection": []}}, "ttsURL": "https://d1vq87e9lcf771.cloudfront.net/miguel/17d6d69217c6d8751e6eee852637ef80"}]}, "meta": {"autoPlayableTTS": [], "sectionIndex": 0, "backgroundColor": null}}, {"type": "verticalSpace", "element": 16, "meta": {"autoPlayableTTS": [], "sectionIndex": 0, "backgroundColor": null}}, {"type": "dialogue", "element": {"phrases": [{"text": {"styledString": {"text": "Fue imposible dormir en ese colch\u00f3n.", "styling": [{"from": 0, "to": 36, "attributes": {"alignment": "left", "fontSize": 19, "fontWeight": "normal", "textColor": "4B4B4B", "lineSpacing": 5}}]}, "tokenTTS": {"tokenTTSCollection": []}, "blockHints": [{"value": "Fue", "hintTable": {"rows": [[{"hint": "it was", "colspan": 1}], [{"hint": "was", "colspan": 1}], [{"hint": "go", "colspan": 1}]], "references": []}, "tts": "https://d1vq87e9lcf771.cloudfront.net/miguel/7de53ac54cfc1ee196a360be4ede560d"}, {"value": " "}, {"value": "imposible", "hintTable": {"rows": [[{"hint": "impossible", "colspan": 1}]], "references": []}, "tts": "https://d1vq87e9lcf771.cloudfront.net/miguel/202817bf2ab968e19a413591851c6c48"}, {"value": " "}, {"value": "dormir", "hintTable": {"rows": [[{"hint": "(to) sleep", "colspan": 1}], [{"hint": "sleep", "colspan": 1}], [{"hint": "sleeping", "colspan": 1}]], "references": []}, "tts": "https://d1vq87e9lcf771.cloudfront.net/beaes/dc41621cf7bc7fac588c547ec2e737ad"}, {"value": " "}, {"value": "en", "hintTable": {"rows": [[{"hint": "on", "colspan": 1}], [{"hint": "to", "colspan": 1}], [{"hint": "under", "colspan": 1}]], "references": []}, "tts": "https://d1vq87e9lcf771.cloudfront.net/miguel/953baa0ff97009a5374e3a2695ce7f5c"}, {"value": " "}, {"value": "ese", "hintTable": {"rows": [[{"hint": "that", "colspan": 1}], [{"hint": "the", "colspan": 1}]], "references": []}, "tts": "https://d1vq87e9lcf771.cloudfront.net/miguel/da66116e2742533c54f0d39ea9e668be"}, {"value": " "}, {"value": "colch\u00f3n", "hintTable": {"rows": [[{"hint": "mattress", "colspan": 1}]], "references": []}, "tts": "https://d1vq87e9lcf771.cloudfront.net/miguel/fd2f3b0ff55a1ec0f8e0cb07c66ecdc7"}, {"value": "."}]}, "subtext": {"styledString": {"text": "It was impossible to sleep on that mattress.", "styling": [{"from": 0, "to": 44, "attributes": {"alignment": "left", "fontSize": 19, "fontWeight": "normal", "textColor": "AFAFAF", "lineSpacing": 5}}]}, "tokenTTS": {"tokenTTSCollection": []}}, "ttsURL": "https://d1vq87e9lcf771.cloudfront.net/miguel/deded336be3ad07b79380825cda61046"}]}, "meta": {"autoPlayableTTS": [], "sectionIndex": 0, "backgroundColor": null}}, {"type": "verticalSpace", "element": 16, "meta": {"autoPlayableTTS": [], "sectionIndex": 0, "backgroundColor": null}}, {"type": "dialogue", "element": {"phrases": [{"text": {"styledString": {"text": "\u00a1La escapada de fin de semana a la playa fue un desastre!", "styling": [{"from": 0, "to": 57, "attributes": {"alignment": "left", "fontSize": 19, "fontWeight": "normal", "textColor": "4B4B4B", "lineSpacing": 5}}]}, "tokenTTS": {"tokenTTSCollection": []}, "blockHints": [{"value": "\u00a1"}, {"value": "La", "hintTable": {"rows": [[{"hint": "the", "colspan": 1}], [{"hint": "your", "colspan": 1}], [{"hint": "her", "colspan": 1}]], "references": []}, "tts": "https://d1vq87e9lcf771.cloudfront.net/miguel/e9ea010281921357dd4b130d51e7488b"}, {"value": " "}, {"value": "escapada", "hintTable": {"rows": [[{"hint": "getaway", "colspan": 1}]], "references": []}, "tts": "https://d1vq87e9lcf771.cloudfront.net/miguel/be593a2d1ac583f0fc2282b966bd76f7"}, {"value": " "}, {"value": "de", "hintTable": {"rows": [[{"hint": "to", "colspan": 1}], [{"hint": "the", "colspan": 1}], [{"hint": "'s", "colspan": 1}]], "references": []}, "tts": "https://d1vq87e9lcf771.cloudfront.net/miguel/7c3dc4295f4bfedec518e38299ea8dc5"}, {"value": " "}, {"value": "fin", "hintTable": {"headers": ["fin", "de", "semana"], "rows": [[{"hint": "weekend", "colspan": 3}], [{"hint": "end", "colspan": 1}, {"colspan": 1}, {"colspan": 1}], [{"hint": "order", "colspan": 1}, {"colspan": 1}, {"colspan": 1}]], "references": [4, 5]}, "tts": "https://d1vq87e9lcf771.cloudfront.net/miguel/190588fe5de126d32f77d59de0102ff6"}, {"value": " "}, {"value": "de", "hintTable": {"headers": ["fin", "de", "semana"], "rows": [[{"hint": "weekend", "colspan": 3}], [{"colspan": 1}, {"hint": "to", "colspan": 1}, {"colspan": 1}], [{"colspan": 1}, {"hint": "the", "colspan": 1}, {"colspan": 1}], [{"colspan": 1}, {"hint": "'s", "colspan": 1}, {"colspan": 1}]], "references": [3, 5]}, "tts": "https://d1vq87e9lcf771.cloudfront.net/miguel/7c3dc4295f4bfedec518e38299ea8dc5"}, {"value": " "}, {"value": "semana", "hintTable": {"headers": ["fin", "de", "semana"], "rows": [[{"hint": "weekend", "colspan": 3}], [{"colspan": 1}, {"colspan": 1}, {"hint": "week", "colspan": 1}]], "references": [3, 4]}, "tts": "https://d1vq87e9lcf771.cloudfront.net/miguel/483750b144fbfddecb5a7ac77d6e9304"}, {"value": " "}, {"value": "a", "hintTable": {"headers": ["a", "la"], "rows": [[{"hint": "to", "colspan": 2}], [{"hint": "at", "colspan": 2}], [{"hint": "to", "colspan": 1}, {"colspan": 1}], [{"hint": "a", "colspan": 1}, {"colspan": 1}], [{"hint": "away", "colspan": 1}, {"colspan": 1}]], "references": [7]}, "tts": "https://d1vq87e9lcf771.cloudfront.net/miguel/a615ab7aef51e62ab81ce9255166fc65"}, {"value": " "}, {"value": "la", "hintTable": {"headers": ["a", "la"], "rows": [[{"hint": "to", "colspan": 2}], [{"hint": "at", "colspan": 2}], [{"colspan": 1}, {"hint": "the", "colspan": 1}], [{"colspan": 1}, {"hint": "your", "colspan": 1}], [{"colspan": 1}, {"hint": "her", "colspan": 1}]], "references": [6]}, "tts": "https://d1vq87e9lcf771.cloudfront.net/miguel/e9ea010281921357dd4b130d51e7488b"}, {"value": " "}, {"value": "playa", "hintTable": {"rows": [[{"hint": "beach", "colspan": 1}], [{"hint": "beaches", "colspan": 1}]], "references": []}, "tts": "https://d1vq87e9lcf771.cloudfront.net/miguel/faf7d38a059a2b7528f3e260d8cba95f"}, {"value": " "}, {"value": "fue", "hintTable": {"rows": [[{"hint": "was", "colspan": 1}], [{"hint": "it was", "colspan": 1}], [{"hint": "(he) went", "colspan": 1}]], "references": []}, "tts": "https://d1vq87e9lcf771.cloudfront.net/miguel/7de53ac54cfc1ee196a360be4ede560d"}, {"value": " "}, {"value": "un", "hintTable": {"rows": [[{"hint": "a", "colspan": 1}], [{"hint": "an", "colspan": 1}], [{"hint": "one", "colspan": 1}]], "references": []}, "tts": "https://d1vq87e9lcf771.cloudfront.net/miguel/77f436e44094f0912fa76368e873f996"}, {"value": " "}, {"value": "desastre", "hintTable": {"rows": [[{"hint": "disaster", "colspan": 1}], [{"hint": "mess", "colspan": 1}]], "references": []}, "tts": "https://d1vq87e9lcf771.cloudfront.net/miguel/5abd8c0d3e01183205b402b778619c9a"}, {"value": "!"}]}, "subtext": {"styledString": {"text": "The weekend getaway to the beach was a disaster!", "styling": [{"from": 0, "to": 48, "attributes": {"alignment": "left", "fontSize": 19, "fontWeight": "normal", "textColor": "AFAFAF", "lineSpacing": 5}}]}, "tokenTTS": {"tokenTTSCollection": []}}, "ttsURL": "https://d1vq87e9lcf771.cloudfront.net/miguel/a87a048a3400ae2b55b936dc00db1c41"}]}, "meta": {"autoPlayableTTS": [], "sectionIndex": 0, "backgroundColor": null}}, {"type": "verticalSpace", "element": 24, "meta": {"autoPlayableTTS": [], "sectionIndex": 0, "backgroundColor": null}}], "resourcesToPrefetch": [{"required": false, "url": "https://d1vq87e9lcf771.cloudfront.net/miguel/2199e928e3d5025c55ca883e113c4da9", "type": "mp3"}, {"required": false, "url": "https://d1vq87e9lcf771.cloudfront.net/miguel/d5fa7be4a957f012cf7401359b211670", "type": "mp3"}, {"required": false, "url": "https://d1vq87e9lcf771.cloudfront.net/miguel/bf693b7f0f83bbc0b322f7f71a430004", "type": "mp3"}, {"required": false, "url": "https://d1vq87e9lcf771.cloudfront.net/miguel/deded336be3ad07b79380825cda61046", "type": "mp3"}, {"required": false, "url": "https://d1vq87e9lcf771.cloudfront.net/miguel/17d6d69217c6d8751e6eee852637ef80", "type": "mp3"}, {"required": false, "url": "https://d1vq87e9lcf771.cloudfront.net/miguel/a87a048a3400ae2b55b936dc00db1c41", "type": "mp3"}]}