{"elements": [{"type": "verticalSpace", "element": 2, "meta": {"autoPlayableTTS": [], "sectionIndex": 0, "backgroundColor": "E5E5E5"}}, {"type": "verticalSpace", "element": 24, "meta": {"autoPlayableTTS": [], "sectionIndex": 0, "backgroundColor": null}}, {"type": "text", "element": {"styledString": {"text": "KEY PHRASES", "styling": [{"from": 0, "to": 11, "attributes": {"alignment": "left", "fontSize": 17, "fontWeight": "bold", "textColor": "1CB0F6", "lineSpacing": 4}}]}, "tokenTTS": {"tokenTTSCollection": []}}, "meta": {"autoPlayableTTS": [], "sectionIndex": 0, "backgroundColor": null}}, {"type": "verticalSpace", "element": 8, "meta": {"autoPlayableTTS": [], "sectionIndex": 0, "backgroundColor": null}}, {"type": "text", "element": {"styledString": {"text": "Talk about the environment", "styling": [{"from": 0, "to": 26, "attributes": {"alignment": "left", "fontSize": 25, "fontWeight": "bold", "textColor": "4B4B4B", "lineSpacing": 4}}]}, "tokenTTS": {"tokenTTSCollection": []}}, "meta": {"autoPlayableTTS": [], "sectionIndex": 0, "backgroundColor": null}}, {"type": "verticalSpace", "element": 16, "meta": {"autoPlayableTTS": [], "sectionIndex": 0, "backgroundColor": null}}, {"type": "dialogue", "element": {"phrases": [{"text": {"styledString": {"text": "Vous pensez que c'est bien de trier ses d\u00e9chet ?", "styling": [{"from": 0, "to": 48, "attributes": {"alignment": "left", "fontSize": 19, "fontWeight": "normal", "textColor": "4B4B4B", "lineSpacing": 5}}]}, "tokenTTS": {"tokenTTSCollection": []}, "blockHints": [{"value": "Vous", "hintTable": {"rows": [[{"hint": "for you", "colspan": 1}], [{"hint": "you", "colspan": 1}], [{"hint": "yourself", "colspan": 1}]], "references": []}, "tts": "https://d1vq87e9lcf771.cloudfront.net/danielle/480892a594f400f082857d91ad80c042"}, {"value": " "}, {"value": "pensez", "hintTable": {"rows": [[{"hint": "are thinking", "colspan": 1}], [{"hint": "think", "colspan": 1}], [{"hint": "remember", "colspan": 1}]], "references": []}, "tts": "https://d1vq87e9lcf771.cloudfront.net/danielle/e20b25f43918ac96e0ec41fe4aea6560"}, {"value": " "}, {"value": "que", "hintTable": {"rows": [[{"hint": "that", "colspan": 1}], [{"hint": "than", "colspan": 1}], [{"hint": "those", "colspan": 1}]], "references": []}, "tts": "https://d1vq87e9lcf771.cloudfront.net/danielle/f7a988c9818f00f37039ade65f8d6b1c"}, {"value": " "}, {"value": "c'", "hintTable": {"headers": ["c'", "est"], "rows": [[{"hint": "she is", "colspan": 2}], [{"hint": "it is", "colspan": 2}], [{"hint": "this is", "colspan": 2}], [{"hint": "she", "colspan": 1}, {"colspan": 1}], [{"hint": "this", "colspan": 1}, {"colspan": 1}], [{"hint": "that", "colspan": 1}, {"colspan": 1}]], "references": [4]}, "tts": "https://d1vq87e9lcf771.cloudfront.net/danielle/cef1db0bcfbaf9e2ebefb3be8843759d"}, {"value": "est", "hintTable": {"headers": ["c'", "est"], "rows": [[{"hint": "she is", "colspan": 2}], [{"hint": "it is", "colspan": 2}], [{"hint": "this is", "colspan": 2}], [{"colspan": 1}, {"hint": "is", "colspan": 1}], [{"colspan": 1}, {"hint": "east", "colspan": 1}], [{"colspan": 1}, {"hint": "feel", "colspan": 1}]], "references": [3]}, "tts": "https://d1vq87e9lcf771.cloudfront.net/beafr/878a35a874ca5ef63f6af2af92a1a0a4"}, {"value": " "}, {"value": "bien", "hintTable": {"rows": [[{"hint": "OK", "colspan": 1}], [{"hint": "good", "colspan": 1}], [{"hint": "well", "colspan": 1}]], "references": []}, "tts": "https://d1vq87e9lcf771.cloudfront.net/danielle/862755892c14d73cf0363168fb742d70"}, {"value": " "}, {"value": "de", "hintTable": {"rows": [[{"hint": "any", "colspan": 1}], [{"hint": "with", "colspan": 1}], [{"hint": "off", "colspan": 1}]], "references": []}, "tts": "https://d1vq87e9lcf771.cloudfront.net/danielle/440a31450593e609451ea2168f76e988"}, {"value": " "}, {"value": "trier", "hintTable": {"rows": [[{"hint": "to sort", "colspan": 1}], [{"hint": "sorting", "colspan": 1}], [{"hint": "sort", "colspan": 1}]], "references": []}, "tts": "https://d1vq87e9lcf771.cloudfront.net/danielle/75ef7c5533b8578f914bf5eeea2bd79d"}, {"value": " "}, {"value": "ses", "hintTable": {"rows": [[{"hint": "her", "colspan": 1}], [{"hint": "one's", "colspan": 1}], [{"hint": "his", "colspan": 1}]], "references": []}, "tts": "https://d1vq87e9lcf771.cloudfront.net/danielle/228a894760cdb96c52027c32e91c271c"}, {"value": " "}, {"value": "d\u00e9chet", "hintTable": {"rows": [[{"hint": "waste", "colspan": 1}]], "references": []}, "tts": "https://d1vq87e9lcf771.cloudfront.net/danielle/d0ab0938cbe31c763049a24e4c559c5e"}, {"value": " "}, {"value": "?"}]}, "subtext": {"styledString": {"text": "Do you think it's good to sort your waste ?", "styling": [{"from": 0, "to": 43, "attributes": {"alignment": "left", "fontSize": 19, "fontWeight": "normal", "textColor": "AFAFAF", "lineSpacing": 5}}]}, "tokenTTS": {"tokenTTSCollection": []}}, "ttsURL": "https://d1vq87e9lcf771.cloudfront.net/danielle/1ab53ed4d117130265491857134b1e1e"}, {"text": {"styledString": {"text": "Oui, nous devons vraiment r\u00e9duire nos d\u00e9chets.", "styling": [{"from": 0, "to": 46, "attributes": {"alignment": "left", "fontSize": 19, "fontWeight": "normal", "textColor": "4B4B4B", "lineSpacing": 5}}]}, "tokenTTS": {"tokenTTSCollection": []}, "blockHints": [{"value": "Oui", "hintTable": {"rows": [[{"hint": "yes", "colspan": 1}]], "references": []}, "tts": "https://d1vq87e9lcf771.cloudfront.net/danielle/18b92825cd15e502daa75a0d64f3cdd4"}, {"value": ","}, {"value": " "}, {"value": "nous", "hintTable": {"rows": [[{"hint": "we", "colspan": 1}], [{"hint": "us", "colspan": 1}], [{"hint": "to each other", "colspan": 1}]], "references": []}, "tts": "https://d1vq87e9lcf771.cloudfront.net/danielle/7f1cf4acbc8ec94bd2a083a118772eb6"}, {"value": " "}, {"value": "devons", "hintTable": {"rows": [[{"hint": "have to", "colspan": 1}], [{"hint": "need to", "colspan": 1}], [{"hint": "must", "colspan": 1}]], "references": []}, "tts": "https://d1vq87e9lcf771.cloudfront.net/danielle/3a7ef60c9ce1d18f41ca50dd21191524"}, {"value": " "}, {"value": "vraiment", "hintTable": {"rows": [[{"hint": "really", "colspan": 1}], [{"hint": "very", "colspan": 1}]], "references": []}, "tts": "https://d1vq87e9lcf771.cloudfront.net/danielle/a9e669af88928aa6298d93bc55800f19"}, {"value": " "}, {"value": "r\u00e9duire", "hintTable": {"rows": [[{"hint": "reduce", "colspan": 1}], [{"hint": "to reduce", "colspan": 1}], [{"hint": "wrote", "colspan": 1}]], "references": []}, "tts": "https://d1vq87e9lcf771.cloudfront.net/danielle/0a5c7639cb3c3270cf7fd66388961622"}, {"value": " "}, {"value": "nos", "hintTable": {"rows": [[{"hint": "our", "colspan": 1}]], "references": []}, "tts": "https://d1vq87e9lcf771.cloudfront.net/danielle/8790e3608958571714e24e33a29d67d1"}, {"value": " "}, {"value": "d\u00e9chets", "hintTable": {"rows": [[{"hint": "waste", "colspan": 1}]], "references": []}, "tts": "https://d1vq87e9lcf771.cloudfront.net/danielle/863b05d0f20cd3683cdff1bcb61476f0"}, {"value": "."}]}, "subtext": {"styledString": {"text": "Yes, we have to really reduce our waste.", "styling": [{"from": 0, "to": 40, "attributes": {"alignment": "left", "fontSize": 19, "fontWeight": "normal", "textColor": "AFAFAF", "lineSpacing": 5}}]}, "tokenTTS": {"tokenTTSCollection": []}}, "ttsURL": "https://d1vq87e9lcf771.cloudfront.net/danielle/40fa711ad6ea1f27eddee4d19d48b139"}]}, "meta": {"autoPlayableTTS": [], "sectionIndex": 0, "backgroundColor": null}}, {"type": "verticalSpace", "element": 16, "meta": {"autoPlayableTTS": [], "sectionIndex": 0, "backgroundColor": null}}, {"type": "dialogue", "element": {"phrases": [{"text": {"styledString": {"text": "Ces personnes ne respectent pas l'environnement.", "styling": [{"from": 0, "to": 48, "attributes": {"alignment": "left", "fontSize": 19, "fontWeight": "normal", "textColor": "4B4B4B", "lineSpacing": 5}}]}, "tokenTTS": {"tokenTTSCollection": []}, "blockHints": [{"value": "Ces", "hintTable": {"rows": [[{"hint": "these", "colspan": 1}], [{"hint": "those", "colspan": 1}], [{"hint": "this", "colspan": 1}]], "references": []}, "tts": "https://d1vq87e9lcf771.cloudfront.net/danielle/ef450df7df84305c73316c2e5fc80399"}, {"value": " "}, {"value": "personnes", "hintTable": {"rows": [[{"hint": "people", "colspan": 1}]], "references": []}, "tts": "https://d1vq87e9lcf771.cloudfront.net/danielle/6ddad2e0e829b7e365aa197484cf290a"}, {"value": " "}, {"value": "ne", "hintTable": {"headers": ["ne", "...", "pas"], "rows": [[{"hint": "do not", "colspan": 3}], [{"hint": "not", "colspan": 3}], [{"hint": "did not", "colspan": 3}], [{"hint": "do not", "colspan": 1}, {"colspan": 1}, {"colspan": 1}], [{"hint": "not", "colspan": 1}, {"colspan": 1}, {"colspan": 1}], [{"hint": "does not", "colspan": 1}, {"colspan": 1}, {"colspan": 1}]], "references": [4]}, "tts": "https://d1vq87e9lcf771.cloudfront.net/danielle/fe3f8d62d97c884f0447fe90d9a2f872"}, {"value": " "}, {"value": "respectent", "hintTable": {"rows": [[{"hint": "respect", "colspan": 1}], [{"hint": "are respecting", "colspan": 1}]], "references": []}, "tts": "https://d1vq87e9lcf771.cloudfront.net/danielle/01feb7fd39531c2db6388b36e7bf60a7"}, {"value": " "}, {"value": "pas", "hintTable": {"headers": ["ne", "...", "pas"], "rows": [[{"hint": "do not", "colspan": 3}], [{"hint": "not", "colspan": 3}], [{"hint": "did not", "colspan": 3}], [{"colspan": 1}, {"colspan": 1}, {"hint": "not", "colspan": 1}], [{"colspan": 1}, {"colspan": 1}, {"hint": "no", "colspan": 1}], [{"colspan": 1}, {"colspan": 1}, {"hint": "steps", "colspan": 1}]], "references": [2]}, "tts": "https://d1vq87e9lcf771.cloudfront.net/danielle/c456a9e187b2f0772875204436cd741c"}, {"value": " "}, {"value": "l'", "hintTable": {"rows": [[{"hint": "the", "colspan": 1}], [{"hint": "with", "colspan": 1}], [{"hint": "her", "colspan": 1}]], "references": []}, "tts": "https://d1vq87e9lcf771.cloudfront.net/danielle/a201415fcbb4c30128fee4029161ee1d"}, {"value": "environnement", "hintTable": {"rows": [[{"hint": "environment", "colspan": 1}]], "references": []}, "tts": "https://d1vq87e9lcf771.cloudfront.net/danielle/f5d5a08f329fd4a86fbe34622bae93ba"}, {"value": "."}]}, "subtext": {"styledString": {"text": "These people do not respect the environment.", "styling": [{"from": 0, "to": 44, "attributes": {"alignment": "left", "fontSize": 19, "fontWeight": "normal", "textColor": "AFAFAF", "lineSpacing": 5}}]}, "tokenTTS": {"tokenTTSCollection": []}}, "ttsURL": "https://d1vq87e9lcf771.cloudfront.net/danielle/0e5e061e60f3979233bf2bbd1feaaab7"}, {"text": {"styledString": {"text": "Oui, beaucoup de gens ont encore du mal \u00e0 respecter la nature.", "styling": [{"from": 0, "to": 62, "attributes": {"alignment": "left", "fontSize": 19, "fontWeight": "normal", "textColor": "4B4B4B", "lineSpacing": 5}}]}, "tokenTTS": {"tokenTTSCollection": []}, "blockHints": [{"value": "Oui", "hintTable": {"rows": [[{"hint": "yes", "colspan": 1}]], "references": []}, "tts": "https://d1vq87e9lcf771.cloudfront.net/danielle/18b92825cd15e502daa75a0d64f3cdd4"}, {"value": ","}, {"value": " "}, {"value": "beaucoup", "hintTable": {"headers": ["beaucoup", "de"], "rows": [[{"hint": "a lot of", "colspan": 2}], [{"hint": "much", "colspan": 2}], [{"hint": "many", "colspan": 2}], [{"hint": "very much", "colspan": 1}, {"colspan": 1}], [{"hint": "a lot", "colspan": 1}, {"colspan": 1}], [{"hint": "really", "colspan": 1}, {"colspan": 1}]], "references": [2]}, "tts": "https://d1vq87e9lcf771.cloudfront.net/danielle/527d8cb182fc8b10bd2349588aa2a86b"}, {"value": " "}, {"value": "de", "hintTable": {"headers": ["de", "gens"], "rows": [[{"hint": "people", "colspan": 2}], [{"hint": "any", "colspan": 1}, {"colspan": 1}], [{"hint": "with", "colspan": 1}, {"colspan": 1}], [{"hint": "off", "colspan": 1}, {"colspan": 1}]], "references": [1]}, "tts": "https://d1vq87e9lcf771.cloudfront.net/danielle/440a31450593e609451ea2168f76e988"}, {"value": " "}, {"value": "gens", "hintTable": {"headers": ["de", "gens"], "rows": [[{"hint": "people", "colspan": 2}], [{"colspan": 1}, {"hint": "people", "colspan": 1}]], "references": [2]}, "tts": "https://d1vq87e9lcf771.cloudfront.net/danielle/c05f8924f6f51d39c5959186a660f8b2"}, {"value": " "}, {"value": "ont", "hintTable": {"rows": [[{"hint": "get", "colspan": 1}], [{"hint": "have", "colspan": 1}]], "references": []}, "tts": "https://d1vq87e9lcf771.cloudfront.net/danielle/a47dc84a7f96aa6b741eba9fe300a143"}, {"value": " "}, {"value": "encore", "hintTable": {"rows": [[{"hint": "yet", "colspan": 1}], [{"hint": "even", "colspan": 1}], [{"hint": "again", "colspan": 1}]], "references": []}, "tts": "https://d1vq87e9lcf771.cloudfront.net/danielle/71037f5832600e2339c3302c678c945b"}, {"value": " "}, {"value": "du", "hintTable": {"headers": ["du", "mal", "\u00e0"], "rows": [[{"hint": "trouble", "colspan": 3}], [{"hint": "trouble", "colspan": 2}, {"colspan": 1}], [{"hint": "to the", "colspan": 1}, {"colspan": 1}, {"colspan": 1}], [{"hint": "of the", "colspan": 1}, {"colspan": 1}, {"colspan": 1}], [{"hint": "by the", "colspan": 1}, {"colspan": 1}, {"colspan": 1}]], "references": [7]}, "tts": "https://d1vq87e9lcf771.cloudfront.net/danielle/e0e916e6c5e88909eac6dc9831859026"}, {"value": " "}, {"value": "mal", "hintTable": {"headers": ["du", "mal", "\u00e0"], "rows": [[{"hint": "trouble", "colspan": 3}], [{"hint": "trouble", "colspan": 2}, {"colspan": 1}], [{"colspan": 1}, {"hint": "bad", "colspan": 1}, {"colspan": 1}], [{"colspan": 1}, {"hint": "pain", "colspan": 1}, {"colspan": 1}], [{"colspan": 1}, {"hint": "badly", "colspan": 1}, {"colspan": 1}]], "references": [6]}, "tts": "https://d1vq87e9lcf771.cloudfront.net/danielle/0b901228cfeb56a48e612fcdb896a4bd"}, {"value": " "}, {"value": "\u00e0", "hintTable": {"headers": ["du", "mal", "\u00e0"], "rows": [[{"hint": "trouble", "colspan": 3}], [{"colspan": 1}, {"colspan": 1}, {"hint": "on", "colspan": 1}], [{"colspan": 1}, {"colspan": 1}, {"hint": "with", "colspan": 1}], [{"colspan": 1}, {"colspan": 1}, {"hint": "for", "colspan": 1}]], "references": [6, 7]}, "tts": "https://d1vq87e9lcf771.cloudfront.net/danielle/525d3aba641b4330345f33346eb9959d"}, {"value": " "}, {"value": "respecter", "hintTable": {"rows": [[{"hint": "to respect", "colspan": 1}], [{"hint": "respect", "colspan": 1}], [{"hint": "respecting", "colspan": 1}]], "references": []}, "tts": "https://d1vq87e9lcf771.cloudfront.net/danielle/d3c64320048fb0f8e5da002f4bd2a288"}, {"value": " "}, {"value": "la", "hintTable": {"headers": ["la", "nature"], "rows": [[{"hint": "nature", "colspan": 2}], [{"hint": "the", "colspan": 1}, {"colspan": 1}], [{"hint": "it", "colspan": 1}, {"colspan": 1}], [{"hint": "your", "colspan": 1}, {"colspan": 1}]], "references": [11]}, "tts": "https://d1vq87e9lcf771.cloudfront.net/danielle/a3839459c4a22bd261d776fc91b0977e"}, {"value": " "}, {"value": "nature", "hintTable": {"headers": ["la", "nature"], "rows": [[{"hint": "nature", "colspan": 2}], [{"colspan": 1}, {"hint": "plain", "colspan": 1}], [{"colspan": 1}, {"hint": "nature", "colspan": 1}]], "references": [10]}, "tts": "https://d1vq87e9lcf771.cloudfront.net/danielle/5b312d3e58f36a3f25f7d330590f6c5a"}, {"value": "."}]}, "subtext": {"styledString": {"text": "Yes, a lot of people still have trouble respecting nature.", "styling": [{"from": 0, "to": 58, "attributes": {"alignment": "left", "fontSize": 19, "fontWeight": "normal", "textColor": "AFAFAF", "lineSpacing": 5}}]}, "tokenTTS": {"tokenTTSCollection": []}}, "ttsURL": "https://d1vq87e9lcf771.cloudfront.net/danielle/f4de2a89671cae673caf16b1451a510a"}]}, "meta": {"autoPlayableTTS": [], "sectionIndex": 0, "backgroundColor": null}}, {"type": "verticalSpace", "element": 16, "meta": {"autoPlayableTTS": [], "sectionIndex": 0, "backgroundColor": null}}, {"type": "dialogue", "element": {"phrases": [{"text": {"styledString": {"text": "Beaucoup d'animaux meurent \u00e0 cause de l'Homme.", "styling": [{"from": 0, "to": 46, "attributes": {"alignment": "left", "fontSize": 19, "fontWeight": "normal", "textColor": "4B4B4B", "lineSpacing": 5}}]}, "tokenTTS": {"tokenTTSCollection": []}, "blockHints": [{"value": "Beaucoup", "hintTable": {"headers": ["beaucoup", "d'"], "rows": [[{"hint": "a lot of", "colspan": 2}], [{"hint": "many", "colspan": 2}], [{"hint": "a lot", "colspan": 1}, {"colspan": 1}], [{"hint": "very much", "colspan": 1}, {"colspan": 1}], [{"hint": "really", "colspan": 1}, {"colspan": 1}]], "references": [1]}, "tts": "https://d1vq87e9lcf771.cloudfront.net/danielle/527d8cb182fc8b10bd2349588aa2a86b"}, {"value": " "}, {"value": "d'", "hintTable": {"headers": ["beaucoup", "d'"], "rows": [[{"hint": "a lot of", "colspan": 2}], [{"hint": "many", "colspan": 2}], [{"colspan": 1}, {"hint": "of", "colspan": 1}], [{"colspan": 1}, {"hint": "to", "colspan": 1}], [{"colspan": 1}, {"hint": "any", "colspan": 1}]], "references": [0]}, "tts": "https://d1vq87e9lcf771.cloudfront.net/danielle/a94a36b5b24126e88ad27088077b0085"}, {"value": "animaux", "hintTable": {"rows": [[{"hint": "animals", "colspan": 1}]], "references": []}, "tts": "https://d1vq87e9lcf771.cloudfront.net/danielle/d1aa5c4ebba12d2d0cf7c090178f8512"}, {"value": " "}, {"value": "meurent", "hintTable": {"rows": [[{"hint": "are dying", "colspan": 1}], [{"hint": "die", "colspan": 1}]], "references": []}, "tts": "https://d1vq87e9lcf771.cloudfront.net/danielle/4c8db8278f823ce0a9f08ef90662de95"}, {"value": " "}, {"value": "\u00e0", "hintTable": {"headers": ["\u00e0", "cause", "de"], "rows": [[{"hint": "because of", "colspan": 3}], [{"hint": "because", "colspan": 2}, {"colspan": 1}], [{"hint": "of", "colspan": 1}, {"colspan": 1}, {"colspan": 1}], [{"hint": "on", "colspan": 1}, {"colspan": 1}, {"colspan": 1}], [{"hint": "to", "colspan": 1}, {"colspan": 1}, {"colspan": 1}]], "references": [5]}, "tts": "https://d1vq87e9lcf771.cloudfront.net/danielle/525d3aba641b4330345f33346eb9959d"}, {"value": " "}, {"value": "cause", "hintTable": {"headers": ["\u00e0", "cause", "de"], "rows": [[{"hint": "because of", "colspan": 3}], [{"hint": "because", "colspan": 2}, {"colspan": 1}], [{"colspan": 1}, {"hint": "cause", "colspan": 1}, {"colspan": 1}], [{"colspan": 1}, {"hint": "causes", "colspan": 1}, {"colspan": 1}], [{"colspan": 1}, {"hint": "is causing", "colspan": 1}, {"colspan": 1}]], "references": [4]}, "tts": "https://d1vq87e9lcf771.cloudfront.net/danielle/5d397968a2afeb80cb60d9d7da9c78ff"}, {"value": " "}, {"value": "de", "hintTable": {"headers": ["\u00e0", "cause", "de"], "rows": [[{"hint": "because of", "colspan": 3}], [{"colspan": 1}, {"colspan": 1}, {"hint": "human", "colspan": 3}], [{"colspan": 1}, {"colspan": 1}, {"hint": "of", "colspan": 2}], [{"colspan": 1}, {"colspan": 1}, {"hint": "of the", "colspan": 2}]], "references": [7]}, "tts": "https://d1vq87e9lcf771.cloudfront.net/danielle/440a31450593e609451ea2168f76e988"}, {"value": " "}, {"value": "l'", "hintTable": {"headers": ["de", "l'", "homme"], "rows": [[{"hint": "human", "colspan": 3}], [{"hint": "of", "colspan": 2}, {"colspan": 1}], [{"hint": "of the", "colspan": 2}, {"colspan": 1}], [{"hint": "out of", "colspan": 2}, {"colspan": 1}], [{"colspan": 1}, {"hint": "the", "colspan": 1}, {"colspan": 1}], [{"colspan": 1}, {"hint": "with", "colspan": 1}, {"colspan": 1}], [{"colspan": 1}, {"hint": "her", "colspan": 1}, {"colspan": 1}]], "references": [6]}, "tts": "https://d1vq87e9lcf771.cloudfront.net/danielle/a201415fcbb4c30128fee4029161ee1d"}, {"value": "Homme", "hintTable": {"headers": ["de", "l'", "homme"], "rows": [[{"hint": "human", "colspan": 3}], [{"colspan": 1}, {"colspan": 1}, {"hint": "man", "colspan": 1}]], "references": [6, 7]}, "tts": "https://d1vq87e9lcf771.cloudfront.net/danielle/e925c17845dfff6b66a15785a891b3e0"}, {"value": "."}]}, "subtext": {"styledString": {"text": "A lot of animals are dying because of man.", "styling": [{"from": 0, "to": 42, "attributes": {"alignment": "left", "fontSize": 19, "fontWeight": "normal", "textColor": "AFAFAF", "lineSpacing": 5}}]}, "tokenTTS": {"tokenTTSCollection": []}}, "ttsURL": "https://d1vq87e9lcf771.cloudfront.net/danielle/34becc457cf66e9de99d37715dd9de71"}]}, "meta": {"autoPlayableTTS": [], "sectionIndex": 0, "backgroundColor": null}}, {"type": "verticalSpace", "element": 16, "meta": {"autoPlayableTTS": [], "sectionIndex": 0, "backgroundColor": null}}, {"type": "dialogue", "element": {"phrases": [{"text": {"styledString": {"text": "Il faut surtout utiliser moins de plastique.", "styling": [{"from": 0, "to": 44, "attributes": {"alignment": "left", "fontSize": 19, "fontWeight": "normal", "textColor": "4B4B4B", "lineSpacing": 5}}]}, "tokenTTS": {"tokenTTSCollection": []}, "blockHints": [{"value": "Il", "hintTable": {"headers": ["il", "...", "faut"], "rows": [[{"hint": "one needs", "colspan": 3}], [{"hint": "we must", "colspan": 2}, {"colspan": 1}], [{"hint": "you must", "colspan": 2}, {"colspan": 1}], [{"hint": "one must", "colspan": 2}, {"colspan": 1}], [{"hint": "it", "colspan": 1}, {"colspan": 1}, {"colspan": 1}], [{"hint": "him", "colspan": 1}, {"colspan": 1}, {"colspan": 1}], [{"hint": "he", "colspan": 1}, {"colspan": 1}, {"colspan": 1}]], "references": [1]}, "tts": "https://d1vq87e9lcf771.cloudfront.net/danielle/2cc14eeacdf034fdbb20a8fbdb782326"}, {"value": " "}, {"value": "faut", "hintTable": {"headers": ["il", "...", "faut"], "rows": [[{"hint": "one needs", "colspan": 3}], [{"colspan": 1}, {"hint": "we must", "colspan": 2}], [{"colspan": 1}, {"hint": "you must", "colspan": 2}], [{"colspan": 1}, {"hint": "one must", "colspan": 2}]], "references": [0]}, "tts": "https://d1vq87e9lcf771.cloudfront.net/danielle/0eec40e57e708b064cc656f336800a95"}, {"value": " "}, {"value": "surtout", "hintTable": {"rows": [[{"hint": "especially", "colspan": 1}], [{"hint": "above all", "colspan": 1}]], "references": []}, "tts": "https://d1vq87e9lcf771.cloudfront.net/danielle/b619d7db96e11d17ea322537b70f292d"}, {"value": " "}, {"value": "utiliser", "hintTable": {"rows": [[{"hint": "use", "colspan": 1}], [{"hint": "to use", "colspan": 1}], [{"hint": "using", "colspan": 1}]], "references": []}, "tts": "https://d1vq87e9lcf771.cloudfront.net/danielle/ea4322cf950bb57cdc9893af400fb9fe"}, {"value": " "}, {"value": "moins", "hintTable": {"headers": ["moins", "de"], "rows": [[{"hint": "less", "colspan": 2}], [{"hint": "less than", "colspan": 2}], [{"hint": "few", "colspan": 2}], [{"hint": "less", "colspan": 1}, {"colspan": 1}], [{"hint": "fewer", "colspan": 1}, {"colspan": 1}]], "references": [5]}, "tts": "https://d1vq87e9lcf771.cloudfront.net/danielle/00ab52987022dafb97e1b60e0ab8841d"}, {"value": " "}, {"value": "de", "hintTable": {"headers": ["moins", "de"], "rows": [[{"hint": "less", "colspan": 2}], [{"hint": "less than", "colspan": 2}], [{"hint": "few", "colspan": 2}], [{"colspan": 1}, {"hint": "to", "colspan": 1}], [{"colspan": 1}, {"hint": "of", "colspan": 1}], [{"colspan": 1}, {"hint": "in", "colspan": 1}]], "references": [4]}, "tts": "https://d1vq87e9lcf771.cloudfront.net/danielle/440a31450593e609451ea2168f76e988"}, {"value": " "}, {"value": "plastique", "hintTable": {"rows": [[{"hint": "plastic", "colspan": 1}]], "references": []}, "tts": "https://d1vq87e9lcf771.cloudfront.net/danielle/1a61550ab92c743f780d72975971983e"}, {"value": "."}]}, "subtext": {"styledString": {"text": "We must especially use less plastic.", "styling": [{"from": 0, "to": 36, "attributes": {"alignment": "left", "fontSize": 19, "fontWeight": "normal", "textColor": "AFAFAF", "lineSpacing": 5}}]}, "tokenTTS": {"tokenTTSCollection": []}}, "ttsURL": "https://d1vq87e9lcf771.cloudfront.net/danielle/35193d95f01e817cf565328816ce0029"}]}, "meta": {"autoPlayableTTS": [], "sectionIndex": 0, "backgroundColor": null}}, {"type": "verticalSpace", "element": 24, "meta": {"autoPlayableTTS": [], "sectionIndex": 0, "backgroundColor": null}}], "resourcesToPrefetch": [{"required": false, "url": "https://d1vq87e9lcf771.cloudfront.net/danielle/34becc457cf66e9de99d37715dd9de71", "type": "mp3"}, {"required": false, "url": "https://d1vq87e9lcf771.cloudfront.net/danielle/f4de2a89671cae673caf16b1451a510a", "type": "mp3"}, {"required": false, "url": "https://d1vq87e9lcf771.cloudfront.net/danielle/40fa711ad6ea1f27eddee4d19d48b139", "type": "mp3"}, {"required": false, "url": "https://d1vq87e9lcf771.cloudfront.net/danielle/35193d95f01e817cf565328816ce0029", "type": "mp3"}, {"required": false, "url": "https://d1vq87e9lcf771.cloudfront.net/danielle/1ab53ed4d117130265491857134b1e1e", "type": "mp3"}, {"required": false, "url": "https://d1vq87e9lcf771.cloudfront.net/danielle/0e5e061e60f3979233bf2bbd1feaaab7", "type": "mp3"}]}