{"elements": [{"type": "verticalSpace", "element": 2, "meta": {"autoPlayableTTS": [], "sectionIndex": 0, "backgroundColor": "E5E5E5"}}, {"type": "verticalSpace", "element": 24, "meta": {"autoPlayableTTS": [], "sectionIndex": 0, "backgroundColor": null}}, {"type": "text", "element": {"styledString": {"text": "KEY PHRASES", "styling": [{"from": 0, "to": 11, "attributes": {"alignment": "left", "fontSize": 17, "fontWeight": "bold", "textColor": "1CB0F6", "lineSpacing": 4}}]}, "tokenTTS": {"tokenTTSCollection": []}}, "meta": {"autoPlayableTTS": [], "sectionIndex": 0, "backgroundColor": null}}, {"type": "verticalSpace", "element": 8, "meta": {"autoPlayableTTS": [], "sectionIndex": 0, "backgroundColor": null}}, {"type": "text", "element": {"styledString": {"text": "Arrange to meet people", "styling": [{"from": 0, "to": 22, "attributes": {"alignment": "left", "fontSize": 25, "fontWeight": "bold", "textColor": "4B4B4B", "lineSpacing": 4}}]}, "tokenTTS": {"tokenTTSCollection": []}}, "meta": {"autoPlayableTTS": [], "sectionIndex": 0, "backgroundColor": null}}, {"type": "verticalSpace", "element": 16, "meta": {"autoPlayableTTS": [], "sectionIndex": 0, "backgroundColor": null}}, {"type": "dialogue", "element": {"phrases": [{"text": {"styledString": {"text": "\u00bfTomamos una cerveza en el patio?", "styling": [{"from": 0, "to": 33, "attributes": {"alignment": "left", "fontSize": 19, "fontWeight": "normal", "textColor": "4B4B4B", "lineSpacing": 5}}]}, "tokenTTS": {"tokenTTSCollection": []}, "blockHints": [{"value": "\u00bf"}, {"value": "Tomamos", "hintTable": {"rows": [[{"hint": "(?) should we have", "colspan": 1}], [{"hint": "(we) have", "colspan": 1}], [{"hint": "have", "colspan": 1}]], "references": []}, "tts": "https://d1vq87e9lcf771.cloudfront.net/penelope/303a7f50367f0b688ef726d942359fa7"}, {"value": " "}, {"value": "una", "hintTable": {"rows": [[{"hint": "a", "colspan": 1}], [{"hint": "an", "colspan": 1}], [{"hint": "one", "colspan": 1}]], "references": []}, "tts": "https://d1vq87e9lcf771.cloudfront.net/miguel/9f4116cf1d768fa9eb00e290f9285cc7"}, {"value": " "}, {"value": "cerveza", "hintTable": {"rows": [[{"hint": "beer", "colspan": 1}]], "references": []}, "tts": "https://d1vq87e9lcf771.cloudfront.net/miguel/4daa8550eda0529dfa5d14a748d0402e"}, {"value": " "}, {"value": "en", "hintTable": {"rows": [[{"hint": "a", "colspan": 1}], [{"hint": "in", "colspan": 1}], [{"hint": "on", "colspan": 1}]], "references": []}, "tts": "https://d1vq87e9lcf771.cloudfront.net/miguel/953baa0ff97009a5374e3a2695ce7f5c"}, {"value": " "}, {"value": "el", "hintTable": {"rows": [[{"hint": "the", "colspan": 1}], [{"hint": "on", "colspan": 1}], [{"hint": "your", "colspan": 1}]], "references": []}, "tts": "https://d1vq87e9lcf771.cloudfront.net/penelope/b47f0c6243dc0dd607abd744189eec05"}, {"value": " "}, {"value": "patio", "hintTable": {"rows": [[{"hint": "backyard", "colspan": 1}], [{"hint": "yard", "colspan": 1}], [{"hint": "patio", "colspan": 1}]], "references": []}, "tts": "https://d1vq87e9lcf771.cloudfront.net/miguel/8edf1a33184c41bc6e831e090ffc6689"}, {"value": "?"}]}, "subtext": {"styledString": {"text": "Should we have a beer in the backyard?", "styling": [{"from": 0, "to": 38, "attributes": {"alignment": "left", "fontSize": 19, "fontWeight": "normal", "textColor": "AFAFAF", "lineSpacing": 5}}]}, "tokenTTS": {"tokenTTSCollection": []}}, "ttsURL": "https://d1vq87e9lcf771.cloudfront.net/miguel/83c0a3b3c04cb95a81930ab55b370879"}, {"text": {"styledString": {"text": "\u00a1S\u00ed! Me gusta ir donde hay mucha gente.", "styling": [{"from": 0, "to": 39, "attributes": {"alignment": "left", "fontSize": 19, "fontWeight": "normal", "textColor": "4B4B4B", "lineSpacing": 5}}]}, "tokenTTS": {"tokenTTSCollection": []}, "blockHints": [{"value": "\u00a1"}, {"value": "S\u00ed", "hintTable": {"rows": [[{"hint": "we do", "colspan": 1}], [{"hint": "yeah", "colspan": 1}], [{"hint": "I do", "colspan": 1}]], "references": []}, "tts": "https://d1vq87e9lcf771.cloudfront.net/miguel/04b793f812f070e10d57115925381be8"}, {"value": "!"}, {"value": " "}, {"value": "Me", "hintTable": {"headers": ["me", "gusta"], "rows": [[{"hint": "(I) like", "colspan": 2}], [{"hint": "like", "colspan": 2}], [{"hint": "myself", "colspan": 1}, {"colspan": 1}], [{"hint": "I", "colspan": 1}, {"colspan": 1}], [{"hint": "me", "colspan": 1}, {"colspan": 1}]], "references": [2]}, "tts": "https://d1vq87e9lcf771.cloudfront.net/miguel/e0523aab2519a0650d3b9410064d0876"}, {"value": " "}, {"value": "gusta", "hintTable": {"headers": ["me", "gusta"], "rows": [[{"hint": "(I) like", "colspan": 2}], [{"hint": "like", "colspan": 2}], [{"colspan": 1}, {"hint": "I've liked (since)", "colspan": 1}]], "references": [1]}, "tts": "https://d1vq87e9lcf771.cloudfront.net/miguel/2ccff7d1490c25c97e9b3b06419fd895"}, {"value": " "}, {"value": "ir", "hintTable": {"rows": [[{"hint": "go", "colspan": 1}], [{"hint": "(to) go out", "colspan": 1}], [{"hint": "(to) come", "colspan": 1}]], "references": []}, "tts": "https://d1vq87e9lcf771.cloudfront.net/miguel/dc9239ea45abfb8a1f807d67adabe2b4"}, {"value": " "}, {"value": "donde", "hintTable": {"rows": [[{"hint": "where", "colspan": 1}], [{"hint": "when", "colspan": 1}], [{"hint": "wherever", "colspan": 1}]], "references": []}, "tts": "https://d1vq87e9lcf771.cloudfront.net/miguel/19e741d197f157bdca23443a70548fb7"}, {"value": " "}, {"value": "hay", "hintTable": {"rows": [[{"hint": "is", "colspan": 1}], [{"hint": "there are", "colspan": 1}], [{"hint": "it's", "colspan": 1}]], "references": []}, "tts": "https://d1vq87e9lcf771.cloudfront.net/miguel/1d9ea3c65d14851be46d5babf4f8b9e7"}, {"value": " "}, {"value": "mucha", "hintTable": {"rows": [[{"hint": "much", "colspan": 1}], [{"hint": "a lot of", "colspan": 1}], [{"hint": "lots of", "colspan": 1}]], "references": []}, "tts": "https://d1vq87e9lcf771.cloudfront.net/miguel/2786b02fc9a6e353b36a45efed09d62e"}, {"value": " "}, {"value": "gente", "hintTable": {"rows": [[{"hint": "people", "colspan": 1}]], "references": []}, "tts": "https://d1vq87e9lcf771.cloudfront.net/miguel/a94ce9394aa32d1c9231fa7dbff0bf52"}, {"value": "."}]}, "subtext": {"styledString": {"text": "I like going where there are a lot of people.", "styling": [{"from": 0, "to": 45, "attributes": {"alignment": "left", "fontSize": 19, "fontWeight": "normal", "textColor": "AFAFAF", "lineSpacing": 5}}]}, "tokenTTS": {"tokenTTSCollection": []}}, "ttsURL": "https://d1vq87e9lcf771.cloudfront.net/miguel/eabbd5da257971f41352b1849eaece3b"}]}, "meta": {"autoPlayableTTS": [], "sectionIndex": 0, "backgroundColor": null}}, {"type": "verticalSpace", "element": 16, "meta": {"autoPlayableTTS": [], "sectionIndex": 0, "backgroundColor": null}}, {"type": "dialogue", "element": {"phrases": [{"text": {"styledString": {"text": "Te voy a acompa\u00f1ar al baile.", "styling": [{"from": 0, "to": 28, "attributes": {"alignment": "left", "fontSize": 19, "fontWeight": "normal", "textColor": "4B4B4B", "lineSpacing": 5}}]}, "tokenTTS": {"tokenTTSCollection": []}, "blockHints": [{"value": "Te", "hintTable": {"rows": [[{"hint": "to you", "colspan": 1}], [{"hint": "you", "colspan": 1}], [{"hint": "your", "colspan": 1}]], "references": []}, "tts": "https://d1vq87e9lcf771.cloudfront.net/miguel/d7cd39e9a857d0b69e8da9436b0441c3"}, {"value": " "}, {"value": "voy", "hintTable": {"headers": ["voy", "a"], "rows": [[{"hint": "i'm", "colspan": 2}], [{"hint": "will", "colspan": 2}], [{"hint": "I'm going", "colspan": 1}, {"colspan": 1}], [{"hint": "go", "colspan": 1}, {"colspan": 1}], [{"hint": "going", "colspan": 1}, {"colspan": 1}]], "references": [2]}, "tts": "https://d1vq87e9lcf771.cloudfront.net/miguel/bca264452af2333a2bf60cb7eacbd726"}, {"value": " "}, {"value": "a", "hintTable": {"headers": ["voy", "a"], "rows": [[{"hint": "i'm", "colspan": 2}], [{"hint": "will", "colspan": 2}], [{"colspan": 1}, {"hint": "to", "colspan": 1}], [{"colspan": 1}, {"hint": "with", "colspan": 1}], [{"colspan": 1}, {"hint": "at", "colspan": 1}]], "references": [1]}, "tts": "https://d1vq87e9lcf771.cloudfront.net/miguel/a615ab7aef51e62ab81ce9255166fc65"}, {"value": " "}, {"value": "acompa\u00f1ar", "hintTable": {"rows": [[{"hint": "(to) go with", "colspan": 1}], [{"hint": "going", "colspan": 1}], [{"hint": "(to) come with", "colspan": 1}]], "references": []}, "tts": "https://d1vq87e9lcf771.cloudfront.net/miguel/48355358ce122b859cf76648a62a4f54"}, {"value": " "}, {"value": "al", "hintTable": {"rows": [[{"hint": "to the", "colspan": 1}], [{"hint": "with", "colspan": 1}], [{"hint": "the", "colspan": 1}]], "references": []}, "tts": "https://d1vq87e9lcf771.cloudfront.net/miguel/96cab1b14b78e988600b8ec5432007c6"}, {"value": " "}, {"value": "baile", "hintTable": {"rows": [[{"hint": "dance", "colspan": 1}], [{"hint": "ball", "colspan": 1}], [{"hint": "dancing", "colspan": 1}]], "references": []}, "tts": "https://d1vq87e9lcf771.cloudfront.net/miguel/f9b3d7275e84f1cdf121d6954dfcd786"}, {"value": "."}]}, "subtext": {"styledString": {"text": "I'm going to go with you to the dance.", "styling": [{"from": 0, "to": 38, "attributes": {"alignment": "left", "fontSize": 19, "fontWeight": "normal", "textColor": "AFAFAF", "lineSpacing": 5}}]}, "tokenTTS": {"tokenTTSCollection": []}}, "ttsURL": "https://d1vq87e9lcf771.cloudfront.net/miguel/f3871944d40987a4fb890af695f42659"}, {"text": {"styledString": {"text": "\u00a1Me parece estupendo!", "styling": [{"from": 0, "to": 21, "attributes": {"alignment": "left", "fontSize": 19, "fontWeight": "normal", "textColor": "4B4B4B", "lineSpacing": 5}}]}, "tokenTTS": {"tokenTTSCollection": []}, "blockHints": [{"value": "\u00a1"}, {"value": "Me", "hintTable": {"headers": ["me", "parece"], "rows": [[{"hint": "(I) think", "colspan": 2}], [{"hint": "think", "colspan": 2}], [{"hint": "sounds", "colspan": 2}], [{"hint": "I", "colspan": 1}, {"colspan": 1}], [{"hint": "me", "colspan": 1}, {"colspan": 1}], [{"hint": "myself", "colspan": 1}, {"colspan": 1}]], "references": [1]}, "tts": "https://d1vq87e9lcf771.cloudfront.net/miguel/e0523aab2519a0650d3b9410064d0876"}, {"value": " "}, {"value": "parece", "hintTable": {"headers": ["me", "parece"], "rows": [[{"hint": "(I) think", "colspan": 2}], [{"hint": "think", "colspan": 2}], [{"hint": "sounds", "colspan": 2}], [{"colspan": 1}, {"hint": "(it) seems", "colspan": 1}], [{"colspan": 1}, {"hint": "seems", "colspan": 1}], [{"colspan": 1}, {"hint": "(it) appears", "colspan": 1}]], "references": [0]}, "tts": "https://d1vq87e9lcf771.cloudfront.net/miguel/bfcc1cbc7549035b5b5a680e2d916aa2"}, {"value": " "}, {"value": "estupendo", "hintTable": {"rows": [[{"hint": "wonderful", "colspan": 1}], [{"hint": "great", "colspan": 1}], [{"hint": "marvelous", "colspan": 1}]], "references": []}, "tts": "https://d1vq87e9lcf771.cloudfront.net/miguel/b35cd752188dcb08d5f96046f41b3eed"}, {"value": "!"}]}, "subtext": {"styledString": {"text": "I think it's wonderful!", "styling": [{"from": 0, "to": 23, "attributes": {"alignment": "left", "fontSize": 19, "fontWeight": "normal", "textColor": "AFAFAF", "lineSpacing": 5}}]}, "tokenTTS": {"tokenTTSCollection": []}}, "ttsURL": "https://d1vq87e9lcf771.cloudfront.net/miguel/3b21bb60bf10ff2ae37a390e8b176784"}]}, "meta": {"autoPlayableTTS": [], "sectionIndex": 0, "backgroundColor": null}}, {"type": "verticalSpace", "element": 16, "meta": {"autoPlayableTTS": [], "sectionIndex": 0, "backgroundColor": null}}, {"type": "dialogue", "element": {"phrases": [{"text": {"styledString": {"text": "\u00bfC\u00f3mo te va?", "styling": [{"from": 0, "to": 12, "attributes": {"alignment": "left", "fontSize": 19, "fontWeight": "normal", "textColor": "4B4B4B", "lineSpacing": 5}}]}, "tokenTTS": {"tokenTTSCollection": []}, "blockHints": [{"value": "\u00bf"}, {"value": "C\u00f3mo", "hintTable": {"headers": ["c\u00f3mo", "te", "va"], "rows": [[{"hint": "how's it going", "colspan": 3}], [{"hint": "how's", "colspan": 1}, {"colspan": 1}, {"colspan": 1}], [{"hint": "how", "colspan": 1}, {"colspan": 1}, {"colspan": 1}], [{"hint": "what", "colspan": 1}, {"colspan": 1}, {"colspan": 1}]], "references": [1, 2]}, "tts": "https://d1vq87e9lcf771.cloudfront.net/miguel/9100f51141747855b51686944c2ad166"}, {"value": " "}, {"value": "te", "hintTable": {"headers": ["c\u00f3mo", "te", "va"], "rows": [[{"hint": "how's it going", "colspan": 3}], [{"colspan": 1}, {"hint": "you", "colspan": 1}, {"colspan": 1}], [{"colspan": 1}, {"hint": "your", "colspan": 1}, {"colspan": 1}], [{"colspan": 1}, {"hint": "yourself", "colspan": 1}, {"colspan": 1}]], "references": [0, 2]}, "tts": "https://d1vq87e9lcf771.cloudfront.net/miguel/d7cd39e9a857d0b69e8da9436b0441c3"}, {"value": " "}, {"value": "va", "hintTable": {"headers": ["c\u00f3mo", "te", "va"], "rows": [[{"hint": "how's it going", "colspan": 3}], [{"colspan": 1}, {"colspan": 1}, {"hint": "going", "colspan": 1}], [{"colspan": 1}, {"colspan": 1}, {"hint": "(you) are going to", "colspan": 1}], [{"colspan": 1}, {"colspan": 1}, {"hint": "there is going to", "colspan": 1}]], "references": [0, 1]}, "tts": "https://d1vq87e9lcf771.cloudfront.net/miguel/0c0d6a3f02863d2582b995a891104d84"}, {"value": "?"}]}, "subtext": {"styledString": {"text": "How's it going?", "styling": [{"from": 0, "to": 15, "attributes": {"alignment": "left", "fontSize": 19, "fontWeight": "normal", "textColor": "AFAFAF", "lineSpacing": 5}}]}, "tokenTTS": {"tokenTTSCollection": []}}, "ttsURL": "https://d1vq87e9lcf771.cloudfront.net/miguel/2652e527683579ddbb96c33e901b6247"}]}, "meta": {"autoPlayableTTS": [], "sectionIndex": 0, "backgroundColor": null}}, {"type": "verticalSpace", "element": 24, "meta": {"autoPlayableTTS": [], "sectionIndex": 0, "backgroundColor": null}}, {"type": "verticalSpace", "element": 24, "meta": {"autoPlayableTTS": [], "sectionIndex": 0, "backgroundColor": "DDF4FF"}}, {"type": "text", "element": {"styledString": {"text": "TIP", "styling": [{"from": 0, "to": 3, "attributes": {"alignment": "left", "fontSize": 17, "fontWeight": "bold", "textColor": "1CB0F6", "lineSpacing": 4}}]}, "tokenTTS": {"tokenTTSCollection": []}}, "meta": {"autoPlayableTTS": [], "sectionIndex": 0, "backgroundColor": "DDF4FF"}}, {"type": "verticalSpace", "element": 8, "meta": {"autoPlayableTTS": [], "sectionIndex": 0, "backgroundColor": "DDF4FF"}}, {"type": "text", "element": {"styledString": {"text": "\u00bfC\u00f3mo te va?", "styling": [{"from": 0, "to": 12, "attributes": {"alignment": "left", "fontSize": 25, "fontWeight": "bold", "textColor": "4B4B4B", "lineSpacing": 4}}]}, "tokenTTS": {"tokenTTSCollection": []}, "hints": {"hints": [], "hintLinks": []}}, "meta": {"autoPlayableTTS": [], "sectionIndex": 0, "backgroundColor": "DDF4FF"}}, {"type": "verticalSpace", "element": 12, "meta": {"autoPlayableTTS": [], "sectionIndex": 0, "backgroundColor": "DDF4FF"}}, {"type": "text", "element": {"styledString": {"text": "\u00bfC\u00f3mo te va? is used to ask How's it going? when you\u2019re talking to friends. ", "styling": [{"from": 0, "to": 12, "attributes": {"alignment": "left", "fontSize": 19, "fontWeight": "bold", "textColor": "4B4B4B", "lineSpacing": 5}}, {"from": 12, "to": 28, "attributes": {"alignment": "left", "fontSize": 19, "fontWeight": "normal", "textColor": "4B4B4B", "lineSpacing": 5}}, {"from": 28, "to": 43, "attributes": {"alignment": "left", "fontSize": 19, "fontWeight": "bold", "textColor": "4B4B4B", "lineSpacing": 5}}, {"from": 43, "to": 76, "attributes": {"alignment": "left", "fontSize": 19, "fontWeight": "normal", "textColor": "4B4B4B", "lineSpacing": 5}}]}, "tokenTTS": {"tokenTTSCollection": [{"startIndex": 0, "endIndex": 11, "ttsURL": "https://d1vq87e9lcf771.cloudfront.net/miguel/2652e527683579ddbb96c33e901b6247"}]}, "hints": {"hints": ["how\u2019s it going"], "hintLinks": [{"index": 0, "rangeStart": 0, "rangeEnd": 11}]}}, "meta": {"autoPlayableTTS": [], "sectionIndex": 0, "backgroundColor": "DDF4FF"}}, {"type": "verticalSpace", "element": 24, "meta": {"autoPlayableTTS": [], "sectionIndex": 1, "backgroundColor": "DDF4FF"}}, {"type": "exampleCaptionedImage", "element": {"image": {"url": "https://d1btvuu4dwu627.cloudfront.net/1935260bb45227d2abc8062355f5ce9f/b4f0d8e1a4741202f6c289c88592b24d/images/6e06c35db5fe40ddbfceb5be7ed8059b.pdf"}, "examples": [{"text": {"styledString": {"text": "\u00bfC\u00f3mo te va, Carlos?\u200b", "styling": [{"from": 0, "to": 21, "attributes": {"alignment": "center", "fontSize": 19, "fontWeight": "normal", "textColor": "4B4B4B", "lineSpacing": 5}}]}, "tokenTTS": {"tokenTTSCollection": [{"startIndex": 0, "endIndex": 20, "ttsURL": "https://d1vq87e9lcf771.cloudfront.net/miguel/3bf4f6072e27643e601183ce3dd8a92a"}]}, "hints": {"hints": ["how's it going, Carlos"], "hintLinks": [{"index": 0, "rangeStart": 0, "rangeEnd": 20}]}}, "subtext": {"styledString": {"text": "How's it going, Carlos?\u200b", "styling": [{"from": 0, "to": 24, "attributes": {"alignment": "center", "fontSize": 19, "fontWeight": "normal", "textColor": "AFAFAF", "lineSpacing": 8}}]}, "tokenTTS": {"tokenTTSCollection": []}, "hints": {"hints": [], "hintLinks": []}}, "ttsURL": "https://d1vq87e9lcf771.cloudfront.net/miguel/3bf4f6072e27643e601183ce3dd8a92a"}], "layout": "wideImageWithTextBelow"}, "meta": {"autoPlayableTTS": [], "sectionIndex": 1, "backgroundColor": "DDF4FF"}}, {"type": "verticalSpace", "element": 24, "meta": {"autoPlayableTTS": [], "sectionIndex": 2, "backgroundColor": "DDF4FF"}}, {"type": "text", "element": {"styledString": {"text": "But what if you want to check in with your boss or professor? In more formal situations, use \u00bfC\u00f3mo le va? instead.", "styling": [{"from": 0, "to": 93, "attributes": {"alignment": "left", "fontSize": 19, "fontWeight": "normal", "textColor": "4B4B4B", "lineSpacing": 5}}, {"from": 93, "to": 98, "attributes": {"alignment": "left", "fontSize": 19, "fontWeight": "bold", "textColor": "4B4B4B", "lineSpacing": 5}}, {"from": 98, "to": 99, "attributes": {"alignment": "left", "fontSize": 19, "fontWeight": "normal", "textColor": "4B4B4B", "lineSpacing": 5}}, {"from": 99, "to": 101, "attributes": {"alignment": "left", "fontSize": 19, "fontWeight": "bold", "textColor": "1CB0F6", "lineSpacing": 5}}, {"from": 101, "to": 102, "attributes": {"alignment": "left", "fontSize": 19, "fontWeight": "normal", "textColor": "4B4B4B", "lineSpacing": 5}}, {"from": 102, "to": 105, "attributes": {"alignment": "left", "fontSize": 19, "fontWeight": "bold", "textColor": "4B4B4B", "lineSpacing": 5}}, {"from": 105, "to": 114, "attributes": {"alignment": "left", "fontSize": 19, "fontWeight": "normal", "textColor": "4B4B4B", "lineSpacing": 5}}]}, "tokenTTS": {"tokenTTSCollection": [{"startIndex": 93, "endIndex": 104, "ttsURL": "https://d1vq87e9lcf771.cloudfront.net/miguel/a046c19d67db0c812eb4945d029b72e5"}]}, "hints": {"hints": ["how are you"], "hintLinks": [{"index": 0, "rangeStart": 93, "rangeEnd": 104}]}}, "meta": {"autoPlayableTTS": [], "sectionIndex": 2, "backgroundColor": "DDF4FF"}}, {"type": "verticalSpace", "element": 24, "meta": {"autoPlayableTTS": [], "sectionIndex": 3, "backgroundColor": "DDF4FF"}}, {"type": "exampleCaptionedImage", "element": {"image": {"url": "https://d1btvuu4dwu627.cloudfront.net/1935260bb45227d2abc8062355f5ce9f/b4f0d8e1a4741202f6c289c88592b24d/images/82d48bb1494b43ccbcbe1f230778dfa4.pdf"}, "examples": [{"text": {"styledString": {"text": "Buenos d\u00edas, se\u00f1or, \u00bfc\u00f3mo le va?", "styling": [{"from": 0, "to": 26, "attributes": {"alignment": "center", "fontSize": 19, "fontWeight": "normal", "textColor": "4B4B4B", "lineSpacing": 5}}, {"from": 26, "to": 28, "attributes": {"alignment": "center", "fontSize": 19, "fontWeight": "bold", "textColor": "1CB0F6", "lineSpacing": 8}}, {"from": 28, "to": 32, "attributes": {"alignment": "center", "fontSize": 19, "fontWeight": "normal", "textColor": "4B4B4B", "lineSpacing": 5}}]}, "tokenTTS": {"tokenTTSCollection": [{"startIndex": 0, "endIndex": 31, "ttsURL": "https://d1vq87e9lcf771.cloudfront.net/miguel/14794e408ae941fbb47ae941d9ffcc80"}]}, "hints": {"hints": ["good morning, sir, how are you"], "hintLinks": [{"index": 0, "rangeStart": 0, "rangeEnd": 31}]}}, "subtext": {"styledString": {"text": "Good morning, sir, how are you?\u200b", "styling": [{"from": 0, "to": 32, "attributes": {"alignment": "center", "fontSize": 19, "fontWeight": "normal", "textColor": "AFAFAF", "lineSpacing": 8}}]}, "tokenTTS": {"tokenTTSCollection": []}, "hints": {"hints": [], "hintLinks": []}}, "ttsURL": "https://d1vq87e9lcf771.cloudfront.net/miguel/14794e408ae941fbb47ae941d9ffcc80"}], "layout": "wideImageWithTextBelow"}, "meta": {"autoPlayableTTS": [], "sectionIndex": 3, "backgroundColor": "DDF4FF"}}, {"type": "verticalSpace", "element": 24, "meta": {"autoPlayableTTS": [], "sectionIndex": 0, "backgroundColor": "DDF4FF"}}], "resourcesToPrefetch": [{"required": true, "url": "https://d1btvuu4dwu627.cloudfront.net/1935260bb45227d2abc8062355f5ce9f/b4f0d8e1a4741202f6c289c88592b24d/images/6e06c35db5fe40ddbfceb5be7ed8059b.pdf", "type": "pdf"}, {"required": false, "url": "https://d1vq87e9lcf771.cloudfront.net/miguel/f3871944d40987a4fb890af695f42659", "type": "mp3"}, {"required": false, "url": "https://d1vq87e9lcf771.cloudfront.net/miguel/14794e408ae941fbb47ae941d9ffcc80", "type": "mp3"}, {"required": false, "url": "https://d1vq87e9lcf771.cloudfront.net/miguel/3b21bb60bf10ff2ae37a390e8b176784", "type": "mp3"}, {"required": false, "url": "https://d1vq87e9lcf771.cloudfront.net/miguel/eabbd5da257971f41352b1849eaece3b", "type": "mp3"}, {"required": false, "url": "https://d1vq87e9lcf771.cloudfront.net/miguel/2652e527683579ddbb96c33e901b6247", "type": "mp3"}, {"required": false, "url": "https://d1vq87e9lcf771.cloudfront.net/miguel/3bf4f6072e27643e601183ce3dd8a92a", "type": "mp3"}, {"required": true, "url": "https://d1btvuu4dwu627.cloudfront.net/1935260bb45227d2abc8062355f5ce9f/b4f0d8e1a4741202f6c289c88592b24d/images/82d48bb1494b43ccbcbe1f230778dfa4.pdf", "type": "pdf"}, {"required": false, "url": "https://d1vq87e9lcf771.cloudfront.net/miguel/a046c19d67db0c812eb4945d029b72e5", "type": "mp3"}, {"required": false, "url": "https://d1vq87e9lcf771.cloudfront.net/miguel/83c0a3b3c04cb95a81930ab55b370879", "type": "mp3"}]}