{"elements": [{"element": 15, "meta": {"autoPlayableTTS": [], "backgroundColor": null, "sectionIndex": 0}, "type": "verticalSpace"}, {"element": {"hints": {"hintLinks": [], "hints": []}, "styledString": {"styling": [{"attributes": {"alignment": "left", "fontSize": 25, "fontWeight": "bold", "lineSpacing": 4, "textColor": "4B4B4B"}, "from": 0, "to": 17}], "text": "\u00a1Yo no comprendo!"}, "tokenTTS": {"tokenTTSCollection": []}}, "meta": {"autoPlayableTTS": [], "backgroundColor": null, "sectionIndex": 0}, "type": "text"}, {"element": 12, "meta": {"autoPlayableTTS": [], "backgroundColor": null, "sectionIndex": 0}, "type": "verticalSpace"}, {"element": {"hints": {"hintLinks": [{"index": 0, "rangeEnd": 27, "rangeStart": 20}, {"index": 1, "rangeEnd": 63, "rangeStart": 62}, {"index": 2, "rangeEnd": 79, "rangeStart": 76}], "hints": ["Negatives say something is not so. In Spanish, negative sentences generally use \"no.\"", "not", "A verb expresses an action (\u201cLuis cooks every day\u201d) or a state of being (\u201cI am sick\u201d)."]}, "styledString": {"styling": [{"attributes": {"alignment": "left", "fontSize": 19, "fontWeight": "normal", "lineSpacing": 5, "textColor": "4B4B4B"}, "from": 0, "to": 62}, {"attributes": {"alignment": "left", "fontSize": 19, "fontWeight": "bold", "lineSpacing": 5, "textColor": "4B4B4B"}, "from": 62, "to": 64}, {"attributes": {"alignment": "left", "fontSize": 19, "fontWeight": "normal", "lineSpacing": 5, "textColor": "4B4B4B"}, "from": 64, "to": 81}], "text": "It's easy to make a negative statement in Spanish: simply say no before the verb."}, "tokenTTS": {"tokenTTSCollection": [{"endIndex": 63, "startIndex": 62, "ttsURL": "https://d1vq87e9lcf771.cloudfront.net/miguel/e56dc9c59b5e999bbe4a986911a59034"}]}}, "meta": {"autoPlayableTTS": [], "backgroundColor": null, "sectionIndex": 0}, "type": "text"}, {"element": 24, "meta": {"autoPlayableTTS": [], "backgroundColor": null, "sectionIndex": 0}, "type": "verticalSpace"}, {"element": {"examples": [{"subtext": {"hints": {"hintLinks": [], "hints": []}, "styledString": {"styling": [{"attributes": {"alignment": "center", "fontSize": 19, "fontWeight": "normal", "lineSpacing": 8, "textColor": "AFAFAF"}, "from": 0, "to": 22}], "text": "I don't study English."}, "tokenTTS": {"tokenTTSCollection": []}}, "text": {"hints": {"hintLinks": [{"index": 0, "rangeEnd": 20, "rangeStart": 0}], "hints": ["I don't study English"]}, "styledString": {"styling": [{"attributes": {"alignment": "center", "fontSize": 19, "fontWeight": "normal", "lineSpacing": 5, "textColor": "4B4B4B"}, "from": 0, "to": 21}], "text": "Yo no estudio ingl\u00e9s."}, "tokenTTS": {"tokenTTSCollection": [{"endIndex": 20, "startIndex": 0, "ttsURL": "https://d1vq87e9lcf771.cloudfront.net/miguel/1c1518114a756586324f06a5f40adb0c"}]}}, "ttsURL": "https://d1vq87e9lcf771.cloudfront.net/miguel/1c1518114a756586324f06a5f40adb0c"}], "image": {"url": "https://d1btvuu4dwu627.cloudfront.net/1935260bb45227d2abc8062355f5ce9f/67b203d83c8f29b0fd2d1b5408b4eeca/images/764d6c258eb542e49ac534f153d183fc.pdf"}, "layout": "wideImageWithTextBelow"}, "meta": {"autoPlayableTTS": [], "backgroundColor": null, "sectionIndex": 0}, "type": "exampleCaptionedImage"}, {"element": 24, "meta": {"autoPlayableTTS": [], "backgroundColor": null, "sectionIndex": 0}, "type": "verticalSpace"}, {"element": {"examples": [{"subtext": {"hints": {"hintLinks": [], "hints": []}, "styledString": {"styling": [{"attributes": {"alignment": "center", "fontSize": 19, "fontWeight": "normal", "lineSpacing": 8, "textColor": "AFAFAF"}, "from": 0, "to": 30}], "text": "I'm sorry. I don't understand."}, "tokenTTS": {"tokenTTSCollection": []}}, "text": {"hints": {"hintLinks": [{"index": 0, "rangeEnd": 26, "rangeStart": 0}], "hints": ["I\u2019m sorry. I don\u2019t understand"]}, "styledString": {"styling": [{"attributes": {"alignment": "center", "fontSize": 19, "fontWeight": "normal", "lineSpacing": 5, "textColor": "4B4B4B"}, "from": 0, "to": 27}], "text": "Lo siento. Yo no comprendo."}, "tokenTTS": {"tokenTTSCollection": [{"endIndex": 26, "startIndex": 0, "ttsURL": "https://d1vq87e9lcf771.cloudfront.net/miguel/bc68ffb19f255e3b2746b7b025bd5592"}]}}, "ttsURL": "https://d1vq87e9lcf771.cloudfront.net/miguel/bc68ffb19f255e3b2746b7b025bd5592"}], "image": {"url": "https://d1btvuu4dwu627.cloudfront.net/3cdc03288e3c6f85b686b505cbfe29f3/77251ce376844e03fb1f173f9b3b840e/images/ee72d99cdc2b43df8378bc81bb028956.pdf"}, "layout": "wideImageWithTextBelow"}, "meta": {"autoPlayableTTS": [], "backgroundColor": null, "sectionIndex": 0}, "type": "exampleCaptionedImage"}, {"element": 36, "meta": {"autoPlayableTTS": [], "backgroundColor": null, "sectionIndex": 0}, "type": "verticalSpace"}, {"element": {"hints": {"hintLinks": [], "hints": []}, "styledString": {"styling": [{"attributes": {"alignment": "left", "fontSize": 25, "fontWeight": "bold", "lineSpacing": 4, "textColor": "4B4B4B"}, "from": 0, "to": 23}], "text": "\u00a1Quiero hablar espa\u00f1ol!"}, "tokenTTS": {"tokenTTSCollection": []}}, "meta": {"autoPlayableTTS": [], "backgroundColor": null, "sectionIndex": 0}, "type": "text"}, {"element": 12, "meta": {"autoPlayableTTS": [], "backgroundColor": null, "sectionIndex": 0}, "type": "verticalSpace"}, {"element": {"hints": {"hintLinks": [{"index": 0, "rangeEnd": 7, "rangeStart": 0}, {"index": 1, "rangeEnd": 17, "rangeStart": 10}, {"index": 2, "rangeEnd": 27, "rangeStart": 24}, {"index": 3, "rangeEnd": 40, "rangeStart": 37}, {"index": 4, "rangeEnd": 65, "rangeStart": 55}], "hints": ["to write", "to study", "to read", "A verb expresses an action (\u201cLuis cooks every day\u201d) or a state of being (\u201cI am sick\u201d).", "An infinitive is the basic form of a verb. In Spanish, infinitives end with \"-er\" (\"comer\"), \"-ir\" (\"escribir\"), or \"-ar\" (\"hablar\")."]}, "styledString": {"styling": [{"attributes": {"alignment": "left", "fontSize": 19, "fontWeight": "bold", "lineSpacing": 5, "textColor": "4B4B4B"}, "from": 0, "to": 8}, {"attributes": {"alignment": "left", "fontSize": 19, "fontWeight": "normal", "lineSpacing": 5, "textColor": "4B4B4B"}, "from": 8, "to": 10}, {"attributes": {"alignment": "left", "fontSize": 19, "fontWeight": "bold", "lineSpacing": 5, "textColor": "4B4B4B"}, "from": 10, "to": 18}, {"attributes": {"alignment": "left", "fontSize": 19, "fontWeight": "normal", "lineSpacing": 5, "textColor": "4B4B4B"}, "from": 18, "to": 24}, {"attributes": {"alignment": "left", "fontSize": 19, "fontWeight": "bold", "lineSpacing": 5, "textColor": "4B4B4B"}, "from": 24, "to": 28}, {"attributes": {"alignment": "left", "fontSize": 19, "fontWeight": "normal", "lineSpacing": 5, "textColor": "4B4B4B"}, "from": 28, "to": 68}], "text": "Escribir, estudiar, and leer are all verb forms called infinitives. "}, "tokenTTS": {"tokenTTSCollection": [{"endIndex": 7, "startIndex": 0, "ttsURL": "https://d1vq87e9lcf771.cloudfront.net/miguel/be11414939411ec559de6b7997496072"}, {"endIndex": 17, "startIndex": 10, "ttsURL": "https://d1vq87e9lcf771.cloudfront.net/miguel/ef9b2fd4dd81bdba5cd74172326dcfee"}, {"endIndex": 27, "startIndex": 24, "ttsURL": "https://d1vq87e9lcf771.cloudfront.net/miguel/deb99d0dfbb75c130ad13a97c7664c2e"}]}}, "meta": {"autoPlayableTTS": [], "backgroundColor": null, "sectionIndex": 0}, "type": "text"}, {"element": 24, "meta": {"autoPlayableTTS": [], "backgroundColor": null, "sectionIndex": 0}, "type": "verticalSpace"}, {"element": {"examples": [{"subtext": {"hints": {"hintLinks": [], "hints": []}, "styledString": {"styling": [{"attributes": {"alignment": "center", "fontSize": 19, "fontWeight": "normal", "lineSpacing": 8, "textColor": "AFAFAF"}, "from": 0, "to": 16}], "text": "I want to write."}, "tokenTTS": {"tokenTTSCollection": []}}, "text": {"hints": {"hintLinks": [{"index": 0, "rangeEnd": 18, "rangeStart": 0}], "hints": ["I want to write"]}, "styledString": {"styling": [{"attributes": {"alignment": "center", "fontSize": 19, "fontWeight": "normal", "lineSpacing": 5, "textColor": "4B4B4B"}, "from": 0, "to": 19}], "text": "Yo quiero escribir."}, "tokenTTS": {"tokenTTSCollection": [{"endIndex": 18, "startIndex": 0, "ttsURL": "https://d1vq87e9lcf771.cloudfront.net/miguel/6092f5273b1324942448565d374d5383"}]}}, "ttsURL": "https://d1vq87e9lcf771.cloudfront.net/miguel/6092f5273b1324942448565d374d5383"}], "image": {"url": "https://d1btvuu4dwu627.cloudfront.net/3cdc03288e3c6f85b686b505cbfe29f3/77251ce376844e03fb1f173f9b3b840e/images/db3050747c7f4343b6a2c7342f504021.pdf"}, "layout": "wideImageWithTextBelow"}, "meta": {"autoPlayableTTS": [], "backgroundColor": null, "sectionIndex": 0}, "type": "exampleCaptionedImage"}, {"element": 24, "meta": {"autoPlayableTTS": [], "backgroundColor": null, "sectionIndex": 0}, "type": "verticalSpace"}, {"element": {"hints": {"hintLinks": [{"index": 0, "rangeEnd": 197, "rangeStart": 180}], "hints": ["I want to study"]}, "styledString": {"styling": [{"attributes": {"alignment": "left", "fontSize": 19, "fontWeight": "normal", "lineSpacing": 5, "textColor": "4B4B4B"}, "from": 0, "to": 45}, {"attributes": {"alignment": "left", "fontSize": 19, "fontWeight": "bold", "lineSpacing": 5, "textColor": "4B4B4B"}, "from": 45, "to": 47}, {"attributes": {"alignment": "left", "fontSize": 19, "fontWeight": "normal", "lineSpacing": 5, "textColor": "4B4B4B"}, "from": 47, "to": 67}, {"attributes": {"alignment": "left", "fontSize": 19, "fontWeight": "bold", "lineSpacing": 5, "textColor": "4B4B4B"}, "from": 67, "to": 75}, {"attributes": {"alignment": "left", "fontSize": 19, "fontWeight": "normal", "lineSpacing": 5, "textColor": "4B4B4B"}, "from": 75, "to": 79}, {"attributes": {"alignment": "left", "fontSize": 19, "fontWeight": "bold", "lineSpacing": 5, "textColor": "4B4B4B"}, "from": 79, "to": 86}, {"attributes": {"alignment": "left", "fontSize": 19, "fontWeight": "normal", "lineSpacing": 5, "textColor": "4B4B4B"}, "from": 86, "to": 148}, {"attributes": {"alignment": "left", "fontSize": 19, "fontWeight": "bold", "lineSpacing": 5, "textColor": "4B4B4B"}, "from": 148, "to": 163}, {"attributes": {"alignment": "left", "fontSize": 19, "fontWeight": "normal", "lineSpacing": 5, "textColor": "4B4B4B"}, "from": 163, "to": 180}, {"attributes": {"alignment": "left", "fontSize": 19, "fontWeight": "bold", "lineSpacing": 5, "textColor": "4B4B4B"}, "from": 180, "to": 189}, {"attributes": {"alignment": "left", "fontSize": 19, "fontWeight": "normal", "lineSpacing": 5, "textColor": "4B4B4B"}, "from": 189, "to": 190}, {"attributes": {"alignment": "left", "fontSize": 19, "fontWeight": "bold", "lineSpacing": 5, "textColor": "4B4B4B"}, "from": 190, "to": 198}, {"attributes": {"alignment": "left", "fontSize": 19, "fontWeight": "normal", "lineSpacing": 5, "textColor": "4B4B4B"}, "from": 198, "to": 200}], "text": "In English, infinitives always have the word to at the start (like to study or to read). But in Spanish, they don't require any extra words. To say I want to study, you'd just say Yo quiero estudiar. "}, "tokenTTS": {"tokenTTSCollection": [{"endIndex": 197, "startIndex": 180, "ttsURL": "https://d1vq87e9lcf771.cloudfront.net/miguel/38bee412af8a2d37ec8034149c30c69a"}]}}, "meta": {"autoPlayableTTS": [], "backgroundColor": null, "sectionIndex": 0}, "type": "text"}, {"element": 24, "meta": {"autoPlayableTTS": [], "backgroundColor": null, "sectionIndex": 0}, "type": "verticalSpace"}, {"element": {"examples": [{"subtext": {"hints": {"hintLinks": [], "hints": []}, "styledString": {"styling": [{"attributes": {"alignment": "center", "fontSize": 19, "fontWeight": "normal", "lineSpacing": 8, "textColor": "AFAFAF"}, "from": 0, "to": 15}], "text": "I need to read."}, "tokenTTS": {"tokenTTSCollection": []}}, "text": {"hints": {"hintLinks": [{"index": 0, "rangeEnd": 16, "rangeStart": 0}], "hints": ["I need to read"]}, "styledString": {"styling": [{"attributes": {"alignment": "center", "fontSize": 19, "fontWeight": "normal", "lineSpacing": 5, "textColor": "4B4B4B"}, "from": 0, "to": 17}], "text": "Yo necesito leer."}, "tokenTTS": {"tokenTTSCollection": [{"endIndex": 16, "startIndex": 0, "ttsURL": "https://d1vq87e9lcf771.cloudfront.net/miguel/fd96d61302d6c480b698ae991b0ddcb8"}]}}, "ttsURL": "https://d1vq87e9lcf771.cloudfront.net/miguel/fd96d61302d6c480b698ae991b0ddcb8"}], "image": {"url": "https://d1btvuu4dwu627.cloudfront.net/1935260bb45227d2abc8062355f5ce9f/67b203d83c8f29b0fd2d1b5408b4eeca/images/89840c39a91240028fd8353a405dc352.pdf"}, "layout": "wideImageWithTextBelow"}, "meta": {"autoPlayableTTS": [], "backgroundColor": null, "sectionIndex": 0}, "type": "exampleCaptionedImage"}, {"element": 15, "meta": {"autoPlayableTTS": [], "backgroundColor": null, "sectionIndex": 0}, "type": "verticalSpace"}], "intro": null, "resourcesToPrefetch": [{"required": false, "type": "mp3", "url": "https://d1vq87e9lcf771.cloudfront.net/miguel/be11414939411ec559de6b7997496072"}, {"required": false, "type": "mp3", "url": "https://d1vq87e9lcf771.cloudfront.net/miguel/1c1518114a756586324f06a5f40adb0c"}, {"required": true, "type": "pdf", "url": "https://d1btvuu4dwu627.cloudfront.net/3cdc03288e3c6f85b686b505cbfe29f3/77251ce376844e03fb1f173f9b3b840e/images/db3050747c7f4343b6a2c7342f504021.pdf"}, {"required": true, "type": "pdf", "url": "https://d1btvuu4dwu627.cloudfront.net/1935260bb45227d2abc8062355f5ce9f/67b203d83c8f29b0fd2d1b5408b4eeca/images/89840c39a91240028fd8353a405dc352.pdf"}, {"required": false, "type": "mp3", "url": "https://d1vq87e9lcf771.cloudfront.net/miguel/38bee412af8a2d37ec8034149c30c69a"}, {"required": false, "type": "mp3", "url": "https://d1vq87e9lcf771.cloudfront.net/miguel/fd96d61302d6c480b698ae991b0ddcb8"}, {"required": false, "type": "mp3", "url": "https://d1vq87e9lcf771.cloudfront.net/miguel/ef9b2fd4dd81bdba5cd74172326dcfee"}, {"required": true, "type": "pdf", "url": "https://d1btvuu4dwu627.cloudfront.net/1935260bb45227d2abc8062355f5ce9f/67b203d83c8f29b0fd2d1b5408b4eeca/images/764d6c258eb542e49ac534f153d183fc.pdf"}, {"required": false, "type": "mp3", "url": "https://d1vq87e9lcf771.cloudfront.net/miguel/bc68ffb19f255e3b2746b7b025bd5592"}, {"required": false, "type": "mp3", "url": "https://d1vq87e9lcf771.cloudfront.net/miguel/deb99d0dfbb75c130ad13a97c7664c2e"}, {"required": false, "type": "mp3", "url": "https://d1vq87e9lcf771.cloudfront.net/miguel/6092f5273b1324942448565d374d5383"}, {"required": true, "type": "pdf", "url": "https://d1btvuu4dwu627.cloudfront.net/3cdc03288e3c6f85b686b505cbfe29f3/77251ce376844e03fb1f173f9b3b840e/images/ee72d99cdc2b43df8378bc81bb028956.pdf"}, {"required": false, "type": "mp3", "url": "https://d1vq87e9lcf771.cloudfront.net/miguel/e56dc9c59b5e999bbe4a986911a59034"}], "skillID": "98a81394a1ba4c615621c6e152cf6df8", "title": "School"}