{"elements": [{"type": "dialogue", "element": {"phrases": [{"text": {"styledString": {"text": "Si j'\u00e9tais roi, j'interdirais tous les devoirs difficiles et ennuyeux.", "styling": [{"styleClass": "text", "from": 0, "to": 70, "attributes": {}}]}, "tokenTTS": {"tokenTTSCollection": []}, "blockHints": [{"value": "Si", "hintTable": {"rows": [[{"hint": "was he", "colspan": 1}], [{"hint": "should he", "colspan": 1}], [{"hint": "is he", "colspan": 1}]], "references": []}, "tts": "https://d1vq87e9lcf771.cloudfront.net/eddyfr/a3eca608f190b5dd0fd9e10143fd09bd"}, {"value": " "}, {"value": "j'", "hintTable": {"rows": [[{"hint": "I", "colspan": 1}]], "references": []}, "tts": "https://d1vq87e9lcf771.cloudfront.net/eddyfr/b191cc1549dd037c799095c4bcc12c89"}, {"value": "\u00e9tais", "hintTable": {"rows": [[{"hint": "were", "colspan": 1}], [{"hint": "was", "colspan": 1}]], "references": []}, "tts": "https://d1vq87e9lcf771.cloudfront.net/eddyfr/2cf4667a9c977081785c273467be9539"}, {"value": " "}, {"value": "roi", "hintTable": {"rows": [[{"hint": "king", "colspan": 1}]], "references": []}, "tts": "https://d1vq87e9lcf771.cloudfront.net/eddyfr/a056ba3d7b347536369ac9217cd7d665"}, {"value": ","}, {"value": " "}, {"value": "j'", "hintTable": {"rows": [[{"hint": "I", "colspan": 1}]], "references": []}, "tts": "https://d1vq87e9lcf771.cloudfront.net/eddyfr/b191cc1549dd037c799095c4bcc12c89"}, {"value": "interdirais", "hintTable": {"rows": [], "references": []}, "tts": "https://d1vq87e9lcf771.cloudfront.net/eddyfr/c1a305a59be49028d5e1912ef4f59ca1"}, {"value": " "}, {"value": "tous", "hintTable": {"headers": ["tous", "les"], "rows": [[{"hint": "every", "colspan": 2}], [{"hint": "all", "colspan": 1}, {"colspan": 1}], [{"hint": "anything", "colspan": 1}, {"colspan": 1}], [{"hint": "all of", "colspan": 1}, {"colspan": 1}]], "references": [7]}, "tts": "https://d1vq87e9lcf771.cloudfront.net/eddyfr/585a3f742fb64d048aba20cce806c2b3"}, {"value": " "}, {"value": "les", "hintTable": {"headers": ["tous", "les"], "rows": [[{"hint": "every", "colspan": 2}], [{"colspan": 1}, {"hint": "your", "colspan": 1}], [{"colspan": 1}, {"hint": "the", "colspan": 1}], [{"colspan": 1}, {"hint": "they", "colspan": 1}]], "references": [6]}, "tts": "https://d1vq87e9lcf771.cloudfront.net/eddyfr/7359e556813f10c46478ced3a7bb9aeb"}, {"value": " "}, {"value": "devoirs", "hintTable": {"rows": [[{"hint": "homework", "colspan": 1}], [{"hint": "assignments", "colspan": 1}]], "references": []}, "tts": "https://d1vq87e9lcf771.cloudfront.net/eddyfr/ba6a6b62ea48876aa52090388e3e3702"}, {"value": " "}, {"value": "difficiles", "hintTable": {"rows": [[{"hint": "difficult", "colspan": 1}], [{"hint": "challenging", "colspan": 1}]], "references": []}, "tts": "https://d1vq87e9lcf771.cloudfront.net/eddyfr/db04278dd8fcbaca4f1e0e32219c6a50"}, {"value": " "}, {"value": "et", "hintTable": {"rows": [[{"hint": "and", "colspan": 1}]], "references": []}, "tts": "https://d1vq87e9lcf771.cloudfront.net/eddyfr/528f2aa53226f97cb8e9e4aa161e3dfe"}, {"value": " "}, {"value": "ennuyeux", "hintTable": {"rows": [[{"hint": "boring", "colspan": 1}]], "references": []}, "tts": "https://d1vq87e9lcf771.cloudfront.net/eddyfr/43c627ba4effffeb8e490338fa7cb63d"}, {"value": "."}]}, "subtext": {"styledString": {"text": "If I were king, I'd ban all boring homework.", "styling": [{"styleClass": "light", "from": 0, "to": 44, "attributes": {}}]}, "tokenTTS": {"tokenTTSCollection": []}}, "gender": "male", "character": "eddy", "ttsURL": "https://d1vq87e9lcf771.cloudfront.net/eddyfr/f593c0c541a08ef6b359e3ddd110c8ef"}]}, "meta": {"sectionIndex": 0, "backgroundColor": null}}, {"type": "dialogue", "element": {"phrases": [{"text": {"styledString": {"text": "J'aimerais que les \u00e9l\u00e8ves aient plus de temps pour lire de la po\u00e9sie.", "styling": [{"styleClass": "text", "from": 0, "to": 69, "attributes": {}}]}, "tokenTTS": {"tokenTTSCollection": []}, "blockHints": [{"value": "J'", "hintTable": {"headers": ["j'", "aimerais"], "rows": [[{"hint": "I'd like", "colspan": 2}], [{"hint": "I", "colspan": 1}, {"colspan": 1}]], "references": [1]}, "tts": "https://d1vq87e9lcf771.cloudfront.net/juniorfr/f2b7bd40a8b63ab386f7a8e79aba45b7"}, {"value": "aimerais", "hintTable": {"headers": ["j'", "aimerais"], "rows": [[{"hint": "I'd like", "colspan": 2}], [{"colspan": 1}, {"hint": "would like", "colspan": 1}], [{"colspan": 1}, {"hint": "would like to", "colspan": 1}]], "references": [0]}, "tts": "https://d1vq87e9lcf771.cloudfront.net/juniorfr/1a1d2ac48e0497ff5c999f57fa26254e"}, {"value": " "}, {"value": "que", "hintTable": {"rows": [[{"hint": "that", "colspan": 1}], [{"hint": "than", "colspan": 1}], [{"hint": "those", "colspan": 1}]], "references": []}, "tts": "https://d1vq87e9lcf771.cloudfront.net/juniorfr/f6822b37a312b00c29e4327941667d68"}, {"value": " "}, {"value": "les", "hintTable": {"rows": [[{"hint": "your", "colspan": 1}], [{"hint": "the", "colspan": 1}], [{"hint": "they", "colspan": 1}]], "references": []}, "tts": "https://d1vq87e9lcf771.cloudfront.net/juniorfr/45997edd31e7240461eea8cd2a69aba6"}, {"value": " "}, {"value": "\u00e9l\u00e8ves", "hintTable": {"rows": [[{"hint": "students", "colspan": 1}], [{"hint": "students'", "colspan": 1}]], "references": []}, "tts": "https://d1vq87e9lcf771.cloudfront.net/juniorfr/07a168d9ca8982b81637890ef7a15dec"}, {"value": " "}, {"value": "aient", "hintTable": {"rows": [[{"hint": "will have", "colspan": 1}], [{"hint": "have", "colspan": 1}]], "references": []}, "tts": "https://d1vq87e9lcf771.cloudfront.net/juniorfr/8718acb58256aaf9663cf0d835571ecf"}, {"value": " "}, {"value": "plus", "hintTable": {"headers": ["plus", "de", "temps"], "rows": [[{"hint": "more time", "colspan": 3}], [{"hint": "more", "colspan": 2}, {"colspan": 1}], [{"hint": "any more", "colspan": 2}, {"colspan": 1}], [{"hint": "no longer", "colspan": 2}, {"colspan": 1}], [{"hint": "left", "colspan": 1}, {"colspan": 1}, {"colspan": 1}], [{"hint": "more", "colspan": 1}, {"colspan": 1}, {"colspan": 1}], [{"hint": "anymore", "colspan": 1}, {"colspan": 1}, {"colspan": 1}]], "references": [7]}, "tts": "https://d1vq87e9lcf771.cloudfront.net/juniorfr/6d4e8e81630b1428402c4e20d6e0b104"}, {"value": " "}, {"value": "de", "hintTable": {"headers": ["plus", "de", "temps"], "rows": [[{"hint": "more time", "colspan": 3}], [{"hint": "more", "colspan": 2}, {"colspan": 1}], [{"hint": "any more", "colspan": 2}, {"colspan": 1}], [{"hint": "no longer", "colspan": 2}, {"colspan": 1}], [{"colspan": 1}, {"hint": "any", "colspan": 1}, {"colspan": 1}], [{"colspan": 1}, {"hint": "with", "colspan": 1}, {"colspan": 1}], [{"colspan": 1}, {"hint": "de", "colspan": 1}, {"colspan": 1}]], "references": [6]}, "tts": "https://d1vq87e9lcf771.cloudfront.net/juniorfr/2915a5470d1c8a31ee3ebfb3625e925c"}, {"value": " "}, {"value": "temps", "hintTable": {"headers": ["plus", "de", "temps"], "rows": [[{"hint": "more time", "colspan": 3}], [{"colspan": 1}, {"colspan": 1}, {"hint": "weather", "colspan": 1}], [{"colspan": 1}, {"colspan": 1}, {"hint": "time", "colspan": 1}], [{"colspan": 1}, {"colspan": 1}, {"hint": "times", "colspan": 1}]], "references": [6, 7]}, "tts": "https://d1vq87e9lcf771.cloudfront.net/juniorfr/d17a8d82f3b0a1363af030903e947c92"}, {"value": " "}, {"value": "pour", "hintTable": {"rows": [[{"hint": "in favor", "colspan": 1}], [{"hint": "in order", "colspan": 1}], [{"hint": "for", "colspan": 1}]], "references": []}, "tts": "https://d1vq87e9lcf771.cloudfront.net/juniorfr/cb963469373b6ea6799215a974a96124"}, {"value": " "}, {"value": "lire", "hintTable": {"rows": [[{"hint": "read", "colspan": 1}], [{"hint": "reading", "colspan": 1}], [{"hint": "to read", "colspan": 1}]], "references": []}, "tts": "https://d1vq87e9lcf771.cloudfront.net/juniorfr/a749d16d8d4c88975d437e2a8db8608e"}, {"value": " "}, {"value": "de", "hintTable": {"headers": ["de", "la", "po\u00e9sie"], "rows": [[{"hint": "poetry", "colspan": 3}], [{"hint": "poems", "colspan": 3}], [{"hint": "of the", "colspan": 2}, {"colspan": 1}], [{"hint": "for the", "colspan": 2}, {"colspan": 1}], [{"hint": "'s", "colspan": 2}, {"colspan": 1}], [{"hint": "any", "colspan": 1}, {"colspan": 1}, {"colspan": 1}], [{"hint": "with", "colspan": 1}, {"colspan": 1}, {"colspan": 1}], [{"hint": "de", "colspan": 1}, {"colspan": 1}, {"colspan": 1}]], "references": [12]}, "tts": "https://d1vq87e9lcf771.cloudfront.net/juniorfr/2915a5470d1c8a31ee3ebfb3625e925c"}, {"value": " "}, {"value": "la", "hintTable": {"headers": ["de", "la", "po\u00e9sie"], "rows": [[{"hint": "poetry", "colspan": 3}], [{"hint": "poems", "colspan": 3}], [{"hint": "of the", "colspan": 2}, {"colspan": 1}], [{"hint": "for the", "colspan": 2}, {"colspan": 1}], [{"hint": "'s", "colspan": 2}, {"colspan": 1}], [{"colspan": 1}, {"hint": "the", "colspan": 1}, {"colspan": 1}], [{"colspan": 1}, {"hint": "it", "colspan": 1}, {"colspan": 1}], [{"colspan": 1}, {"hint": "your", "colspan": 1}, {"colspan": 1}]], "references": [11]}, "tts": "https://d1vq87e9lcf771.cloudfront.net/juniorfr/a49a0f24a1df0d74da0b3045689a0943"}, {"value": " "}, {"value": "po\u00e9sie", "hintTable": {"headers": ["de", "la", "po\u00e9sie"], "rows": [[{"hint": "poetry", "colspan": 3}], [{"hint": "poems", "colspan": 3}], [{"colspan": 1}, {"colspan": 1}, {"hint": "poetry", "colspan": 1}]], "references": [11, 12]}, "tts": "https://d1vq87e9lcf771.cloudfront.net/juniorfr/090fbca26315acd63026ee33080d908e"}, {"value": "."}]}, "subtext": {"styledString": {"text": "I wish the students had more time to read poetry.", "styling": [{"styleClass": "light", "from": 0, "to": 49, "attributes": {}}]}, "tokenTTS": {"tokenTTSCollection": []}}, "gender": "male", "character": "junior", "ttsURL": "https://d1vq87e9lcf771.cloudfront.net/juniorfr/c873a7bac63ec6eddca5c7ca62a2ab92"}]}, "meta": {"sectionIndex": 0, "backgroundColor": null}}, {"type": "dialogue", "element": {"phrases": [{"text": {"styledString": {"text": "O\u00f9 sont les mouchoirs ? On n'aurait pas d\u00fb choisir un film romantique !", "styling": [{"styleClass": "text", "from": 0, "to": 71, "attributes": {}}]}, "tokenTTS": {"tokenTTSCollection": []}, "blockHints": [{"value": "O\u00f9", "hintTable": {"rows": [[{"hint": "where", "colspan": 1}], [{"hint": "when", "colspan": 1}]], "references": []}, "tts": "https://d1vq87e9lcf771.cloudfront.net/oscarfr/7102846ae216680f7f259011ae48856d"}, {"value": " "}, {"value": "sont", "hintTable": {"rows": [[{"hint": "feel", "colspan": 1}], [{"hint": "are", "colspan": 1}], [{"hint": "is", "colspan": 1}]], "references": []}, "tts": "https://d1vq87e9lcf771.cloudfront.net/oscarfr/2f85d30df994f2a72ec85def77814267"}, {"value": " "}, {"value": "les", "hintTable": {"rows": [[{"hint": "your", "colspan": 1}], [{"hint": "the", "colspan": 1}], [{"hint": "they", "colspan": 1}]], "references": []}, "tts": "https://d1vq87e9lcf771.cloudfront.net/oscarfr/b1b83240d4718c5b7fecdf517ed84ac3"}, {"value": " "}, {"value": "mouchoirs", "hintTable": {"rows": [[{"hint": "tissues", "colspan": 1}], [{"hint": "handkerchiefs", "colspan": 1}]], "references": []}, "tts": "https://d1vq87e9lcf771.cloudfront.net/oscarfr/7e330d2e2edc06a51134c2a3bc620496"}, {"value": " "}, {"value": "?"}, {"value": " "}, {"value": "On", "hintTable": {"rows": [[{"hint": "we", "colspan": 1}], [{"hint": "one", "colspan": 1}], [{"hint": "they", "colspan": 1}]], "references": []}, "tts": "https://d1vq87e9lcf771.cloudfront.net/oscarfr/f3de987157db104b999ca7dc8a62b045"}, {"value": " "}, {"value": "n'", "hintTable": {"headers": ["n'", "aurait", "pas"], "rows": [[{"hint": "wouldn't have", "colspan": 3}], [{"hint": "do not", "colspan": 1}, {"colspan": 1}, {"colspan": 1}], [{"hint": "don't", "colspan": 1}, {"colspan": 1}, {"colspan": 1}], [{"hint": "does not", "colspan": 1}, {"colspan": 1}, {"colspan": 1}]], "references": [6, 7]}, "tts": "https://d1vq87e9lcf771.cloudfront.net/oscarfr/4e8c4d82e1baad790316b2581d54a0a4"}, {"value": "aurait", "hintTable": {"headers": ["n'", "aurait", "pas"], "rows": [[{"hint": "wouldn't have", "colspan": 3}], [{"colspan": 1}, {"hint": "would have", "colspan": 1}, {"colspan": 1}], [{"colspan": 1}, {"hint": "get", "colspan": 1}, {"colspan": 1}], [{"colspan": 1}, {"hint": "might have", "colspan": 1}, {"colspan": 1}]], "references": [5, 7]}, "tts": "https://d1vq87e9lcf771.cloudfront.net/oscarfr/7b43fd2e4a4160216e9fe569cbb9fbb5"}, {"value": " "}, {"value": "pas", "hintTable": {"headers": ["n'", "aurait", "pas"], "rows": [[{"hint": "wouldn't have", "colspan": 3}], [{"colspan": 1}, {"colspan": 1}, {"hint": "no", "colspan": 1}], [{"colspan": 1}, {"colspan": 1}, {"hint": "steps", "colspan": 1}], [{"colspan": 1}, {"colspan": 1}, {"hint": "step", "colspan": 1}]], "references": [5, 6]}, "tts": "https://d1vq87e9lcf771.cloudfront.net/oscarfr/ef84fe3821475095930e2fbca367b0a5"}, {"value": " "}, {"value": "d\u00fb", "hintTable": {"headers": ["aurait", "...", "d\u00fb"], "rows": [[{"hint": "should have", "colspan": 3}], [{"colspan": 1}, {"colspan": 1}, {"hint": "had to", "colspan": 1}]], "references": [6]}, "tts": "https://d1vq87e9lcf771.cloudfront.net/oscarfr/db3017ded01ea4757e316c3208cd0199"}, {"value": " "}, {"value": "choisir", "hintTable": {"rows": [[{"hint": "to choose", "colspan": 1}], [{"hint": "choose", "colspan": 1}], [{"hint": "choosing", "colspan": 1}]], "references": []}, "tts": "https://d1vq87e9lcf771.cloudfront.net/oscarfr/3816940b1e1ea1c80dda618eaebaf0ff"}, {"value": " "}, {"value": "un", "hintTable": {"rows": [[{"hint": "an", "colspan": 1}], [{"hint": "a", "colspan": 1}], [{"hint": "one", "colspan": 1}]], "references": []}, "tts": "https://d1vq87e9lcf771.cloudfront.net/oscarfr/e10800858b36f914d11db942c9e8b5c4"}, {"value": " "}, {"value": "film", "hintTable": {"rows": [[{"hint": "movie", "colspan": 1}], [{"hint": "film", "colspan": 1}]], "references": []}, "tts": "https://d1vq87e9lcf771.cloudfront.net/oscarfr/59e1ee29edb808406698741052a81aca"}, {"value": " "}, {"value": "romantique", "hintTable": {"rows": [[{"hint": "romantic", "colspan": 1}]], "references": []}, "tts": "https://d1vq87e9lcf771.cloudfront.net/oscarfr/d71dbcfc0e8f0b801fbcdf9796b4fea9"}, {"value": " "}, {"value": "!"}]}, "subtext": {"styledString": {"text": "Where are the tissues? We shouldn't have chosen a romantic movie!", "styling": [{"styleClass": "light", "from": 0, "to": 65, "attributes": {}}]}, "tokenTTS": {"tokenTTSCollection": []}}, "gender": "male", "character": "oscar", "ttsURL": "https://d1vq87e9lcf771.cloudfront.net/oscarfr/c1c509070c401f0cb182d2d4f2d458e4"}]}, "meta": {"sectionIndex": 0, "backgroundColor": null}}, {"type": "dialogue", "element": {"phrases": [{"text": {"styledString": {"text": "Tu as dit que tu voulais regarder cette s\u00e9rie polici\u00e8re, non ?", "styling": [{"styleClass": "text", "from": 0, "to": 62, "attributes": {}}]}, "tokenTTS": {"tokenTTSCollection": []}, "blockHints": [{"value": "Tu", "hintTable": {"headers": ["tu", "as"], "rows": [[{"hint": "you've", "colspan": 2}], [{"hint": "you", "colspan": 1}, {"colspan": 1}], [{"hint": "you'll", "colspan": 1}, {"colspan": 1}]], "references": [1]}, "tts": "https://d1vq87e9lcf771.cloudfront.net/lucyfr/636b27b38b35b1c0e1b9a2de4487bdb5"}, {"value": " "}, {"value": "as", "hintTable": {"headers": ["as-", "...", "dit"], "rows": [[{"hint": "did say", "colspan": 3}], [{"hint": "said", "colspan": 2}, {"colspan": 1}], [{"hint": "have", "colspan": 1}, {"colspan": 1}, {"colspan": 1}], [{"hint": "feel", "colspan": 1}, {"colspan": 1}, {"colspan": 1}]], "references": [0]}, "tts": "https://d1vq87e9lcf771.cloudfront.net/lucyfr/ea005b0837dc4024871aab802f1af3fa"}, {"value": " "}, {"value": "dit", "hintTable": {"headers": ["as-", "...", "dit"], "rows": [[{"hint": "did say", "colspan": 3}], [{"colspan": 1}, {"hint": "said", "colspan": 2}], [{"colspan": 1}, {"colspan": 1}, {"hint": "said", "colspan": 1}], [{"colspan": 1}, {"colspan": 1}, {"hint": "tell", "colspan": 1}]], "references": [1]}, "tts": "https://d1vq87e9lcf771.cloudfront.net/lucyfr/08ec2e81a0f05d545cf3da148bfe9e4e"}, {"value": " "}, {"value": "que", "hintTable": {"rows": [[{"hint": "that", "colspan": 1}], [{"hint": "than", "colspan": 1}], [{"hint": "those", "colspan": 1}]], "references": []}, "tts": "https://d1vq87e9lcf771.cloudfront.net/lucyfr/e871af9c5d51f749cc7698f0332515fb"}, {"value": " "}, {"value": "tu", "hintTable": {"rows": [[{"hint": "you", "colspan": 1}], [{"hint": "you'll", "colspan": 1}]], "references": []}, "tts": "https://d1vq87e9lcf771.cloudfront.net/lucyfr/d8acb03f538ed7eac6bad44c792cbcec"}, {"value": " "}, {"value": "voulais", "hintTable": {"rows": [[{"hint": "wanted", "colspan": 1}]], "references": []}, "tts": "https://d1vq87e9lcf771.cloudfront.net/lucyfr/4f1d7de72d033b7baa3024ac319dcb2f"}, {"value": " "}, {"value": "regarder", "hintTable": {"rows": [[{"hint": "looking at", "colspan": 1}], [{"hint": "watching", "colspan": 1}], [{"hint": "look at", "colspan": 1}]], "references": []}, "tts": "https://d1vq87e9lcf771.cloudfront.net/lucyfr/285c09cf32ed35a2bdea230f6c670f55"}, {"value": " "}, {"value": "cette", "hintTable": {"rows": [[{"hint": "this", "colspan": 1}], [{"hint": "that", "colspan": 1}]], "references": []}, "tts": "https://d1vq87e9lcf771.cloudfront.net/lucyfr/94c95ae421158918fd19ad9165106bd5"}, {"value": " "}, {"value": "s\u00e9rie", "hintTable": {"rows": [[{"hint": "TV series", "colspan": 1}], [{"hint": "series", "colspan": 1}], [{"hint": "set", "colspan": 1}]], "references": []}, "tts": "https://d1vq87e9lcf771.cloudfront.net/lucyfr/be09ac7c9cdb0cb07694c9b52b1dd50c"}, {"value": " "}, {"value": "polici\u00e8re", "hintTable": {"rows": [[{"hint": "police officer", "colspan": 1}], [{"hint": "detective", "colspan": 1}]], "references": []}, "tts": "https://d1vq87e9lcf771.cloudfront.net/lucyfr/b0bac8d31738235bdbbc7d4f90603cb4"}, {"value": ","}, {"value": " "}, {"value": "non", "hintTable": {"rows": [[{"hint": "is not", "colspan": 1}], [{"hint": "no", "colspan": 1}], [{"hint": "does not", "colspan": 1}]], "references": []}, "tts": "https://d1vq87e9lcf771.cloudfront.net/lucyfr/f3488d1c5792bb86e2990f53fc0320d7"}, {"value": " "}, {"value": "?"}]}, "subtext": {"styledString": {"text": "You said you wanted to watch this detective series, right?", "styling": [{"styleClass": "light", "from": 0, "to": 58, "attributes": {}}]}, "tokenTTS": {"tokenTTSCollection": []}}, "gender": "female", "character": "lucy", "ttsURL": "https://d1vq87e9lcf771.cloudfront.net/lucyfr/3316101ad4dad62ec273962ef0981528"}, {"text": {"styledString": {"text": "Si ! J'esp\u00e8re qu'on pourra regarder le premier \u00e9pisode ensemble.", "styling": [{"styleClass": "text", "from": 0, "to": 64, "attributes": {}}]}, "tokenTTS": {"tokenTTSCollection": []}, "blockHints": [{"value": "Si", "hintTable": {"rows": [[{"hint": "was he", "colspan": 1}], [{"hint": "should he", "colspan": 1}], [{"hint": "is he", "colspan": 1}]], "references": []}, "tts": "https://d1vq87e9lcf771.cloudfront.net/linfr/167e6e8724fa4ebc57e1b8973b3db899"}, {"value": " "}, {"value": "!"}, {"value": " "}, {"value": "J'", "hintTable": {"rows": [[{"hint": "I", "colspan": 1}]], "references": []}, "tts": "https://d1vq87e9lcf771.cloudfront.net/linfr/d75e84f3eb7327be5c9fc39e1bdaa51c"}, {"value": "esp\u00e8re", "hintTable": {"rows": [[{"hint": "hope", "colspan": 1}], [{"hint": "am hoping", "colspan": 1}], [{"hint": "hopes", "colspan": 1}]], "references": []}, "tts": "https://d1vq87e9lcf771.cloudfront.net/linfr/987100e9294c5b31c9e8fed1237464ca"}, {"value": " "}, {"value": "qu'", "hintTable": {"headers": ["qu'", "on"], "rows": [[{"hint": "for us", "colspan": 2}], [{"hint": "only", "colspan": 1}, {"colspan": 1}], [{"hint": "that", "colspan": 1}, {"colspan": 1}], [{"hint": "than", "colspan": 1}, {"colspan": 1}]], "references": [4]}, "tts": "https://d1vq87e9lcf771.cloudfront.net/linfr/15cf3dbd81360cf8aceebda14c763352"}, {"value": "on", "hintTable": {"headers": ["qu'", "on"], "rows": [[{"hint": "for us", "colspan": 2}], [{"colspan": 1}, {"hint": "we", "colspan": 1}], [{"colspan": 1}, {"hint": "one", "colspan": 1}], [{"colspan": 1}, {"hint": "they", "colspan": 1}]], "references": [3]}, "tts": "https://d1vq87e9lcf771.cloudfront.net/linfr/241af63fd9571f3c91b2f63ed62859d1"}, {"value": " "}, {"value": "pourra", "hintTable": {"rows": [[{"hint": "will be able to", "colspan": 1}], [{"hint": "can", "colspan": 1}]], "references": []}, "tts": "https://d1vq87e9lcf771.cloudfront.net/linfr/d88cc6ed6924613cc791425225cf07da"}, {"value": " "}, {"value": "regarder", "hintTable": {"rows": [[{"hint": "looking at", "colspan": 1}], [{"hint": "watching", "colspan": 1}], [{"hint": "look at", "colspan": 1}]], "references": []}, "tts": "https://d1vq87e9lcf771.cloudfront.net/linfr/9ee33d911b22a68db2bc3b0e43b939bf"}, {"value": " "}, {"value": "le", "hintTable": {"headers": ["le", "premier"], "rows": [[{"hint": "first", "colspan": 2}], [{"hint": "your", "colspan": 1}, {"colspan": 1}], [{"hint": "her", "colspan": 1}, {"colspan": 1}], [{"hint": "the", "colspan": 1}, {"colspan": 1}]], "references": [8]}, "tts": "https://d1vq87e9lcf771.cloudfront.net/linfr/9da45653e4bbf323c6268e2d8db6bfb1"}, {"value": " "}, {"value": "premier", "hintTable": {"headers": ["le", "premier"], "rows": [[{"hint": "first", "colspan": 2}], [{"colspan": 1}, {"hint": "first", "colspan": 1}], [{"colspan": 1}, {"hint": "first one", "colspan": 1}]], "references": [7]}, "tts": "https://d1vq87e9lcf771.cloudfront.net/linfr/21a180ed2a557b23aa3cf52eb309c4cb"}, {"value": " "}, {"value": "\u00e9pisode", "hintTable": {"rows": [[{"hint": "episode", "colspan": 1}]], "references": []}, "tts": "https://d1vq87e9lcf771.cloudfront.net/linfr/fb89f027368facddb12c2505e726831e"}, {"value": " "}, {"value": "ensemble", "hintTable": {"rows": [[{"hint": "together", "colspan": 1}]], "references": []}, "tts": "https://d1vq87e9lcf771.cloudfront.net/linfr/93189b83ed48d1b0d660b5fd26092253"}, {"value": "."}]}, "subtext": {"styledString": {"text": "Yes! I hope we can watch the first episode together!", "styling": [{"styleClass": "light", "from": 0, "to": 52, "attributes": {}}]}, "tokenTTS": {"tokenTTSCollection": []}}, "gender": "female", "character": "lin", "ttsURL": "https://d1vq87e9lcf771.cloudfront.net/linfr/8496a2d0add3964c998fe7f3a61cd2a4"}]}, "meta": {"sectionIndex": 0, "backgroundColor": null}}]}