{"elements": [{"type": "verticalSpace", "element": 2, "meta": {"autoPlayableTTS": [], "sectionIndex": 0, "backgroundColor": "E5E5E5"}}, {"type": "verticalSpace", "element": 24, "meta": {"autoPlayableTTS": [], "sectionIndex": 0, "backgroundColor": null}}, {"type": "text", "element": {"styledString": {"text": "KEY PHRASES", "styling": [{"from": 0, "to": 11, "attributes": {"alignment": "left", "fontSize": 17, "fontWeight": "bold", "textColor": "1CB0F6", "lineSpacing": 4}}]}, "tokenTTS": {"tokenTTSCollection": []}}, "meta": {"autoPlayableTTS": [], "sectionIndex": 0, "backgroundColor": null}}, {"type": "verticalSpace", "element": 8, "meta": {"autoPlayableTTS": [], "sectionIndex": 0, "backgroundColor": null}}, {"type": "text", "element": {"styledString": {"text": "Form the subjunctive", "styling": [{"from": 0, "to": 20, "attributes": {"alignment": "left", "fontSize": 25, "fontWeight": "bold", "textColor": "4B4B4B", "lineSpacing": 4}}]}, "tokenTTS": {"tokenTTSCollection": []}}, "meta": {"autoPlayableTTS": [], "sectionIndex": 0, "backgroundColor": null}}, {"type": "verticalSpace", "element": 16, "meta": {"autoPlayableTTS": [], "sectionIndex": 0, "backgroundColor": null}}, {"type": "dialogue", "element": {"phrases": [{"text": {"styledString": {"text": "Es mejor que le explique su problema al supervisor.", "styling": [{"from": 0, "to": 51, "attributes": {"alignment": "left", "fontSize": 19, "fontWeight": "normal", "textColor": "4B4B4B", "lineSpacing": 5}}]}, "tokenTTS": {"tokenTTSCollection": []}, "blockHints": [{"value": "Es", "hintTable": {"rows": [[{"hint": "it's", "colspan": 1}], [{"hint": "(it) is", "colspan": 1}], [{"hint": "(she) is", "colspan": 1}]], "references": []}, "tts": "https://d1vq87e9lcf771.cloudfront.net/miguel/88bcf53446c728520f69b8a164c6e011"}, {"value": " "}, {"value": "mejor", "hintTable": {"rows": [[{"hint": "the better", "colspan": 1}], [{"hint": "better", "colspan": 1}], [{"hint": "best", "colspan": 1}]], "references": []}, "tts": "https://d1vq87e9lcf771.cloudfront.net/miguel/909d35c91776be3f61a8d06ee8663f04"}, {"value": " "}, {"value": "que", "hintTable": {"rows": [[{"hint": "for", "colspan": 1}], [{"hint": "to", "colspan": 1}], [{"hint": "that", "colspan": 1}]], "references": []}, "tts": "https://d1vq87e9lcf771.cloudfront.net/miguel/a1ac789b0b8d37cb82d476eff39cdd67"}, {"value": " "}, {"value": "le", "hintTable": {"rows": [[{"hint": "to her", "colspan": 1}], [{"hint": "her", "colspan": 1}], [{"hint": "they", "colspan": 1}]], "references": []}, "tts": "https://d1vq87e9lcf771.cloudfront.net/miguel/5294d7c142fb663d4095a409656be72f"}, {"value": " "}, {"value": "explique", "hintTable": {"rows": [[{"hint": "explain", "colspan": 1}], [{"hint": "explains", "colspan": 1}]], "references": []}, "tts": "https://d1vq87e9lcf771.cloudfront.net/miguel/c956eb7221bfea2649c7aed44ce7e3c5"}, {"value": " "}, {"value": "su", "hintTable": {"rows": [[{"hint": "her", "colspan": 1}], [{"hint": "your", "colspan": 1}], [{"hint": "their", "colspan": 1}]], "references": []}, "tts": "https://d1vq87e9lcf771.cloudfront.net/miguel/84ac4eee161ef292a0f03e85344833df"}, {"value": " "}, {"value": "problema", "hintTable": {"rows": [[{"hint": "problem", "colspan": 1}], [{"hint": "issue", "colspan": 1}], [{"hint": "problems", "colspan": 1}]], "references": []}, "tts": "https://d1vq87e9lcf771.cloudfront.net/miguel/a3825ea49e4ca910918b7ad3159361ee"}, {"value": " "}, {"value": "al", "hintTable": {"rows": [[{"hint": "to the", "colspan": 1}], [{"hint": "for the", "colspan": 1}], [{"hint": "the", "colspan": 1}]], "references": []}, "tts": "https://d1vq87e9lcf771.cloudfront.net/miguel/96cab1b14b78e988600b8ec5432007c6"}, {"value": " "}, {"value": "supervisor", "hintTable": {"rows": [[{"hint": "supervisor", "colspan": 1}]], "references": []}, "tts": "https://d1vq87e9lcf771.cloudfront.net/miguel/582e2936f7f9d07a40c44ccd0f4fed57"}, {"value": "."}]}, "subtext": {"styledString": {"text": "It's better for her to explain her problem to the supervisor.", "styling": [{"from": 0, "to": 61, "attributes": {"alignment": "left", "fontSize": 19, "fontWeight": "normal", "textColor": "AFAFAF", "lineSpacing": 5}}]}, "tokenTTS": {"tokenTTSCollection": []}}, "ttsURL": "https://d1vq87e9lcf771.cloudfront.net/miguel/238e41f5b79b39724bf1553e181e2053"}]}, "meta": {"autoPlayableTTS": [], "sectionIndex": 0, "backgroundColor": null}}, {"type": "verticalSpace", "element": 16, "meta": {"autoPlayableTTS": [], "sectionIndex": 0, "backgroundColor": null}}, {"type": "dialogue", "element": {"phrases": [{"text": {"styledString": {"text": "Cuando pagues con la tarjeta, tendr\u00e1s que pedir el recibo.", "styling": [{"from": 0, "to": 58, "attributes": {"alignment": "left", "fontSize": 19, "fontWeight": "normal", "textColor": "4B4B4B", "lineSpacing": 5}}]}, "tokenTTS": {"tokenTTSCollection": []}, "blockHints": [{"value": "Cuando", "hintTable": {"rows": [[{"hint": "when", "colspan": 1}], [{"hint": "by the time", "colspan": 1}], [{"hint": "whenever", "colspan": 1}]], "references": []}, "tts": "https://d1vq87e9lcf771.cloudfront.net/miguel/e4104e82741c212285868a163c377ad6"}, {"value": " "}, {"value": "pagues", "hintTable": {"rows": [[{"hint": "(you) pay for", "colspan": 1}], [{"hint": "(you) pay", "colspan": 1}], [{"hint": "pay", "colspan": 1}]], "references": []}, "tts": "https://d1vq87e9lcf771.cloudfront.net/miguel/ed34a7d4efdd8d8fb60fae8ddf1b5c4c"}, {"value": " "}, {"value": "con", "hintTable": {"rows": [[{"hint": "with", "colspan": 1}], [{"hint": "to", "colspan": 1}], [{"hint": "by", "colspan": 1}]], "references": []}, "tts": "https://d1vq87e9lcf771.cloudfront.net/miguel/d7193db818951a8d1c580fbb779f1d5d"}, {"value": " "}, {"value": "la", "hintTable": {"rows": [[{"hint": "the", "colspan": 1}], [{"hint": "your", "colspan": 1}], [{"hint": "her", "colspan": 1}]], "references": []}, "tts": "https://d1vq87e9lcf771.cloudfront.net/miguel/e9ea010281921357dd4b130d51e7488b"}, {"value": " "}, {"value": "tarjeta", "hintTable": {"rows": [[{"hint": "card", "colspan": 1}], [{"hint": "business card", "colspan": 1}]], "references": []}, "tts": "https://d1vq87e9lcf771.cloudfront.net/miguel/c946d4250e170cb8b14798d33c691e6f"}, {"value": ","}, {"value": " "}, {"value": "tendr\u00e1s", "hintTable": {"headers": ["tendr\u00e1s", "que"], "rows": [[{"hint": "(you) will have to", "colspan": 2}], [{"hint": "(you'll) need to", "colspan": 2}], [{"hint": "must", "colspan": 2}], [{"hint": "have", "colspan": 1}, {"colspan": 1}], [{"hint": "(you) will have", "colspan": 1}, {"colspan": 1}], [{"hint": "you'll be", "colspan": 1}, {"colspan": 1}]], "references": [6]}, "tts": "https://d1vq87e9lcf771.cloudfront.net/miguel/f8e67d473c6dcbf8015f33cd004c5483"}, {"value": " "}, {"value": "que", "hintTable": {"headers": ["tendr\u00e1s", "que"], "rows": [[{"hint": "(you) will have to", "colspan": 2}], [{"hint": "(you'll) need to", "colspan": 2}], [{"hint": "must", "colspan": 2}], [{"colspan": 1}, {"hint": "for", "colspan": 1}], [{"colspan": 1}, {"hint": "to", "colspan": 1}], [{"colspan": 1}, {"hint": "because", "colspan": 1}]], "references": [5]}, "tts": "https://d1vq87e9lcf771.cloudfront.net/miguel/a1ac789b0b8d37cb82d476eff39cdd67"}, {"value": " "}, {"value": "pedir", "hintTable": {"rows": [[{"hint": "(to) ask for", "colspan": 1}], [{"hint": "ask", "colspan": 1}], [{"hint": "(to) make", "colspan": 1}]], "references": []}, "tts": "https://d1vq87e9lcf771.cloudfront.net/miguel/5754cb48e946db17e268b8ef0e6f0452"}, {"value": " "}, {"value": "el", "hintTable": {"rows": [[{"hint": "the", "colspan": 1}], [{"hint": "your", "colspan": 1}], [{"hint": "on", "colspan": 1}]], "references": []}, "tts": "https://d1vq87e9lcf771.cloudfront.net/penelope/b47f0c6243dc0dd607abd744189eec05"}, {"value": " "}, {"value": "recibo", "hintTable": {"rows": [[{"hint": "receipt", "colspan": 1}], [{"hint": "greet", "colspan": 1}], [{"hint": "(I) get", "colspan": 1}]], "references": []}, "tts": "https://d1vq87e9lcf771.cloudfront.net/miguel/ee9c3b87188cb6ab4b4dcd07bdf4ba17"}, {"value": "."}]}, "subtext": {"styledString": {"text": "When you pay with the card, you'll have to ask for the receipt.", "styling": [{"from": 0, "to": 63, "attributes": {"alignment": "left", "fontSize": 19, "fontWeight": "normal", "textColor": "AFAFAF", "lineSpacing": 5}}]}, "tokenTTS": {"tokenTTSCollection": []}}, "ttsURL": "https://d1vq87e9lcf771.cloudfront.net/miguel/e0c86d54ab3fea0d55d44c394a928354"}]}, "meta": {"autoPlayableTTS": [], "sectionIndex": 0, "backgroundColor": null}}, {"type": "verticalSpace", "element": 16, "meta": {"autoPlayableTTS": [], "sectionIndex": 0, "backgroundColor": null}}, {"type": "dialogue", "element": {"phrases": [{"text": {"styledString": {"text": "Ojal\u00e1 que los art\u00edculos de la perfumer\u00eda est\u00e9n en oferta.", "styling": [{"from": 0, "to": 57, "attributes": {"alignment": "left", "fontSize": 19, "fontWeight": "normal", "textColor": "4B4B4B", "lineSpacing": 5}}]}, "tokenTTS": {"tokenTTSCollection": []}, "blockHints": [{"value": "Ojal\u00e1", "hintTable": {"headers": ["ojal\u00e1", "que"], "rows": [[{"hint": "hopefully", "colspan": 2}], [{"hint": "hopefully", "colspan": 1}, {"colspan": 1}], [{"hint": "I hope", "colspan": 1}, {"colspan": 1}], [{"hint": "I wish", "colspan": 1}, {"colspan": 1}]], "references": [1]}, "tts": "https://d1vq87e9lcf771.cloudfront.net/miguel/9a2fcd03967899391788eebdf1dc9174"}, {"value": " "}, {"value": "que", "hintTable": {"headers": ["ojal\u00e1", "que"], "rows": [[{"hint": "hopefully", "colspan": 2}], [{"colspan": 1}, {"hint": "that", "colspan": 1}], [{"colspan": 1}, {"hint": "I hope", "colspan": 1}], [{"colspan": 1}, {"hint": "to", "colspan": 1}]], "references": [0]}, "tts": "https://d1vq87e9lcf771.cloudfront.net/miguel/a1ac789b0b8d37cb82d476eff39cdd67"}, {"value": " "}, {"value": "los", "hintTable": {"rows": [[{"hint": "the", "colspan": 1}], [{"hint": "on", "colspan": 1}], [{"hint": "their", "colspan": 1}]], "references": []}, "tts": "https://d1vq87e9lcf771.cloudfront.net/miguel/d863d8aa552c7c1c67edddbdd43fc33f"}, {"value": " "}, {"value": "art\u00edculos", "hintTable": {"rows": [[{"hint": "items", "colspan": 1}], [{"hint": "better", "colspan": 1}], [{"hint": "best", "colspan": 1}]], "references": []}, "tts": "https://d1vq87e9lcf771.cloudfront.net/miguel/8641c6cd3f45357d138c01a9fb9d4e5a"}, {"value": " "}, {"value": "de", "hintTable": {"headers": ["de", "la"], "rows": [[{"hint": "'s", "colspan": 2}], [{"hint": "at", "colspan": 1}, {"colspan": 1}], [{"hint": "on", "colspan": 1}, {"colspan": 1}], [{"hint": "the", "colspan": 1}, {"colspan": 1}]], "references": [5]}, "tts": "https://d1vq87e9lcf771.cloudfront.net/miguel/7c3dc4295f4bfedec518e38299ea8dc5"}, {"value": " "}, {"value": "la", "hintTable": {"headers": ["de", "la"], "rows": [[{"hint": "'s", "colspan": 2}], [{"colspan": 1}, {"hint": "the", "colspan": 1}], [{"colspan": 1}, {"hint": "your", "colspan": 1}], [{"colspan": 1}, {"hint": "her", "colspan": 1}]], "references": [4]}, "tts": "https://d1vq87e9lcf771.cloudfront.net/miguel/e9ea010281921357dd4b130d51e7488b"}, {"value": " "}, {"value": "perfumer\u00eda", "hintTable": {"rows": [[{"hint": "perfume shop", "colspan": 1}]], "references": []}, "tts": "https://d1vq87e9lcf771.cloudfront.net/miguel/e6df7d3ee8fd05f504cc60798e9f68c0"}, {"value": " "}, {"value": "est\u00e9n", "hintTable": {"rows": [[{"hint": "be", "colspan": 1}], [{"hint": "are", "colspan": 1}]], "references": []}, "tts": "https://d1vq87e9lcf771.cloudfront.net/miguel/a643d791f8e85e87a5e7fe9eac83f174"}, {"value": " "}, {"value": "en", "hintTable": {"rows": [[{"hint": "at", "colspan": 1}], [{"hint": "on", "colspan": 1}], [{"hint": "to", "colspan": 1}]], "references": []}, "tts": "https://d1vq87e9lcf771.cloudfront.net/miguel/953baa0ff97009a5374e3a2695ce7f5c"}, {"value": " "}, {"value": "oferta", "hintTable": {"rows": [[{"hint": "sale", "colspan": 1}], [{"hint": "offer", "colspan": 1}]], "references": []}, "tts": "https://d1vq87e9lcf771.cloudfront.net/miguel/a4063d4f0a0a3c8f499ebb8fb56d94f4"}, {"value": "."}]}, "subtext": {"styledString": {"text": "Hopefully, the items at the perfume shop will be on sale.", "styling": [{"from": 0, "to": 57, "attributes": {"alignment": "left", "fontSize": 19, "fontWeight": "normal", "textColor": "AFAFAF", "lineSpacing": 5}}]}, "tokenTTS": {"tokenTTSCollection": []}}, "ttsURL": "https://d1vq87e9lcf771.cloudfront.net/miguel/759beedf5d8bb33c4e3cbc4960a2121f"}]}, "meta": {"autoPlayableTTS": [], "sectionIndex": 0, "backgroundColor": null}}, {"type": "verticalSpace", "element": 16, "meta": {"autoPlayableTTS": [], "sectionIndex": 0, "backgroundColor": null}}, {"type": "dialogue", "element": {"phrases": [{"text": {"styledString": {"text": "Cuando comiencen las rebajas, tendr\u00e1n mejores precios.", "styling": [{"from": 0, "to": 54, "attributes": {"alignment": "left", "fontSize": 19, "fontWeight": "normal", "textColor": "4B4B4B", "lineSpacing": 5}}]}, "tokenTTS": {"tokenTTSCollection": []}, "blockHints": [{"value": "Cuando", "hintTable": {"rows": [[{"hint": "when", "colspan": 1}], [{"hint": "by the time", "colspan": 1}], [{"hint": "while", "colspan": 1}]], "references": []}, "tts": "https://d1vq87e9lcf771.cloudfront.net/miguel/e4104e82741c212285868a163c377ad6"}, {"value": " "}, {"value": "comiencen", "hintTable": {"rows": [[{"hint": "start", "colspan": 1}], [{"hint": "(they/you-plural) begin", "colspan": 1}], [{"hint": "begin!", "colspan": 1}]], "references": []}, "tts": "https://d1vq87e9lcf771.cloudfront.net/miguel/8295745db24b2840fa9ca1c460c060f5"}, {"value": " "}, {"value": "las", "hintTable": {"rows": [[{"hint": "the", "colspan": 1}], [{"hint": "your", "colspan": 1}], [{"hint": "their", "colspan": 1}]], "references": []}, "tts": "https://d1vq87e9lcf771.cloudfront.net/miguel/091132295dc9ca2d2c6c7bec077b625b"}, {"value": " "}, {"value": "rebajas", "hintTable": {"rows": [[{"hint": "sales", "colspan": 1}], [{"hint": "thin", "colspan": 1}], [{"hint": "sale", "colspan": 1}]], "references": []}, "tts": "https://d1vq87e9lcf771.cloudfront.net/miguel/cc3abfa7ce8911b63072e4019ea132b8"}, {"value": ","}, {"value": " "}, {"value": "tendr\u00e1n", "hintTable": {"rows": [[{"hint": "they'll have", "colspan": 1}], [{"hint": "have", "colspan": 1}], [{"hint": "must have", "colspan": 1}]], "references": []}, "tts": "https://d1vq87e9lcf771.cloudfront.net/miguel/fc29852cbe34c0ea46a2071b5f88ba44"}, {"value": " "}, {"value": "mejores", "hintTable": {"rows": [[{"hint": "better", "colspan": 1}], [{"hint": "best", "colspan": 1}], [{"hint": "fondest", "colspan": 1}]], "references": []}, "tts": "https://d1vq87e9lcf771.cloudfront.net/miguel/09f1cca6eb951b586c9fbcf7960cb265"}, {"value": " "}, {"value": "precios", "hintTable": {"rows": [[{"hint": "prices", "colspan": 1}]], "references": []}, "tts": "https://d1vq87e9lcf771.cloudfront.net/miguel/0dbedff0fb8ab1782996a90046403db1"}, {"value": "."}]}, "subtext": {"styledString": {"text": "When the sales start, they'll have better prices.", "styling": [{"from": 0, "to": 49, "attributes": {"alignment": "left", "fontSize": 19, "fontWeight": "normal", "textColor": "AFAFAF", "lineSpacing": 5}}]}, "tokenTTS": {"tokenTTSCollection": []}}, "ttsURL": "https://d1vq87e9lcf771.cloudfront.net/miguel/6d7f24caca2b68dffca30cf4c7691aae"}]}, "meta": {"autoPlayableTTS": [], "sectionIndex": 0, "backgroundColor": null}}, {"type": "verticalSpace", "element": 16, "meta": {"autoPlayableTTS": [], "sectionIndex": 0, "backgroundColor": null}}, {"type": "dialogue", "element": {"phrases": [{"text": {"styledString": {"text": "Una vez que haga el pedido, \u00bfpuedo rastrear el env\u00edo?", "styling": [{"from": 0, "to": 53, "attributes": {"alignment": "left", "fontSize": 19, "fontWeight": "normal", "textColor": "4B4B4B", "lineSpacing": 5}}]}, "tokenTTS": {"tokenTTSCollection": []}, "blockHints": [{"value": "Una", "hintTable": {"headers": ["una", "vez", "que"], "rows": [[{"hint": "once", "colspan": 3}], [{"hint": "once", "colspan": 2}, {"colspan": 1}], [{"hint": "once", "colspan": 1}, {"colspan": 1}, {"colspan": 1}], [{"hint": "a", "colspan": 1}, {"colspan": 1}, {"colspan": 1}], [{"hint": "an", "colspan": 1}, {"colspan": 1}, {"colspan": 1}]], "references": [1]}, "tts": "https://d1vq87e9lcf771.cloudfront.net/miguel/9f4116cf1d768fa9eb00e290f9285cc7"}, {"value": " "}, {"value": "vez", "hintTable": {"headers": ["una", "vez", "que"], "rows": [[{"hint": "once", "colspan": 3}], [{"hint": "once", "colspan": 2}, {"colspan": 1}], [{"colspan": 1}, {"hint": "time", "colspan": 1}, {"colspan": 1}]], "references": [0]}, "tts": "https://d1vq87e9lcf771.cloudfront.net/miguel/897f2365f5f3979c44e76469d2764dba"}, {"value": " "}, {"value": "que", "hintTable": {"headers": ["una", "vez", "que"], "rows": [[{"hint": "once", "colspan": 3}], [{"colspan": 1}, {"colspan": 1}, {"hint": "I hope", "colspan": 1}], [{"colspan": 1}, {"colspan": 1}, {"hint": "as", "colspan": 1}], [{"colspan": 1}, {"colspan": 1}, {"hint": "to", "colspan": 1}]], "references": [0, 1]}, "tts": "https://d1vq87e9lcf771.cloudfront.net/miguel/a1ac789b0b8d37cb82d476eff39cdd67"}, {"value": " "}, {"value": "haga", "hintTable": {"headers": ["haga", "el", "pedido"], "rows": [[{"hint": "place the order", "colspan": 3}], [{"hint": "(you) make", "colspan": 1}, {"colspan": 1}, {"colspan": 1}], [{"hint": "(he) makes", "colspan": 1}, {"colspan": 1}, {"colspan": 1}], [{"hint": "make", "colspan": 1}, {"colspan": 1}, {"colspan": 1}]], "references": [4, 5]}, "tts": "https://d1vq87e9lcf771.cloudfront.net/miguel/e30ff749a2ddcf89773cf612008d566b"}, {"value": " "}, {"value": "el", "hintTable": {"headers": ["haga", "el", "pedido"], "rows": [[{"hint": "place the order", "colspan": 3}], [{"colspan": 1}, {"hint": "the", "colspan": 1}, {"colspan": 1}], [{"colspan": 1}, {"hint": "your", "colspan": 1}, {"colspan": 1}], [{"colspan": 1}, {"hint": "her", "colspan": 1}, {"colspan": 1}]], "references": [3, 5]}, "tts": "https://d1vq87e9lcf771.cloudfront.net/penelope/b47f0c6243dc0dd607abd744189eec05"}, {"value": " "}, {"value": "pedido", "hintTable": {"headers": ["haga", "el", "pedido"], "rows": [[{"hint": "place the order", "colspan": 3}], [{"colspan": 1}, {"colspan": 1}, {"hint": "order", "colspan": 1}], [{"colspan": 1}, {"colspan": 1}, {"hint": "ordered", "colspan": 1}], [{"colspan": 1}, {"colspan": 1}, {"hint": "asked", "colspan": 1}]], "references": [3, 4]}, "tts": "https://d1vq87e9lcf771.cloudfront.net/miguel/36a3118e6e8563731ac5391960d20f59"}, {"value": ","}, {"value": " "}, {"value": "\u00bf"}, {"value": "puedo", "hintTable": {"rows": [[{"hint": "(I) can", "colspan": 1}], [{"hint": "can", "colspan": 1}], [{"hint": "may I", "colspan": 1}]], "references": []}, "tts": "https://d1vq87e9lcf771.cloudfront.net/miguel/a99172ac632f6958de41d6640a6ee779"}, {"value": " "}, {"value": "rastrear", "hintTable": {"rows": [[{"hint": "track", "colspan": 1}], [{"hint": "sweep", "colspan": 1}]], "references": []}, "tts": "https://d1vq87e9lcf771.cloudfront.net/miguel/eb5f5581231b9c447d92683608a840ef"}, {"value": " "}, {"value": "el", "hintTable": {"rows": [[{"hint": "the", "colspan": 1}], [{"hint": "your", "colspan": 1}], [{"hint": "her", "colspan": 1}]], "references": []}, "tts": "https://d1vq87e9lcf771.cloudfront.net/penelope/b47f0c6243dc0dd607abd744189eec05"}, {"value": " "}, {"value": "env\u00edo", "hintTable": {"rows": [[{"hint": "shipping", "colspan": 1}], [{"hint": "(I) dispatch", "colspan": 1}], [{"hint": "(I) send", "colspan": 1}]], "references": []}, "tts": "https://d1vq87e9lcf771.cloudfront.net/miguel/f194da458d044d0b305fc4b46bf17d3d"}, {"value": "?"}]}, "subtext": {"styledString": {"text": "Once I place the order, can I track the shipping?", "styling": [{"from": 0, "to": 49, "attributes": {"alignment": "left", "fontSize": 19, "fontWeight": "normal", "textColor": "AFAFAF", "lineSpacing": 5}}]}, "tokenTTS": {"tokenTTSCollection": []}}, "ttsURL": "https://d1vq87e9lcf771.cloudfront.net/miguel/2c6ea6d9a39682b9ed286489b0b9e487"}, {"text": {"styledString": {"text": "S\u00ed, este es el n\u00famero para rastrear el pedido.", "styling": [{"from": 0, "to": 46, "attributes": {"alignment": "left", "fontSize": 19, "fontWeight": "normal", "textColor": "4B4B4B", "lineSpacing": 5}}]}, "tokenTTS": {"tokenTTSCollection": []}, "blockHints": [{"value": "S\u00ed", "hintTable": {"rows": [[{"hint": "we do", "colspan": 1}], [{"hint": "yeah", "colspan": 1}], [{"hint": "I do", "colspan": 1}]], "references": []}, "tts": "https://d1vq87e9lcf771.cloudfront.net/miguel/04b793f812f070e10d57115925381be8"}, {"value": ","}, {"value": " "}, {"value": "este", "hintTable": {"rows": [[{"hint": "this one", "colspan": 1}], [{"hint": "this", "colspan": 1}], [{"hint": "east", "colspan": 1}]], "references": []}, "tts": "https://d1vq87e9lcf771.cloudfront.net/penelope/17a49ff00fa9ba4fa313e03028290005"}, {"value": " "}, {"value": "es", "hintTable": {"rows": [[{"hint": "is", "colspan": 1}], [{"hint": "are you", "colspan": 1}], [{"hint": "it's", "colspan": 1}]], "references": []}, "tts": "https://d1vq87e9lcf771.cloudfront.net/miguel/88bcf53446c728520f69b8a164c6e011"}, {"value": " "}, {"value": "el", "hintTable": {"rows": [[{"hint": "the", "colspan": 1}], [{"hint": "your", "colspan": 1}], [{"hint": "her", "colspan": 1}]], "references": []}, "tts": "https://d1vq87e9lcf771.cloudfront.net/penelope/b47f0c6243dc0dd607abd744189eec05"}, {"value": " "}, {"value": "n\u00famero", "hintTable": {"rows": [[{"hint": "number", "colspan": 1}], [{"hint": "acting", "colspan": 1}], [{"hint": "acts", "colspan": 1}]], "references": []}, "tts": "https://d1vq87e9lcf771.cloudfront.net/miguel/cc230343decae84ad30225d3a614d286"}, {"value": " "}, {"value": "para", "hintTable": {"rows": [[{"hint": "with", "colspan": 1}], [{"hint": "for", "colspan": 1}], [{"hint": "is stopping", "colspan": 1}]], "references": []}, "tts": "https://d1vq87e9lcf771.cloudfront.net/miguel/6f3d0512a9245756279b8c3ebecaae1b"}, {"value": " "}, {"value": "rastrear", "hintTable": {"rows": [[{"hint": "track", "colspan": 1}], [{"hint": "sweep", "colspan": 1}]], "references": []}, "tts": "https://d1vq87e9lcf771.cloudfront.net/miguel/eb5f5581231b9c447d92683608a840ef"}, {"value": " "}, {"value": "el", "hintTable": {"rows": [[{"hint": "the", "colspan": 1}], [{"hint": "your", "colspan": 1}], [{"hint": "her", "colspan": 1}]], "references": []}, "tts": "https://d1vq87e9lcf771.cloudfront.net/penelope/b47f0c6243dc0dd607abd744189eec05"}, {"value": " "}, {"value": "pedido", "hintTable": {"rows": [[{"hint": "ordered", "colspan": 1}], [{"hint": "asked", "colspan": 1}], [{"hint": "requested", "colspan": 1}]], "references": []}, "tts": "https://d1vq87e9lcf771.cloudfront.net/miguel/36a3118e6e8563731ac5391960d20f59"}, {"value": "."}]}, "subtext": {"styledString": {"text": "Yes, this is the number to track the order.", "styling": [{"from": 0, "to": 43, "attributes": {"alignment": "left", "fontSize": 19, "fontWeight": "normal", "textColor": "AFAFAF", "lineSpacing": 5}}]}, "tokenTTS": {"tokenTTSCollection": []}}, "ttsURL": "https://d1vq87e9lcf771.cloudfront.net/miguel/2993609b1694a96a8294d7a367d65e32"}]}, "meta": {"autoPlayableTTS": [], "sectionIndex": 0, "backgroundColor": null}}, {"type": "verticalSpace", "element": 24, "meta": {"autoPlayableTTS": [], "sectionIndex": 0, "backgroundColor": null}}], "resourcesToPrefetch": [{"required": false, "url": "https://d1vq87e9lcf771.cloudfront.net/miguel/2993609b1694a96a8294d7a367d65e32", "type": "mp3"}, {"required": false, "url": "https://d1vq87e9lcf771.cloudfront.net/miguel/6d7f24caca2b68dffca30cf4c7691aae", "type": "mp3"}, {"required": false, "url": "https://d1vq87e9lcf771.cloudfront.net/miguel/2c6ea6d9a39682b9ed286489b0b9e487", "type": "mp3"}, {"required": false, "url": "https://d1vq87e9lcf771.cloudfront.net/miguel/e0c86d54ab3fea0d55d44c394a928354", "type": "mp3"}, {"required": false, "url": "https://d1vq87e9lcf771.cloudfront.net/miguel/238e41f5b79b39724bf1553e181e2053", "type": "mp3"}, {"required": false, "url": "https://d1vq87e9lcf771.cloudfront.net/miguel/759beedf5d8bb33c4e3cbc4960a2121f", "type": "mp3"}]}