{"elements": [{"type": "verticalSpace", "element": 2, "meta": {"autoPlayableTTS": [], "sectionIndex": 0, "backgroundColor": "E5E5E5"}}, {"type": "verticalSpace", "element": 24, "meta": {"autoPlayableTTS": [], "sectionIndex": 0, "backgroundColor": null}}, {"type": "text", "element": {"styledString": {"text": "KEY PHRASES", "styling": [{"from": 0, "to": 11, "attributes": {"alignment": "left", "fontSize": 17, "fontWeight": "bold", "textColor": "1CB0F6", "lineSpacing": 4}}]}, "tokenTTS": {"tokenTTSCollection": []}}, "meta": {"autoPlayableTTS": [], "sectionIndex": 0, "backgroundColor": null}}, {"type": "verticalSpace", "element": 8, "meta": {"autoPlayableTTS": [], "sectionIndex": 0, "backgroundColor": null}}, {"type": "text", "element": {"styledString": {"text": "Talk about festivals", "styling": [{"from": 0, "to": 20, "attributes": {"alignment": "left", "fontSize": 25, "fontWeight": "bold", "textColor": "4B4B4B", "lineSpacing": 4}}]}, "tokenTTS": {"tokenTTSCollection": []}}, "meta": {"autoPlayableTTS": [], "sectionIndex": 0, "backgroundColor": null}}, {"type": "verticalSpace", "element": 16, "meta": {"autoPlayableTTS": [], "sectionIndex": 0, "backgroundColor": null}}, {"type": "dialogue", "element": {"phrases": [{"text": {"styledString": {"text": "Il va bient\u00f4t y avoir un festival de danse.", "styling": [{"from": 0, "to": 43, "attributes": {"alignment": "left", "fontSize": 19, "fontWeight": "normal", "textColor": "4B4B4B", "lineSpacing": 5}}]}, "tokenTTS": {"tokenTTSCollection": []}, "blockHints": [{"value": "Il", "hintTable": {"headers": ["il", "va"], "rows": [[{"hint": "he's going", "colspan": 2}], [{"hint": "him", "colspan": 1}, {"colspan": 1}], [{"hint": "it", "colspan": 1}, {"colspan": 1}], [{"hint": "he", "colspan": 1}, {"colspan": 1}]], "references": [1]}, "tts": "https://d1vq87e9lcf771.cloudfront.net/danielle/2cc14eeacdf034fdbb20a8fbdb782326"}, {"value": " "}, {"value": "va", "hintTable": {"headers": ["il", "va"], "rows": [[{"hint": "he's going", "colspan": 2}], [{"colspan": 1}, {"hint": "is going", "colspan": 1}], [{"colspan": 1}, {"hint": "going", "colspan": 1}], [{"colspan": 1}, {"hint": "will", "colspan": 1}]], "references": [0]}, "tts": "https://d1vq87e9lcf771.cloudfront.net/danielle/7f1186315dd7902408941711dc0166cf"}, {"value": " "}, {"value": "bient\u00f4t", "hintTable": {"rows": [[{"hint": "soon", "colspan": 1}], [{"hint": "shortly", "colspan": 1}]], "references": []}, "tts": "https://d1vq87e9lcf771.cloudfront.net/danielle/ba0a622c089f2e543252b86e6074d3e6"}, {"value": " "}, {"value": "y", "hintTable": {"rows": [[{"hint": "there", "colspan": 1}], [{"hint": "to it", "colspan": 1}], [{"hint": "in it", "colspan": 1}]], "references": []}, "tts": "https://d1vq87e9lcf771.cloudfront.net/danielle/e85bc122d9c95886e919f2a99c5437c8"}, {"value": " "}, {"value": "avoir", "hintTable": {"rows": [[{"hint": "be", "colspan": 1}], [{"hint": "to have", "colspan": 1}], [{"hint": "getting", "colspan": 1}]], "references": []}, "tts": "https://d1vq87e9lcf771.cloudfront.net/danielle/9cff97e866eaf77c3fb054b9c6f4e4f3"}, {"value": " "}, {"value": "un", "hintTable": {"rows": [[{"hint": "a", "colspan": 1}], [{"hint": "an", "colspan": 1}], [{"hint": "one", "colspan": 1}]], "references": []}, "tts": "https://d1vq87e9lcf771.cloudfront.net/danielle/848ed0134fe5035cc26127d08f5412fe"}, {"value": " "}, {"value": "festival", "hintTable": {"rows": [[{"hint": "festival", "colspan": 1}]], "references": []}, "tts": "https://d1vq87e9lcf771.cloudfront.net/danielle/16f35413536b7f270d925b8c1225fdcb"}, {"value": " "}, {"value": "de", "hintTable": {"headers": ["de", "danse"], "rows": [[{"hint": "dancing", "colspan": 2}], [{"hint": "to", "colspan": 1}, {"colspan": 1}], [{"hint": "a", "colspan": 1}, {"colspan": 1}], [{"hint": "of", "colspan": 1}, {"colspan": 1}]], "references": [8]}, "tts": "https://d1vq87e9lcf771.cloudfront.net/danielle/440a31450593e609451ea2168f76e988"}, {"value": " "}, {"value": "danse", "hintTable": {"headers": ["de", "danse"], "rows": [[{"hint": "dancing", "colspan": 2}], [{"colspan": 1}, {"hint": "dance", "colspan": 1}], [{"colspan": 1}, {"hint": "is dancing", "colspan": 1}], [{"colspan": 1}, {"hint": "am dancing", "colspan": 1}]], "references": [7]}, "tts": "https://d1vq87e9lcf771.cloudfront.net/danielle/545ea6a1287c1a83c94bed47976992af"}, {"value": "."}]}, "subtext": {"styledString": {"text": "There is going to be a dance festival soon.", "styling": [{"from": 0, "to": 43, "attributes": {"alignment": "left", "fontSize": 19, "fontWeight": "normal", "textColor": "AFAFAF", "lineSpacing": 5}}]}, "tokenTTS": {"tokenTTSCollection": []}}, "ttsURL": "https://d1vq87e9lcf771.cloudfront.net/danielle/81d75b0105f43443d8df30499682937e"}, {"text": {"styledString": {"text": "Non, c'est un festival de musique irlandaise.", "styling": [{"from": 0, "to": 45, "attributes": {"alignment": "left", "fontSize": 19, "fontWeight": "normal", "textColor": "4B4B4B", "lineSpacing": 5}}]}, "tokenTTS": {"tokenTTSCollection": []}, "blockHints": [{"value": "Non", "hintTable": {"rows": [[{"hint": "is not", "colspan": 1}], [{"hint": "no", "colspan": 1}], [{"hint": "does not", "colspan": 1}]], "references": []}, "tts": "https://d1vq87e9lcf771.cloudfront.net/danielle/015ca584cfbc5f0a54a3066c0e1b9487"}, {"value": ","}, {"value": " "}, {"value": "c'", "hintTable": {"headers": ["c'", "est"], "rows": [[{"hint": "she is", "colspan": 2}], [{"hint": "it is", "colspan": 2}], [{"hint": "this is", "colspan": 2}], [{"hint": "she", "colspan": 1}, {"colspan": 1}], [{"hint": "this", "colspan": 1}, {"colspan": 1}], [{"hint": "that", "colspan": 1}, {"colspan": 1}]], "references": [2]}, "tts": "https://d1vq87e9lcf771.cloudfront.net/danielle/cef1db0bcfbaf9e2ebefb3be8843759d"}, {"value": "est", "hintTable": {"headers": ["c'", "est"], "rows": [[{"hint": "she is", "colspan": 2}], [{"hint": "it is", "colspan": 2}], [{"hint": "this is", "colspan": 2}], [{"colspan": 1}, {"hint": "is", "colspan": 1}], [{"colspan": 1}, {"hint": "east", "colspan": 1}], [{"colspan": 1}, {"hint": "feel", "colspan": 1}]], "references": [1]}, "tts": "https://d1vq87e9lcf771.cloudfront.net/beafr/878a35a874ca5ef63f6af2af92a1a0a4"}, {"value": " "}, {"value": "un", "hintTable": {"rows": [[{"hint": "an", "colspan": 1}], [{"hint": "a", "colspan": 1}], [{"hint": "one", "colspan": 1}]], "references": []}, "tts": "https://d1vq87e9lcf771.cloudfront.net/danielle/848ed0134fe5035cc26127d08f5412fe"}, {"value": " "}, {"value": "festival", "hintTable": {"rows": [[{"hint": "festival", "colspan": 1}]], "references": []}, "tts": "https://d1vq87e9lcf771.cloudfront.net/danielle/16f35413536b7f270d925b8c1225fdcb"}, {"value": " "}, {"value": "de", "hintTable": {"headers": ["de", "musique"], "rows": [[{"hint": "music", "colspan": 2}], [{"hint": "musical", "colspan": 2}], [{"hint": "any", "colspan": 1}, {"colspan": 1}], [{"hint": "with", "colspan": 1}, {"colspan": 1}], [{"hint": "off", "colspan": 1}, {"colspan": 1}]], "references": [6]}, "tts": "https://d1vq87e9lcf771.cloudfront.net/danielle/440a31450593e609451ea2168f76e988"}, {"value": " "}, {"value": "musique", "hintTable": {"headers": ["de", "musique"], "rows": [[{"hint": "music", "colspan": 2}], [{"hint": "musical", "colspan": 2}], [{"colspan": 1}, {"hint": "music", "colspan": 1}]], "references": [5]}, "tts": "https://d1vq87e9lcf771.cloudfront.net/danielle/420ee7f42fce3b25ae967a88f8c00b68"}, {"value": " "}, {"value": "irlandaise", "hintTable": {"rows": [[{"hint": "Irish", "colspan": 1}]], "references": []}, "tts": "https://d1vq87e9lcf771.cloudfront.net/danielle/b4f4552c395a104c281024d6365cdd63"}, {"value": "."}]}, "subtext": {"styledString": {"text": "No, it's an Irish music festival.", "styling": [{"from": 0, "to": 33, "attributes": {"alignment": "left", "fontSize": 19, "fontWeight": "normal", "textColor": "AFAFAF", "lineSpacing": 5}}]}, "tokenTTS": {"tokenTTSCollection": []}}, "ttsURL": "https://d1vq87e9lcf771.cloudfront.net/danielle/366a56289c49898628144ae4e299a26f"}]}, "meta": {"autoPlayableTTS": [], "sectionIndex": 0, "backgroundColor": null}}, {"type": "verticalSpace", "element": 16, "meta": {"autoPlayableTTS": [], "sectionIndex": 0, "backgroundColor": null}}, {"type": "dialogue", "element": {"phrases": [{"text": {"styledString": {"text": "Sarah, je pense que l'exposition va te plaire.", "styling": [{"from": 0, "to": 46, "attributes": {"alignment": "left", "fontSize": 19, "fontWeight": "normal", "textColor": "4B4B4B", "lineSpacing": 5}}]}, "tokenTTS": {"tokenTTSCollection": []}, "blockHints": [{"value": "Sarah", "hintTable": {"rows": [[{"hint": "Sarah", "colspan": 1}]], "references": []}, "tts": "https://d1vq87e9lcf771.cloudfront.net/danielle/ddeb544fa2dc568fe5d19d1867380350"}, {"value": ","}, {"value": " "}, {"value": "je", "hintTable": {"rows": [[{"hint": "I", "colspan": 1}], [{"hint": "me", "colspan": 1}]], "references": []}, "tts": "https://d1vq87e9lcf771.cloudfront.net/danielle/bc9e4b13acbd7ff5019b443aa471b4de"}, {"value": " "}, {"value": "pense", "hintTable": {"rows": [[{"hint": "think", "colspan": 1}], [{"hint": "thinking", "colspan": 1}], [{"hint": "am thinking", "colspan": 1}]], "references": []}, "tts": "https://d1vq87e9lcf771.cloudfront.net/danielle/ff6153eef1bfe9115ccbf81c31ad8b9b"}, {"value": " "}, {"value": "que", "hintTable": {"rows": [[{"hint": "that", "colspan": 1}], [{"hint": "than", "colspan": 1}], [{"hint": "those", "colspan": 1}]], "references": []}, "tts": "https://d1vq87e9lcf771.cloudfront.net/danielle/f7a988c9818f00f37039ade65f8d6b1c"}, {"value": " "}, {"value": "l'", "hintTable": {"rows": [[{"hint": "the", "colspan": 1}], [{"hint": "with", "colspan": 1}], [{"hint": "that", "colspan": 1}]], "references": []}, "tts": "https://d1vq87e9lcf771.cloudfront.net/danielle/a201415fcbb4c30128fee4029161ee1d"}, {"value": "exposition", "hintTable": {"rows": [[{"hint": "exhibit", "colspan": 1}], [{"hint": "shown", "colspan": 1}]], "references": []}, "tts": "https://d1vq87e9lcf771.cloudfront.net/danielle/7d0a92866305f7c49a664538f1c91c24"}, {"value": " "}, {"value": "va", "hintTable": {"rows": [[{"hint": "going", "colspan": 1}], [{"hint": "is going", "colspan": 1}], [{"hint": "will", "colspan": 1}]], "references": []}, "tts": "https://d1vq87e9lcf771.cloudfront.net/danielle/7f1186315dd7902408941711dc0166cf"}, {"value": " "}, {"value": "te", "hintTable": {"rows": [[{"hint": "to you", "colspan": 1}], [{"hint": "you", "colspan": 1}], [{"hint": "yourself", "colspan": 1}]], "references": []}, "tts": "https://d1vq87e9lcf771.cloudfront.net/danielle/8d93634e9088a394591eebdb60b42760"}, {"value": " "}, {"value": "plaire", "hintTable": {"rows": [[{"hint": "like", "colspan": 1}], [{"hint": "please", "colspan": 1}], [{"hint": "pleased", "colspan": 1}]], "references": []}, "tts": "https://d1vq87e9lcf771.cloudfront.net/danielle/88cdff604912a0a42bbe5e303deeaaff"}, {"value": "."}]}, "subtext": {"styledString": {"text": "Sarah, I think you're going to like the exhibit.", "styling": [{"from": 0, "to": 48, "attributes": {"alignment": "left", "fontSize": 19, "fontWeight": "normal", "textColor": "AFAFAF", "lineSpacing": 5}}]}, "tokenTTS": {"tokenTTSCollection": []}}, "ttsURL": "https://d1vq87e9lcf771.cloudfront.net/danielle/46bd981a5a8539432cfeaeb9ba746dcd"}]}, "meta": {"autoPlayableTTS": [], "sectionIndex": 0, "backgroundColor": null}}, {"type": "verticalSpace", "element": 16, "meta": {"autoPlayableTTS": [], "sectionIndex": 0, "backgroundColor": null}}, {"type": "dialogue", "element": {"phrases": [{"text": {"styledString": {"text": "\u00c7a me pla\u00eet beaucoup, merci pour ce beau cadeau.", "styling": [{"from": 0, "to": 48, "attributes": {"alignment": "left", "fontSize": 19, "fontWeight": "normal", "textColor": "4B4B4B", "lineSpacing": 5}}]}, "tokenTTS": {"tokenTTSCollection": []}, "blockHints": [{"value": "\u00c7a", "hintTable": {"rows": [[{"hint": "this", "colspan": 1}], [{"hint": "it", "colspan": 1}], [{"hint": "that", "colspan": 1}]], "references": []}, "tts": "https://d1vq87e9lcf771.cloudfront.net/danielle/f241d1adcb010ceb024987ac8f233e84"}, {"value": " "}, {"value": "me", "hintTable": {"headers": ["me", "pla\u00eet"], "rows": [[{"hint": "I like", "colspan": 2}], [{"hint": "pleases me", "colspan": 2}], [{"hint": "I", "colspan": 1}, {"colspan": 1}], [{"hint": "me", "colspan": 1}, {"colspan": 1}], [{"hint": "to me", "colspan": 1}, {"colspan": 1}]], "references": [2]}, "tts": "https://d1vq87e9lcf771.cloudfront.net/danielle/305c003fd21f5bb114c361f7d293da2c"}, {"value": " "}, {"value": "pla\u00eet", "hintTable": {"headers": ["me", "pla\u00eet"], "rows": [[{"hint": "I like", "colspan": 2}], [{"hint": "pleases me", "colspan": 2}], [{"colspan": 1}, {"hint": "like", "colspan": 1}], [{"colspan": 1}, {"hint": "pleases", "colspan": 1}], [{"colspan": 1}, {"hint": "enjoy", "colspan": 1}]], "references": [1]}, "tts": "https://d1vq87e9lcf771.cloudfront.net/danielle/8ba20ab14e008389460185578daf0a67"}, {"value": " "}, {"value": "beaucoup", "hintTable": {"rows": [[{"hint": "a lot", "colspan": 1}], [{"hint": "very much", "colspan": 1}], [{"hint": "really", "colspan": 1}]], "references": []}, "tts": "https://d1vq87e9lcf771.cloudfront.net/danielle/527d8cb182fc8b10bd2349588aa2a86b"}, {"value": ","}, {"value": " "}, {"value": "merci", "hintTable": {"rows": [[{"hint": "thank you", "colspan": 1}], [{"hint": "thanks", "colspan": 1}]], "references": []}, "tts": "https://d1vq87e9lcf771.cloudfront.net/danielle/1a077d5b1e5e63aacdae0d7d890b88ea"}, {"value": " "}, {"value": "pour", "hintTable": {"rows": [[{"hint": "for", "colspan": 1}], [{"hint": "to", "colspan": 1}], [{"hint": "in favor", "colspan": 1}]], "references": []}, "tts": "https://d1vq87e9lcf771.cloudfront.net/danielle/295003fd4af02f22731e4534126a4c47"}, {"value": " "}, {"value": "ce", "hintTable": {"rows": [[{"hint": "it", "colspan": 1}], [{"hint": "this", "colspan": 1}], [{"hint": "that", "colspan": 1}]], "references": []}, "tts": "https://d1vq87e9lcf771.cloudfront.net/danielle/7a1b56deded82e10d0dbe21416f241bb"}, {"value": " "}, {"value": "beau", "hintTable": {"headers": ["beau", "cadeau"], "rows": [[{"hint": "nice present", "colspan": 2}], [{"hint": "beautiful", "colspan": 1}, {"colspan": 1}], [{"hint": "nice", "colspan": 1}, {"colspan": 1}], [{"hint": "handsome", "colspan": 1}, {"colspan": 1}]], "references": [8]}, "tts": "https://d1vq87e9lcf771.cloudfront.net/danielle/3cf22458370dc0dc8219f7f1e2e33722"}, {"value": " "}, {"value": "cadeau", "hintTable": {"headers": ["beau", "cadeau"], "rows": [[{"hint": "nice present", "colspan": 2}], [{"colspan": 1}, {"hint": "present", "colspan": 1}]], "references": [7]}, "tts": "https://d1vq87e9lcf771.cloudfront.net/danielle/e28688a58c6f39631b3b1aee81e71222"}, {"value": "."}]}, "subtext": {"styledString": {"text": "I like it a lot; thank you for this beautiful gift.", "styling": [{"from": 0, "to": 51, "attributes": {"alignment": "left", "fontSize": 19, "fontWeight": "normal", "textColor": "AFAFAF", "lineSpacing": 5}}]}, "tokenTTS": {"tokenTTSCollection": []}}, "ttsURL": "https://d1vq87e9lcf771.cloudfront.net/danielle/5c14bb7c1726a167f04601ab489071b7"}]}, "meta": {"autoPlayableTTS": [], "sectionIndex": 0, "backgroundColor": null}}, {"type": "verticalSpace", "element": 16, "meta": {"autoPlayableTTS": [], "sectionIndex": 0, "backgroundColor": null}}, {"type": "dialogue", "element": {"phrases": [{"text": {"styledString": {"text": "Paul les invite \u00e0 son exposition de photographies.", "styling": [{"from": 0, "to": 50, "attributes": {"alignment": "left", "fontSize": 19, "fontWeight": "normal", "textColor": "4B4B4B", "lineSpacing": 5}}]}, "tokenTTS": {"tokenTTSCollection": []}, "blockHints": [{"value": "Paul", "hintTable": {"rows": [[{"hint": "Paul", "colspan": 1}]], "references": []}, "tts": "https://d1vq87e9lcf771.cloudfront.net/danielle/201326732c8da061ab83670b99472d20"}, {"value": " "}, {"value": "les", "hintTable": {"rows": [[{"hint": "them", "colspan": 1}], [{"hint": "your", "colspan": 1}], [{"hint": "the", "colspan": 1}]], "references": []}, "tts": "https://d1vq87e9lcf771.cloudfront.net/danielle/c4fd76f4b436a8eacbb40f9d77fb66f6"}, {"value": " "}, {"value": "invite", "hintTable": {"rows": [[{"hint": "is inviting", "colspan": 1}], [{"hint": "inviting", "colspan": 1}], [{"hint": "is taking ... out", "colspan": 1}]], "references": []}, "tts": "https://d1vq87e9lcf771.cloudfront.net/danielle/51ac460b9c5c5b7f9840994ed19bf2f0"}, {"value": " "}, {"value": "\u00e0", "hintTable": {"rows": [[{"hint": "to", "colspan": 1}], [{"hint": "'s", "colspan": 1}], [{"hint": "of", "colspan": 1}]], "references": []}, "tts": "https://d1vq87e9lcf771.cloudfront.net/danielle/525d3aba641b4330345f33346eb9959d"}, {"value": " "}, {"value": "son", "hintTable": {"rows": [[{"hint": "his", "colspan": 1}], [{"hint": "her", "colspan": 1}], [{"hint": "one's", "colspan": 1}]], "references": []}, "tts": "https://d1vq87e9lcf771.cloudfront.net/danielle/4a10da13e483d70eac385f1e61888f36"}, {"value": " "}, {"value": "exposition", "hintTable": {"rows": [[{"hint": "exhibit", "colspan": 1}], [{"hint": "shown", "colspan": 1}]], "references": []}, "tts": "https://d1vq87e9lcf771.cloudfront.net/danielle/7d0a92866305f7c49a664538f1c91c24"}, {"value": " "}, {"value": "de", "hintTable": {"rows": [[{"hint": "to", "colspan": 1}], [{"hint": "'s", "colspan": 1}], [{"hint": "of", "colspan": 1}]], "references": []}, "tts": "https://d1vq87e9lcf771.cloudfront.net/danielle/440a31450593e609451ea2168f76e988"}, {"value": " "}, {"value": "photographies", "hintTable": {"rows": [[{"hint": "photography", "colspan": 1}], [{"hint": "photos", "colspan": 1}], [{"hint": "pictures", "colspan": 1}]], "references": []}, "tts": "https://d1vq87e9lcf771.cloudfront.net/danielle/c6ae5e32d22588024661dc73b24a45cf"}, {"value": "."}]}, "subtext": {"styledString": {"text": "Paul is inviting them to his photography exhibit.", "styling": [{"from": 0, "to": 49, "attributes": {"alignment": "left", "fontSize": 19, "fontWeight": "normal", "textColor": "AFAFAF", "lineSpacing": 5}}]}, "tokenTTS": {"tokenTTSCollection": []}}, "ttsURL": "https://d1vq87e9lcf771.cloudfront.net/danielle/5bf126ae78472ba3015cd89030493e08"}]}, "meta": {"autoPlayableTTS": [], "sectionIndex": 0, "backgroundColor": null}}, {"type": "verticalSpace", "element": 16, "meta": {"autoPlayableTTS": [], "sectionIndex": 0, "backgroundColor": null}}, {"type": "dialogue", "element": {"phrases": [{"text": {"styledString": {"text": "J'adore le cin\u00e9ma fran\u00e7ais des ann\u00e9es soixante.", "styling": [{"from": 0, "to": 47, "attributes": {"alignment": "left", "fontSize": 19, "fontWeight": "normal", "textColor": "4B4B4B", "lineSpacing": 5}}]}, "tokenTTS": {"tokenTTSCollection": []}, "blockHints": [{"value": "J'", "hintTable": {"rows": [[{"hint": "I", "colspan": 1}]], "references": []}, "tts": "https://d1vq87e9lcf771.cloudfront.net/danielle/c839fdc2ccbaf9f6fe27b78659f801f2"}, {"value": "adore", "hintTable": {"rows": [[{"hint": "love", "colspan": 1}], [{"hint": "loves", "colspan": 1}]], "references": []}, "tts": "https://d1vq87e9lcf771.cloudfront.net/danielle/ee70b434ff1f28b6470814ded8efea5b"}, {"value": " "}, {"value": "le", "hintTable": {"rows": [[{"hint": "the", "colspan": 1}], [{"hint": "on the", "colspan": 1}], [{"hint": "your", "colspan": 1}]], "references": []}, "tts": "https://d1vq87e9lcf771.cloudfront.net/danielle/53635582b04179582406de15f6c2a6fa"}, {"value": " "}, {"value": "cin\u00e9ma", "hintTable": {"rows": [[{"hint": "cinema", "colspan": 1}], [{"hint": "movie theater", "colspan": 1}], [{"hint": "film", "colspan": 1}]], "references": []}, "tts": "https://d1vq87e9lcf771.cloudfront.net/danielle/637afe2559a4c2d5fb6ec8c9a7d06f63"}, {"value": " "}, {"value": "fran\u00e7ais", "hintTable": {"rows": [[{"hint": "French", "colspan": 1}]], "references": []}, "tts": "https://d1vq87e9lcf771.cloudfront.net/danielle/86ff140bb642a428fa985a0e1a1c6245"}, {"value": " "}, {"value": "des", "hintTable": {"headers": ["des", "ann\u00e9es"], "rows": [[{"hint": "years", "colspan": 2}], [{"hint": "from the", "colspan": 1}, {"colspan": 1}], [{"hint": "the", "colspan": 1}, {"colspan": 1}], [{"hint": "from", "colspan": 1}, {"colspan": 1}]], "references": [6]}, "tts": "https://d1vq87e9lcf771.cloudfront.net/danielle/faa431d60cece297634c78033f5133cb"}, {"value": " "}, {"value": "ann\u00e9es", "hintTable": {"headers": ["ann\u00e9es", "soixante"], "rows": [[{"hint": "sixties", "colspan": 2}], [{"hint": "years", "colspan": 1}, {"colspan": 1}]], "references": [5]}, "tts": "https://d1vq87e9lcf771.cloudfront.net/danielle/8ce8144137853870bbd3e9ff9d5fcec9"}, {"value": " "}, {"value": "soixante", "hintTable": {"headers": ["ann\u00e9es", "soixante"], "rows": [[{"hint": "sixties", "colspan": 2}], [{"colspan": 1}, {"hint": "sixty", "colspan": 1}]], "references": [6]}, "tts": "https://d1vq87e9lcf771.cloudfront.net/danielle/2214688e53f96ea13e4810a8b5647dc0"}, {"value": "."}]}, "subtext": {"styledString": {"text": "I love French cinema from the sixties.", "styling": [{"from": 0, "to": 38, "attributes": {"alignment": "left", "fontSize": 19, "fontWeight": "normal", "textColor": "AFAFAF", "lineSpacing": 5}}]}, "tokenTTS": {"tokenTTSCollection": []}}, "ttsURL": "https://d1vq87e9lcf771.cloudfront.net/danielle/3fae47644df4acb05dc7843c5b225f82"}]}, "meta": {"autoPlayableTTS": [], "sectionIndex": 0, "backgroundColor": null}}, {"type": "verticalSpace", "element": 24, "meta": {"autoPlayableTTS": [], "sectionIndex": 0, "backgroundColor": null}}, {"type": "verticalSpace", "element": 24, "meta": {"autoPlayableTTS": [], "sectionIndex": 0, "backgroundColor": "DDF4FF"}}, {"type": "text", "element": {"styledString": {"text": "TIP", "styling": [{"from": 0, "to": 3, "attributes": {"alignment": "left", "fontSize": 17, "fontWeight": "bold", "textColor": "1CB0F6", "lineSpacing": 4}}]}, "tokenTTS": {"tokenTTSCollection": []}}, "meta": {"autoPlayableTTS": [], "sectionIndex": 0, "backgroundColor": "DDF4FF"}}, {"type": "verticalSpace", "element": 8, "meta": {"autoPlayableTTS": [], "sectionIndex": 0, "backgroundColor": "DDF4FF"}}, {"type": "text", "element": {"styledString": {"text": "Let's talk about Objects!", "styling": [{"from": 0, "to": 25, "attributes": {"alignment": "left", "fontSize": 25, "fontWeight": "bold", "textColor": "4B4B4B", "lineSpacing": 4}}]}, "tokenTTS": {"tokenTTSCollection": []}, "hints": {"hints": [], "hintLinks": []}}, "meta": {"autoPlayableTTS": [], "sectionIndex": 0, "backgroundColor": "DDF4FF"}}, {"type": "verticalSpace", "element": 12, "meta": {"autoPlayableTTS": [], "sectionIndex": 0, "backgroundColor": "DDF4FF"}}, {"type": "text", "element": {"styledString": {"text": "In English, we say I know you and I eat it. In French, you say I you know and I it eat.\u200b\u200b", "styling": [{"from": 0, "to": 19, "attributes": {"alignment": "left", "fontSize": 19, "fontWeight": "normal", "textColor": "4B4B4B", "lineSpacing": 5}}, {"from": 19, "to": 25, "attributes": {"alignment": "left", "fontSize": 19, "fontWeight": "bold", "textColor": "4B4B4B", "lineSpacing": 5}}, {"from": 25, "to": 26, "attributes": {"alignment": "left", "fontSize": 19, "fontWeight": "normal", "textColor": "4B4B4B", "lineSpacing": 5}}, {"from": 26, "to": 29, "attributes": {"alignment": "left", "fontSize": 19, "fontWeight": "bold", "textColor": "1CB0F6", "lineSpacing": 5}}, {"from": 29, "to": 34, "attributes": {"alignment": "left", "fontSize": 19, "fontWeight": "normal", "textColor": "4B4B4B", "lineSpacing": 5}}, {"from": 34, "to": 39, "attributes": {"alignment": "left", "fontSize": 19, "fontWeight": "bold", "textColor": "4B4B4B", "lineSpacing": 5}}, {"from": 39, "to": 40, "attributes": {"alignment": "left", "fontSize": 19, "fontWeight": "normal", "textColor": "4B4B4B", "lineSpacing": 5}}, {"from": 40, "to": 42, "attributes": {"alignment": "left", "fontSize": 19, "fontWeight": "bold", "textColor": "1CB0F6", "lineSpacing": 5}}, {"from": 42, "to": 63, "attributes": {"alignment": "left", "fontSize": 19, "fontWeight": "normal", "textColor": "4B4B4B", "lineSpacing": 5}}, {"from": 63, "to": 64, "attributes": {"alignment": "left", "fontSize": 19, "fontWeight": "bold", "textColor": "4B4B4B", "lineSpacing": 5}}, {"from": 64, "to": 65, "attributes": {"alignment": "left", "fontSize": 19, "fontWeight": "normal", "textColor": "4B4B4B", "lineSpacing": 5}}, {"from": 65, "to": 68, "attributes": {"alignment": "left", "fontSize": 19, "fontWeight": "bold", "textColor": "1CB0F6", "lineSpacing": 5}}, {"from": 68, "to": 69, "attributes": {"alignment": "left", "fontSize": 19, "fontWeight": "normal", "textColor": "4B4B4B", "lineSpacing": 5}}, {"from": 69, "to": 73, "attributes": {"alignment": "left", "fontSize": 19, "fontWeight": "bold", "textColor": "4B4B4B", "lineSpacing": 5}}, {"from": 73, "to": 78, "attributes": {"alignment": "left", "fontSize": 19, "fontWeight": "normal", "textColor": "4B4B4B", "lineSpacing": 5}}, {"from": 78, "to": 79, "attributes": {"alignment": "left", "fontSize": 19, "fontWeight": "bold", "textColor": "4B4B4B", "lineSpacing": 5}}, {"from": 79, "to": 80, "attributes": {"alignment": "left", "fontSize": 19, "fontWeight": "normal", "textColor": "4B4B4B", "lineSpacing": 5}}, {"from": 80, "to": 82, "attributes": {"alignment": "left", "fontSize": 19, "fontWeight": "bold", "textColor": "1CB0F6", "lineSpacing": 5}}, {"from": 82, "to": 83, "attributes": {"alignment": "left", "fontSize": 19, "fontWeight": "normal", "textColor": "4B4B4B", "lineSpacing": 5}}, {"from": 83, "to": 86, "attributes": {"alignment": "left", "fontSize": 19, "fontWeight": "bold", "textColor": "4B4B4B", "lineSpacing": 5}}, {"from": 86, "to": 89, "attributes": {"alignment": "left", "fontSize": 19, "fontWeight": "normal", "textColor": "4B4B4B", "lineSpacing": 5}}]}, "tokenTTS": {"tokenTTSCollection": []}, "hints": {"hints": [], "hintLinks": []}}, "meta": {"autoPlayableTTS": [], "sectionIndex": 0, "backgroundColor": "DDF4FF"}}, {"type": "verticalSpace", "element": 24, "meta": {"autoPlayableTTS": [], "sectionIndex": 0, "backgroundColor": "DDF4FF"}}, {"type": "example", "element": {"text": {"styledString": {"text": "Je te connais.\u200b", "styling": [{"from": 0, "to": 3, "attributes": {"alignment": "left", "fontSize": 19, "fontWeight": "normal", "textColor": "4B4B4B", "lineSpacing": 5}}, {"from": 3, "to": 5, "attributes": {"alignment": "left", "fontSize": 19, "fontWeight": "bold", "textColor": "1CB0F6", "lineSpacing": 5}}, {"from": 5, "to": 15, "attributes": {"alignment": "left", "fontSize": 19, "fontWeight": "normal", "textColor": "4B4B4B", "lineSpacing": 5}}]}, "tokenTTS": {"tokenTTSCollection": [{"startIndex": 0, "endIndex": 13, "ttsURL": "https://d1vq87e9lcf771.cloudfront.net/danielle/5fe9a6ed9b63cf3f05593e39903a0718"}]}, "hints": {"hints": ["I know you"], "hintLinks": [{"index": 0, "rangeStart": 0, "rangeEnd": 13}]}}, "subtext": null, "ttsURL": "https://d1vq87e9lcf771.cloudfront.net/danielle/5fe9a6ed9b63cf3f05593e39903a0718"}, "meta": {"autoPlayableTTS": [], "sectionIndex": 0, "backgroundColor": "DDF4FF"}}, {"type": "verticalSpace", "element": 12, "meta": {"autoPlayableTTS": [], "sectionIndex": 0, "backgroundColor": "DDF4FF"}}, {"type": "example", "element": {"text": {"styledString": {"text": "Je connais ce professeur. Je le connais.\u200b", "styling": [{"from": 0, "to": 11, "attributes": {"alignment": "left", "fontSize": 19, "fontWeight": "normal", "textColor": "4B4B4B", "lineSpacing": 5}}, {"from": 11, "to": 13, "attributes": {"alignment": "left", "fontSize": 19, "fontWeight": "bold", "textColor": "1CB0F6", "lineSpacing": 5}}, {"from": 13, "to": 29, "attributes": {"alignment": "left", "fontSize": 19, "fontWeight": "normal", "textColor": "4B4B4B", "lineSpacing": 5}}, {"from": 29, "to": 31, "attributes": {"alignment": "left", "fontSize": 19, "fontWeight": "bold", "textColor": "1CB0F6", "lineSpacing": 5}}, {"from": 31, "to": 41, "attributes": {"alignment": "left", "fontSize": 19, "fontWeight": "normal", "textColor": "4B4B4B", "lineSpacing": 5}}]}, "tokenTTS": {"tokenTTSCollection": [{"startIndex": 0, "endIndex": 24, "ttsURL": "https://d1vq87e9lcf771.cloudfront.net/danielle/dc18ee23ff73841aead1572b2aa2bde1"}, {"startIndex": 26, "endIndex": 39, "ttsURL": "https://d1vq87e9lcf771.cloudfront.net/danielle/ff4c5b929833efe977b34ea316fb50bd"}]}, "hints": {"hints": ["I know this professor", "I know him"], "hintLinks": [{"index": 0, "rangeStart": 0, "rangeEnd": 24}, {"index": 1, "rangeStart": 26, "rangeEnd": 39}]}}, "subtext": null, "ttsURL": "https://d1vq87e9lcf771.cloudfront.net/danielle/43061d73cb121c4dc8aa81ae812d1308"}, "meta": {"autoPlayableTTS": [], "sectionIndex": 0, "backgroundColor": "DDF4FF"}}, {"type": "verticalSpace", "element": 12, "meta": {"autoPlayableTTS": [], "sectionIndex": 0, "backgroundColor": "DDF4FF"}}, {"type": "example", "element": {"text": {"styledString": {"text": "Je mange cette pomme. Je la mange.\u200b\u200b", "styling": [{"from": 0, "to": 9, "attributes": {"alignment": "left", "fontSize": 19, "fontWeight": "normal", "textColor": "4B4B4B", "lineSpacing": 5}}, {"from": 9, "to": 14, "attributes": {"alignment": "left", "fontSize": 19, "fontWeight": "bold", "textColor": "1CB0F6", "lineSpacing": 5}}, {"from": 14, "to": 25, "attributes": {"alignment": "left", "fontSize": 19, "fontWeight": "normal", "textColor": "4B4B4B", "lineSpacing": 5}}, {"from": 25, "to": 27, "attributes": {"alignment": "left", "fontSize": 19, "fontWeight": "bold", "textColor": "1CB0F6", "lineSpacing": 5}}, {"from": 27, "to": 36, "attributes": {"alignment": "left", "fontSize": 19, "fontWeight": "normal", "textColor": "4B4B4B", "lineSpacing": 5}}]}, "tokenTTS": {"tokenTTSCollection": [{"startIndex": 0, "endIndex": 20, "ttsURL": "https://d1vq87e9lcf771.cloudfront.net/danielle/d8e19d4a8f431250748863b0bfc394e7"}, {"startIndex": 22, "endIndex": 33, "ttsURL": "https://d1vq87e9lcf771.cloudfront.net/danielle/924780435c1dde3224a71d4c5e7dcca7"}]}, "hints": {"hints": ["I'm eating this apple", "I'm eating it"], "hintLinks": [{"index": 0, "rangeStart": 0, "rangeEnd": 20}, {"index": 1, "rangeStart": 22, "rangeEnd": 33}]}}, "subtext": null, "ttsURL": "https://d1vq87e9lcf771.cloudfront.net/danielle/76a0e07978dfdc423f986e2e71bda018"}, "meta": {"autoPlayableTTS": [], "sectionIndex": 0, "backgroundColor": "DDF4FF"}}, {"type": "verticalSpace", "element": 24, "meta": {"autoPlayableTTS": [], "sectionIndex": 0, "backgroundColor": "DDF4FF"}}, {"type": "text", "element": {"styledString": {"text": "Use lui to say to him, for her, etc., and leur to say to/for them.\u200b\u200b", "styling": [{"from": 0, "to": 4, "attributes": {"alignment": "left", "fontSize": 19, "fontWeight": "normal", "textColor": "4B4B4B", "lineSpacing": 5}}, {"from": 4, "to": 7, "attributes": {"alignment": "left", "fontSize": 19, "fontWeight": "bold", "textColor": "4B4B4B", "lineSpacing": 5}}, {"from": 7, "to": 15, "attributes": {"alignment": "left", "fontSize": 19, "fontWeight": "normal", "textColor": "4B4B4B", "lineSpacing": 5}}, {"from": 15, "to": 21, "attributes": {"alignment": "left", "fontSize": 19, "fontWeight": "bold", "textColor": "4B4B4B", "lineSpacing": 5}}, {"from": 21, "to": 23, "attributes": {"alignment": "left", "fontSize": 19, "fontWeight": "normal", "textColor": "4B4B4B", "lineSpacing": 5}}, {"from": 23, "to": 30, "attributes": {"alignment": "left", "fontSize": 19, "fontWeight": "bold", "textColor": "4B4B4B", "lineSpacing": 5}}, {"from": 30, "to": 42, "attributes": {"alignment": "left", "fontSize": 19, "fontWeight": "normal", "textColor": "4B4B4B", "lineSpacing": 5}}, {"from": 42, "to": 46, "attributes": {"alignment": "left", "fontSize": 19, "fontWeight": "bold", "textColor": "4B4B4B", "lineSpacing": 5}}, {"from": 46, "to": 54, "attributes": {"alignment": "left", "fontSize": 19, "fontWeight": "normal", "textColor": "4B4B4B", "lineSpacing": 5}}, {"from": 54, "to": 65, "attributes": {"alignment": "left", "fontSize": 19, "fontWeight": "bold", "textColor": "4B4B4B", "lineSpacing": 5}}, {"from": 65, "to": 68, "attributes": {"alignment": "left", "fontSize": 19, "fontWeight": "normal", "textColor": "4B4B4B", "lineSpacing": 5}}]}, "tokenTTS": {"tokenTTSCollection": [{"startIndex": 4, "endIndex": 6, "ttsURL": "https://d1vq87e9lcf771.cloudfront.net/danielle/d415a3d2fd96062ffa27d2d47abe31a8"}, {"startIndex": 42, "endIndex": 45, "ttsURL": "https://d1vq87e9lcf771.cloudfront.net/danielle/feb965b5a9c96c033b89bb226b382bd9"}]}, "hints": {"hints": ["to him / for him / to her / for her / to it / for it", "to them / for them"], "hintLinks": [{"index": 0, "rangeStart": 4, "rangeEnd": 6}, {"index": 1, "rangeStart": 42, "rangeEnd": 45}]}}, "meta": {"autoPlayableTTS": [], "sectionIndex": 0, "backgroundColor": "DDF4FF"}}, {"type": "verticalSpace", "element": 24, "meta": {"autoPlayableTTS": [], "sectionIndex": 0, "backgroundColor": "DDF4FF"}}, {"type": "example", "element": {"text": {"styledString": {"text": "J'\u00e9cris une lettre \u00e0 Marie. Je lui \u00e9cris une lettre.", "styling": [{"from": 0, "to": 19, "attributes": {"alignment": "left", "fontSize": 19, "fontWeight": "normal", "textColor": "4B4B4B", "lineSpacing": 5}}, {"from": 19, "to": 26, "attributes": {"alignment": "left", "fontSize": 19, "fontWeight": "bold", "textColor": "1CB0F6", "lineSpacing": 5}}, {"from": 26, "to": 31, "attributes": {"alignment": "left", "fontSize": 19, "fontWeight": "normal", "textColor": "4B4B4B", "lineSpacing": 5}}, {"from": 31, "to": 34, "attributes": {"alignment": "left", "fontSize": 19, "fontWeight": "bold", "textColor": "1CB0F6", "lineSpacing": 5}}, {"from": 34, "to": 52, "attributes": {"alignment": "left", "fontSize": 19, "fontWeight": "normal", "textColor": "4B4B4B", "lineSpacing": 5}}]}, "tokenTTS": {"tokenTTSCollection": [{"startIndex": 0, "endIndex": 26, "ttsURL": "https://d1vq87e9lcf771.cloudfront.net/danielle/9141c06cf52791d2a2649659c3024382"}, {"startIndex": 28, "endIndex": 51, "ttsURL": "https://d1vq87e9lcf771.cloudfront.net/danielle/f5d96aa5ab49074779d8009d002228e9"}]}, "hints": {"hints": ["I'm writing a letter to Marie", "I'm writing a letter to her"], "hintLinks": [{"index": 0, "rangeStart": 0, "rangeEnd": 26}, {"index": 1, "rangeStart": 28, "rangeEnd": 51}]}}, "subtext": null, "ttsURL": "https://d1vq87e9lcf771.cloudfront.net/danielle/9ca91581554d6f4e502d203dfdf3499e"}, "meta": {"autoPlayableTTS": [], "sectionIndex": 0, "backgroundColor": "DDF4FF"}}, {"type": "verticalSpace", "element": 12, "meta": {"autoPlayableTTS": [], "sectionIndex": 0, "backgroundColor": "DDF4FF"}}, {"type": "example", "element": {"text": {"styledString": {"text": "J'ai achet\u00e9 un livre pour mes parents. Je leur ai achet\u00e9 un livre.", "styling": [{"from": 0, "to": 21, "attributes": {"alignment": "left", "fontSize": 19, "fontWeight": "normal", "textColor": "4B4B4B", "lineSpacing": 5}}, {"from": 21, "to": 37, "attributes": {"alignment": "left", "fontSize": 19, "fontWeight": "bold", "textColor": "1CB0F6", "lineSpacing": 5}}, {"from": 37, "to": 42, "attributes": {"alignment": "left", "fontSize": 19, "fontWeight": "normal", "textColor": "4B4B4B", "lineSpacing": 5}}, {"from": 42, "to": 46, "attributes": {"alignment": "left", "fontSize": 19, "fontWeight": "bold", "textColor": "1CB0F6", "lineSpacing": 5}}, {"from": 46, "to": 66, "attributes": {"alignment": "left", "fontSize": 19, "fontWeight": "normal", "textColor": "4B4B4B", "lineSpacing": 5}}]}, "tokenTTS": {"tokenTTSCollection": [{"startIndex": 0, "endIndex": 37, "ttsURL": "https://d1vq87e9lcf771.cloudfront.net/danielle/83ed5772f6dc08d111b3b4d10723e0fa"}, {"startIndex": 39, "endIndex": 65, "ttsURL": "https://d1vq87e9lcf771.cloudfront.net/danielle/ebd41d09f958530795eb6cf0e28a9f3a"}]}, "hints": {"hints": ["I bought a book for my parents", "I bought a book for them"], "hintLinks": [{"index": 0, "rangeStart": 0, "rangeEnd": 37}, {"index": 1, "rangeStart": 39, "rangeEnd": 65}]}}, "subtext": null, "ttsURL": "https://d1vq87e9lcf771.cloudfront.net/danielle/c2dbbf6018a36ee96ab5ca40004f451e"}, "meta": {"autoPlayableTTS": [], "sectionIndex": 0, "backgroundColor": "DDF4FF"}}, {"type": "verticalSpace", "element": 24, "meta": {"autoPlayableTTS": [], "sectionIndex": 0, "backgroundColor": "DDF4FF"}}], "resourcesToPrefetch": [{"required": false, "url": "https://d1vq87e9lcf771.cloudfront.net/danielle/feb965b5a9c96c033b89bb226b382bd9", "type": "mp3"}, {"required": false, "url": "https://d1vq87e9lcf771.cloudfront.net/danielle/81d75b0105f43443d8df30499682937e", "type": "mp3"}, {"required": false, "url": "https://d1vq87e9lcf771.cloudfront.net/danielle/366a56289c49898628144ae4e299a26f", "type": "mp3"}, {"required": false, "url": "https://d1vq87e9lcf771.cloudfront.net/danielle/5bf126ae78472ba3015cd89030493e08", "type": "mp3"}, {"required": false, "url": "https://d1vq87e9lcf771.cloudfront.net/danielle/46bd981a5a8539432cfeaeb9ba746dcd", "type": "mp3"}, {"required": false, "url": "https://d1vq87e9lcf771.cloudfront.net/danielle/5fe9a6ed9b63cf3f05593e39903a0718", "type": "mp3"}, {"required": false, "url": "https://d1vq87e9lcf771.cloudfront.net/danielle/43061d73cb121c4dc8aa81ae812d1308", "type": "mp3"}, {"required": false, "url": "https://d1vq87e9lcf771.cloudfront.net/danielle/ebd41d09f958530795eb6cf0e28a9f3a", "type": "mp3"}, {"required": false, "url": "https://d1vq87e9lcf771.cloudfront.net/danielle/dc18ee23ff73841aead1572b2aa2bde1", "type": "mp3"}, {"required": false, "url": "https://d1vq87e9lcf771.cloudfront.net/danielle/d415a3d2fd96062ffa27d2d47abe31a8", "type": "mp3"}, {"required": false, "url": "https://d1vq87e9lcf771.cloudfront.net/danielle/3fae47644df4acb05dc7843c5b225f82", "type": "mp3"}, {"required": false, "url": "https://d1vq87e9lcf771.cloudfront.net/danielle/ff4c5b929833efe977b34ea316fb50bd", "type": "mp3"}, {"required": false, "url": "https://d1vq87e9lcf771.cloudfront.net/danielle/f5d96aa5ab49074779d8009d002228e9", "type": "mp3"}, {"required": false, "url": "https://d1vq87e9lcf771.cloudfront.net/danielle/924780435c1dde3224a71d4c5e7dcca7", "type": "mp3"}, {"required": false, "url": "https://d1vq87e9lcf771.cloudfront.net/danielle/c2dbbf6018a36ee96ab5ca40004f451e", "type": "mp3"}, {"required": false, "url": "https://d1vq87e9lcf771.cloudfront.net/danielle/5c14bb7c1726a167f04601ab489071b7", "type": "mp3"}, {"required": false, "url": "https://d1vq87e9lcf771.cloudfront.net/danielle/9141c06cf52791d2a2649659c3024382", "type": "mp3"}, {"required": false, "url": "https://d1vq87e9lcf771.cloudfront.net/danielle/83ed5772f6dc08d111b3b4d10723e0fa", "type": "mp3"}, {"required": false, "url": "https://d1vq87e9lcf771.cloudfront.net/danielle/d8e19d4a8f431250748863b0bfc394e7", "type": "mp3"}, {"required": false, "url": "https://d1vq87e9lcf771.cloudfront.net/danielle/76a0e07978dfdc423f986e2e71bda018", "type": "mp3"}, {"required": false, "url": "https://d1vq87e9lcf771.cloudfront.net/danielle/9ca91581554d6f4e502d203dfdf3499e", "type": "mp3"}]}