{"elements": [{"type": "verticalSpace", "element": 2, "meta": {"autoPlayableTTS": [], "sectionIndex": 0, "backgroundColor": "E5E5E5"}}, {"type": "verticalSpace", "element": 24, "meta": {"autoPlayableTTS": [], "sectionIndex": 0, "backgroundColor": null}}, {"type": "text", "element": {"styledString": {"text": "KEY PHRASES", "styling": [{"from": 0, "to": 11, "attributes": {"alignment": "left", "fontSize": 17, "fontWeight": "bold", "textColor": "1CB0F6", "lineSpacing": 4}}]}, "tokenTTS": {"tokenTTSCollection": []}}, "meta": {"autoPlayableTTS": [], "sectionIndex": 0, "backgroundColor": null}}, {"type": "verticalSpace", "element": 8, "meta": {"autoPlayableTTS": [], "sectionIndex": 0, "backgroundColor": null}}, {"type": "text", "element": {"styledString": {"text": "Use gender and number agreement", "styling": [{"from": 0, "to": 31, "attributes": {"alignment": "left", "fontSize": 25, "fontWeight": "bold", "textColor": "4B4B4B", "lineSpacing": 4}}]}, "tokenTTS": {"tokenTTSCollection": []}}, "meta": {"autoPlayableTTS": [], "sectionIndex": 0, "backgroundColor": null}}, {"type": "verticalSpace", "element": 16, "meta": {"autoPlayableTTS": [], "sectionIndex": 0, "backgroundColor": null}}, {"type": "dialogue", "element": {"phrases": [{"text": {"styledString": {"text": "Le restaurant est ouvert.", "styling": [{"from": 0, "to": 25, "attributes": {"alignment": "left", "fontSize": 19, "fontWeight": "normal", "textColor": "4B4B4B", "lineSpacing": 5}}]}, "tokenTTS": {"tokenTTSCollection": []}, "blockHints": [{"value": "Le", "hintTable": {"rows": [[{"hint": "the", "colspan": 1}], [{"hint": "on the", "colspan": 1}], [{"hint": "your", "colspan": 1}]], "references": []}, "tts": "https://d1vq87e9lcf771.cloudfront.net/danielle/53635582b04179582406de15f6c2a6fa"}, {"value": " "}, {"value": "restaurant", "hintTable": {"rows": [[{"hint": "restaurant", "colspan": 1}]], "references": []}, "tts": "https://d1vq87e9lcf771.cloudfront.net/danielle/c59cc717246c354bb93d1999d8d2bdf2"}, {"value": " "}, {"value": "est", "hintTable": {"rows": [[{"hint": "is", "colspan": 1}], [{"hint": "'s", "colspan": 1}], [{"hint": "east", "colspan": 1}]], "references": []}, "tts": "https://d1vq87e9lcf771.cloudfront.net/beafr/878a35a874ca5ef63f6af2af92a1a0a4"}, {"value": " "}, {"value": "ouvert", "hintTable": {"rows": [[{"hint": "open", "colspan": 1}], [{"hint": "opening", "colspan": 1}], [{"hint": "opened", "colspan": 1}]], "references": []}, "tts": "https://d1vq87e9lcf771.cloudfront.net/danielle/6e50dff582a0dced9008c8f6a4d03073"}, {"value": "."}]}, "subtext": {"styledString": {"text": "The restaurant is open.", "styling": [{"from": 0, "to": 23, "attributes": {"alignment": "left", "fontSize": 19, "fontWeight": "normal", "textColor": "AFAFAF", "lineSpacing": 5}}]}, "tokenTTS": {"tokenTTSCollection": []}}, "ttsURL": "https://d1vq87e9lcf771.cloudfront.net/danielle/aef42cd27b0ba7c3c88a602e5555a8fd"}]}, "meta": {"autoPlayableTTS": [], "sectionIndex": 0, "backgroundColor": null}}, {"type": "verticalSpace", "element": 16, "meta": {"autoPlayableTTS": [], "sectionIndex": 0, "backgroundColor": null}}, {"type": "dialogue", "element": {"phrases": [{"text": {"styledString": {"text": "La maison est petite.", "styling": [{"from": 0, "to": 21, "attributes": {"alignment": "left", "fontSize": 19, "fontWeight": "normal", "textColor": "4B4B4B", "lineSpacing": 5}}]}, "tokenTTS": {"tokenTTSCollection": []}, "blockHints": [{"value": "La", "hintTable": {"rows": [[{"hint": "the", "colspan": 1}], [{"hint": "it", "colspan": 1}], [{"hint": "your", "colspan": 1}]], "references": []}, "tts": "https://d1vq87e9lcf771.cloudfront.net/danielle/a3839459c4a22bd261d776fc91b0977e"}, {"value": " "}, {"value": "maison", "hintTable": {"rows": [[{"hint": "house", "colspan": 1}], [{"hint": "home", "colspan": 1}]], "references": []}, "tts": "https://d1vq87e9lcf771.cloudfront.net/danielle/ce53ec9b89831642e3a2956009833cfa"}, {"value": " "}, {"value": "est", "hintTable": {"rows": [[{"hint": "is", "colspan": 1}], [{"hint": "'s", "colspan": 1}], [{"hint": "east", "colspan": 1}]], "references": []}, "tts": "https://d1vq87e9lcf771.cloudfront.net/beafr/878a35a874ca5ef63f6af2af92a1a0a4"}, {"value": " "}, {"value": "petite", "hintTable": {"rows": [[{"hint": "small", "colspan": 1}], [{"hint": "little", "colspan": 1}], [{"hint": "short", "colspan": 1}]], "references": []}, "tts": "https://d1vq87e9lcf771.cloudfront.net/danielle/1b6831f4b38630846c0ddf663bf89aaa"}, {"value": "."}]}, "subtext": {"styledString": {"text": "The house is small.", "styling": [{"from": 0, "to": 19, "attributes": {"alignment": "left", "fontSize": 19, "fontWeight": "normal", "textColor": "AFAFAF", "lineSpacing": 5}}]}, "tokenTTS": {"tokenTTSCollection": []}}, "ttsURL": "https://d1vq87e9lcf771.cloudfront.net/danielle/20926f2c7b4c983e82d5f61c6d30de0b"}]}, "meta": {"autoPlayableTTS": [], "sectionIndex": 0, "backgroundColor": null}}, {"type": "verticalSpace", "element": 16, "meta": {"autoPlayableTTS": [], "sectionIndex": 0, "backgroundColor": null}}, {"type": "dialogue", "element": {"phrases": [{"text": {"styledString": {"text": "Le magasin est ferm\u00e9 aujourd'hui.", "styling": [{"from": 0, "to": 33, "attributes": {"alignment": "left", "fontSize": 19, "fontWeight": "normal", "textColor": "4B4B4B", "lineSpacing": 5}}]}, "tokenTTS": {"tokenTTSCollection": []}, "blockHints": [{"value": "Le", "hintTable": {"rows": [[{"hint": "the", "colspan": 1}], [{"hint": "on the", "colspan": 1}], [{"hint": "your", "colspan": 1}]], "references": []}, "tts": "https://d1vq87e9lcf771.cloudfront.net/danielle/53635582b04179582406de15f6c2a6fa"}, {"value": " "}, {"value": "magasin", "hintTable": {"rows": [[{"hint": "store", "colspan": 1}], [{"hint": "shop", "colspan": 1}]], "references": []}, "tts": "https://d1vq87e9lcf771.cloudfront.net/danielle/a4355368ff861a31033700f9c92ef125"}, {"value": " "}, {"value": "est", "hintTable": {"rows": [[{"hint": "is", "colspan": 1}], [{"hint": "'s", "colspan": 1}], [{"hint": "east", "colspan": 1}]], "references": []}, "tts": "https://d1vq87e9lcf771.cloudfront.net/beafr/878a35a874ca5ef63f6af2af92a1a0a4"}, {"value": " "}, {"value": "ferm\u00e9", "hintTable": {"rows": [[{"hint": "closed", "colspan": 1}], [{"hint": "shut", "colspan": 1}], [{"hint": "close", "colspan": 1}]], "references": []}, "tts": "https://d1vq87e9lcf771.cloudfront.net/danielle/e2318b2e62d25933473912731798621c"}, {"value": " "}, {"value": "aujourd'hui", "hintTable": {"rows": [[{"hint": "today", "colspan": 1}]], "references": []}, "tts": "https://d1vq87e9lcf771.cloudfront.net/danielle/7fe5e1df83cc2d3da1e555473742b410"}, {"value": "."}]}, "subtext": {"styledString": {"text": "The store is closed today.", "styling": [{"from": 0, "to": 26, "attributes": {"alignment": "left", "fontSize": 19, "fontWeight": "normal", "textColor": "AFAFAF", "lineSpacing": 5}}]}, "tokenTTS": {"tokenTTSCollection": []}}, "ttsURL": "https://d1vq87e9lcf771.cloudfront.net/danielle/5a0342f41e2858a30b03ab6e8aa655ad"}]}, "meta": {"autoPlayableTTS": [], "sectionIndex": 0, "backgroundColor": null}}, {"type": "verticalSpace", "element": 16, "meta": {"autoPlayableTTS": [], "sectionIndex": 0, "backgroundColor": null}}, {"type": "dialogue", "element": {"phrases": [{"text": {"styledString": {"text": "Les magasins sont grands.", "styling": [{"from": 0, "to": 25, "attributes": {"alignment": "left", "fontSize": 19, "fontWeight": "normal", "textColor": "4B4B4B", "lineSpacing": 5}}]}, "tokenTTS": {"tokenTTSCollection": []}, "blockHints": [{"value": "Les", "hintTable": {"rows": [[{"hint": "the", "colspan": 1}], [{"hint": "your", "colspan": 1}], [{"hint": "they", "colspan": 1}]], "references": []}, "tts": "https://d1vq87e9lcf771.cloudfront.net/danielle/c4fd76f4b436a8eacbb40f9d77fb66f6"}, {"value": " "}, {"value": "magasins", "hintTable": {"rows": [[{"hint": "stores", "colspan": 1}]], "references": []}, "tts": "https://d1vq87e9lcf771.cloudfront.net/danielle/a8d4ceb571219e8953550ccbeb7f5629"}, {"value": " "}, {"value": "sont", "hintTable": {"rows": [[{"hint": "are", "colspan": 1}], [{"hint": "feel", "colspan": 1}], [{"hint": "is", "colspan": 1}]], "references": []}, "tts": "https://d1vq87e9lcf771.cloudfront.net/danielle/7406bdd8bd4cc1df11a12c87149fcef6"}, {"value": " "}, {"value": "grands", "hintTable": {"rows": [[{"hint": "big", "colspan": 1}], [{"hint": "tall", "colspan": 1}], [{"hint": "great", "colspan": 1}]], "references": []}, "tts": "https://d1vq87e9lcf771.cloudfront.net/danielle/c78bb8806165a21592bf632c8e1a9361"}, {"value": "."}]}, "subtext": {"styledString": {"text": "The stores are big.", "styling": [{"from": 0, "to": 19, "attributes": {"alignment": "left", "fontSize": 19, "fontWeight": "normal", "textColor": "AFAFAF", "lineSpacing": 5}}]}, "tokenTTS": {"tokenTTSCollection": []}}, "ttsURL": "https://d1vq87e9lcf771.cloudfront.net/danielle/a5c261dc015d0e44245a1ac9772eef89"}]}, "meta": {"autoPlayableTTS": [], "sectionIndex": 0, "backgroundColor": null}}, {"type": "verticalSpace", "element": 24, "meta": {"autoPlayableTTS": [], "sectionIndex": 0, "backgroundColor": null}}, {"type": "verticalSpace", "element": 24, "meta": {"autoPlayableTTS": [], "sectionIndex": 0, "backgroundColor": "DDF4FF"}}, {"type": "text", "element": {"styledString": {"text": "TIP", "styling": [{"from": 0, "to": 3, "attributes": {"alignment": "left", "fontSize": 17, "fontWeight": "bold", "textColor": "1CB0F6", "lineSpacing": 4}}]}, "tokenTTS": {"tokenTTSCollection": []}}, "meta": {"autoPlayableTTS": [], "sectionIndex": 0, "backgroundColor": "DDF4FF"}}, {"type": "verticalSpace", "element": 8, "meta": {"autoPlayableTTS": [], "sectionIndex": 0, "backgroundColor": "DDF4FF"}}, {"type": "text", "element": {"styledString": {"text": "Un v\u00e9lo vert\u00a0!", "styling": [{"from": 0, "to": 14, "attributes": {"alignment": "left", "fontSize": 25, "fontWeight": "bold", "textColor": "4B4B4B", "lineSpacing": 4}}]}, "tokenTTS": {"tokenTTSCollection": []}, "hints": {"hints": [], "hintLinks": []}}, "meta": {"autoPlayableTTS": [], "sectionIndex": 0, "backgroundColor": "DDF4FF"}}, {"type": "verticalSpace", "element": 12, "meta": {"autoPlayableTTS": [], "sectionIndex": 0, "backgroundColor": "DDF4FF"}}, {"type": "text", "element": {"styledString": {"text": "French adjectives usually come after the noun they're describing. So, a green bike would be un v\u00e9lo vert.", "styling": [{"from": 0, "to": 70, "attributes": {"alignment": "left", "fontSize": 19, "fontWeight": "normal", "textColor": "4B4B4B", "lineSpacing": 5}}, {"from": 70, "to": 71, "attributes": {"alignment": "left", "fontSize": 19, "fontWeight": "bold", "textColor": "4B4B4B", "lineSpacing": 5}}, {"from": 71, "to": 72, "attributes": {"alignment": "left", "fontSize": 19, "fontWeight": "normal", "textColor": "4B4B4B", "lineSpacing": 5}}, {"from": 72, "to": 77, "attributes": {"alignment": "left", "fontSize": 19, "fontWeight": "bold", "textColor": "1CB0F6", "lineSpacing": 5}}, {"from": 77, "to": 78, "attributes": {"alignment": "left", "fontSize": 19, "fontWeight": "normal", "textColor": "4B4B4B", "lineSpacing": 5}}, {"from": 78, "to": 82, "attributes": {"alignment": "left", "fontSize": 19, "fontWeight": "bold", "textColor": "4B4B4B", "lineSpacing": 5}}, {"from": 82, "to": 92, "attributes": {"alignment": "left", "fontSize": 19, "fontWeight": "normal", "textColor": "4B4B4B", "lineSpacing": 5}}, {"from": 92, "to": 99, "attributes": {"alignment": "left", "fontSize": 19, "fontWeight": "bold", "textColor": "4B4B4B", "lineSpacing": 5}}, {"from": 99, "to": 100, "attributes": {"alignment": "left", "fontSize": 19, "fontWeight": "normal", "textColor": "4B4B4B", "lineSpacing": 5}}, {"from": 100, "to": 104, "attributes": {"alignment": "left", "fontSize": 19, "fontWeight": "bold", "textColor": "1CB0F6", "lineSpacing": 5}}, {"from": 104, "to": 105, "attributes": {"alignment": "left", "fontSize": 19, "fontWeight": "normal", "textColor": "4B4B4B", "lineSpacing": 5}}]}, "tokenTTS": {"tokenTTSCollection": [{"startIndex": 92, "endIndex": 103, "ttsURL": "https://d1vq87e9lcf771.cloudfront.net/danielle/f4f69b96f2a519301c06818c7255af58"}]}, "hints": {"hints": ["Adjectives (such as \u201cred,\u201d \u201cfunny,\u201d and \u201cinteresting\u201d) describe people, places, or things.", "A noun is the name of something, such as a thing (\u201cspoon\u201d), an idea (\u201clove\u201d), a place (\u201cAtlanta\u201d), or a person (\u201cMaria\u201d).", "a green bike"], "hintLinks": [{"index": 0, "rangeStart": 7, "rangeEnd": 16}, {"index": 1, "rangeStart": 41, "rangeEnd": 44}, {"index": 2, "rangeStart": 92, "rangeEnd": 103}]}}, "meta": {"autoPlayableTTS": [], "sectionIndex": 0, "backgroundColor": "DDF4FF"}}, {"type": "verticalSpace", "element": 24, "meta": {"autoPlayableTTS": [], "sectionIndex": 1, "backgroundColor": "DDF4FF"}}, {"type": "example", "element": {"text": {"styledString": {"text": "une universit\u00e9 fran\u00e7aise", "styling": [{"from": 0, "to": 15, "attributes": {"alignment": "left", "fontSize": 19, "fontWeight": "normal", "textColor": "4B4B4B", "lineSpacing": 5}}, {"from": 15, "to": 24, "attributes": {"alignment": "left", "fontSize": 19, "fontWeight": "bold", "textColor": "1CB0F6", "lineSpacing": 5}}]}, "tokenTTS": {"tokenTTSCollection": [{"startIndex": 0, "endIndex": 23, "ttsURL": "https://d1vq87e9lcf771.cloudfront.net/danielle/aa73809ea53ce4c3852901c8a2ac9b50"}]}, "hints": {"hints": ["a French university"], "hintLinks": [{"index": 0, "rangeStart": 0, "rangeEnd": 23}]}}, "subtext": {"styledString": {"text": "a French university", "styling": [{"from": 0, "to": 1, "attributes": {"alignment": "left", "fontSize": 19, "fontWeight": "normal", "textColor": "AFAFAF", "lineSpacing": 5}}, {"from": 1, "to": 2, "attributes": {"alignment": "left", "fontSize": 19, "fontWeight": "normal", "textColor": "4B4B4B", "lineSpacing": 5}}, {"from": 2, "to": 8, "attributes": {"alignment": "left", "fontSize": 19, "fontWeight": "bold", "textColor": "AFAFAF", "lineSpacing": 5}}, {"from": 8, "to": 9, "attributes": {"alignment": "left", "fontSize": 19, "fontWeight": "normal", "textColor": "4B4B4B", "lineSpacing": 5}}, {"from": 9, "to": 19, "attributes": {"alignment": "left", "fontSize": 19, "fontWeight": "normal", "textColor": "AFAFAF", "lineSpacing": 5}}]}, "tokenTTS": {"tokenTTSCollection": []}, "hints": {"hints": [], "hintLinks": []}}, "ttsURL": "https://d1vq87e9lcf771.cloudfront.net/danielle/aa73809ea53ce4c3852901c8a2ac9b50"}, "meta": {"autoPlayableTTS": [], "sectionIndex": 1, "backgroundColor": "DDF4FF"}}, {"type": "verticalSpace", "element": 12, "meta": {"autoPlayableTTS": [], "sectionIndex": 2, "backgroundColor": "DDF4FF"}}, {"type": "example", "element": {"text": {"styledString": {"text": "le th\u00e9 vert", "styling": [{"from": 0, "to": 7, "attributes": {"alignment": "left", "fontSize": 19, "fontWeight": "normal", "textColor": "4B4B4B", "lineSpacing": 5}}, {"from": 7, "to": 11, "attributes": {"alignment": "left", "fontSize": 19, "fontWeight": "bold", "textColor": "1CB0F6", "lineSpacing": 5}}]}, "tokenTTS": {"tokenTTSCollection": [{"startIndex": 0, "endIndex": 10, "ttsURL": "https://d1vq87e9lcf771.cloudfront.net/danielle/ed6c83f27b03ec42543dc57aa4fcf1fd"}]}, "hints": {"hints": ["the green tea"], "hintLinks": [{"index": 0, "rangeStart": 0, "rangeEnd": 10}]}}, "subtext": {"styledString": {"text": "the green tea", "styling": [{"from": 0, "to": 3, "attributes": {"alignment": "left", "fontSize": 19, "fontWeight": "normal", "textColor": "AFAFAF", "lineSpacing": 5}}, {"from": 3, "to": 4, "attributes": {"alignment": "left", "fontSize": 19, "fontWeight": "normal", "textColor": "4B4B4B", "lineSpacing": 5}}, {"from": 4, "to": 9, "attributes": {"alignment": "left", "fontSize": 19, "fontWeight": "bold", "textColor": "AFAFAF", "lineSpacing": 5}}, {"from": 9, "to": 10, "attributes": {"alignment": "left", "fontSize": 19, "fontWeight": "normal", "textColor": "4B4B4B", "lineSpacing": 5}}, {"from": 10, "to": 13, "attributes": {"alignment": "left", "fontSize": 19, "fontWeight": "normal", "textColor": "AFAFAF", "lineSpacing": 5}}]}, "tokenTTS": {"tokenTTSCollection": []}, "hints": {"hints": [], "hintLinks": []}}, "ttsURL": "https://d1vq87e9lcf771.cloudfront.net/danielle/ed6c83f27b03ec42543dc57aa4fcf1fd"}, "meta": {"autoPlayableTTS": [], "sectionIndex": 2, "backgroundColor": "DDF4FF"}}, {"type": "verticalSpace", "element": 24, "meta": {"autoPlayableTTS": [], "sectionIndex": 3, "backgroundColor": "DDF4FF"}}, {"type": "exampleCaptionedImage", "element": {"image": {"url": "https://d1btvuu4dwu627.cloudfront.net/598ac97d09b1da377c98ede5fec55587/cf7e3dbd0e687f537d4819991347286b/images/d5612f15d80e473db70e95149cae1a50.pdf"}, "examples": [{"text": {"styledString": {"text": "le restaurant mexicain", "styling": [{"from": 0, "to": 14, "attributes": {"alignment": "center", "fontSize": 19, "fontWeight": "normal", "textColor": "4B4B4B", "lineSpacing": 5}}, {"from": 14, "to": 22, "attributes": {"alignment": "center", "fontSize": 19, "fontWeight": "bold", "textColor": "1CB0F6", "lineSpacing": 8}}]}, "tokenTTS": {"tokenTTSCollection": [{"startIndex": 0, "endIndex": 21, "ttsURL": "https://d1vq87e9lcf771.cloudfront.net/danielle/08f5b95bf6a10b0fe1d9f07f172c249d"}]}, "hints": {"hints": ["the Mexican restaurant"], "hintLinks": [{"index": 0, "rangeStart": 0, "rangeEnd": 21}]}}, "subtext": {"styledString": {"text": "the Mexican restaurant", "styling": [{"from": 0, "to": 3, "attributes": {"alignment": "center", "fontSize": 19, "fontWeight": "normal", "textColor": "AFAFAF", "lineSpacing": 8}}, {"from": 3, "to": 4, "attributes": {"alignment": "center", "fontSize": 19, "fontWeight": "normal", "textColor": "4B4B4B", "lineSpacing": 5}}, {"from": 4, "to": 11, "attributes": {"alignment": "center", "fontSize": 19, "fontWeight": "bold", "textColor": "AFAFAF", "lineSpacing": 5}}, {"from": 11, "to": 12, "attributes": {"alignment": "center", "fontSize": 19, "fontWeight": "normal", "textColor": "4B4B4B", "lineSpacing": 5}}, {"from": 12, "to": 22, "attributes": {"alignment": "center", "fontSize": 19, "fontWeight": "normal", "textColor": "AFAFAF", "lineSpacing": 8}}]}, "tokenTTS": {"tokenTTSCollection": []}, "hints": {"hints": [], "hintLinks": []}}, "ttsURL": "https://d1vq87e9lcf771.cloudfront.net/danielle/08f5b95bf6a10b0fe1d9f07f172c249d"}], "layout": "wideImageWithTextBelow"}, "meta": {"autoPlayableTTS": [], "sectionIndex": 3, "backgroundColor": "DDF4FF"}}, {"type": "verticalSpace", "element": 24, "meta": {"autoPlayableTTS": [], "sectionIndex": 0, "backgroundColor": "DDF4FF"}}], "resourcesToPrefetch": [{"required": false, "url": "https://d1vq87e9lcf771.cloudfront.net/danielle/08f5b95bf6a10b0fe1d9f07f172c249d", "type": "mp3"}, {"required": false, "url": "https://d1vq87e9lcf771.cloudfront.net/danielle/5a0342f41e2858a30b03ab6e8aa655ad", "type": "mp3"}, {"required": false, "url": "https://d1vq87e9lcf771.cloudfront.net/danielle/f4f69b96f2a519301c06818c7255af58", "type": "mp3"}, {"required": false, "url": "https://d1vq87e9lcf771.cloudfront.net/danielle/ed6c83f27b03ec42543dc57aa4fcf1fd", "type": "mp3"}, {"required": false, "url": "https://d1vq87e9lcf771.cloudfront.net/danielle/a5c261dc015d0e44245a1ac9772eef89", "type": "mp3"}, {"required": false, "url": "https://d1vq87e9lcf771.cloudfront.net/danielle/aa73809ea53ce4c3852901c8a2ac9b50", "type": "mp3"}, {"required": false, "url": "https://d1vq87e9lcf771.cloudfront.net/danielle/aef42cd27b0ba7c3c88a602e5555a8fd", "type": "mp3"}, {"required": true, "url": "https://d1btvuu4dwu627.cloudfront.net/598ac97d09b1da377c98ede5fec55587/cf7e3dbd0e687f537d4819991347286b/images/d5612f15d80e473db70e95149cae1a50.pdf", "type": "pdf"}, {"required": false, "url": "https://d1vq87e9lcf771.cloudfront.net/danielle/20926f2c7b4c983e82d5f61c6d30de0b", "type": "mp3"}]}