{"elements": [{"type": "verticalSpace", "element": 2, "meta": {"autoPlayableTTS": [], "sectionIndex": 0, "backgroundColor": "E5E5E5"}}, {"type": "verticalSpace", "element": 24, "meta": {"autoPlayableTTS": [], "sectionIndex": 0, "backgroundColor": null}}, {"type": "text", "element": {"styledString": {"text": "KEY PHRASES", "styling": [{"from": 0, "to": 11, "attributes": {"alignment": "left", "fontSize": 17, "fontWeight": "bold", "textColor": "1CB0F6", "lineSpacing": 4}}]}, "tokenTTS": {"tokenTTSCollection": []}}, "meta": {"autoPlayableTTS": [], "sectionIndex": 0, "backgroundColor": null}}, {"type": "verticalSpace", "element": 8, "meta": {"autoPlayableTTS": [], "sectionIndex": 0, "backgroundColor": null}}, {"type": "text", "element": {"styledString": {"text": "Discuss gardening", "styling": [{"from": 0, "to": 17, "attributes": {"alignment": "left", "fontSize": 25, "fontWeight": "bold", "textColor": "4B4B4B", "lineSpacing": 4}}]}, "tokenTTS": {"tokenTTSCollection": []}}, "meta": {"autoPlayableTTS": [], "sectionIndex": 0, "backgroundColor": null}}, {"type": "verticalSpace", "element": 16, "meta": {"autoPlayableTTS": [], "sectionIndex": 0, "backgroundColor": null}}, {"type": "dialogue", "element": {"phrases": [{"text": {"styledString": {"text": "Ces plantes du d\u00e9sert n'ont besoin ni d'ombre ni d'eau.", "styling": [{"from": 0, "to": 55, "attributes": {"alignment": "left", "fontSize": 19, "fontWeight": "normal", "textColor": "4B4B4B", "lineSpacing": 5}}]}, "tokenTTS": {"tokenTTSCollection": []}, "blockHints": [{"value": "Ces", "hintTable": {"rows": [[{"hint": "these", "colspan": 1}], [{"hint": "those", "colspan": 1}], [{"hint": "this", "colspan": 1}]], "references": []}, "tts": "https://d1vq87e9lcf771.cloudfront.net/danielle/ef450df7df84305c73316c2e5fc80399"}, {"value": " "}, {"value": "plantes", "hintTable": {"rows": [[{"hint": "plants", "colspan": 1}]], "references": []}, "tts": "https://d1vq87e9lcf771.cloudfront.net/danielle/588b444e72652eb2a5f565bb90d0dffc"}, {"value": " "}, {"value": "du", "hintTable": {"rows": [[{"hint": "of the", "colspan": 1}], [{"hint": "the", "colspan": 1}], [{"hint": "in the", "colspan": 1}]], "references": []}, "tts": "https://d1vq87e9lcf771.cloudfront.net/danielle/e0e916e6c5e88909eac6dc9831859026"}, {"value": " "}, {"value": "d\u00e9sert", "hintTable": {"rows": [[{"hint": "desert", "colspan": 1}]], "references": []}, "tts": "https://d1vq87e9lcf771.cloudfront.net/danielle/bd39add5300f1f2093e02025a4f15a57"}, {"value": " "}, {"value": "n'", "hintTable": {"rows": [[{"hint": "don't", "colspan": 1}], [{"hint": "do not", "colspan": 1}], [{"hint": "not", "colspan": 1}]], "references": []}, "tts": "https://d1vq87e9lcf771.cloudfront.net/danielle/9689399b2fce8825c17cae9a38ac2700"}, {"value": "ont", "hintTable": {"headers": ["ont", "besoin"], "rows": [[{"hint": "needs", "colspan": 2}], [{"hint": "have", "colspan": 1}, {"colspan": 1}], [{"hint": "get", "colspan": 1}, {"colspan": 1}]], "references": [6]}, "tts": "https://d1vq87e9lcf771.cloudfront.net/danielle/a47dc84a7f96aa6b741eba9fe300a143"}, {"value": " "}, {"value": "besoin", "hintTable": {"headers": ["ont", "besoin"], "rows": [[{"hint": "needs", "colspan": 2}], [{"colspan": 1}, {"hint": "need", "colspan": 1}], [{"colspan": 1}, {"hint": "needs", "colspan": 1}]], "references": [5]}, "tts": "https://d1vq87e9lcf771.cloudfront.net/danielle/a1eae21b2341b45afa82afcb086eb50c"}, {"value": " "}, {"value": "ni", "hintTable": {"rows": [[{"hint": "or", "colspan": 1}], [{"hint": "either", "colspan": 1}], [{"hint": "neither", "colspan": 1}]], "references": []}, "tts": "https://d1vq87e9lcf771.cloudfront.net/danielle/fbf983bc72110e6c59093d2fd5819f5d"}, {"value": " "}, {"value": "d'", "hintTable": {"rows": [[{"hint": "of", "colspan": 1}], [{"hint": "any", "colspan": 1}], [{"hint": "from", "colspan": 1}]], "references": []}, "tts": "https://d1vq87e9lcf771.cloudfront.net/danielle/a94a36b5b24126e88ad27088077b0085"}, {"value": "ombre", "hintTable": {"rows": [[{"hint": "shade", "colspan": 1}], [{"hint": "shadow", "colspan": 1}]], "references": []}, "tts": "https://d1vq87e9lcf771.cloudfront.net/danielle/12ab42a8a0c4dc6414f87ee0bdb48c61"}, {"value": " "}, {"value": "ni", "hintTable": {"rows": [[{"hint": "or", "colspan": 1}], [{"hint": "either", "colspan": 1}], [{"hint": "neither", "colspan": 1}]], "references": []}, "tts": "https://d1vq87e9lcf771.cloudfront.net/danielle/fbf983bc72110e6c59093d2fd5819f5d"}, {"value": " "}, {"value": "d'", "hintTable": {"headers": ["d'", "eau"], "rows": [[{"hint": "water", "colspan": 2}], [{"hint": "of", "colspan": 1}, {"colspan": 1}], [{"hint": "any", "colspan": 1}, {"colspan": 1}], [{"hint": "from", "colspan": 1}, {"colspan": 1}]], "references": [12]}, "tts": "https://d1vq87e9lcf771.cloudfront.net/danielle/a94a36b5b24126e88ad27088077b0085"}, {"value": "eau", "hintTable": {"headers": ["d'", "eau"], "rows": [[{"hint": "water", "colspan": 2}], [{"colspan": 1}, {"hint": "water", "colspan": 1}]], "references": [11]}, "tts": "https://d1vq87e9lcf771.cloudfront.net/danielle/d993d853d3e9441d3e6229f5c364e0c5"}, {"value": "."}]}, "subtext": {"styledString": {"text": "These desert plants don't need either shade or water.", "styling": [{"from": 0, "to": 53, "attributes": {"alignment": "left", "fontSize": 19, "fontWeight": "normal", "textColor": "AFAFAF", "lineSpacing": 5}}]}, "tokenTTS": {"tokenTTSCollection": []}}, "ttsURL": "https://d1vq87e9lcf771.cloudfront.net/danielle/804cb785f90a948cd13b44dce4afc84e"}, {"text": {"styledString": {"text": "Oui, et en les arrosant trop, tu vas les faire mourir.", "styling": [{"from": 0, "to": 54, "attributes": {"alignment": "left", "fontSize": 19, "fontWeight": "normal", "textColor": "4B4B4B", "lineSpacing": 5}}]}, "tokenTTS": {"tokenTTSCollection": []}, "blockHints": [{"value": "Oui", "hintTable": {"rows": [[{"hint": "yes", "colspan": 1}]], "references": []}, "tts": "https://d1vq87e9lcf771.cloudfront.net/danielle/18b92825cd15e502daa75a0d64f3cdd4"}, {"value": ","}, {"value": " "}, {"value": "et", "hintTable": {"rows": [[{"hint": "and", "colspan": 1}]], "references": []}, "tts": "https://d1vq87e9lcf771.cloudfront.net/danielle/cefb7f02ef34d81ce2e6f5d94e82df1e"}, {"value": " "}, {"value": "en", "hintTable": {"rows": [[{"hint": "at", "colspan": 1}], [{"hint": "of", "colspan": 1}], [{"hint": "made out of", "colspan": 1}]], "references": []}, "tts": "https://d1vq87e9lcf771.cloudfront.net/danielle/d78cc0266039b684b7f869230583dc45"}, {"value": " "}, {"value": "les", "hintTable": {"rows": [[{"hint": "your", "colspan": 1}], [{"hint": "the", "colspan": 1}], [{"hint": "they", "colspan": 1}]], "references": []}, "tts": "https://d1vq87e9lcf771.cloudfront.net/danielle/c4fd76f4b436a8eacbb40f9d77fb66f6"}, {"value": " "}, {"value": "arrosant", "hintTable": {"rows": [[{"hint": "watering", "colspan": 1}]], "references": []}, "tts": "https://d1vq87e9lcf771.cloudfront.net/danielle/1b05b6323857084873210d7d8c703fcc"}, {"value": " "}, {"value": "trop", "hintTable": {"rows": [[{"hint": "too many", "colspan": 1}], [{"hint": "too", "colspan": 1}], [{"hint": "too much", "colspan": 1}]], "references": []}, "tts": "https://d1vq87e9lcf771.cloudfront.net/danielle/080b698ce3aeb800051fe6f551895504"}, {"value": ","}, {"value": " "}, {"value": "tu", "hintTable": {"rows": [[{"hint": "you", "colspan": 1}], [{"hint": "you'll", "colspan": 1}]], "references": []}, "tts": "https://d1vq87e9lcf771.cloudfront.net/danielle/108696c9e1fe68d2beb23bb6f937a618"}, {"value": " "}, {"value": "vas", "hintTable": {"rows": [[{"hint": "going", "colspan": 1}], [{"hint": "are going to", "colspan": 1}], [{"hint": "go", "colspan": 1}]], "references": []}, "tts": "https://d1vq87e9lcf771.cloudfront.net/danielle/4ee603fc7dbc38caad303276fbc0f914"}, {"value": " "}, {"value": "les", "hintTable": {"rows": [[{"hint": "your", "colspan": 1}], [{"hint": "the", "colspan": 1}], [{"hint": "they", "colspan": 1}]], "references": []}, "tts": "https://d1vq87e9lcf771.cloudfront.net/danielle/c4fd76f4b436a8eacbb40f9d77fb66f6"}, {"value": " "}, {"value": "faire", "hintTable": {"headers": ["faire", "mourir"], "rows": [[{"hint": "kill", "colspan": 2}], [{"hint": "made", "colspan": 1}, {"colspan": 1}], [{"hint": "do things", "colspan": 1}, {"colspan": 1}], [{"hint": "making", "colspan": 1}, {"colspan": 1}]], "references": [10]}, "tts": "https://d1vq87e9lcf771.cloudfront.net/danielle/04c1bee6cf38d6ddf617c15a910dda91"}, {"value": " "}, {"value": "mourir", "hintTable": {"headers": ["faire", "mourir"], "rows": [[{"hint": "kill", "colspan": 2}], [{"colspan": 1}, {"hint": "die", "colspan": 1}], [{"colspan": 1}, {"hint": "dying", "colspan": 1}], [{"colspan": 1}, {"hint": "to die", "colspan": 1}]], "references": [9]}, "tts": "https://d1vq87e9lcf771.cloudfront.net/danielle/58c2ebe4a0d535d57b8d67777cd6c71e"}, {"value": "."}]}, "subtext": {"styledString": {"text": "Yes, and by watering them too much, you're going to kill them.", "styling": [{"from": 0, "to": 62, "attributes": {"alignment": "left", "fontSize": 19, "fontWeight": "normal", "textColor": "AFAFAF", "lineSpacing": 5}}]}, "tokenTTS": {"tokenTTSCollection": []}}, "ttsURL": "https://d1vq87e9lcf771.cloudfront.net/danielle/5d2bbfb602f17040c2ce8e6da1e5f405"}]}, "meta": {"autoPlayableTTS": [], "sectionIndex": 0, "backgroundColor": null}}, {"type": "verticalSpace", "element": 16, "meta": {"autoPlayableTTS": [], "sectionIndex": 0, "backgroundColor": null}}, {"type": "dialogue", "element": {"phrases": [{"text": {"styledString": {"text": "Je ne sais pas quoi faire pousser dans mon jardin.", "styling": [{"from": 0, "to": 50, "attributes": {"alignment": "left", "fontSize": 19, "fontWeight": "normal", "textColor": "4B4B4B", "lineSpacing": 5}}]}, "tokenTTS": {"tokenTTSCollection": []}, "blockHints": [{"value": "Je", "hintTable": {"rows": [[{"hint": "I", "colspan": 1}], [{"hint": "me", "colspan": 1}]], "references": []}, "tts": "https://d1vq87e9lcf771.cloudfront.net/danielle/bc9e4b13acbd7ff5019b443aa471b4de"}, {"value": " "}, {"value": "ne", "hintTable": {"headers": ["ne", "...", "pas"], "rows": [[{"hint": "don't", "colspan": 3}], [{"hint": "do not", "colspan": 3}], [{"hint": "not", "colspan": 3}], [{"hint": "don't", "colspan": 1}, {"colspan": 1}, {"colspan": 1}], [{"hint": "do not", "colspan": 1}, {"colspan": 1}, {"colspan": 1}], [{"hint": "not", "colspan": 1}, {"colspan": 1}, {"colspan": 1}]], "references": [3]}, "tts": "https://d1vq87e9lcf771.cloudfront.net/danielle/fe3f8d62d97c884f0447fe90d9a2f872"}, {"value": " "}, {"value": "sais", "hintTable": {"rows": [[{"hint": "know", "colspan": 1}], [{"hint": "know how", "colspan": 1}], [{"hint": "can", "colspan": 1}]], "references": []}, "tts": "https://d1vq87e9lcf771.cloudfront.net/danielle/e4f6b7f09c908414195e3331710d81b8"}, {"value": " "}, {"value": "pas", "hintTable": {"headers": ["ne", "...", "pas"], "rows": [[{"hint": "don't", "colspan": 3}], [{"hint": "do not", "colspan": 3}], [{"hint": "not", "colspan": 3}], [{"colspan": 1}, {"colspan": 1}, {"hint": "don't", "colspan": 1}], [{"colspan": 1}, {"colspan": 1}, {"hint": "not", "colspan": 1}], [{"colspan": 1}, {"colspan": 1}, {"hint": "no", "colspan": 1}]], "references": [1]}, "tts": "https://d1vq87e9lcf771.cloudfront.net/danielle/c456a9e187b2f0772875204436cd741c"}, {"value": " "}, {"value": "quoi", "hintTable": {"rows": [[{"hint": "what", "colspan": 1}]], "references": []}, "tts": "https://d1vq87e9lcf771.cloudfront.net/danielle/767651479c0b0f7a0af5942340bd7ac7"}, {"value": " "}, {"value": "faire", "hintTable": {"headers": ["faire", "pousser"], "rows": [[{"hint": "grow", "colspan": 2}], [{"hint": "don't", "colspan": 1}, {"colspan": 1}], [{"hint": "to do", "colspan": 1}, {"colspan": 1}], [{"hint": "to be on", "colspan": 1}, {"colspan": 1}]], "references": [6]}, "tts": "https://d1vq87e9lcf771.cloudfront.net/danielle/04c1bee6cf38d6ddf617c15a910dda91"}, {"value": " "}, {"value": "pousser", "hintTable": {"headers": ["faire", "pousser"], "rows": [[{"hint": "grow", "colspan": 2}], [{"colspan": 1}, {"hint": "grow", "colspan": 1}], [{"colspan": 1}, {"hint": "push", "colspan": 1}], [{"colspan": 1}, {"hint": "growing", "colspan": 1}]], "references": [5]}, "tts": "https://d1vq87e9lcf771.cloudfront.net/danielle/e2db410dcdf45a461861bdacc318f5c3"}, {"value": " "}, {"value": "dans", "hintTable": {"rows": [[{"hint": "to", "colspan": 1}], [{"hint": "in", "colspan": 1}], [{"hint": "into", "colspan": 1}]], "references": []}, "tts": "https://d1vq87e9lcf771.cloudfront.net/danielle/c4232879fe12ea9d37d2fda9eb1704bb"}, {"value": " "}, {"value": "mon", "hintTable": {"rows": [[{"hint": "my", "colspan": 1}]], "references": []}, "tts": "https://d1vq87e9lcf771.cloudfront.net/danielle/415eac14ad5c16e804201a45e5d2993d"}, {"value": " "}, {"value": "jardin", "hintTable": {"rows": [[{"hint": "garden", "colspan": 1}], [{"hint": "yard", "colspan": 1}]], "references": []}, "tts": "https://d1vq87e9lcf771.cloudfront.net/danielle/9369aa5c4f42fe55720568091fa867d8"}, {"value": "."}]}, "subtext": {"styledString": {"text": "I don't know what to grow in my garden.", "styling": [{"from": 0, "to": 39, "attributes": {"alignment": "left", "fontSize": 19, "fontWeight": "normal", "textColor": "AFAFAF", "lineSpacing": 5}}]}, "tokenTTS": {"tokenTTSCollection": []}}, "ttsURL": "https://d1vq87e9lcf771.cloudfront.net/danielle/7f9c398c9eb6e0097e57333fd2fb619f"}]}, "meta": {"autoPlayableTTS": [], "sectionIndex": 0, "backgroundColor": null}}, {"type": "verticalSpace", "element": 16, "meta": {"autoPlayableTTS": [], "sectionIndex": 0, "backgroundColor": null}}, {"type": "dialogue", "element": {"phrases": [{"text": {"styledString": {"text": "L'herbe que tu as tondue hier a d\u00e9j\u00e0 pouss\u00e9.", "styling": [{"from": 0, "to": 44, "attributes": {"alignment": "left", "fontSize": 19, "fontWeight": "normal", "textColor": "4B4B4B", "lineSpacing": 5}}]}, "tokenTTS": {"tokenTTSCollection": []}, "blockHints": [{"value": "L'", "hintTable": {"rows": [[{"hint": "the", "colspan": 1}], [{"hint": "that", "colspan": 1}], [{"hint": "with", "colspan": 1}]], "references": []}, "tts": "https://d1vq87e9lcf771.cloudfront.net/danielle/a201415fcbb4c30128fee4029161ee1d"}, {"value": "herbe", "hintTable": {"rows": [[{"hint": "grass", "colspan": 1}]], "references": []}, "tts": "https://d1vq87e9lcf771.cloudfront.net/danielle/125ae33b466125562bd19125a89e45ea"}, {"value": " "}, {"value": "que", "hintTable": {"rows": [[{"hint": "that", "colspan": 1}], [{"hint": "which", "colspan": 1}], [{"hint": "than", "colspan": 1}]], "references": []}, "tts": "https://d1vq87e9lcf771.cloudfront.net/danielle/f7a988c9818f00f37039ade65f8d6b1c"}, {"value": " "}, {"value": "tu", "hintTable": {"headers": ["tu", "as"], "rows": [[{"hint": "you've", "colspan": 2}], [{"hint": "you", "colspan": 1}, {"colspan": 1}], [{"hint": "you'll", "colspan": 1}, {"colspan": 1}]], "references": [4]}, "tts": "https://d1vq87e9lcf771.cloudfront.net/danielle/108696c9e1fe68d2beb23bb6f937a618"}, {"value": " "}, {"value": "as", "hintTable": {"headers": ["tu", "as"], "rows": [[{"hint": "you've", "colspan": 2}], [{"colspan": 1}, {"hint": "have", "colspan": 1}], [{"colspan": 1}, {"hint": "feel", "colspan": 1}]], "references": [3]}, "tts": "https://d1vq87e9lcf771.cloudfront.net/danielle/80d6d172a6d5f0018bf3dd204213cfff"}, {"value": " "}, {"value": "tondue", "hintTable": {"rows": [[{"hint": "mowed", "colspan": 1}]], "references": []}, "tts": "https://d1vq87e9lcf771.cloudfront.net/danielle/927099c295d386fa28febad5d0fafa76"}, {"value": " "}, {"value": "hier", "hintTable": {"rows": [[{"hint": "yesterday", "colspan": 1}]], "references": []}, "tts": "https://d1vq87e9lcf771.cloudfront.net/danielle/0240afb3a6b09c8f7716714544be3385"}, {"value": " "}, {"value": "a", "hintTable": {"rows": [[{"hint": "has", "colspan": 1}], [{"hint": "have", "colspan": 1}], [{"hint": "gets", "colspan": 1}]], "references": []}, "tts": "https://d1vq87e9lcf771.cloudfront.net/danielle/634fc80350d4866a1d055dc60cc43de0"}, {"value": " "}, {"value": "d\u00e9j\u00e0", "hintTable": {"rows": [[{"hint": "already", "colspan": 1}], [{"hint": "ever", "colspan": 1}], [{"hint": "again", "colspan": 1}]], "references": []}, "tts": "https://d1vq87e9lcf771.cloudfront.net/danielle/2bbf6924ce8847d4298b2ce209413e68"}, {"value": " "}, {"value": "pouss\u00e9", "hintTable": {"rows": [], "references": []}, "tts": "https://d1vq87e9lcf771.cloudfront.net/danielle/7dac41172b0f21d19b41f21982d553ef"}, {"value": "."}]}, "subtext": {"styledString": {"text": "The grass you mowed yesterday has already grown.", "styling": [{"from": 0, "to": 48, "attributes": {"alignment": "left", "fontSize": 19, "fontWeight": "normal", "textColor": "AFAFAF", "lineSpacing": 5}}]}, "tokenTTS": {"tokenTTSCollection": []}}, "ttsURL": "https://d1vq87e9lcf771.cloudfront.net/danielle/8f3b9fa2bc712b810a407c0bba32e637"}]}, "meta": {"autoPlayableTTS": [], "sectionIndex": 0, "backgroundColor": null}}, {"type": "verticalSpace", "element": 16, "meta": {"autoPlayableTTS": [], "sectionIndex": 0, "backgroundColor": null}}, {"type": "dialogue", "element": {"phrases": [{"text": {"styledString": {"text": "Rien ne pousse dans cette terre pleine de pierres.", "styling": [{"from": 0, "to": 50, "attributes": {"alignment": "left", "fontSize": 19, "fontWeight": "normal", "textColor": "4B4B4B", "lineSpacing": 5}}]}, "tokenTTS": {"tokenTTSCollection": []}, "blockHints": [{"value": "Rien", "hintTable": {"rows": [[{"hint": "nothing", "colspan": 1}], [{"hint": "not ... anything", "colspan": 1}], [{"hint": "anything", "colspan": 1}]], "references": []}, "tts": "https://d1vq87e9lcf771.cloudfront.net/danielle/b3957235a639fc5374bdcf1fad247f05"}, {"value": " "}, {"value": "ne", "hintTable": {"rows": [[{"hint": "do not", "colspan": 1}], [{"hint": "does not", "colspan": 1}], [{"hint": "won't", "colspan": 1}]], "references": []}, "tts": "https://d1vq87e9lcf771.cloudfront.net/danielle/fe3f8d62d97c884f0447fe90d9a2f872"}, {"value": " "}, {"value": "pousse", "hintTable": {"rows": [[{"hint": "grows", "colspan": 1}], [{"hint": "is growing", "colspan": 1}], [{"hint": "grow", "colspan": 1}]], "references": []}, "tts": "https://d1vq87e9lcf771.cloudfront.net/danielle/a2665c0fb12246f24f4f64ff5647b440"}, {"value": " "}, {"value": "dans", "hintTable": {"rows": [[{"hint": "of", "colspan": 1}], [{"hint": "in", "colspan": 1}], [{"hint": "into", "colspan": 1}]], "references": []}, "tts": "https://d1vq87e9lcf771.cloudfront.net/danielle/c4232879fe12ea9d37d2fda9eb1704bb"}, {"value": " "}, {"value": "cette", "hintTable": {"rows": [[{"hint": "this", "colspan": 1}], [{"hint": "that", "colspan": 1}]], "references": []}, "tts": "https://d1vq87e9lcf771.cloudfront.net/danielle/b1029061299eca13050e4ea645b30f6e"}, {"value": " "}, {"value": "terre", "hintTable": {"rows": [[{"hint": "dirt", "colspan": 1}], [{"hint": "Earth", "colspan": 1}], [{"hint": "basic", "colspan": 1}]], "references": []}, "tts": "https://d1vq87e9lcf771.cloudfront.net/danielle/180ab4734a990b7092765555e85799d3"}, {"value": " "}, {"value": "pleine", "hintTable": {"rows": [[{"hint": "full", "colspan": 1}], [{"hint": "entire", "colspan": 1}]], "references": []}, "tts": "https://d1vq87e9lcf771.cloudfront.net/danielle/8c649cf3b8294cce580a8e7bca237968"}, {"value": " "}, {"value": "de", "hintTable": {"rows": [[{"hint": "of", "colspan": 1}], [{"hint": "in", "colspan": 1}], [{"hint": "out of", "colspan": 1}]], "references": []}, "tts": "https://d1vq87e9lcf771.cloudfront.net/danielle/440a31450593e609451ea2168f76e988"}, {"value": " "}, {"value": "pierres", "hintTable": {"rows": [[{"hint": "stones", "colspan": 1}], [{"hint": "rocks", "colspan": 1}]], "references": []}, "tts": "https://d1vq87e9lcf771.cloudfront.net/danielle/005a0caf3476da172cbde1f30135da72"}, {"value": "."}]}, "subtext": {"styledString": {"text": "Nothing grows in this dirt full of stones.", "styling": [{"from": 0, "to": 42, "attributes": {"alignment": "left", "fontSize": 19, "fontWeight": "normal", "textColor": "AFAFAF", "lineSpacing": 5}}]}, "tokenTTS": {"tokenTTSCollection": []}}, "ttsURL": "https://d1vq87e9lcf771.cloudfront.net/danielle/3507795449f8264b9f7f1c7bfc1b1355"}]}, "meta": {"autoPlayableTTS": [], "sectionIndex": 0, "backgroundColor": null}}, {"type": "verticalSpace", "element": 16, "meta": {"autoPlayableTTS": [], "sectionIndex": 0, "backgroundColor": null}}, {"type": "dialogue", "element": {"phrases": [{"text": {"styledString": {"text": "N'arrose pas les fleurs que j'ai d\u00e9j\u00e0 arros\u00e9es.", "styling": [{"from": 0, "to": 47, "attributes": {"alignment": "left", "fontSize": 19, "fontWeight": "normal", "textColor": "4B4B4B", "lineSpacing": 5}}]}, "tokenTTS": {"tokenTTSCollection": []}, "blockHints": [{"value": "N'", "hintTable": {"headers": ["n'", "...", "pas"], "rows": [[{"hint": "not", "colspan": 3}], [{"hint": "do not", "colspan": 3}], [{"hint": "does not", "colspan": 3}], [{"hint": "don't", "colspan": 1}, {"colspan": 1}, {"colspan": 1}], [{"hint": "do not", "colspan": 1}, {"colspan": 1}, {"colspan": 1}], [{"hint": "not", "colspan": 1}, {"colspan": 1}, {"colspan": 1}]], "references": [2]}, "tts": "https://d1vq87e9lcf771.cloudfront.net/danielle/9689399b2fce8825c17cae9a38ac2700"}, {"value": "arrose", "hintTable": {"rows": [[{"hint": "water", "colspan": 1}], [{"hint": "waters", "colspan": 1}], [{"hint": "am watering", "colspan": 1}]], "references": []}, "tts": "https://d1vq87e9lcf771.cloudfront.net/danielle/fd002ec5e0690cc46cc36b8ebbaa74b2"}, {"value": " "}, {"value": "pas", "hintTable": {"headers": ["n'", "...", "pas"], "rows": [[{"hint": "not", "colspan": 3}], [{"hint": "do not", "colspan": 3}], [{"hint": "does not", "colspan": 3}], [{"colspan": 1}, {"colspan": 1}, {"hint": "don't", "colspan": 1}], [{"colspan": 1}, {"colspan": 1}, {"hint": "not", "colspan": 1}], [{"colspan": 1}, {"colspan": 1}, {"hint": "no", "colspan": 1}]], "references": [0]}, "tts": "https://d1vq87e9lcf771.cloudfront.net/danielle/c456a9e187b2f0772875204436cd741c"}, {"value": " "}, {"value": "les", "hintTable": {"headers": ["les", "fleurs"], "rows": [[{"hint": "flowers", "colspan": 2}], [{"hint": "the", "colspan": 1}, {"colspan": 1}], [{"hint": "your", "colspan": 1}, {"colspan": 1}], [{"hint": "they", "colspan": 1}, {"colspan": 1}]], "references": [4]}, "tts": "https://d1vq87e9lcf771.cloudfront.net/danielle/c4fd76f4b436a8eacbb40f9d77fb66f6"}, {"value": " "}, {"value": "fleurs", "hintTable": {"headers": ["les", "fleurs"], "rows": [[{"hint": "flowers", "colspan": 2}], [{"colspan": 1}, {"hint": "flowers", "colspan": 1}]], "references": [3]}, "tts": "https://d1vq87e9lcf771.cloudfront.net/danielle/53027e33f928a7122fb198633ceea15a"}, {"value": " "}, {"value": "que", "hintTable": {"headers": ["n'", "...", "que"], "rows": [[{"hint": "only", "colspan": 3}], [{"colspan": 1}, {"colspan": 1}, {"hint": "that", "colspan": 1}], [{"colspan": 1}, {"colspan": 1}, {"hint": "which", "colspan": 1}], [{"colspan": 1}, {"colspan": 1}, {"hint": "than", "colspan": 1}]], "references": [3]}, "tts": "https://d1vq87e9lcf771.cloudfront.net/danielle/f7a988c9818f00f37039ade65f8d6b1c"}, {"value": " "}, {"value": "j'", "hintTable": {"headers": ["j'", "ai"], "rows": [[{"hint": "I'm", "colspan": 2}], [{"hint": "I've", "colspan": 2}], [{"hint": "I", "colspan": 1}, {"colspan": 1}]], "references": [7]}, "tts": "https://d1vq87e9lcf771.cloudfront.net/danielle/c839fdc2ccbaf9f6fe27b78659f801f2"}, {"value": "ai", "hintTable": {"headers": ["j'", "ai"], "rows": [[{"hint": "I'm", "colspan": 2}], [{"hint": "I've", "colspan": 2}], [{"colspan": 1}, {"hint": "have", "colspan": 1}], [{"colspan": 1}, {"hint": "feel", "colspan": 1}]], "references": [6]}, "tts": "https://d1vq87e9lcf771.cloudfront.net/danielle/945704840e035e2ea1325d5250fe6554"}, {"value": " "}, {"value": "d\u00e9j\u00e0", "hintTable": {"rows": [[{"hint": "already", "colspan": 1}], [{"hint": "ever", "colspan": 1}], [{"hint": "again", "colspan": 1}]], "references": []}, "tts": "https://d1vq87e9lcf771.cloudfront.net/danielle/2bbf6924ce8847d4298b2ce209413e68"}, {"value": " "}, {"value": "arros\u00e9es", "hintTable": {"rows": [[{"hint": "watered", "colspan": 1}]], "references": []}, "tts": "https://d1vq87e9lcf771.cloudfront.net/danielle/1def83a4ad1259faa38b0de57c1d7fa7"}, {"value": "."}]}, "subtext": {"styledString": {"text": "Don't water the flowers that I have already watered.", "styling": [{"from": 0, "to": 52, "attributes": {"alignment": "left", "fontSize": 19, "fontWeight": "normal", "textColor": "AFAFAF", "lineSpacing": 5}}]}, "tokenTTS": {"tokenTTSCollection": []}}, "ttsURL": "https://d1vq87e9lcf771.cloudfront.net/danielle/a417197117c0725cb8c520bdf3246ba5"}]}, "meta": {"autoPlayableTTS": [], "sectionIndex": 0, "backgroundColor": null}}, {"type": "verticalSpace", "element": 24, "meta": {"autoPlayableTTS": [], "sectionIndex": 0, "backgroundColor": null}}], "resourcesToPrefetch": [{"required": false, "url": "https://d1vq87e9lcf771.cloudfront.net/danielle/a417197117c0725cb8c520bdf3246ba5", "type": "mp3"}, {"required": false, "url": "https://d1vq87e9lcf771.cloudfront.net/danielle/8f3b9fa2bc712b810a407c0bba32e637", "type": "mp3"}, {"required": false, "url": "https://d1vq87e9lcf771.cloudfront.net/danielle/3507795449f8264b9f7f1c7bfc1b1355", "type": "mp3"}, {"required": false, "url": "https://d1vq87e9lcf771.cloudfront.net/danielle/804cb785f90a948cd13b44dce4afc84e", "type": "mp3"}, {"required": false, "url": "https://d1vq87e9lcf771.cloudfront.net/danielle/7f9c398c9eb6e0097e57333fd2fb619f", "type": "mp3"}, {"required": false, "url": "https://d1vq87e9lcf771.cloudfront.net/danielle/5d2bbfb602f17040c2ce8e6da1e5f405", "type": "mp3"}]}