{"elements": [{"element": 15, "meta": {"autoPlayableTTS": [], "backgroundColor": null, "sectionIndex": 0}, "type": "verticalSpace"}, {"element": {"hints": {"hintLinks": [], "hints": []}, "styledString": {"styling": [{"attributes": {"alignment": "left", "fontSize": 25, "fontWeight": "bold", "lineSpacing": 4, "textColor": "4B4B4B"}, "from": 0, "to": 9}], "text": "Add an s!"}, "tokenTTS": {"tokenTTSCollection": []}}, "meta": {"autoPlayableTTS": [], "backgroundColor": null, "sectionIndex": 0}, "type": "text"}, {"element": 12, "meta": {"autoPlayableTTS": [], "backgroundColor": null, "sectionIndex": 0}, "type": "verticalSpace"}, {"element": {"hints": {"hintLinks": [], "hints": []}, "styledString": {"styling": [{"attributes": {"alignment": "left", "fontSize": 19, "fontWeight": "normal", "lineSpacing": 5, "textColor": "4B4B4B"}, "from": 0, "to": 103}, {"attributes": {"alignment": "left", "fontSize": 19, "fontWeight": "bold", "lineSpacing": 5, "textColor": "4B4B4B"}, "from": 103, "to": 104}, {"attributes": {"alignment": "left", "fontSize": 19, "fontWeight": "normal", "lineSpacing": 5, "textColor": "4B4B4B"}, "from": 104, "to": 128}], "text": "Differentiating between one thing and many things in Spanish works just like in English. Simply add an s to the end of the word!"}, "tokenTTS": {"tokenTTSCollection": []}}, "meta": {"autoPlayableTTS": [], "backgroundColor": null, "sectionIndex": 0}, "type": "text"}, {"element": 24, "meta": {"autoPlayableTTS": [], "backgroundColor": null, "sectionIndex": 1}, "type": "verticalSpace"}, {"element": {"examples": [{"subtext": {"hints": {"hintLinks": [], "hints": []}, "styledString": {"styling": [{"attributes": {"alignment": "left", "fontSize": 19, "fontWeight": "normal", "lineSpacing": 8, "textColor": "AFAFAF"}, "from": 0, "to": 4}], "text": "book"}, "tokenTTS": {"tokenTTSCollection": []}}, "text": {"hints": {"hintLinks": [{"index": 0, "rangeEnd": 4, "rangeStart": 0}], "hints": ["book"]}, "styledString": {"styling": [{"attributes": {"alignment": "left", "fontSize": 19, "fontWeight": "normal", "lineSpacing": 5, "textColor": "4B4B4B"}, "from": 0, "to": 5}], "text": "libro"}, "tokenTTS": {"tokenTTSCollection": [{"endIndex": 4, "startIndex": 0, "ttsURL": "https://d1vq87e9lcf771.cloudfront.net/miguel/40a0c184170e96513964ec9f3b6fcedb"}]}}, "ttsURL": "https://d1vq87e9lcf771.cloudfront.net/miguel/40a0c184170e96513964ec9f3b6fcedb"}], "image": {"url": "https://d1btvuu4dwu627.cloudfront.net/3cdc03288e3c6f85b686b505cbfe29f3/852b7bed298f8d8e9454cd53ad950c77/images/fdb1f6dc961b48a89f316ab66b7f42e3.pdf"}, "layout": "narrowImageWithTextToRight"}, "meta": {"autoPlayableTTS": [], "backgroundColor": null, "sectionIndex": 1}, "type": "exampleCaptionedImage"}, {"element": 12, "meta": {"autoPlayableTTS": [], "backgroundColor": null, "sectionIndex": 2}, "type": "verticalSpace"}, {"element": {"examples": [{"subtext": {"hints": {"hintLinks": [], "hints": []}, "styledString": {"styling": [{"attributes": {"alignment": "left", "fontSize": 19, "fontWeight": "normal", "lineSpacing": 8, "textColor": "AFAFAF"}, "from": 0, "to": 5}], "text": "books"}, "tokenTTS": {"tokenTTSCollection": []}}, "text": {"hints": {"hintLinks": [{"index": 0, "rangeEnd": 5, "rangeStart": 0}], "hints": ["books"]}, "styledString": {"styling": [{"attributes": {"alignment": "left", "fontSize": 19, "fontWeight": "normal", "lineSpacing": 5, "textColor": "4B4B4B"}, "from": 0, "to": 6}], "text": "libros"}, "tokenTTS": {"tokenTTSCollection": [{"endIndex": 5, "startIndex": 0, "ttsURL": "https://d1vq87e9lcf771.cloudfront.net/miguel/5c113573a4d91f066692774997f5dd92"}]}}, "ttsURL": "https://d1vq87e9lcf771.cloudfront.net/miguel/5c113573a4d91f066692774997f5dd92"}], "image": {"url": "https://d1btvuu4dwu627.cloudfront.net/3cdc03288e3c6f85b686b505cbfe29f3/852b7bed298f8d8e9454cd53ad950c77/images/746217272bd64a39b8c42d7400dcbbb2.pdf"}, "layout": "narrowImageWithTextToRight"}, "meta": {"autoPlayableTTS": [], "backgroundColor": null, "sectionIndex": 2}, "type": "exampleCaptionedImage"}, {"element": 36, "meta": {"autoPlayableTTS": [], "backgroundColor": null, "sectionIndex": 3}, "type": "verticalSpace"}, {"element": {"hints": {"hintLinks": [], "hints": []}, "styledString": {"styling": [{"attributes": {"alignment": "left", "fontSize": 25, "fontWeight": "bold", "lineSpacing": 4, "textColor": "4B4B4B"}, "from": 0, "to": 13}], "text": "Este vs. esta"}, "tokenTTS": {"tokenTTSCollection": []}}, "meta": {"autoPlayableTTS": [], "backgroundColor": null, "sectionIndex": 3}, "type": "text"}, {"element": 12, "meta": {"autoPlayableTTS": [], "backgroundColor": null, "sectionIndex": 3}, "type": "verticalSpace"}, {"element": {"hints": {"hintLinks": [{"index": 0, "rangeEnd": 60, "rangeStart": 55}, {"index": 1, "rangeEnd": 72, "rangeStart": 69}], "hints": ["In Spanish, all nouns are either masculine or feminine, even when they don\u2019t refer to people.", "A noun is the name of something, such as a thing (\"spoon\"), an idea (\"love\"), a place (\"Atlanta\"), or a person (\"Maria\")."]}, "styledString": {"styling": [{"attributes": {"alignment": "left", "fontSize": 19, "fontWeight": "normal", "lineSpacing": 5, "textColor": "4B4B4B"}, "from": 0, "to": 25}, {"attributes": {"alignment": "left", "fontSize": 19, "fontWeight": "bold", "lineSpacing": 5, "textColor": "4B4B4B"}, "from": 25, "to": 29}, {"attributes": {"alignment": "left", "fontSize": 19, "fontWeight": "normal", "lineSpacing": 5, "textColor": "4B4B4B"}, "from": 29, "to": 87}], "text": "In Spanish, the word for this changes depending on the gender of the noun it goes with."}, "tokenTTS": {"tokenTTSCollection": []}}, "meta": {"autoPlayableTTS": [], "backgroundColor": null, "sectionIndex": 3}, "type": "text"}, {"element": 24, "meta": {"autoPlayableTTS": [], "backgroundColor": null, "sectionIndex": 4}, "type": "verticalSpace"}, {"element": {"examples": [{"subtext": {"hints": {"hintLinks": [], "hints": []}, "styledString": {"styling": [{"attributes": {"alignment": "center", "fontSize": 19, "fontWeight": "normal", "lineSpacing": 8, "textColor": "AFAFAF"}, "from": 0, "to": 17}], "text": "This book is fun."}, "tokenTTS": {"tokenTTSCollection": []}}, "text": {"hints": {"hintLinks": [{"index": 0, "rangeEnd": 23, "rangeStart": 0}], "hints": ["this book is fun"]}, "styledString": {"styling": [{"attributes": {"alignment": "center", "fontSize": 19, "fontWeight": "bold", "lineSpacing": 8, "textColor": "1CB0F6"}, "from": 0, "to": 4}, {"attributes": {"alignment": "center", "fontSize": 19, "fontWeight": "normal", "lineSpacing": 5, "textColor": "4B4B4B"}, "from": 4, "to": 9}, {"attributes": {"alignment": "center", "fontSize": 19, "fontWeight": "bold", "lineSpacing": 8, "textColor": "1CB0F6"}, "from": 9, "to": 10}, {"attributes": {"alignment": "center", "fontSize": 19, "fontWeight": "normal", "lineSpacing": 5, "textColor": "4B4B4B"}, "from": 10, "to": 25}], "text": "Este libro es divertido. "}, "tokenTTS": {"tokenTTSCollection": [{"endIndex": 23, "startIndex": 0, "ttsURL": "https://d1vq87e9lcf771.cloudfront.net/miguel/514a20f7a939645decb180d6b5e325a4"}]}}, "ttsURL": "https://d1vq87e9lcf771.cloudfront.net/miguel/514a20f7a939645decb180d6b5e325a4"}], "image": {"url": "https://d1btvuu4dwu627.cloudfront.net/1935260bb45227d2abc8062355f5ce9f/3bddcbec6b9090ec8a448456dc4b5c15/images/0b1b14964b984de6bf29624e1f5332d0.pdf"}, "layout": "wideImageWithTextBelow"}, "meta": {"autoPlayableTTS": [], "backgroundColor": null, "sectionIndex": 4}, "type": "exampleCaptionedImage"}, {"element": 24, "meta": {"autoPlayableTTS": [], "backgroundColor": null, "sectionIndex": 5}, "type": "verticalSpace"}, {"element": {"examples": [{"subtext": {"hints": {"hintLinks": [], "hints": []}, "styledString": {"styling": [{"attributes": {"alignment": "center", "fontSize": 19, "fontWeight": "normal", "lineSpacing": 8, "textColor": "AFAFAF"}, "from": 0, "to": 23}], "text": "I work in this library."}, "tokenTTS": {"tokenTTSCollection": []}}, "text": {"hints": {"hintLinks": [{"index": 0, "rangeEnd": 29, "rangeStart": 0}], "hints": ["I work in this library"]}, "styledString": {"styling": [{"attributes": {"alignment": "center", "fontSize": 19, "fontWeight": "normal", "lineSpacing": 5, "textColor": "4B4B4B"}, "from": 0, "to": 14}, {"attributes": {"alignment": "center", "fontSize": 19, "fontWeight": "bold", "lineSpacing": 8, "textColor": "1CB0F6"}, "from": 14, "to": 18}, {"attributes": {"alignment": "center", "fontSize": 19, "fontWeight": "normal", "lineSpacing": 5, "textColor": "4B4B4B"}, "from": 18, "to": 28}, {"attributes": {"alignment": "center", "fontSize": 19, "fontWeight": "bold", "lineSpacing": 8, "textColor": "1CB0F6"}, "from": 28, "to": 29}, {"attributes": {"alignment": "center", "fontSize": 19, "fontWeight": "normal", "lineSpacing": 5, "textColor": "4B4B4B"}, "from": 29, "to": 30}], "text": "Yo trabajo en esta biblioteca."}, "tokenTTS": {"tokenTTSCollection": [{"endIndex": 29, "startIndex": 0, "ttsURL": "https://d1vq87e9lcf771.cloudfront.net/miguel/ce52d337935e8064de2d3e1d884e29d4"}]}}, "ttsURL": "https://d1vq87e9lcf771.cloudfront.net/miguel/ce52d337935e8064de2d3e1d884e29d4"}], "image": {"url": "https://d1btvuu4dwu627.cloudfront.net/3cdc03288e3c6f85b686b505cbfe29f3/852b7bed298f8d8e9454cd53ad950c77/images/e3cb3de8a6dd4808944c9c1e01dd770c.pdf"}, "layout": "wideImageWithTextBelow"}, "meta": {"autoPlayableTTS": [], "backgroundColor": null, "sectionIndex": 5}, "type": "exampleCaptionedImage"}, {"element": 15, "meta": {"autoPlayableTTS": [], "backgroundColor": null, "sectionIndex": 5}, "type": "verticalSpace"}], "intro": null, "resourcesToPrefetch": [{"required": false, "type": "mp3", "url": "https://d1vq87e9lcf771.cloudfront.net/miguel/40a0c184170e96513964ec9f3b6fcedb"}, {"required": false, "type": "mp3", "url": "https://d1vq87e9lcf771.cloudfront.net/miguel/514a20f7a939645decb180d6b5e325a4"}, {"required": false, "type": "mp3", "url": "https://d1vq87e9lcf771.cloudfront.net/miguel/5c113573a4d91f066692774997f5dd92"}, {"required": true, "type": "pdf", "url": "https://d1btvuu4dwu627.cloudfront.net/3cdc03288e3c6f85b686b505cbfe29f3/852b7bed298f8d8e9454cd53ad950c77/images/fdb1f6dc961b48a89f316ab66b7f42e3.pdf"}, {"required": true, "type": "pdf", "url": "https://d1btvuu4dwu627.cloudfront.net/3cdc03288e3c6f85b686b505cbfe29f3/852b7bed298f8d8e9454cd53ad950c77/images/746217272bd64a39b8c42d7400dcbbb2.pdf"}, {"required": true, "type": "pdf", "url": "https://d1btvuu4dwu627.cloudfront.net/1935260bb45227d2abc8062355f5ce9f/3bddcbec6b9090ec8a448456dc4b5c15/images/0b1b14964b984de6bf29624e1f5332d0.pdf"}, {"required": false, "type": "mp3", "url": "https://d1vq87e9lcf771.cloudfront.net/miguel/ce52d337935e8064de2d3e1d884e29d4"}, {"required": true, "type": "pdf", "url": "https://d1btvuu4dwu627.cloudfront.net/3cdc03288e3c6f85b686b505cbfe29f3/852b7bed298f8d8e9454cd53ad950c77/images/e3cb3de8a6dd4808944c9c1e01dd770c.pdf"}], "skillID": "d394901cfb8a75251ec85c4787cd2f84", "title": "School 2"}