{"elements": [{"type": "verticalSpace", "element": 2, "meta": {"autoPlayableTTS": [], "sectionIndex": 0, "backgroundColor": "E5E5E5"}}, {"type": "verticalSpace", "element": 24, "meta": {"autoPlayableTTS": [], "sectionIndex": 0, "backgroundColor": null}}, {"type": "text", "element": {"styledString": {"text": "KEY PHRASES", "styling": [{"from": 0, "to": 11, "attributes": {"alignment": "left", "fontSize": 17, "fontWeight": "bold", "textColor": "1CB0F6", "lineSpacing": 4}}]}, "tokenTTS": {"tokenTTSCollection": []}}, "meta": {"autoPlayableTTS": [], "sectionIndex": 0, "backgroundColor": null}}, {"type": "verticalSpace", "element": 8, "meta": {"autoPlayableTTS": [], "sectionIndex": 0, "backgroundColor": null}}, {"type": "text", "element": {"styledString": {"text": "Buy items you need", "styling": [{"from": 0, "to": 18, "attributes": {"alignment": "left", "fontSize": 25, "fontWeight": "bold", "textColor": "4B4B4B", "lineSpacing": 4}}]}, "tokenTTS": {"tokenTTSCollection": []}}, "meta": {"autoPlayableTTS": [], "sectionIndex": 0, "backgroundColor": null}}, {"type": "verticalSpace", "element": 16, "meta": {"autoPlayableTTS": [], "sectionIndex": 0, "backgroundColor": null}}, {"type": "dialogue", "element": {"phrases": [{"text": {"styledString": {"text": "Ustedes siempre compran ropa en esa tienda.", "styling": [{"from": 0, "to": 43, "attributes": {"alignment": "left", "fontSize": 19, "fontWeight": "normal", "textColor": "4B4B4B", "lineSpacing": 5}}]}, "tokenTTS": {"tokenTTSCollection": []}, "blockHints": [{"value": "Ustedes", "hintTable": {"rows": [[{"hint": "you", "colspan": 1}], [{"hint": "you guys", "colspan": 1}], [{"hint": "you all", "colspan": 1}]], "references": []}, "tts": "https://d1vq87e9lcf771.cloudfront.net/miguel/adaff35042eaa60b1635593807ea3e15"}, {"value": " "}, {"value": "siempre", "hintTable": {"rows": [[{"hint": "always", "colspan": 1}], [{"hint": "forever", "colspan": 1}], [{"hint": "ever", "colspan": 1}]], "references": []}, "tts": "https://d1vq87e9lcf771.cloudfront.net/miguel/e06789c21057e74b0947ee54e94651a2"}, {"value": " "}, {"value": "compran", "hintTable": {"rows": [[{"hint": "(they) buy", "colspan": 1}], [{"hint": "buy", "colspan": 1}], [{"hint": "(?) do you buy", "colspan": 1}]], "references": []}, "tts": "https://d1vq87e9lcf771.cloudfront.net/miguel/63e1656f30285843d7443bcefb1844cb"}, {"value": " "}, {"value": "ropa", "hintTable": {"rows": [[{"hint": "clothes", "colspan": 1}], [{"hint": "clothing", "colspan": 1}]], "references": []}, "tts": "https://d1vq87e9lcf771.cloudfront.net/miguel/487edb3921d3be7d0a4418fece4753f6"}, {"value": " "}, {"value": "en", "hintTable": {"rows": [[{"hint": "at", "colspan": 1}], [{"hint": "of", "colspan": 1}], [{"hint": "in", "colspan": 1}]], "references": []}, "tts": "https://d1vq87e9lcf771.cloudfront.net/miguel/953baa0ff97009a5374e3a2695ce7f5c"}, {"value": " "}, {"value": "esa", "hintTable": {"rows": [[{"hint": "that", "colspan": 1}], [{"hint": "that one", "colspan": 1}], [{"hint": "those", "colspan": 1}]], "references": []}, "tts": "https://d1vq87e9lcf771.cloudfront.net/miguel/158211501bbdacb919de50824c696f4e"}, {"value": " "}, {"value": "tienda", "hintTable": {"rows": [[{"hint": "store", "colspan": 1}], [{"hint": "shop", "colspan": 1}], [{"hint": "stores", "colspan": 1}]], "references": []}, "tts": "https://d1vq87e9lcf771.cloudfront.net/miguel/6743396f84d5fcbde34712b0175c60fa"}, {"value": "."}]}, "subtext": {"styledString": {"text": "You always buy clothes at that store.", "styling": [{"from": 0, "to": 37, "attributes": {"alignment": "left", "fontSize": 19, "fontWeight": "normal", "textColor": "AFAFAF", "lineSpacing": 5}}]}, "tokenTTS": {"tokenTTSCollection": []}}, "ttsURL": "https://d1vq87e9lcf771.cloudfront.net/miguel/3872ef672283b4a68bc9fddf7491da67"}, {"text": {"styledString": {"text": "Los vendedores aqu\u00ed son muy buenos.", "styling": [{"from": 0, "to": 35, "attributes": {"alignment": "left", "fontSize": 19, "fontWeight": "normal", "textColor": "4B4B4B", "lineSpacing": 5}}]}, "tokenTTS": {"tokenTTSCollection": []}, "blockHints": [{"value": "Los", "hintTable": {"rows": [[{"hint": "the", "colspan": 1}], [{"hint": "their", "colspan": 1}], [{"hint": "your", "colspan": 1}]], "references": []}, "tts": "https://d1vq87e9lcf771.cloudfront.net/miguel/d863d8aa552c7c1c67edddbdd43fc33f"}, {"value": " "}, {"value": "vendedores", "hintTable": {"rows": [[{"hint": "salespeople", "colspan": 1}], [{"hint": "salesmen", "colspan": 1}], [{"hint": "vendors", "colspan": 1}]], "references": []}, "tts": "https://d1vq87e9lcf771.cloudfront.net/miguel/be041ef9c6b76fa935b80f4e0e3661b4"}, {"value": " "}, {"value": "aqu\u00ed", "hintTable": {"rows": [[{"hint": "here", "colspan": 1}]], "references": []}, "tts": "https://d1vq87e9lcf771.cloudfront.net/miguel/b4b03c7841b0ca940c16d88eb7409201"}, {"value": " "}, {"value": "son", "hintTable": {"rows": [[{"hint": "are", "colspan": 1}], [{"hint": "(they) are", "colspan": 1}], [{"hint": "(you) are", "colspan": 1}]], "references": []}, "tts": "https://d1vq87e9lcf771.cloudfront.net/miguel/30c0054f6e0b41836d128f0ecd0bf8ed"}, {"value": " "}, {"value": "muy", "hintTable": {"rows": [[{"hint": "very", "colspan": 1}], [{"hint": "really", "colspan": 1}], [{"hint": "extremely", "colspan": 1}]], "references": []}, "tts": "https://d1vq87e9lcf771.cloudfront.net/miguel/c0486c2ad2d37a42897436a25be629eb"}, {"value": " "}, {"value": "buenos", "hintTable": {"rows": [[{"hint": "good", "colspan": 1}], [{"hint": "great", "colspan": 1}], [{"hint": "nice", "colspan": 1}]], "references": []}, "tts": "https://d1vq87e9lcf771.cloudfront.net/miguel/3e3ea45a0d651fe1a22abd7c858c6671"}, {"value": "."}]}, "subtext": {"styledString": {"text": "The salespeople here are very good.", "styling": [{"from": 0, "to": 35, "attributes": {"alignment": "left", "fontSize": 19, "fontWeight": "normal", "textColor": "AFAFAF", "lineSpacing": 5}}]}, "tokenTTS": {"tokenTTSCollection": []}}, "ttsURL": "https://d1vq87e9lcf771.cloudfront.net/miguel/73daac74d6e34499bf9035e404ca5761"}]}, "meta": {"autoPlayableTTS": [], "sectionIndex": 0, "backgroundColor": null}}, {"type": "verticalSpace", "element": 16, "meta": {"autoPlayableTTS": [], "sectionIndex": 0, "backgroundColor": null}}, {"type": "dialogue", "element": {"phrases": [{"text": {"styledString": {"text": "Chicas, \u00a1compren estos aretes baratos!", "styling": [{"from": 0, "to": 38, "attributes": {"alignment": "left", "fontSize": 19, "fontWeight": "normal", "textColor": "4B4B4B", "lineSpacing": 5}}]}, "tokenTTS": {"tokenTTSCollection": []}, "blockHints": [{"value": "Chicas", "hintTable": {"rows": [[{"hint": "girls", "colspan": 1}], [{"hint": "small", "colspan": 1}]], "references": []}, "tts": "https://d1vq87e9lcf771.cloudfront.net/miguel/937d726f517053c8326b6c54748d9b7a"}, {"value": ","}, {"value": " "}, {"value": "\u00a1"}, {"value": "compren", "hintTable": {"rows": [[{"hint": "buy", "colspan": 1}]], "references": []}, "tts": "https://d1vq87e9lcf771.cloudfront.net/miguel/2ca6510c0b53a1c14a57deea7885a049"}, {"value": " "}, {"value": "estos", "hintTable": {"rows": [[{"hint": "these", "colspan": 1}], [{"hint": "these ones", "colspan": 1}], [{"hint": "this", "colspan": 1}]], "references": []}, "tts": "https://d1vq87e9lcf771.cloudfront.net/miguel/ab0e8f15c48419eb7474fd9c0d8a31ac"}, {"value": " "}, {"value": "aretes", "hintTable": {"rows": [[{"hint": "earrings", "colspan": 1}]], "references": []}, "tts": "https://d1vq87e9lcf771.cloudfront.net/miguel/a6ce5f0134e19d1cec325ee252b8cc8b"}, {"value": " "}, {"value": "baratos", "hintTable": {"rows": [[{"hint": "cheap", "colspan": 1}], [{"hint": "inexpensive", "colspan": 1}], [{"hint": "commercials", "colspan": 1}]], "references": []}, "tts": "https://d1vq87e9lcf771.cloudfront.net/miguel/97487e7eb8f8bf29a879b2738887c9b3"}, {"value": "!"}]}, "subtext": {"styledString": {"text": "Girls, buy these cheap earrings!", "styling": [{"from": 0, "to": 32, "attributes": {"alignment": "left", "fontSize": 19, "fontWeight": "normal", "textColor": "AFAFAF", "lineSpacing": 5}}]}, "tokenTTS": {"tokenTTSCollection": []}}, "ttsURL": "https://d1vq87e9lcf771.cloudfront.net/miguel/c9d6110806a52f7e04131b663e40f6a0"}]}, "meta": {"autoPlayableTTS": [], "sectionIndex": 0, "backgroundColor": null}}, {"type": "verticalSpace", "element": 16, "meta": {"autoPlayableTTS": [], "sectionIndex": 0, "backgroundColor": null}}, {"type": "dialogue", "element": {"phrases": [{"text": {"styledString": {"text": "Ana y Julia, compren este brazalete bonito.", "styling": [{"from": 0, "to": 43, "attributes": {"alignment": "left", "fontSize": 19, "fontWeight": "normal", "textColor": "4B4B4B", "lineSpacing": 5}}]}, "tokenTTS": {"tokenTTSCollection": []}, "blockHints": [{"value": "Ana", "hintTable": {"rows": [[{"hint": "Ana", "colspan": 1}]], "references": []}, "tts": "https://d1vq87e9lcf771.cloudfront.net/miguel/23099809be40b58851b5ab446805b26f"}, {"value": " "}, {"value": "y", "hintTable": {"rows": [[{"hint": "and", "colspan": 1}]], "references": []}, "tts": "https://d1vq87e9lcf771.cloudfront.net/miguel/05e3848edd76360dcc4340e158ad7843"}, {"value": " "}, {"value": "Julia", "hintTable": {"rows": [[{"hint": "Julia", "colspan": 1}]], "references": []}, "tts": "https://d1vq87e9lcf771.cloudfront.net/miguel/2970d2c6d3961e7c2b8ba24a5e461376"}, {"value": ","}, {"value": " "}, {"value": "compren", "hintTable": {"rows": [[{"hint": "buy", "colspan": 1}]], "references": []}, "tts": "https://d1vq87e9lcf771.cloudfront.net/miguel/2ca6510c0b53a1c14a57deea7885a049"}, {"value": " "}, {"value": "este", "hintTable": {"rows": [[{"hint": "this", "colspan": 1}], [{"hint": "this one", "colspan": 1}], [{"hint": "east", "colspan": 1}]], "references": []}, "tts": "https://d1vq87e9lcf771.cloudfront.net/penelope/17a49ff00fa9ba4fa313e03028290005"}, {"value": " "}, {"value": "brazalete", "hintTable": {"rows": [[{"hint": "bracelet", "colspan": 1}], [{"hint": "wristband", "colspan": 1}]], "references": []}, "tts": "https://d1vq87e9lcf771.cloudfront.net/miguel/ad305fffccdc36deb816ac9a9942e588"}, {"value": " "}, {"value": "bonito", "hintTable": {"rows": [[{"hint": "pretty", "colspan": 1}], [{"hint": "beautiful", "colspan": 1}], [{"hint": "nice", "colspan": 1}]], "references": []}, "tts": "https://d1vq87e9lcf771.cloudfront.net/miguel/e03bab7304e2a8f6aa4c1ccfdadbd2cd"}, {"value": "."}]}, "subtext": {"styledString": {"text": "Ana and Julia, buy this pretty bracelet.", "styling": [{"from": 0, "to": 40, "attributes": {"alignment": "left", "fontSize": 19, "fontWeight": "normal", "textColor": "AFAFAF", "lineSpacing": 5}}]}, "tokenTTS": {"tokenTTSCollection": []}}, "ttsURL": "https://d1vq87e9lcf771.cloudfront.net/miguel/9cba4be08c6c5590d0196ea8f50d4564"}]}, "meta": {"autoPlayableTTS": [], "sectionIndex": 0, "backgroundColor": null}}, {"type": "verticalSpace", "element": 16, "meta": {"autoPlayableTTS": [], "sectionIndex": 0, "backgroundColor": null}}, {"type": "dialogue", "element": {"phrases": [{"text": {"styledString": {"text": "Chicas, \u00a1decidan r\u00e1pido!", "styling": [{"from": 0, "to": 24, "attributes": {"alignment": "left", "fontSize": 19, "fontWeight": "normal", "textColor": "4B4B4B", "lineSpacing": 5}}]}, "tokenTTS": {"tokenTTSCollection": []}, "blockHints": [{"value": "Chicas", "hintTable": {"rows": [[{"hint": "girls", "colspan": 1}], [{"hint": "small", "colspan": 1}]], "references": []}, "tts": "https://d1vq87e9lcf771.cloudfront.net/miguel/937d726f517053c8326b6c54748d9b7a"}, {"value": ","}, {"value": " "}, {"value": "\u00a1"}, {"value": "decidan", "hintTable": {"rows": [[{"hint": "decide", "colspan": 1}]], "references": []}, "tts": "https://d1vq87e9lcf771.cloudfront.net/miguel/a2e9d00f3c6ff29b9c1e5d5d5fac4b09"}, {"value": " "}, {"value": "r\u00e1pido", "hintTable": {"rows": [[{"hint": "fast", "colspan": 1}], [{"hint": "quick", "colspan": 1}], [{"hint": "quickly", "colspan": 1}]], "references": []}, "tts": "https://d1vq87e9lcf771.cloudfront.net/miguel/1b9159c4292cfa3d549fa7bdba481f7f"}, {"value": "!"}]}, "subtext": {"styledString": {"text": "Girls, decide fast!", "styling": [{"from": 0, "to": 19, "attributes": {"alignment": "left", "fontSize": 19, "fontWeight": "normal", "textColor": "AFAFAF", "lineSpacing": 5}}]}, "tokenTTS": {"tokenTTSCollection": []}}, "ttsURL": "https://d1vq87e9lcf771.cloudfront.net/miguel/ea9778bdbf8afa413769c1b42344bdd1"}]}, "meta": {"autoPlayableTTS": [], "sectionIndex": 0, "backgroundColor": null}}, {"type": "verticalSpace", "element": 24, "meta": {"autoPlayableTTS": [], "sectionIndex": 0, "backgroundColor": null}}, {"type": "verticalSpace", "element": 24, "meta": {"autoPlayableTTS": [], "sectionIndex": 0, "backgroundColor": "DDF4FF"}}, {"type": "text", "element": {"styledString": {"text": "TIP", "styling": [{"from": 0, "to": 3, "attributes": {"alignment": "left", "fontSize": 17, "fontWeight": "bold", "textColor": "1CB0F6", "lineSpacing": 4}}]}, "tokenTTS": {"tokenTTSCollection": []}}, "meta": {"autoPlayableTTS": [], "sectionIndex": 0, "backgroundColor": "DDF4FF"}}, {"type": "verticalSpace", "element": 8, "meta": {"autoPlayableTTS": [], "sectionIndex": 0, "backgroundColor": "DDF4FF"}}, {"type": "text", "element": {"styledString": {"text": "A leader is born", "styling": [{"from": 0, "to": 16, "attributes": {"alignment": "left", "fontSize": 25, "fontWeight": "bold", "textColor": "4B4B4B", "lineSpacing": 4}}]}, "tokenTTS": {"tokenTTSCollection": []}, "hints": {"hints": [], "hintLinks": []}}, "meta": {"autoPlayableTTS": [], "sectionIndex": 0, "backgroundColor": "DDF4FF"}}, {"type": "verticalSpace", "element": 12, "meta": {"autoPlayableTTS": [], "sectionIndex": 0, "backgroundColor": "DDF4FF"}}, {"type": "text", "element": {"styledString": {"text": "Do you like to boss people around? To give instructions or commands with ustedes, just change the vowel in the normal ustedes ending.", "styling": [{"from": 0, "to": 73, "attributes": {"alignment": "left", "fontSize": 19, "fontWeight": "normal", "textColor": "4B4B4B", "lineSpacing": 5}}, {"from": 73, "to": 80, "attributes": {"alignment": "left", "fontSize": 19, "fontWeight": "bold", "textColor": "4B4B4B", "lineSpacing": 5}}, {"from": 80, "to": 118, "attributes": {"alignment": "left", "fontSize": 19, "fontWeight": "normal", "textColor": "4B4B4B", "lineSpacing": 5}}, {"from": 118, "to": 125, "attributes": {"alignment": "left", "fontSize": 19, "fontWeight": "bold", "textColor": "4B4B4B", "lineSpacing": 5}}, {"from": 125, "to": 133, "attributes": {"alignment": "left", "fontSize": 19, "fontWeight": "normal", "textColor": "4B4B4B", "lineSpacing": 5}}]}, "tokenTTS": {"tokenTTSCollection": [{"startIndex": 73, "endIndex": 79, "ttsURL": "https://d1vq87e9lcf771.cloudfront.net/miguel/adaff35042eaa60b1635593807ea3e15"}, {"startIndex": 118, "endIndex": 124, "ttsURL": "https://d1vq87e9lcf771.cloudfront.net/miguel/adaff35042eaa60b1635593807ea3e15"}]}, "hints": {"hints": ["you all", "Vowels are sounds like \u201ca\u201d, \u201ce\u201d, or \u201ci.\" They are pronounced with air flowing freely through your mouth.", "you all"], "hintLinks": [{"index": 0, "rangeStart": 73, "rangeEnd": 79}, {"index": 1, "rangeStart": 98, "rangeEnd": 102}, {"index": 2, "rangeStart": 118, "rangeEnd": 124}]}}, "meta": {"autoPlayableTTS": [], "sectionIndex": 0, "backgroundColor": "DDF4FF"}}, {"type": "verticalSpace", "element": 24, "meta": {"autoPlayableTTS": [], "sectionIndex": 1, "backgroundColor": "DDF4FF"}}, {"type": "text", "element": {"styledString": {"text": "For \u2011ar verbs, change the \u2011an to \u2011en.", "styling": [{"from": 0, "to": 4, "attributes": {"alignment": "left", "fontSize": 19, "fontWeight": "normal", "textColor": "4B4B4B", "lineSpacing": 5}}, {"from": 4, "to": 7, "attributes": {"alignment": "left", "fontSize": 19, "fontWeight": "bold", "textColor": "1CB0F6", "lineSpacing": 5}}, {"from": 7, "to": 26, "attributes": {"alignment": "left", "fontSize": 19, "fontWeight": "normal", "textColor": "4B4B4B", "lineSpacing": 5}}, {"from": 26, "to": 29, "attributes": {"alignment": "left", "fontSize": 19, "fontWeight": "bold", "textColor": "4B4B4B", "lineSpacing": 5}}, {"from": 29, "to": 33, "attributes": {"alignment": "left", "fontSize": 19, "fontWeight": "normal", "textColor": "4B4B4B", "lineSpacing": 5}}, {"from": 33, "to": 36, "attributes": {"alignment": "left", "fontSize": 19, "fontWeight": "bold", "textColor": "1CB0F6", "lineSpacing": 5}}, {"from": 36, "to": 37, "attributes": {"alignment": "left", "fontSize": 19, "fontWeight": "normal", "textColor": "4B4B4B", "lineSpacing": 5}}]}, "tokenTTS": {"tokenTTSCollection": []}, "hints": {"hints": ["A verb expresses an action (\u201cLuis cooks every day\u201d) or a state of being (\u201cI am sick\u201d)."], "hintLinks": [{"index": 0, "rangeStart": 8, "rangeEnd": 12}]}}, "meta": {"autoPlayableTTS": [], "sectionIndex": 1, "backgroundColor": "DDF4FF"}}, {"type": "verticalSpace", "element": 24, "meta": {"autoPlayableTTS": [], "sectionIndex": 2, "backgroundColor": "DDF4FF"}}, {"type": "example", "element": {"text": {"styledString": {"text": "Sara y Juan, \u00a1trabajen ahora, por favor!", "styling": [{"from": 0, "to": 20, "attributes": {"alignment": "left", "fontSize": 19, "fontWeight": "normal", "textColor": "4B4B4B", "lineSpacing": 5}}, {"from": 20, "to": 22, "attributes": {"alignment": "left", "fontSize": 19, "fontWeight": "bold", "textColor": "1CB0F6", "lineSpacing": 5}}, {"from": 22, "to": 40, "attributes": {"alignment": "left", "fontSize": 19, "fontWeight": "normal", "textColor": "4B4B4B", "lineSpacing": 5}}]}, "tokenTTS": {"tokenTTSCollection": [{"startIndex": 0, "endIndex": 39, "ttsURL": "https://d1vq87e9lcf771.cloudfront.net/miguel/aceedfc52066e600052d7502a85e0aee"}]}, "hints": {"hints": ["Sara and Juan, work now, please"], "hintLinks": [{"index": 0, "rangeStart": 0, "rangeEnd": 39}]}}, "subtext": {"styledString": {"text": "Sara and Juan, work now, please!\u200b", "styling": [{"from": 0, "to": 33, "attributes": {"alignment": "left", "fontSize": 19, "fontWeight": "normal", "textColor": "AFAFAF", "lineSpacing": 5}}]}, "tokenTTS": {"tokenTTSCollection": []}, "hints": {"hints": [], "hintLinks": []}}, "ttsURL": "https://d1vq87e9lcf771.cloudfront.net/miguel/aceedfc52066e600052d7502a85e0aee"}, "meta": {"autoPlayableTTS": [], "sectionIndex": 2, "backgroundColor": "DDF4FF"}}, {"type": "verticalSpace", "element": 24, "meta": {"autoPlayableTTS": [], "sectionIndex": 3, "backgroundColor": "DDF4FF"}}, {"type": "text", "element": {"styledString": {"text": "And for \u2011er or \u2011ir verbs, change the \u2011en to \u2011an.", "styling": [{"from": 0, "to": 8, "attributes": {"alignment": "left", "fontSize": 19, "fontWeight": "normal", "textColor": "4B4B4B", "lineSpacing": 5}}, {"from": 8, "to": 11, "attributes": {"alignment": "left", "fontSize": 19, "fontWeight": "bold", "textColor": "1CB0F6", "lineSpacing": 5}}, {"from": 11, "to": 15, "attributes": {"alignment": "left", "fontSize": 19, "fontWeight": "normal", "textColor": "4B4B4B", "lineSpacing": 5}}, {"from": 15, "to": 18, "attributes": {"alignment": "left", "fontSize": 19, "fontWeight": "bold", "textColor": "1CB0F6", "lineSpacing": 5}}, {"from": 18, "to": 37, "attributes": {"alignment": "left", "fontSize": 19, "fontWeight": "normal", "textColor": "4B4B4B", "lineSpacing": 5}}, {"from": 37, "to": 40, "attributes": {"alignment": "left", "fontSize": 19, "fontWeight": "bold", "textColor": "4B4B4B", "lineSpacing": 5}}, {"from": 40, "to": 44, "attributes": {"alignment": "left", "fontSize": 19, "fontWeight": "normal", "textColor": "4B4B4B", "lineSpacing": 5}}, {"from": 44, "to": 47, "attributes": {"alignment": "left", "fontSize": 19, "fontWeight": "bold", "textColor": "1CB0F6", "lineSpacing": 5}}, {"from": 47, "to": 48, "attributes": {"alignment": "left", "fontSize": 19, "fontWeight": "normal", "textColor": "4B4B4B", "lineSpacing": 5}}]}, "tokenTTS": {"tokenTTSCollection": []}, "hints": {"hints": [], "hintLinks": []}}, "meta": {"autoPlayableTTS": [], "sectionIndex": 3, "backgroundColor": "DDF4FF"}}, {"type": "verticalSpace", "element": 24, "meta": {"autoPlayableTTS": [], "sectionIndex": 4, "backgroundColor": "DDF4FF"}}, {"type": "example", "element": {"text": {"styledString": {"text": "Chicos, \u00a1coman despacio!", "styling": [{"from": 0, "to": 12, "attributes": {"alignment": "left", "fontSize": 19, "fontWeight": "normal", "textColor": "4B4B4B", "lineSpacing": 5}}, {"from": 12, "to": 14, "attributes": {"alignment": "left", "fontSize": 19, "fontWeight": "bold", "textColor": "1CB0F6", "lineSpacing": 5}}, {"from": 14, "to": 24, "attributes": {"alignment": "left", "fontSize": 19, "fontWeight": "normal", "textColor": "4B4B4B", "lineSpacing": 5}}]}, "tokenTTS": {"tokenTTSCollection": [{"startIndex": 0, "endIndex": 23, "ttsURL": "https://d1vq87e9lcf771.cloudfront.net/miguel/46d03d601b7aad7d59d967f1bb296b18"}]}, "hints": {"hints": ["kids, eat slowly"], "hintLinks": [{"index": 0, "rangeStart": 0, "rangeEnd": 23}]}}, "subtext": {"styledString": {"text": "Kids, eat slowly!\u200b", "styling": [{"from": 0, "to": 18, "attributes": {"alignment": "left", "fontSize": 19, "fontWeight": "normal", "textColor": "AFAFAF", "lineSpacing": 5}}]}, "tokenTTS": {"tokenTTSCollection": []}, "hints": {"hints": [], "hintLinks": []}}, "ttsURL": "https://d1vq87e9lcf771.cloudfront.net/miguel/46d03d601b7aad7d59d967f1bb296b18"}, "meta": {"autoPlayableTTS": [], "sectionIndex": 4, "backgroundColor": "DDF4FF"}}, {"type": "verticalSpace", "element": 24, "meta": {"autoPlayableTTS": [], "sectionIndex": 0, "backgroundColor": "DDF4FF"}}, {"type": "verticalSpace", "element": 2, "meta": {"autoPlayableTTS": [], "sectionIndex": 0, "backgroundColor": "84D8FF"}}, {"type": "verticalSpace", "element": 24, "meta": {"autoPlayableTTS": [], "sectionIndex": 0, "backgroundColor": "DDF4FF"}}, {"type": "text", "element": {"styledString": {"text": "TIP", "styling": [{"from": 0, "to": 3, "attributes": {"alignment": "left", "fontSize": 17, "fontWeight": "bold", "textColor": "1CB0F6", "lineSpacing": 4}}]}, "tokenTTS": {"tokenTTSCollection": []}}, "meta": {"autoPlayableTTS": [], "sectionIndex": 0, "backgroundColor": "DDF4FF"}}, {"type": "verticalSpace", "element": 8, "meta": {"autoPlayableTTS": [], "sectionIndex": 0, "backgroundColor": "DDF4FF"}}, {"type": "text", "element": {"styledString": {"text": "Go there! Do this!", "styling": [{"from": 0, "to": 18, "attributes": {"alignment": "left", "fontSize": 25, "fontWeight": "bold", "textColor": "4B4B4B", "lineSpacing": 4}}]}, "tokenTTS": {"tokenTTSCollection": []}, "hints": {"hints": [], "hintLinks": []}}, "meta": {"autoPlayableTTS": [], "sectionIndex": 9, "backgroundColor": "DDF4FF"}}, {"type": "verticalSpace", "element": 12, "meta": {"autoPlayableTTS": [], "sectionIndex": 9, "backgroundColor": "DDF4FF"}}, {"type": "text", "element": {"styledString": {"text": "It\u2019s time to practice  your leadership skills again! Hacer and ir have special forms when giving instructions with ustedes.", "styling": [{"from": 0, "to": 53, "attributes": {"alignment": "left", "fontSize": 19, "fontWeight": "normal", "textColor": "4B4B4B", "lineSpacing": 5}}, {"from": 53, "to": 58, "attributes": {"alignment": "left", "fontSize": 19, "fontWeight": "bold", "textColor": "4B4B4B", "lineSpacing": 5}}, {"from": 58, "to": 63, "attributes": {"alignment": "left", "fontSize": 19, "fontWeight": "normal", "textColor": "4B4B4B", "lineSpacing": 5}}, {"from": 63, "to": 65, "attributes": {"alignment": "left", "fontSize": 19, "fontWeight": "bold", "textColor": "4B4B4B", "lineSpacing": 5}}, {"from": 65, "to": 115, "attributes": {"alignment": "left", "fontSize": 19, "fontWeight": "normal", "textColor": "4B4B4B", "lineSpacing": 5}}, {"from": 115, "to": 122, "attributes": {"alignment": "left", "fontSize": 19, "fontWeight": "bold", "textColor": "4B4B4B", "lineSpacing": 5}}, {"from": 122, "to": 123, "attributes": {"alignment": "left", "fontSize": 19, "fontWeight": "normal", "textColor": "4B4B4B", "lineSpacing": 5}}]}, "tokenTTS": {"tokenTTSCollection": [{"startIndex": 53, "endIndex": 57, "ttsURL": "https://d1vq87e9lcf771.cloudfront.net/miguel/19c56da9941707c759a3b7338cdb9c97"}, {"startIndex": 63, "endIndex": 64, "ttsURL": "https://d1vq87e9lcf771.cloudfront.net/miguel/dc9239ea45abfb8a1f807d67adabe2b4"}, {"startIndex": 115, "endIndex": 121, "ttsURL": "https://d1vq87e9lcf771.cloudfront.net/miguel/adaff35042eaa60b1635593807ea3e15"}]}, "hints": {"hints": ["to do / to make", "to go", "you all"], "hintLinks": [{"index": 0, "rangeStart": 53, "rangeEnd": 57}, {"index": 1, "rangeStart": 63, "rangeEnd": 64}, {"index": 2, "rangeStart": 115, "rangeEnd": 121}]}}, "meta": {"autoPlayableTTS": [], "sectionIndex": 9, "backgroundColor": "DDF4FF"}}, {"type": "verticalSpace", "element": 24, "meta": {"autoPlayableTTS": [], "sectionIndex": 10, "backgroundColor": "DDF4FF"}}, {"type": "example", "element": {"text": {"styledString": {"text": "Pablo y Andrea, \u00a1hagan eso m\u00e1s r\u00e1pido!", "styling": [{"from": 0, "to": 17, "attributes": {"alignment": "left", "fontSize": 19, "fontWeight": "normal", "textColor": "4B4B4B", "lineSpacing": 5}}, {"from": 17, "to": 22, "attributes": {"alignment": "left", "fontSize": 19, "fontWeight": "bold", "textColor": "1CB0F6", "lineSpacing": 5}}, {"from": 22, "to": 38, "attributes": {"alignment": "left", "fontSize": 19, "fontWeight": "normal", "textColor": "4B4B4B", "lineSpacing": 5}}]}, "tokenTTS": {"tokenTTSCollection": [{"startIndex": 0, "endIndex": 37, "ttsURL": "https://d1vq87e9lcf771.cloudfront.net/miguel/3adfe8b35e0636d31eed87debf568b60"}]}, "hints": {"hints": ["Pablo and Andrea, do that faster"], "hintLinks": [{"index": 0, "rangeStart": 0, "rangeEnd": 37}]}}, "subtext": {"styledString": {"text": "Pablo and Andrea, do that faster!", "styling": [{"from": 0, "to": 33, "attributes": {"alignment": "left", "fontSize": 19, "fontWeight": "normal", "textColor": "AFAFAF", "lineSpacing": 5}}]}, "tokenTTS": {"tokenTTSCollection": []}, "hints": {"hints": [], "hintLinks": []}}, "ttsURL": "https://d1vq87e9lcf771.cloudfront.net/miguel/3adfe8b35e0636d31eed87debf568b60"}, "meta": {"autoPlayableTTS": [], "sectionIndex": 10, "backgroundColor": "DDF4FF"}}, {"type": "verticalSpace", "element": 12, "meta": {"autoPlayableTTS": [], "sectionIndex": 11, "backgroundColor": "DDF4FF"}}, {"type": "example", "element": {"text": {"styledString": {"text": "Antonio y Blanca, \u00a1vayan a la tienda!", "styling": [{"from": 0, "to": 19, "attributes": {"alignment": "left", "fontSize": 19, "fontWeight": "normal", "textColor": "4B4B4B", "lineSpacing": 5}}, {"from": 19, "to": 24, "attributes": {"alignment": "left", "fontSize": 19, "fontWeight": "bold", "textColor": "1CB0F6", "lineSpacing": 5}}, {"from": 24, "to": 37, "attributes": {"alignment": "left", "fontSize": 19, "fontWeight": "normal", "textColor": "4B4B4B", "lineSpacing": 5}}]}, "tokenTTS": {"tokenTTSCollection": [{"startIndex": 0, "endIndex": 36, "ttsURL": "https://d1vq87e9lcf771.cloudfront.net/miguel/fb371ee4bad3b3b8786bc0f936fcf73d"}]}, "hints": {"hints": ["Antonio and Blanca, go to the store"], "hintLinks": [{"index": 0, "rangeStart": 0, "rangeEnd": 36}]}}, "subtext": {"styledString": {"text": "Antonio and Blanca, go to the store!", "styling": [{"from": 0, "to": 36, "attributes": {"alignment": "left", "fontSize": 19, "fontWeight": "normal", "textColor": "AFAFAF", "lineSpacing": 5}}]}, "tokenTTS": {"tokenTTSCollection": []}, "hints": {"hints": [], "hintLinks": []}}, "ttsURL": "https://d1vq87e9lcf771.cloudfront.net/miguel/fb371ee4bad3b3b8786bc0f936fcf73d"}, "meta": {"autoPlayableTTS": [], "sectionIndex": 11, "backgroundColor": "DDF4FF"}}, {"type": "verticalSpace", "element": 24, "meta": {"autoPlayableTTS": [], "sectionIndex": 0, "backgroundColor": "DDF4FF"}}], "resourcesToPrefetch": [{"required": false, "url": "https://d1vq87e9lcf771.cloudfront.net/miguel/3adfe8b35e0636d31eed87debf568b60", "type": "mp3"}, {"required": false, "url": "https://d1vq87e9lcf771.cloudfront.net/miguel/adaff35042eaa60b1635593807ea3e15", "type": "mp3"}, {"required": false, "url": "https://d1vq87e9lcf771.cloudfront.net/miguel/9cba4be08c6c5590d0196ea8f50d4564", "type": "mp3"}, {"required": false, "url": "https://d1vq87e9lcf771.cloudfront.net/miguel/19c56da9941707c759a3b7338cdb9c97", "type": "mp3"}, {"required": false, "url": "https://d1vq87e9lcf771.cloudfront.net/miguel/46d03d601b7aad7d59d967f1bb296b18", "type": "mp3"}, {"required": false, "url": "https://d1vq87e9lcf771.cloudfront.net/miguel/3872ef672283b4a68bc9fddf7491da67", "type": "mp3"}, {"required": false, "url": "https://d1vq87e9lcf771.cloudfront.net/miguel/73daac74d6e34499bf9035e404ca5761", "type": "mp3"}, {"required": false, "url": "https://d1vq87e9lcf771.cloudfront.net/miguel/dc9239ea45abfb8a1f807d67adabe2b4", "type": "mp3"}, {"required": false, "url": "https://d1vq87e9lcf771.cloudfront.net/miguel/fb371ee4bad3b3b8786bc0f936fcf73d", "type": "mp3"}, {"required": false, "url": "https://d1vq87e9lcf771.cloudfront.net/miguel/ea9778bdbf8afa413769c1b42344bdd1", "type": "mp3"}, {"required": false, "url": "https://d1vq87e9lcf771.cloudfront.net/miguel/c9d6110806a52f7e04131b663e40f6a0", "type": "mp3"}, {"required": false, "url": "https://d1vq87e9lcf771.cloudfront.net/miguel/aceedfc52066e600052d7502a85e0aee", "type": "mp3"}]}