{"elements": [{"type": "verticalSpace", "element": 2, "meta": {"autoPlayableTTS": [], "sectionIndex": 0, "backgroundColor": "E5E5E5"}}, {"type": "verticalSpace", "element": 24, "meta": {"autoPlayableTTS": [], "sectionIndex": 0, "backgroundColor": null}}, {"type": "text", "element": {"styledString": {"text": "KEY PHRASES", "styling": [{"from": 0, "to": 11, "attributes": {"alignment": "left", "fontSize": 17, "fontWeight": "bold", "textColor": "1CB0F6", "lineSpacing": 4}}]}, "tokenTTS": {"tokenTTSCollection": []}}, "meta": {"autoPlayableTTS": [], "sectionIndex": 0, "backgroundColor": null}}, {"type": "verticalSpace", "element": 8, "meta": {"autoPlayableTTS": [], "sectionIndex": 0, "backgroundColor": null}}, {"type": "text", "element": {"styledString": {"text": "Talk about crime", "styling": [{"from": 0, "to": 16, "attributes": {"alignment": "left", "fontSize": 25, "fontWeight": "bold", "textColor": "4B4B4B", "lineSpacing": 4}}]}, "tokenTTS": {"tokenTTSCollection": []}}, "meta": {"autoPlayableTTS": [], "sectionIndex": 0, "backgroundColor": null}}, {"type": "verticalSpace", "element": 16, "meta": {"autoPlayableTTS": [], "sectionIndex": 0, "backgroundColor": null}}, {"type": "dialogue", "element": {"phrases": [{"text": {"styledString": {"text": "Le propri\u00e9taire du magasin a \u00e9t\u00e9 victime d'un vol.", "styling": [{"from": 0, "to": 50, "attributes": {"alignment": "left", "fontSize": 19, "fontWeight": "normal", "textColor": "4B4B4B", "lineSpacing": 5}}]}, "tokenTTS": {"tokenTTSCollection": []}, "blockHints": [{"value": "Le", "hintTable": {"rows": [[{"hint": "the", "colspan": 1}], [{"hint": "on the", "colspan": 1}], [{"hint": "one", "colspan": 1}]], "references": []}, "tts": "https://d1vq87e9lcf771.cloudfront.net/danielle/53635582b04179582406de15f6c2a6fa"}, {"value": " "}, {"value": "propri\u00e9taire", "hintTable": {"rows": [[{"hint": "owner", "colspan": 1}], [{"hint": "homeowner", "colspan": 1}]], "references": []}, "tts": "https://d1vq87e9lcf771.cloudfront.net/danielle/7ecada3bc20dcf428fe5c8f0d2579df9"}, {"value": " "}, {"value": "du", "hintTable": {"rows": [[{"hint": "of the", "colspan": 1}], [{"hint": "the", "colspan": 1}], [{"hint": "of", "colspan": 1}]], "references": []}, "tts": "https://d1vq87e9lcf771.cloudfront.net/danielle/e0e916e6c5e88909eac6dc9831859026"}, {"value": " "}, {"value": "magasin", "hintTable": {"rows": [[{"hint": "store", "colspan": 1}]], "references": []}, "tts": "https://d1vq87e9lcf771.cloudfront.net/danielle/a4355368ff861a31033700f9c92ef125"}, {"value": " "}, {"value": "a", "hintTable": {"headers": ["a", "...", "\u00e9t\u00e9"], "rows": [[{"hint": "was", "colspan": 3}], [{"hint": "were", "colspan": 3}], [{"hint": "was", "colspan": 2}, {"colspan": 1}], [{"hint": "were", "colspan": 2}, {"colspan": 1}], [{"hint": "get", "colspan": 1}, {"colspan": 1}, {"colspan": 1}], [{"hint": "gets", "colspan": 1}, {"colspan": 1}, {"colspan": 1}], [{"hint": "have", "colspan": 1}, {"colspan": 1}, {"colspan": 1}]], "references": [5]}, "tts": "https://d1vq87e9lcf771.cloudfront.net/danielle/634fc80350d4866a1d055dc60cc43de0"}, {"value": " "}, {"value": "\u00e9t\u00e9", "hintTable": {"headers": ["a", "...", "\u00e9t\u00e9"], "rows": [[{"hint": "was", "colspan": 3}], [{"hint": "were", "colspan": 3}], [{"colspan": 1}, {"hint": "was", "colspan": 2}], [{"colspan": 1}, {"hint": "were", "colspan": 2}], [{"colspan": 1}, {"colspan": 1}, {"hint": "was", "colspan": 1}]], "references": [4]}, "tts": "https://d1vq87e9lcf771.cloudfront.net/danielle/9e384f8ac7a4c27298e7c770edb9da44"}, {"value": " "}, {"value": "victime", "hintTable": {"rows": [[{"hint": "victim", "colspan": 1}]], "references": []}, "tts": "https://d1vq87e9lcf771.cloudfront.net/danielle/e2acd7b9f3ac822d8d0062c4975964ba"}, {"value": " "}, {"value": "d'", "hintTable": {"rows": [[{"hint": "of", "colspan": 1}], [{"hint": "'s", "colspan": 1}], [{"hint": "any", "colspan": 1}]], "references": []}, "tts": "https://d1vq87e9lcf771.cloudfront.net/danielle/a94a36b5b24126e88ad27088077b0085"}, {"value": "un", "hintTable": {"rows": [[{"hint": "a", "colspan": 1}], [{"hint": "one", "colspan": 1}], [{"hint": "an", "colspan": 1}]], "references": []}, "tts": "https://d1vq87e9lcf771.cloudfront.net/danielle/848ed0134fe5035cc26127d08f5412fe"}, {"value": " "}, {"value": "vol", "hintTable": {"rows": [[{"hint": "theft", "colspan": 1}], [{"hint": "robbery", "colspan": 1}], [{"hint": "flight", "colspan": 1}]], "references": []}, "tts": "https://d1vq87e9lcf771.cloudfront.net/danielle/b170942ef4d7e37a4fd674fcc7a0c4b0"}, {"value": "."}]}, "subtext": {"styledString": {"text": "The owner of the store was a victim of a theft.", "styling": [{"from": 0, "to": 47, "attributes": {"alignment": "left", "fontSize": 19, "fontWeight": "normal", "textColor": "AFAFAF", "lineSpacing": 5}}]}, "tokenTTS": {"tokenTTSCollection": []}}, "ttsURL": "https://d1vq87e9lcf771.cloudfront.net/danielle/346a45590f94a1f136191c7f4459a638"}]}, "meta": {"autoPlayableTTS": [], "sectionIndex": 0, "backgroundColor": null}}, {"type": "verticalSpace", "element": 16, "meta": {"autoPlayableTTS": [], "sectionIndex": 0, "backgroundColor": null}}, {"type": "dialogue", "element": {"phrases": [{"text": {"styledString": {"text": "Les indices \u00e9taient rares, mais il les a trouv\u00e9s.", "styling": [{"from": 0, "to": 49, "attributes": {"alignment": "left", "fontSize": 19, "fontWeight": "normal", "textColor": "4B4B4B", "lineSpacing": 5}}]}, "tokenTTS": {"tokenTTSCollection": []}, "blockHints": [{"value": "Les", "hintTable": {"rows": [[{"hint": "the", "colspan": 1}], [{"hint": "them", "colspan": 1}], [{"hint": "your", "colspan": 1}]], "references": []}, "tts": "https://d1vq87e9lcf771.cloudfront.net/danielle/c4fd76f4b436a8eacbb40f9d77fb66f6"}, {"value": " "}, {"value": "indices", "hintTable": {"rows": [[{"hint": "clues", "colspan": 1}]], "references": []}, "tts": "https://d1vq87e9lcf771.cloudfront.net/danielle/659dcd08e08772a5387608016bdfc3f9"}, {"value": " "}, {"value": "\u00e9taient", "hintTable": {"rows": [[{"hint": "were", "colspan": 1}], [{"hint": "used to be", "colspan": 1}], [{"hint": "felt", "colspan": 1}]], "references": []}, "tts": "https://d1vq87e9lcf771.cloudfront.net/danielle/f817c53d8e663e821b09ba6fad73c37e"}, {"value": " "}, {"value": "rares", "hintTable": {"rows": [[{"hint": "rare", "colspan": 1}]], "references": []}, "tts": "https://d1vq87e9lcf771.cloudfront.net/danielle/61d10f5549af32ca4bc74ea12c9a2ef4"}, {"value": ","}, {"value": " "}, {"value": "mais", "hintTable": {"rows": [[{"hint": "but", "colspan": 1}], [{"hint": "yet", "colspan": 1}]], "references": []}, "tts": "https://d1vq87e9lcf771.cloudfront.net/danielle/b60d61ecd1d7be70dd729035daf22229"}, {"value": " "}, {"value": "il", "hintTable": {"rows": [[{"hint": "he", "colspan": 1}], [{"hint": "it's", "colspan": 1}], [{"hint": "him", "colspan": 1}]], "references": []}, "tts": "https://d1vq87e9lcf771.cloudfront.net/danielle/2cc14eeacdf034fdbb20a8fbdb782326"}, {"value": " "}, {"value": "les", "hintTable": {"rows": [[{"hint": "the", "colspan": 1}], [{"hint": "them", "colspan": 1}], [{"hint": "your", "colspan": 1}]], "references": []}, "tts": "https://d1vq87e9lcf771.cloudfront.net/danielle/c4fd76f4b436a8eacbb40f9d77fb66f6"}, {"value": " "}, {"value": "a", "hintTable": {"headers": ["a", "trouv\u00e9s"], "rows": [[{"hint": "found", "colspan": 2}], [{"hint": "has", "colspan": 1}, {"colspan": 1}], [{"hint": "get", "colspan": 1}, {"colspan": 1}], [{"hint": "gets", "colspan": 1}, {"colspan": 1}]], "references": [8]}, "tts": "https://d1vq87e9lcf771.cloudfront.net/danielle/634fc80350d4866a1d055dc60cc43de0"}, {"value": " "}, {"value": "trouv\u00e9s", "hintTable": {"headers": ["a", "trouv\u00e9s"], "rows": [[{"hint": "found", "colspan": 2}], [{"colspan": 1}, {"hint": "found", "colspan": 1}]], "references": [7]}, "tts": "https://d1vq87e9lcf771.cloudfront.net/danielle/cff870d2113c0a91bd7b5308295d9dc0"}, {"value": "."}]}, "subtext": {"styledString": {"text": "The clues were rare, but he found them.", "styling": [{"from": 0, "to": 39, "attributes": {"alignment": "left", "fontSize": 19, "fontWeight": "normal", "textColor": "AFAFAF", "lineSpacing": 5}}]}, "tokenTTS": {"tokenTTSCollection": []}}, "ttsURL": "https://d1vq87e9lcf771.cloudfront.net/danielle/04d16ab2ddcf46fbf296eb6d320d5a81"}]}, "meta": {"autoPlayableTTS": [], "sectionIndex": 0, "backgroundColor": null}}, {"type": "verticalSpace", "element": 16, "meta": {"autoPlayableTTS": [], "sectionIndex": 0, "backgroundColor": null}}, {"type": "dialogue", "element": {"phrases": [{"text": {"styledString": {"text": "Racontez-nous pr\u00e9cis\u00e9ment comment \u00e7a s'est pass\u00e9.", "styling": [{"from": 0, "to": 49, "attributes": {"alignment": "left", "fontSize": 19, "fontWeight": "normal", "textColor": "4B4B4B", "lineSpacing": 5}}]}, "tokenTTS": {"tokenTTSCollection": []}, "blockHints": [{"value": "Racontez", "hintTable": {"rows": [[{"hint": "tell", "colspan": 1}]], "references": []}, "tts": "https://d1vq87e9lcf771.cloudfront.net/danielle/482577f97ea856e9ed258b18de04646e"}, {"value": "-"}, {"value": "nous", "hintTable": {"rows": [[{"hint": "us", "colspan": 1}], [{"hint": "to us", "colspan": 1}], [{"hint": "we", "colspan": 1}]], "references": []}, "tts": "https://d1vq87e9lcf771.cloudfront.net/danielle/7f1cf4acbc8ec94bd2a083a118772eb6"}, {"value": " "}, {"value": "pr\u00e9cis\u00e9ment", "hintTable": {"rows": [[{"hint": "precisely", "colspan": 1}]], "references": []}, "tts": "https://d1vq87e9lcf771.cloudfront.net/danielle/1c5cbc9085e5e5dbc0daa105338269db"}, {"value": " "}, {"value": "comment", "hintTable": {"headers": ["comment", "\u00e7a"], "rows": [[{"hint": "what do you mean", "colspan": 2}], [{"hint": "how", "colspan": 1}, {"colspan": 1}], [{"hint": "how can you", "colspan": 1}, {"colspan": 1}], [{"hint": "how do you say", "colspan": 1}, {"colspan": 1}]], "references": [4]}, "tts": "https://d1vq87e9lcf771.cloudfront.net/danielle/8987db703759d1797344067883f1398e"}, {"value": " "}, {"value": "\u00e7a", "hintTable": {"headers": ["comment", "\u00e7a"], "rows": [[{"hint": "what do you mean", "colspan": 2}], [{"colspan": 1}, {"hint": "it", "colspan": 1}], [{"colspan": 1}, {"hint": "this", "colspan": 1}], [{"colspan": 1}, {"hint": "that", "colspan": 1}]], "references": [3]}, "tts": "https://d1vq87e9lcf771.cloudfront.net/danielle/f241d1adcb010ceb024987ac8f233e84"}, {"value": " "}, {"value": "s'", "hintTable": {"headers": ["s'", "est", "pass\u00e9"], "rows": [[{"hint": "happened", "colspan": 3}], [{"hint": "go", "colspan": 3}], [{"hint": "went", "colspan": 3}], [{"hint": "each other", "colspan": 1}, {"colspan": 1}, {"colspan": 1}], [{"hint": "themselves", "colspan": 1}, {"colspan": 1}, {"colspan": 1}], [{"hint": "himself", "colspan": 1}, {"colspan": 1}, {"colspan": 1}]], "references": [6, 7]}, "tts": "https://d1vq87e9lcf771.cloudfront.net/danielle/6602946c8261e036670d7c0791fad663"}, {"value": "est", "hintTable": {"headers": ["s'", "est", "pass\u00e9"], "rows": [[{"hint": "happened", "colspan": 3}], [{"hint": "go", "colspan": 3}], [{"hint": "went", "colspan": 3}], [{"colspan": 1}, {"hint": "went", "colspan": 2}], [{"colspan": 1}, {"hint": "stopped by", "colspan": 2}], [{"colspan": 1}, {"hint": "was on", "colspan": 2}]], "references": [7]}, "tts": "https://d1vq87e9lcf771.cloudfront.net/beafr/878a35a874ca5ef63f6af2af92a1a0a4"}, {"value": " "}, {"value": "pass\u00e9", "hintTable": {"headers": ["s'", "est", "pass\u00e9"], "rows": [[{"hint": "happened", "colspan": 3}], [{"hint": "go", "colspan": 3}], [{"hint": "went", "colspan": 3}], [{"colspan": 1}, {"hint": "went", "colspan": 2}], [{"colspan": 1}, {"hint": "stopped by", "colspan": 2}], [{"colspan": 1}, {"hint": "was on", "colspan": 2}]], "references": [6]}, "tts": "https://d1vq87e9lcf771.cloudfront.net/danielle/d445d0dd237d3024057da20c84b93c84"}, {"value": "."}]}, "subtext": {"styledString": {"text": "Tell us precisely how it happened.", "styling": [{"from": 0, "to": 34, "attributes": {"alignment": "left", "fontSize": 19, "fontWeight": "normal", "textColor": "AFAFAF", "lineSpacing": 5}}]}, "tokenTTS": {"tokenTTSCollection": []}}, "ttsURL": "https://d1vq87e9lcf771.cloudfront.net/danielle/5d171ed561df88d297b2a234f49db408"}, {"text": {"styledString": {"text": "Il est arriv\u00e9 en courant, arm\u00e9 d'une baguette !", "styling": [{"from": 0, "to": 47, "attributes": {"alignment": "left", "fontSize": 19, "fontWeight": "normal", "textColor": "4B4B4B", "lineSpacing": 5}}]}, "tokenTTS": {"tokenTTSCollection": []}, "blockHints": [{"value": "Il", "hintTable": {"headers": ["il", "est"], "rows": [[{"hint": "he's", "colspan": 2}], [{"hint": "it's", "colspan": 2}], [{"hint": "he", "colspan": 1}, {"colspan": 1}], [{"hint": "it's", "colspan": 1}, {"colspan": 1}], [{"hint": "him", "colspan": 1}, {"colspan": 1}]], "references": [1]}, "tts": "https://d1vq87e9lcf771.cloudfront.net/danielle/2cc14eeacdf034fdbb20a8fbdb782326"}, {"value": " "}, {"value": "est", "hintTable": {"headers": ["est", "arriv\u00e9"], "rows": [[{"hint": "arrived", "colspan": 2}], [{"hint": "happened", "colspan": 2}], [{"hint": "is", "colspan": 1}, {"colspan": 1}], [{"hint": "east", "colspan": 1}, {"colspan": 1}], [{"hint": "feel", "colspan": 1}, {"colspan": 1}]], "references": [0]}, "tts": "https://d1vq87e9lcf771.cloudfront.net/beafr/878a35a874ca5ef63f6af2af92a1a0a4"}, {"value": " "}, {"value": "arriv\u00e9", "hintTable": {"headers": ["est", "arriv\u00e9"], "rows": [[{"hint": "arrived", "colspan": 2}], [{"hint": "happened", "colspan": 2}], [{"colspan": 1}, {"hint": "arrived", "colspan": 1}], [{"colspan": 1}, {"hint": "finished", "colspan": 1}], [{"colspan": 1}, {"hint": "happened", "colspan": 1}]], "references": [1]}, "tts": "https://d1vq87e9lcf771.cloudfront.net/danielle/8f11eb346bcf10ef589d571f0ae8e272"}, {"value": " "}, {"value": "en", "hintTable": {"headers": ["en", "courant"], "rows": [[{"hint": "running", "colspan": 2}], [{"hint": "with", "colspan": 1}, {"colspan": 1}], [{"hint": "as a", "colspan": 1}, {"colspan": 1}], [{"hint": "in a", "colspan": 1}, {"colspan": 1}]], "references": [4]}, "tts": "https://d1vq87e9lcf771.cloudfront.net/danielle/d78cc0266039b684b7f869230583dc45"}, {"value": " "}, {"value": "courant", "hintTable": {"headers": ["en", "courant"], "rows": [[{"hint": "running", "colspan": 2}], [{"colspan": 1}, {"hint": "running", "colspan": 1}], [{"colspan": 1}, {"hint": "everyday", "colspan": 1}], [{"colspan": 1}, {"hint": "runs", "colspan": 1}]], "references": [3]}, "tts": "https://d1vq87e9lcf771.cloudfront.net/danielle/e46642acdf50e0ff64d7b4a5c2a418cb"}, {"value": ","}, {"value": " "}, {"value": "arm\u00e9", "hintTable": {"rows": [[{"hint": "armed", "colspan": 1}]], "references": []}, "tts": "https://d1vq87e9lcf771.cloudfront.net/danielle/3fd569fd3c81ed1ec0aee0d6b4343d9e"}, {"value": " "}, {"value": "d'", "hintTable": {"rows": [[{"hint": "with", "colspan": 1}], [{"hint": "of", "colspan": 1}], [{"hint": "any", "colspan": 1}]], "references": []}, "tts": "https://d1vq87e9lcf771.cloudfront.net/danielle/a94a36b5b24126e88ad27088077b0085"}, {"value": "une", "hintTable": {"rows": [[{"hint": "a", "colspan": 1}], [{"hint": "one", "colspan": 1}], [{"hint": "an", "colspan": 1}]], "references": []}, "tts": "https://d1vq87e9lcf771.cloudfront.net/danielle/e7e3e3622f063aced37c857e372d01a5"}, {"value": " "}, {"value": "baguette", "hintTable": {"rows": [[{"hint": "baguette", "colspan": 1}], [{"hint": "wand", "colspan": 1}]], "references": []}, "tts": "https://d1vq87e9lcf771.cloudfront.net/danielle/0c373d41a0f921c9475a50d4197d251a"}, {"value": " "}, {"value": "!"}]}, "subtext": {"styledString": {"text": "He arrived running, armed with a baguette!", "styling": [{"from": 0, "to": 42, "attributes": {"alignment": "left", "fontSize": 19, "fontWeight": "normal", "textColor": "AFAFAF", "lineSpacing": 5}}]}, "tokenTTS": {"tokenTTSCollection": []}}, "ttsURL": "https://d1vq87e9lcf771.cloudfront.net/danielle/689d9c9c72a920d00b6a0f156fa5f131"}]}, "meta": {"autoPlayableTTS": [], "sectionIndex": 0, "backgroundColor": null}}, {"type": "verticalSpace", "element": 16, "meta": {"autoPlayableTTS": [], "sectionIndex": 0, "backgroundColor": null}}, {"type": "dialogue", "element": {"phrases": [{"text": {"styledString": {"text": "C'\u00e9tait la reine qui avait empoisonn\u00e9 le prince.", "styling": [{"from": 0, "to": 48, "attributes": {"alignment": "left", "fontSize": 19, "fontWeight": "normal", "textColor": "4B4B4B", "lineSpacing": 5}}]}, "tokenTTS": {"tokenTTSCollection": []}, "blockHints": [{"value": "C'", "hintTable": {"rows": [[{"hint": "it", "colspan": 1}], [{"hint": "that", "colspan": 1}], [{"hint": "she", "colspan": 1}]], "references": []}, "tts": "https://d1vq87e9lcf771.cloudfront.net/danielle/cef1db0bcfbaf9e2ebefb3be8843759d"}, {"value": "\u00e9tait", "hintTable": {"rows": [[{"hint": "was", "colspan": 1}], [{"hint": "used to be", "colspan": 1}], [{"hint": "were", "colspan": 1}]], "references": []}, "tts": "https://d1vq87e9lcf771.cloudfront.net/danielle/7c9e9821d2c4f8aa94e530ed9cfa9166"}, {"value": " "}, {"value": "la", "hintTable": {"rows": [[{"hint": "the", "colspan": 1}], [{"hint": "it", "colspan": 1}], [{"hint": "your", "colspan": 1}]], "references": []}, "tts": "https://d1vq87e9lcf771.cloudfront.net/danielle/a3839459c4a22bd261d776fc91b0977e"}, {"value": " "}, {"value": "reine", "hintTable": {"rows": [[{"hint": "queen", "colspan": 1}]], "references": []}, "tts": "https://d1vq87e9lcf771.cloudfront.net/danielle/11aad9a111bf027b22425c502fd58d96"}, {"value": " "}, {"value": "qui", "hintTable": {"rows": [[{"hint": "who", "colspan": 1}], [{"hint": "that", "colspan": 1}], [{"hint": "whom", "colspan": 1}]], "references": []}, "tts": "https://d1vq87e9lcf771.cloudfront.net/danielle/61bfa62229ad557283c6bdcf256e213f"}, {"value": " "}, {"value": "avait", "hintTable": {"rows": [[{"hint": "was", "colspan": 1}], [{"hint": "had", "colspan": 1}], [{"hint": "was having", "colspan": 1}]], "references": []}, "tts": "https://d1vq87e9lcf771.cloudfront.net/danielle/48f467712d6a1d92c9ef038cada1e89d"}, {"value": " "}, {"value": "empoisonn\u00e9", "hintTable": {"rows": [[{"hint": "poisoned", "colspan": 1}]], "references": []}, "tts": "https://d1vq87e9lcf771.cloudfront.net/danielle/cf4ddf7d0e4ac852bd52c5052023ab81"}, {"value": " "}, {"value": "le", "hintTable": {"rows": [[{"hint": "the", "colspan": 1}], [{"hint": "it", "colspan": 1}], [{"hint": "on the", "colspan": 1}]], "references": []}, "tts": "https://d1vq87e9lcf771.cloudfront.net/danielle/53635582b04179582406de15f6c2a6fa"}, {"value": " "}, {"value": "prince", "hintTable": {"rows": [[{"hint": "prince", "colspan": 1}]], "references": []}, "tts": "https://d1vq87e9lcf771.cloudfront.net/danielle/334ca66d83d0c8d11b83c2127ddd59d5"}, {"value": "."}]}, "subtext": {"styledString": {"text": "It was the queen who had poisoned the prince.", "styling": [{"from": 0, "to": 45, "attributes": {"alignment": "left", "fontSize": 19, "fontWeight": "normal", "textColor": "AFAFAF", "lineSpacing": 5}}]}, "tokenTTS": {"tokenTTSCollection": []}}, "ttsURL": "https://d1vq87e9lcf771.cloudfront.net/danielle/3987d6893370013f27ccfb75eee59dd1"}]}, "meta": {"autoPlayableTTS": [], "sectionIndex": 0, "backgroundColor": null}}, {"type": "verticalSpace", "element": 16, "meta": {"autoPlayableTTS": [], "sectionIndex": 0, "backgroundColor": null}}, {"type": "dialogue", "element": {"phrases": [{"text": {"styledString": {"text": "La police n'a pas trouv\u00e9 la meurtri\u00e8re.", "styling": [{"from": 0, "to": 39, "attributes": {"alignment": "left", "fontSize": 19, "fontWeight": "normal", "textColor": "4B4B4B", "lineSpacing": 5}}]}, "tokenTTS": {"tokenTTSCollection": []}, "blockHints": [{"value": "La", "hintTable": {"rows": [[{"hint": "the", "colspan": 1}], [{"hint": "it", "colspan": 1}], [{"hint": "your", "colspan": 1}]], "references": []}, "tts": "https://d1vq87e9lcf771.cloudfront.net/danielle/a3839459c4a22bd261d776fc91b0977e"}, {"value": " "}, {"value": "police", "hintTable": {"rows": [[{"hint": "police", "colspan": 1}]], "references": []}, "tts": "https://d1vq87e9lcf771.cloudfront.net/danielle/b627a9669b5f0c4fab5087a89be52923"}, {"value": " "}, {"value": "n'", "hintTable": {"headers": ["n'", "a", "pas", "trouv\u00e9"], "rows": [[{"hint": "couldn't find", "colspan": 4}], [{"hint": "didn't", "colspan": 3}, {"colspan": 1}], [{"hint": "not", "colspan": 1}, {"colspan": 1}, {"colspan": 1}, {"colspan": 1}], [{"hint": "do not", "colspan": 1}, {"colspan": 1}, {"colspan": 1}, {"colspan": 1}], [{"hint": "don't", "colspan": 1}, {"colspan": 1}, {"colspan": 1}, {"colspan": 1}]], "references": [3, 4]}, "tts": "https://d1vq87e9lcf771.cloudfront.net/danielle/9689399b2fce8825c17cae9a38ac2700"}, {"value": "a", "hintTable": {"headers": ["n'", "a", "pas", "trouv\u00e9"], "rows": [[{"hint": "couldn't find", "colspan": 4}], [{"hint": "didn't", "colspan": 3}, {"colspan": 1}], [{"colspan": 1}, {"hint": "have", "colspan": 1}, {"colspan": 1}, {"colspan": 1}], [{"colspan": 1}, {"hint": "get", "colspan": 1}, {"colspan": 1}, {"colspan": 1}], [{"colspan": 1}, {"hint": "gets", "colspan": 1}, {"colspan": 1}, {"colspan": 1}]], "references": [2, 4]}, "tts": "https://d1vq87e9lcf771.cloudfront.net/danielle/634fc80350d4866a1d055dc60cc43de0"}, {"value": " "}, {"value": "pas", "hintTable": {"headers": ["n'", "a", "pas", "trouv\u00e9"], "rows": [[{"hint": "couldn't find", "colspan": 4}], [{"hint": "didn't", "colspan": 3}, {"colspan": 1}], [{"colspan": 1}, {"colspan": 1}, {"hint": "not", "colspan": 1}, {"colspan": 1}], [{"colspan": 1}, {"colspan": 1}, {"hint": "no", "colspan": 1}, {"colspan": 1}], [{"colspan": 1}, {"colspan": 1}, {"hint": "steps", "colspan": 1}, {"colspan": 1}]], "references": [2, 3]}, "tts": "https://d1vq87e9lcf771.cloudfront.net/danielle/c456a9e187b2f0772875204436cd741c"}, {"value": " "}, {"value": "trouv\u00e9", "hintTable": {"headers": ["n'", "a", "pas", "trouv\u00e9"], "rows": [[{"hint": "couldn't find", "colspan": 4}], [{"colspan": 1}, {"colspan": 1}, {"colspan": 1}, {"hint": "found", "colspan": 1}], [{"colspan": 1}, {"colspan": 1}, {"colspan": 1}, {"hint": "figuring", "colspan": 1}]], "references": [2, 3, 4]}, "tts": "https://d1vq87e9lcf771.cloudfront.net/danielle/a0da7481a4324de5f09e379c4f89d2be"}, {"value": " "}, {"value": "la", "hintTable": {"rows": [[{"hint": "the", "colspan": 1}], [{"hint": "it", "colspan": 1}], [{"hint": "your", "colspan": 1}]], "references": []}, "tts": "https://d1vq87e9lcf771.cloudfront.net/danielle/a3839459c4a22bd261d776fc91b0977e"}, {"value": " "}, {"value": "meurtri\u00e8re", "hintTable": {"rows": [[{"hint": "murderer", "colspan": 1}]], "references": []}, "tts": "https://d1vq87e9lcf771.cloudfront.net/danielle/6b950a5db8c13f8ccd74106c8ab38642"}, {"value": "."}]}, "subtext": {"styledString": {"text": "The police didn't find the murderer.", "styling": [{"from": 0, "to": 36, "attributes": {"alignment": "left", "fontSize": 19, "fontWeight": "normal", "textColor": "AFAFAF", "lineSpacing": 5}}]}, "tokenTTS": {"tokenTTSCollection": []}}, "ttsURL": "https://d1vq87e9lcf771.cloudfront.net/danielle/72ece3cb66929fd4d9c3222853c9d923"}]}, "meta": {"autoPlayableTTS": [], "sectionIndex": 0, "backgroundColor": null}}, {"type": "verticalSpace", "element": 24, "meta": {"autoPlayableTTS": [], "sectionIndex": 0, "backgroundColor": null}}], "resourcesToPrefetch": [{"required": false, "url": "https://d1vq87e9lcf771.cloudfront.net/danielle/689d9c9c72a920d00b6a0f156fa5f131", "type": "mp3"}, {"required": false, "url": "https://d1vq87e9lcf771.cloudfront.net/danielle/04d16ab2ddcf46fbf296eb6d320d5a81", "type": "mp3"}, {"required": false, "url": "https://d1vq87e9lcf771.cloudfront.net/danielle/5d171ed561df88d297b2a234f49db408", "type": "mp3"}, {"required": false, "url": "https://d1vq87e9lcf771.cloudfront.net/danielle/72ece3cb66929fd4d9c3222853c9d923", "type": "mp3"}, {"required": false, "url": "https://d1vq87e9lcf771.cloudfront.net/danielle/346a45590f94a1f136191c7f4459a638", "type": "mp3"}, {"required": false, "url": "https://d1vq87e9lcf771.cloudfront.net/danielle/3987d6893370013f27ccfb75eee59dd1", "type": "mp3"}]}