{"elements": [{"type": "verticalSpace", "element": 2, "meta": {"autoPlayableTTS": [], "sectionIndex": 0, "backgroundColor": "E5E5E5"}}, {"type": "verticalSpace", "element": 24, "meta": {"autoPlayableTTS": [], "sectionIndex": 0, "backgroundColor": null}}, {"type": "text", "element": {"styledString": {"text": "KEY PHRASES", "styling": [{"from": 0, "to": 11, "attributes": {"alignment": "left", "fontSize": 17, "fontWeight": "bold", "textColor": "1CB0F6", "lineSpacing": 4}}]}, "tokenTTS": {"tokenTTSCollection": []}}, "meta": {"autoPlayableTTS": [], "sectionIndex": 0, "backgroundColor": null}}, {"type": "verticalSpace", "element": 8, "meta": {"autoPlayableTTS": [], "sectionIndex": 0, "backgroundColor": null}}, {"type": "text", "element": {"styledString": {"text": "Use the conditional", "styling": [{"from": 0, "to": 19, "attributes": {"alignment": "left", "fontSize": 25, "fontWeight": "bold", "textColor": "4B4B4B", "lineSpacing": 4}}]}, "tokenTTS": {"tokenTTSCollection": []}}, "meta": {"autoPlayableTTS": [], "sectionIndex": 0, "backgroundColor": null}}, {"type": "verticalSpace", "element": 16, "meta": {"autoPlayableTTS": [], "sectionIndex": 0, "backgroundColor": null}}, {"type": "dialogue", "element": {"phrases": [{"text": {"styledString": {"text": "\u00bfSe sentir\u00eda mal y por eso bostezaba?", "styling": [{"from": 0, "to": 37, "attributes": {"alignment": "left", "fontSize": 19, "fontWeight": "normal", "textColor": "4B4B4B", "lineSpacing": 5}}]}, "tokenTTS": {"tokenTTSCollection": []}, "blockHints": [{"value": "\u00bf"}, {"value": "Se", "hintTable": {"headers": ["se", "sentir\u00eda"], "rows": [[{"hint": "(I/he/she/it/you)  would be offended / hurt", "colspan": 2}], [{"hint": "(I/he/she/it/you)  would feel", "colspan": 2}], [{"hint": "(I/he/she/it/you)  would hear", "colspan": 2}], [{"hint": "he", "colspan": 1}, {"colspan": 1}], [{"hint": "you", "colspan": 1}, {"colspan": 1}], [{"hint": "she", "colspan": 1}, {"colspan": 1}]], "references": [1]}, "tts": "https://d1vq87e9lcf771.cloudfront.net/penelope/50bf590e9131f900980801ba11e0d871"}, {"value": " "}, {"value": "sentir\u00eda", "hintTable": {"headers": ["se", "sentir\u00eda"], "rows": [[{"hint": "(I/he/she/it/you)  would be offended / hurt", "colspan": 2}], [{"hint": "(I/he/she/it/you)  would feel", "colspan": 2}], [{"hint": "(I/he/she/it/you)  would hear", "colspan": 2}], [{"colspan": 1}, {"hint": "(I/he/she/it/you) would hear", "colspan": 1}], [{"colspan": 1}, {"hint": "(I/he/she/it/you) would be offended / hurt", "colspan": 1}], [{"colspan": 1}, {"hint": "(I/he/she/it/you) would feel", "colspan": 1}]], "references": [0]}, "tts": "https://d1vq87e9lcf771.cloudfront.net/miguel/e7fa85bbfd0dff7282fb6ed55f25a9a6"}, {"value": " "}, {"value": "mal", "hintTable": {"rows": [[{"hint": "bad", "colspan": 1}], [{"hint": "unwell", "colspan": 1}], [{"hint": "badly", "colspan": 1}]], "references": []}, "tts": "https://d1vq87e9lcf771.cloudfront.net/miguel/a0ee58f6fc6672b720cd676f087605ea"}, {"value": " "}, {"value": "y", "hintTable": {"rows": [[{"hint": "and", "colspan": 1}]], "references": []}, "tts": "https://d1vq87e9lcf771.cloudfront.net/miguel/05e3848edd76360dcc4340e158ad7843"}, {"value": " "}, {"value": "por", "hintTable": {"headers": ["por", "eso"], "rows": [[{"hint": "that is why", "colspan": 2}], [{"hint": "so", "colspan": 2}], [{"hint": "that", "colspan": 1}, {"colspan": 1}], [{"hint": "to", "colspan": 1}, {"colspan": 1}], [{"hint": "because", "colspan": 1}, {"colspan": 1}]], "references": [5]}, "tts": "https://d1vq87e9lcf771.cloudfront.net/miguel/e339e0bfe581d755bb02344cc04edecc"}, {"value": " "}, {"value": "eso", "hintTable": {"headers": ["por", "eso"], "rows": [[{"hint": "that is why", "colspan": 2}], [{"hint": "so", "colspan": 2}], [{"colspan": 1}, {"hint": "that", "colspan": 1}], [{"colspan": 1}, {"hint": "it", "colspan": 1}], [{"colspan": 1}, {"hint": "it'll", "colspan": 1}]], "references": [4]}, "tts": "https://d1vq87e9lcf771.cloudfront.net/miguel/35190957a4979fb4556106db664f3744"}, {"value": " "}, {"value": "bostezaba", "hintTable": {"rows": [[{"hint": "yawned", "colspan": 1}]], "references": []}, "tts": "https://d1vq87e9lcf771.cloudfront.net/miguel/b881177e8292e65626d6bcee4b7c9d43"}, {"value": "?"}]}, "subtext": {"styledString": {"text": "Do you think he felt bad and that's why he yawned?", "styling": [{"from": 0, "to": 50, "attributes": {"alignment": "left", "fontSize": 19, "fontWeight": "normal", "textColor": "AFAFAF", "lineSpacing": 5}}]}, "tokenTTS": {"tokenTTSCollection": []}}, "ttsURL": "https://d1vq87e9lcf771.cloudfront.net/miguel/98918214f9b17f875623080ca403569b"}]}, "meta": {"autoPlayableTTS": [], "sectionIndex": 0, "backgroundColor": null}}, {"type": "verticalSpace", "element": 16, "meta": {"autoPlayableTTS": [], "sectionIndex": 0, "backgroundColor": null}}, {"type": "dialogue", "element": {"phrases": [{"text": {"styledString": {"text": "No se habr\u00eda enojado as\u00ed si te hubieras disculpado.", "styling": [{"from": 0, "to": 51, "attributes": {"alignment": "left", "fontSize": 19, "fontWeight": "normal", "textColor": "4B4B4B", "lineSpacing": 5}}]}, "tokenTTS": {"tokenTTSCollection": []}, "blockHints": [{"value": "No", "hintTable": {"headers": ["no", "se"], "rows": [[{"hint": "isn't", "colspan": 2}], [{"hint": "aren't", "colspan": 2}], [{"hint": "wouldn't", "colspan": 1}, {"colspan": 1}], [{"hint": "do not", "colspan": 1}, {"colspan": 1}], [{"hint": "wasn't", "colspan": 1}, {"colspan": 1}]], "references": [1]}, "tts": "https://d1vq87e9lcf771.cloudfront.net/miguel/e56dc9c59b5e999bbe4a986911a59034"}, {"value": " "}, {"value": "se", "hintTable": {"headers": ["no", "se"], "rows": [[{"hint": "isn't", "colspan": 2}], [{"hint": "aren't", "colspan": 2}], [{"colspan": 1}, {"hint": "he", "colspan": 1}], [{"colspan": 1}, {"hint": "you", "colspan": 1}], [{"colspan": 1}, {"hint": "she", "colspan": 1}]], "references": [0]}, "tts": "https://d1vq87e9lcf771.cloudfront.net/penelope/50bf590e9131f900980801ba11e0d871"}, {"value": " "}, {"value": "habr\u00eda", "hintTable": {"rows": [[{"hint": "had", "colspan": 1}], [{"hint": "have", "colspan": 1}], [{"hint": "would have", "colspan": 1}]], "references": []}, "tts": "https://d1vq87e9lcf771.cloudfront.net/miguel/faf3d27399a42621ba2287ecae1452d5"}, {"value": " "}, {"value": "enojado", "hintTable": {"rows": [[{"hint": "angry", "colspan": 1}], [{"hint": "annoyed", "colspan": 1}], [{"hint": "mad", "colspan": 1}]], "references": []}, "tts": "https://d1vq87e9lcf771.cloudfront.net/miguel/90c76c818b7ee8cf4c3d08407449774d"}, {"value": " "}, {"value": "as\u00ed", "hintTable": {"rows": [[{"hint": "like that", "colspan": 1}], [{"hint": "that way", "colspan": 1}], [{"hint": "like this", "colspan": 1}]], "references": []}, "tts": "https://d1vq87e9lcf771.cloudfront.net/miguel/033d57d35bda6abcceafba74b423a95f"}, {"value": " "}, {"value": "si", "hintTable": {"rows": [[{"hint": "if", "colspan": 1}], [{"hint": "alternatively", "colspan": 1}], [{"hint": "though", "colspan": 1}]], "references": []}, "tts": "https://d1vq87e9lcf771.cloudfront.net/miguel/c955c40055195c3a4a1d37a5f24041f0"}, {"value": " "}, {"value": "te", "hintTable": {"rows": [[{"hint": "you", "colspan": 1}], [{"hint": "to you", "colspan": 1}], [{"hint": "your", "colspan": 1}]], "references": []}, "tts": "https://d1vq87e9lcf771.cloudfront.net/miguel/d7cd39e9a857d0b69e8da9436b0441c3"}, {"value": " "}, {"value": "hubieras", "hintTable": {"rows": [[{"hint": "(you) have", "colspan": 1}], [{"hint": "had", "colspan": 1}], [{"hint": "(you) is", "colspan": 1}]], "references": []}, "tts": "https://d1vq87e9lcf771.cloudfront.net/miguel/7924455868871156ca0fba4b805897dd"}, {"value": " "}, {"value": "disculpado", "hintTable": {"rows": [[{"hint": "apologized", "colspan": 1}]], "references": []}, "tts": "https://d1vq87e9lcf771.cloudfront.net/miguel/5d0a02a96f69e4b184d05c040e2fc748"}, {"value": "."}]}, "subtext": {"styledString": {"text": "He wouldn't have gotten angry like that if you had apologized.", "styling": [{"from": 0, "to": 62, "attributes": {"alignment": "left", "fontSize": 19, "fontWeight": "normal", "textColor": "AFAFAF", "lineSpacing": 5}}]}, "tokenTTS": {"tokenTTSCollection": []}}, "ttsURL": "https://d1vq87e9lcf771.cloudfront.net/miguel/e690bde7962c9f59ebd988a598b893ec"}]}, "meta": {"autoPlayableTTS": [], "sectionIndex": 0, "backgroundColor": null}}, {"type": "verticalSpace", "element": 16, "meta": {"autoPlayableTTS": [], "sectionIndex": 0, "backgroundColor": null}}, {"type": "dialogue", "element": {"phrases": [{"text": {"styledString": {"text": "Lo habr\u00e1s herido cuando criticaste su equipo de f\u00fatbol.", "styling": [{"from": 0, "to": 55, "attributes": {"alignment": "left", "fontSize": 19, "fontWeight": "normal", "textColor": "4B4B4B", "lineSpacing": 5}}]}, "tokenTTS": {"tokenTTSCollection": []}, "blockHints": [{"value": "Lo", "hintTable": {"rows": [[{"hint": "him", "colspan": 1}], [{"hint": "you", "colspan": 1}], [{"hint": "they", "colspan": 1}]], "references": []}, "tts": "https://d1vq87e9lcf771.cloudfront.net/miguel/e21f9356c6da5313fc1311d6dbde33c3"}, {"value": " "}, {"value": "habr\u00e1s", "hintTable": {"rows": [[{"hint": "must have", "colspan": 1}], [{"hint": "have", "colspan": 1}], [{"hint": "(you) will have", "colspan": 1}]], "references": []}, "tts": "https://d1vq87e9lcf771.cloudfront.net/miguel/ad7fafc1525f8a2e020766a3e8deffae"}, {"value": " "}, {"value": "herido", "hintTable": {"rows": [[{"hint": "hurt", "colspan": 1}]], "references": []}, "tts": "https://d1vq87e9lcf771.cloudfront.net/miguel/a353fd07ca7bce95720448aff319af11"}, {"value": " "}, {"value": "cuando", "hintTable": {"rows": [[{"hint": "when", "colspan": 1}], [{"hint": "while", "colspan": 1}], [{"hint": "as", "colspan": 1}]], "references": []}, "tts": "https://d1vq87e9lcf771.cloudfront.net/miguel/e4104e82741c212285868a163c377ad6"}, {"value": " "}, {"value": "criticaste", "hintTable": {"rows": [[{"hint": "criticized", "colspan": 1}], [{"hint": "score", "colspan": 1}]], "references": []}, "tts": "https://d1vq87e9lcf771.cloudfront.net/miguel/7027e6b49a0055ca3de7f578156c72fc"}, {"value": " "}, {"value": "su", "hintTable": {"rows": [[{"hint": "his", "colspan": 1}], [{"hint": "your", "colspan": 1}], [{"hint": "her", "colspan": 1}]], "references": []}, "tts": "https://d1vq87e9lcf771.cloudfront.net/miguel/84ac4eee161ef292a0f03e85344833df"}, {"value": " "}, {"value": "equipo", "hintTable": {"rows": [[{"hint": "team", "colspan": 1}], [{"hint": "outfit", "colspan": 1}], [{"hint": "equipment", "colspan": 1}]], "references": []}, "tts": "https://d1vq87e9lcf771.cloudfront.net/miguel/0446a435db59a4d508518ccbf3bb230f"}, {"value": " "}, {"value": "de", "hintTable": {"rows": [[{"hint": "his", "colspan": 1}], [{"hint": "with", "colspan": 1}], [{"hint": "made of", "colspan": 1}]], "references": []}, "tts": "https://d1vq87e9lcf771.cloudfront.net/miguel/7c3dc4295f4bfedec518e38299ea8dc5"}, {"value": " "}, {"value": "f\u00fatbol", "hintTable": {"rows": [[{"hint": "soccer", "colspan": 1}], [{"hint": "football", "colspan": 1}]], "references": []}, "tts": "https://d1vq87e9lcf771.cloudfront.net/miguel/add35ef0f08a610527d32747beffcd5f"}, {"value": "."}]}, "subtext": {"styledString": {"text": "You must have hurt him when you criticized his soccer team.", "styling": [{"from": 0, "to": 59, "attributes": {"alignment": "left", "fontSize": 19, "fontWeight": "normal", "textColor": "AFAFAF", "lineSpacing": 5}}]}, "tokenTTS": {"tokenTTSCollection": []}}, "ttsURL": "https://d1vq87e9lcf771.cloudfront.net/miguel/eca0fad4781a0584ed07d5586d69e032"}]}, "meta": {"autoPlayableTTS": [], "sectionIndex": 0, "backgroundColor": null}}, {"type": "verticalSpace", "element": 16, "meta": {"autoPlayableTTS": [], "sectionIndex": 0, "backgroundColor": null}}, {"type": "dialogue", "element": {"phrases": [{"text": {"styledString": {"text": "Habr\u00eda sido mejor no hablarle de tus defectos.", "styling": [{"from": 0, "to": 46, "attributes": {"alignment": "left", "fontSize": 19, "fontWeight": "normal", "textColor": "4B4B4B", "lineSpacing": 5}}]}, "tokenTTS": {"tokenTTSCollection": []}, "blockHints": [{"value": "Habr\u00eda", "hintTable": {"rows": [[{"hint": "would have", "colspan": 1}], [{"hint": "have", "colspan": 1}], [{"hint": "would", "colspan": 1}]], "references": []}, "tts": "https://d1vq87e9lcf771.cloudfront.net/miguel/faf3d27399a42621ba2287ecae1452d5"}, {"value": " "}, {"value": "sido", "hintTable": {"rows": [[{"hint": "been", "colspan": 1}], [{"hint": "made", "colspan": 1}], [{"hint": "being", "colspan": 1}]], "references": []}, "tts": "https://d1vq87e9lcf771.cloudfront.net/miguel/a5b765457e93ab06dfab1d4ce7dc000c"}, {"value": " "}, {"value": "mejor", "hintTable": {"rows": [[{"hint": "better", "colspan": 1}], [{"hint": "the better", "colspan": 1}], [{"hint": "best", "colspan": 1}]], "references": []}, "tts": "https://d1vq87e9lcf771.cloudfront.net/miguel/909d35c91776be3f61a8d06ee8663f04"}, {"value": " "}, {"value": "no", "hintTable": {"rows": [[{"hint": "not", "colspan": 1}], [{"hint": "do not", "colspan": 1}], [{"hint": "are not", "colspan": 1}]], "references": []}, "tts": "https://d1vq87e9lcf771.cloudfront.net/miguel/e56dc9c59b5e999bbe4a986911a59034"}, {"value": " "}, {"value": "hablarle", "hintTable": {"rows": [[{"hint": "(to) talk about (him/her/it)", "colspan": 1}], [{"hint": "(to) talk (him/her/it)", "colspan": 1}], [{"hint": "(to) ring (him/her/it)", "colspan": 1}]], "references": []}, "tts": "https://d1vq87e9lcf771.cloudfront.net/miguel/cd796a5d60f72a290717c12937158dbd"}, {"value": " "}, {"value": "de", "hintTable": {"rows": [[{"hint": "about", "colspan": 1}], [{"hint": "to", "colspan": 1}], [{"hint": "with", "colspan": 1}]], "references": []}, "tts": "https://d1vq87e9lcf771.cloudfront.net/miguel/7c3dc4295f4bfedec518e38299ea8dc5"}, {"value": " "}, {"value": "tus", "hintTable": {"rows": [[{"hint": "your", "colspan": 1}]], "references": []}, "tts": "https://d1vq87e9lcf771.cloudfront.net/miguel/dfbd7e7e0a447b4056b89e9bf180c16d"}, {"value": " "}, {"value": "defectos", "hintTable": {"rows": [[{"hint": "flaws", "colspan": 1}]], "references": []}, "tts": "https://d1vq87e9lcf771.cloudfront.net/miguel/3487fef3b31cc2153b1970405fef6dd5"}, {"value": "."}]}, "subtext": {"styledString": {"text": "It would have been better not to talk to him about your flaws.", "styling": [{"from": 0, "to": 62, "attributes": {"alignment": "left", "fontSize": 19, "fontWeight": "normal", "textColor": "AFAFAF", "lineSpacing": 5}}]}, "tokenTTS": {"tokenTTSCollection": []}}, "ttsURL": "https://d1vq87e9lcf771.cloudfront.net/miguel/12b2d75aace272ebb22d4ce92127e445"}]}, "meta": {"autoPlayableTTS": [], "sectionIndex": 0, "backgroundColor": null}}, {"type": "verticalSpace", "element": 16, "meta": {"autoPlayableTTS": [], "sectionIndex": 0, "backgroundColor": null}}, {"type": "dialogue", "element": {"phrases": [{"text": {"styledString": {"text": "\u00bfQu\u00e9 pasar\u00eda si te alejaras ahora?", "styling": [{"from": 0, "to": 34, "attributes": {"alignment": "left", "fontSize": 19, "fontWeight": "normal", "textColor": "4B4B4B", "lineSpacing": 5}}]}, "tokenTTS": {"tokenTTSCollection": []}, "blockHints": [{"value": "\u00bf"}, {"value": "Qu\u00e9", "hintTable": {"rows": [[{"hint": "what", "colspan": 1}], [{"hint": "what an", "colspan": 1}], [{"hint": "what a", "colspan": 1}]], "references": []}, "tts": "https://d1vq87e9lcf771.cloudfront.net/miguel/10cae84a9e87a16bf1d6dce8af8406b3"}, {"value": " "}, {"value": "pasar\u00eda", "hintTable": {"rows": [[{"hint": "(I/he/she/it/you) would happen", "colspan": 1}], [{"hint": "(I/he/she/it/you) would pass (on)", "colspan": 1}], [{"hint": "(I/he/she/it/you) would spend", "colspan": 1}]], "references": []}, "tts": "https://d1vq87e9lcf771.cloudfront.net/miguel/14ee1f104767d0af4ceb8f060c3e6b5e"}, {"value": " "}, {"value": "si", "hintTable": {"rows": [[{"hint": "if", "colspan": 1}], [{"hint": "alternatively", "colspan": 1}], [{"hint": "though", "colspan": 1}]], "references": []}, "tts": "https://d1vq87e9lcf771.cloudfront.net/miguel/c955c40055195c3a4a1d37a5f24041f0"}, {"value": " "}, {"value": "te", "hintTable": {"headers": ["te", "alejaras"], "rows": [[{"hint": "distanced yourself", "colspan": 2}], [{"hint": "distanced", "colspan": 2}], [{"hint": "you", "colspan": 1}, {"colspan": 1}], [{"hint": "yourself", "colspan": 1}, {"colspan": 1}], [{"hint": "to you", "colspan": 1}, {"colspan": 1}]], "references": [4]}, "tts": "https://d1vq87e9lcf771.cloudfront.net/miguel/d7cd39e9a857d0b69e8da9436b0441c3"}, {"value": " "}, {"value": "alejaras", "hintTable": {"headers": ["te", "alejaras"], "rows": [[{"hint": "distanced yourself", "colspan": 2}], [{"hint": "distanced", "colspan": 2}]], "references": [3]}, "tts": "https://d1vq87e9lcf771.cloudfront.net/miguel/40ec7254154f7cdf9a86433576015d8b"}, {"value": " "}, {"value": "ahora", "hintTable": {"rows": [[{"hint": "now", "colspan": 1}]], "references": []}, "tts": "https://d1vq87e9lcf771.cloudfront.net/penelope/efd6bfc26918067a7b214dee7d71b4bc"}, {"value": "?"}]}, "subtext": {"styledString": {"text": "What would happen if you distanced yourself now?", "styling": [{"from": 0, "to": 48, "attributes": {"alignment": "left", "fontSize": 19, "fontWeight": "normal", "textColor": "AFAFAF", "lineSpacing": 5}}]}, "tokenTTS": {"tokenTTSCollection": []}}, "ttsURL": "https://d1vq87e9lcf771.cloudfront.net/miguel/74482dd626f112cf1f93a6ac93833cee"}]}, "meta": {"autoPlayableTTS": [], "sectionIndex": 0, "backgroundColor": null}}, {"type": "verticalSpace", "element": 16, "meta": {"autoPlayableTTS": [], "sectionIndex": 0, "backgroundColor": null}}, {"type": "dialogue", "element": {"phrases": [{"text": {"styledString": {"text": "\u00bfY eso ser\u00eda una mentira piadosa?", "styling": [{"from": 0, "to": 33, "attributes": {"alignment": "left", "fontSize": 19, "fontWeight": "normal", "textColor": "4B4B4B", "lineSpacing": 5}}]}, "tokenTTS": {"tokenTTSCollection": []}, "blockHints": [{"value": "\u00bf"}, {"value": "Y", "hintTable": {"rows": [[{"hint": "and", "colspan": 1}]], "references": []}, "tts": "https://d1vq87e9lcf771.cloudfront.net/miguel/05e3848edd76360dcc4340e158ad7843"}, {"value": " "}, {"value": "eso", "hintTable": {"rows": [[{"hint": "that", "colspan": 1}], [{"hint": "it", "colspan": 1}], [{"hint": "it'll", "colspan": 1}]], "references": []}, "tts": "https://d1vq87e9lcf771.cloudfront.net/miguel/35190957a4979fb4556106db664f3744"}, {"value": " "}, {"value": "ser\u00eda", "hintTable": {"rows": [[{"hint": "was", "colspan": 1}], [{"hint": "made", "colspan": 1}], [{"hint": "were", "colspan": 1}]], "references": []}, "tts": "https://d1vq87e9lcf771.cloudfront.net/miguel/0d10c0afdc872b8fd5a32d04107540fe"}, {"value": " "}, {"value": "una", "hintTable": {"rows": [[{"hint": "a", "colspan": 1}], [{"hint": "an", "colspan": 1}], [{"hint": "one", "colspan": 1}]], "references": []}, "tts": "https://d1vq87e9lcf771.cloudfront.net/miguel/9f4116cf1d768fa9eb00e290f9285cc7"}, {"value": " "}, {"value": "mentira", "hintTable": {"headers": ["mentira", "piadosa"], "rows": [[{"hint": "white lie", "colspan": 2}], [{"hint": "lie", "colspan": 1}, {"colspan": 1}], [{"hint": "white mark", "colspan": 1}, {"colspan": 1}], [{"hint": "lied", "colspan": 1}, {"colspan": 1}]], "references": [5]}, "tts": "https://d1vq87e9lcf771.cloudfront.net/miguel/21fbd538c3fc622ee911e96c9d9c543a"}, {"value": " "}, {"value": "piadosa", "hintTable": {"headers": ["mentira", "piadosa"], "rows": [[{"hint": "white lie", "colspan": 2}]], "references": [4]}, "tts": "https://d1vq87e9lcf771.cloudfront.net/miguel/054a7e46b2858e52e354d0bf28a3f0dd"}, {"value": "?"}]}, "subtext": {"styledString": {"text": "And do you think that was a white lie?", "styling": [{"from": 0, "to": 38, "attributes": {"alignment": "left", "fontSize": 19, "fontWeight": "normal", "textColor": "AFAFAF", "lineSpacing": 5}}]}, "tokenTTS": {"tokenTTSCollection": []}}, "ttsURL": "https://d1vq87e9lcf771.cloudfront.net/miguel/676f03c51edbd3d1485376f77d2443e2"}]}, "meta": {"autoPlayableTTS": [], "sectionIndex": 0, "backgroundColor": null}}, {"type": "verticalSpace", "element": 24, "meta": {"autoPlayableTTS": [], "sectionIndex": 0, "backgroundColor": null}}], "resourcesToPrefetch": [{"required": false, "url": "https://d1vq87e9lcf771.cloudfront.net/miguel/74482dd626f112cf1f93a6ac93833cee", "type": "mp3"}, {"required": false, "url": "https://d1vq87e9lcf771.cloudfront.net/miguel/98918214f9b17f875623080ca403569b", "type": "mp3"}, {"required": false, "url": "https://d1vq87e9lcf771.cloudfront.net/miguel/e690bde7962c9f59ebd988a598b893ec", "type": "mp3"}, {"required": false, "url": "https://d1vq87e9lcf771.cloudfront.net/miguel/676f03c51edbd3d1485376f77d2443e2", "type": "mp3"}, {"required": false, "url": "https://d1vq87e9lcf771.cloudfront.net/miguel/12b2d75aace272ebb22d4ce92127e445", "type": "mp3"}, {"required": false, "url": "https://d1vq87e9lcf771.cloudfront.net/miguel/eca0fad4781a0584ed07d5586d69e032", "type": "mp3"}]}