{"elements": [{"type": "verticalSpace", "element": 2, "meta": {"autoPlayableTTS": [], "sectionIndex": 0, "backgroundColor": "E5E5E5"}}, {"type": "verticalSpace", "element": 24, "meta": {"autoPlayableTTS": [], "sectionIndex": 0, "backgroundColor": null}}, {"type": "text", "element": {"styledString": {"text": "KEY PHRASES", "styling": [{"from": 0, "to": 11, "attributes": {"alignment": "left", "fontSize": 17, "fontWeight": "bold", "textColor": "1CB0F6", "lineSpacing": 4}}]}, "tokenTTS": {"tokenTTSCollection": []}}, "meta": {"autoPlayableTTS": [], "sectionIndex": 0, "backgroundColor": null}}, {"type": "verticalSpace", "element": 8, "meta": {"autoPlayableTTS": [], "sectionIndex": 0, "backgroundColor": null}}, {"type": "text", "element": {"styledString": {"text": "Talk about love", "styling": [{"from": 0, "to": 15, "attributes": {"alignment": "left", "fontSize": 25, "fontWeight": "bold", "textColor": "4B4B4B", "lineSpacing": 4}}]}, "tokenTTS": {"tokenTTSCollection": []}}, "meta": {"autoPlayableTTS": [], "sectionIndex": 0, "backgroundColor": null}}, {"type": "verticalSpace", "element": 16, "meta": {"autoPlayableTTS": [], "sectionIndex": 0, "backgroundColor": null}}, {"type": "dialogue", "element": {"phrases": [{"text": {"styledString": {"text": "Tom\u00e9 muchas decisiones equivocadas por amor.", "styling": [{"from": 0, "to": 44, "attributes": {"alignment": "left", "fontSize": 19, "fontWeight": "normal", "textColor": "4B4B4B", "lineSpacing": 5}}]}, "tokenTTS": {"tokenTTSCollection": []}, "blockHints": [{"value": "Tom\u00e9", "hintTable": {"rows": [[{"hint": "(I) made", "colspan": 1}], [{"hint": "made", "colspan": 1}], [{"hint": "(I) took", "colspan": 1}]], "references": []}, "tts": "https://d1vq87e9lcf771.cloudfront.net/miguel/090a73869686e261549e71ecff9431dd"}, {"value": " "}, {"value": "muchas", "hintTable": {"rows": [[{"hint": "a lot of", "colspan": 1}], [{"hint": "lots of", "colspan": 1}], [{"hint": "many", "colspan": 1}]], "references": []}, "tts": "https://d1vq87e9lcf771.cloudfront.net/miguel/674fd617e573909aa12863fd4f6c21b6"}, {"value": " "}, {"value": "decisiones", "hintTable": {"rows": [[{"hint": "decisions", "colspan": 1}], [{"hint": "decisiveness", "colspan": 1}], [{"hint": "resolutions", "colspan": 1}]], "references": []}, "tts": "https://d1vq87e9lcf771.cloudfront.net/miguel/eeb85ca458f7fbd2d7204276cef20bf3"}, {"value": " "}, {"value": "equivocadas", "hintTable": {"rows": [[{"hint": "wrong", "colspan": 1}], [{"hint": "mistaken", "colspan": 1}]], "references": []}, "tts": "https://d1vq87e9lcf771.cloudfront.net/miguel/5bf83e9115bcfee399a6bf179ecd8868"}, {"value": " "}, {"value": "por", "hintTable": {"rows": [[{"hint": "for", "colspan": 1}], [{"hint": "of", "colspan": 1}], [{"hint": "because of", "colspan": 1}]], "references": []}, "tts": "https://d1vq87e9lcf771.cloudfront.net/miguel/e339e0bfe581d755bb02344cc04edecc"}, {"value": " "}, {"value": "amor", "hintTable": {"rows": [[{"hint": "love", "colspan": 1}], [{"hint": "dear", "colspan": 1}], [{"hint": "honey", "colspan": 1}]], "references": []}, "tts": "https://d1vq87e9lcf771.cloudfront.net/miguel/11779321cf5bb8667a705a755dbcc991"}, {"value": "."}]}, "subtext": {"styledString": {"text": "I made a lot of wrong decisions for love.", "styling": [{"from": 0, "to": 41, "attributes": {"alignment": "left", "fontSize": 19, "fontWeight": "normal", "textColor": "AFAFAF", "lineSpacing": 5}}]}, "tokenTTS": {"tokenTTSCollection": []}}, "ttsURL": "https://d1vq87e9lcf771.cloudfront.net/miguel/5a693060bb2ee40482f8506810ed5f1d"}]}, "meta": {"autoPlayableTTS": [], "sectionIndex": 0, "backgroundColor": null}}, {"type": "verticalSpace", "element": 16, "meta": {"autoPlayableTTS": [], "sectionIndex": 0, "backgroundColor": null}}, {"type": "dialogue", "element": {"phrases": [{"text": {"styledString": {"text": "Yo no s\u00e9 si esta relaci\u00f3n va a durar para siempre.", "styling": [{"from": 0, "to": 50, "attributes": {"alignment": "left", "fontSize": 19, "fontWeight": "normal", "textColor": "4B4B4B", "lineSpacing": 5}}]}, "tokenTTS": {"tokenTTSCollection": []}, "blockHints": [{"value": "Yo", "hintTable": {"headers": ["yo", "no", "s\u00e9"], "rows": [[{"hint": "I cannot", "colspan": 3}], [{"hint": "I", "colspan": 1}, {"colspan": 1}, {"colspan": 1}], [{"hint": "i'd", "colspan": 1}, {"colspan": 1}, {"colspan": 1}], [{"hint": "me", "colspan": 1}, {"colspan": 1}, {"colspan": 1}]], "references": [1, 2]}, "tts": "https://d1vq87e9lcf771.cloudfront.net/miguel/aa0ff446f41920bd854cbcfe38a476e2"}, {"value": " "}, {"value": "no", "hintTable": {"headers": ["yo", "no", "s\u00e9"], "rows": [[{"hint": "I cannot", "colspan": 3}], [{"colspan": 1}, {"hint": "can't", "colspan": 2}], [{"colspan": 1}, {"hint": "don't", "colspan": 1}, {"colspan": 1}], [{"colspan": 1}, {"hint": "do not", "colspan": 1}, {"colspan": 1}]], "references": [2]}, "tts": "https://d1vq87e9lcf771.cloudfront.net/miguel/e56dc9c59b5e999bbe4a986911a59034"}, {"value": " "}, {"value": "s\u00e9", "hintTable": {"headers": ["yo", "no", "s\u00e9"], "rows": [[{"hint": "I cannot", "colspan": 3}], [{"colspan": 1}, {"hint": "can't", "colspan": 2}], [{"colspan": 1}, {"colspan": 1}, {"hint": "(I) know", "colspan": 1}], [{"colspan": 1}, {"colspan": 1}, {"hint": "know", "colspan": 1}]], "references": [1]}, "tts": "https://d1vq87e9lcf771.cloudfront.net/miguel/bf6d208f0775082f99b8e4e7405d0318"}, {"value": " "}, {"value": "si", "hintTable": {"rows": [[{"hint": "if", "colspan": 1}], [{"hint": "whether", "colspan": 1}], [{"hint": "alternatively", "colspan": 1}]], "references": []}, "tts": "https://d1vq87e9lcf771.cloudfront.net/miguel/c955c40055195c3a4a1d37a5f24041f0"}, {"value": " "}, {"value": "esta", "hintTable": {"rows": [[{"hint": "this", "colspan": 1}], [{"hint": "this one", "colspan": 1}], [{"hint": "these", "colspan": 1}]], "references": []}, "tts": "https://d1vq87e9lcf771.cloudfront.net/penelope/fbd10807a7abd93c139a0644915679da"}, {"value": " "}, {"value": "relaci\u00f3n", "hintTable": {"rows": [[{"hint": "relationship", "colspan": 1}], [{"hint": "account", "colspan": 1}], [{"hint": "connection", "colspan": 1}]], "references": []}, "tts": "https://d1vq87e9lcf771.cloudfront.net/miguel/9fae55a8f6ad653f146bb6578d71dafa"}, {"value": " "}, {"value": "va", "hintTable": {"headers": ["va", "a"], "rows": [[{"hint": "is", "colspan": 2}], [{"hint": "will", "colspan": 2}], [{"hint": "she's", "colspan": 2}], [{"hint": "(he) is going", "colspan": 1}, {"colspan": 1}], [{"hint": "(she) is going", "colspan": 1}, {"colspan": 1}], [{"hint": "is", "colspan": 1}, {"colspan": 1}]], "references": [7]}, "tts": "https://d1vq87e9lcf771.cloudfront.net/miguel/0c0d6a3f02863d2582b995a891104d84"}, {"value": " "}, {"value": "a", "hintTable": {"headers": ["va", "a"], "rows": [[{"hint": "is", "colspan": 2}], [{"hint": "will", "colspan": 2}], [{"hint": "she's", "colspan": 2}], [{"colspan": 1}, {"hint": "to", "colspan": 1}], [{"colspan": 1}, {"hint": "with", "colspan": 1}], [{"colspan": 1}, {"hint": "away", "colspan": 1}]], "references": [6]}, "tts": "https://d1vq87e9lcf771.cloudfront.net/miguel/a615ab7aef51e62ab81ce9255166fc65"}, {"value": " "}, {"value": "durar", "hintTable": {"rows": [[{"hint": "last", "colspan": 1}], [{"hint": "hold", "colspan": 1}], [{"hint": "wears", "colspan": 1}]], "references": []}, "tts": "https://d1vq87e9lcf771.cloudfront.net/miguel/13a738a7646eb13db5cb388e759a84ab"}, {"value": " "}, {"value": "para", "hintTable": {"headers": ["para", "siempre"], "rows": [[{"hint": "forever", "colspan": 2}], [{"hint": "to", "colspan": 1}, {"colspan": 1}], [{"hint": "is stopping", "colspan": 1}, {"colspan": 1}], [{"hint": "in order to", "colspan": 1}, {"colspan": 1}]], "references": [10]}, "tts": "https://d1vq87e9lcf771.cloudfront.net/miguel/6f3d0512a9245756279b8c3ebecaae1b"}, {"value": " "}, {"value": "siempre", "hintTable": {"headers": ["para", "siempre"], "rows": [[{"hint": "forever", "colspan": 2}], [{"colspan": 1}, {"hint": "forever", "colspan": 1}], [{"colspan": 1}, {"hint": "always", "colspan": 1}], [{"colspan": 1}, {"hint": "ever", "colspan": 1}]], "references": [9]}, "tts": "https://d1vq87e9lcf771.cloudfront.net/miguel/e06789c21057e74b0947ee54e94651a2"}, {"value": "."}]}, "subtext": {"styledString": {"text": "I don't know if this relationship is going to last forever.", "styling": [{"from": 0, "to": 59, "attributes": {"alignment": "left", "fontSize": 19, "fontWeight": "normal", "textColor": "AFAFAF", "lineSpacing": 5}}]}, "tokenTTS": {"tokenTTSCollection": []}}, "ttsURL": "https://d1vq87e9lcf771.cloudfront.net/miguel/9e7d65ae1c5e3a2b163ebb202743de5b"}]}, "meta": {"autoPlayableTTS": [], "sectionIndex": 0, "backgroundColor": null}}, {"type": "verticalSpace", "element": 16, "meta": {"autoPlayableTTS": [], "sectionIndex": 0, "backgroundColor": null}}, {"type": "dialogue", "element": {"phrases": [{"text": {"styledString": {"text": "Mis relaciones terminan generalmente por mi culpa.", "styling": [{"from": 0, "to": 50, "attributes": {"alignment": "left", "fontSize": 19, "fontWeight": "normal", "textColor": "4B4B4B", "lineSpacing": 5}}]}, "tokenTTS": {"tokenTTSCollection": []}, "blockHints": [{"value": "Mis", "hintTable": {"rows": [[{"hint": "my", "colspan": 1}]], "references": []}, "tts": "https://d1vq87e9lcf771.cloudfront.net/miguel/dad568373c8ac9882b555d1e0b6b35a5"}, {"value": " "}, {"value": "relaciones", "hintTable": {"rows": [[{"hint": "relationships", "colspan": 1}], [{"hint": "account", "colspan": 1}], [{"hint": "accounts", "colspan": 1}]], "references": []}, "tts": "https://d1vq87e9lcf771.cloudfront.net/miguel/b7a51c69c67093f8ad2a534b62c7e699"}, {"value": " "}, {"value": "terminan", "hintTable": {"rows": [[{"hint": "end", "colspan": 1}], [{"hint": "(they) end", "colspan": 1}], [{"hint": "end up", "colspan": 1}]], "references": []}, "tts": "https://d1vq87e9lcf771.cloudfront.net/miguel/4748bab15f240a459d370a142e755167"}, {"value": " "}, {"value": "generalmente", "hintTable": {"rows": [[{"hint": "generally", "colspan": 1}], [{"hint": "usually", "colspan": 1}], [{"hint": "mostly", "colspan": 1}]], "references": []}, "tts": "https://d1vq87e9lcf771.cloudfront.net/miguel/b9d1becfa8356a550209b969cd16df39"}, {"value": " "}, {"value": "por", "hintTable": {"headers": ["por", "mi", "culpa"], "rows": [[{"hint": "because of me", "colspan": 3}], [{"hint": "because of", "colspan": 1}, {"colspan": 1}, {"colspan": 1}], [{"hint": "because", "colspan": 1}, {"colspan": 1}, {"colspan": 1}], [{"hint": "of", "colspan": 1}, {"colspan": 1}, {"colspan": 1}]], "references": [5, 6]}, "tts": "https://d1vq87e9lcf771.cloudfront.net/miguel/e339e0bfe581d755bb02344cc04edecc"}, {"value": " "}, {"value": "mi", "hintTable": {"headers": ["por", "mi", "culpa"], "rows": [[{"hint": "because of me", "colspan": 3}], [{"colspan": 1}, {"hint": "my", "colspan": 1}, {"colspan": 1}]], "references": [4, 6]}, "tts": "https://d1vq87e9lcf771.cloudfront.net/miguel/b082510d0e48798ab32883bfe8d655b6"}, {"value": " "}, {"value": "culpa", "hintTable": {"headers": ["por", "mi", "culpa"], "rows": [[{"hint": "because of me", "colspan": 3}], [{"colspan": 1}, {"colspan": 1}, {"hint": "fault", "colspan": 1}], [{"colspan": 1}, {"colspan": 1}, {"hint": "(he/she/it) blames", "colspan": 1}], [{"colspan": 1}, {"colspan": 1}, {"hint": "(you-formal) blame", "colspan": 1}]], "references": [4, 5]}, "tts": "https://d1vq87e9lcf771.cloudfront.net/miguel/11dfae43b1620b41c34e020eb4a2a472"}, {"value": "."}]}, "subtext": {"styledString": {"text": "My relationships generally end because of me.", "styling": [{"from": 0, "to": 45, "attributes": {"alignment": "left", "fontSize": 19, "fontWeight": "normal", "textColor": "AFAFAF", "lineSpacing": 5}}]}, "tokenTTS": {"tokenTTSCollection": []}}, "ttsURL": "https://d1vq87e9lcf771.cloudfront.net/miguel/f4b64270145ac057aa7a24c217f52311"}]}, "meta": {"autoPlayableTTS": [], "sectionIndex": 0, "backgroundColor": null}}, {"type": "verticalSpace", "element": 16, "meta": {"autoPlayableTTS": [], "sectionIndex": 0, "backgroundColor": null}}, {"type": "dialogue", "element": {"phrases": [{"text": {"styledString": {"text": "\u00bfQu\u00e9 ser\u00edas capaz de hacer por ella?", "styling": [{"from": 0, "to": 36, "attributes": {"alignment": "left", "fontSize": 19, "fontWeight": "normal", "textColor": "4B4B4B", "lineSpacing": 5}}]}, "tokenTTS": {"tokenTTSCollection": []}, "blockHints": [{"value": "\u00bf"}, {"value": "Qu\u00e9", "hintTable": {"rows": [[{"hint": "what", "colspan": 1}], [{"hint": "what an", "colspan": 1}], [{"hint": "what a", "colspan": 1}]], "references": []}, "tts": "https://d1vq87e9lcf771.cloudfront.net/miguel/10cae84a9e87a16bf1d6dce8af8406b3"}, {"value": " "}, {"value": "ser\u00edas", "hintTable": {"headers": ["ser\u00edas", "capaz"], "rows": [[{"hint": "(you) would be willing", "colspan": 2}], [{"hint": "(you) would be", "colspan": 1}, {"colspan": 1}], [{"hint": "be", "colspan": 1}, {"colspan": 1}], [{"hint": "made", "colspan": 1}, {"colspan": 1}]], "references": [2]}, "tts": "https://d1vq87e9lcf771.cloudfront.net/miguel/36013201c767be1e8b5e3ffb853133de"}, {"value": " "}, {"value": "capaz", "hintTable": {"headers": ["ser\u00edas", "capaz"], "rows": [[{"hint": "(you) would be willing", "colspan": 2}], [{"colspan": 1}, {"hint": "able to", "colspan": 1}], [{"colspan": 1}, {"hint": "able", "colspan": 1}], [{"colspan": 1}, {"hint": "capable", "colspan": 1}]], "references": [1]}, "tts": "https://d1vq87e9lcf771.cloudfront.net/miguel/555524bdb825488a1e3972e862100b2e"}, {"value": " "}, {"value": "de", "hintTable": {"rows": [[{"hint": "for", "colspan": 1}], [{"hint": "to", "colspan": 1}], [{"hint": "of", "colspan": 1}]], "references": []}, "tts": "https://d1vq87e9lcf771.cloudfront.net/miguel/7c3dc4295f4bfedec518e38299ea8dc5"}, {"value": " "}, {"value": "hacer", "hintTable": {"rows": [[{"hint": "(to) do", "colspan": 1}], [{"hint": "do", "colspan": 1}], [{"hint": "(to) make", "colspan": 1}]], "references": []}, "tts": "https://d1vq87e9lcf771.cloudfront.net/miguel/23b3e33d7cf3d131fcd1655487d3bdda"}, {"value": " "}, {"value": "por", "hintTable": {"rows": [[{"hint": "to", "colspan": 1}], [{"hint": "for", "colspan": 1}], [{"hint": "because", "colspan": 1}]], "references": []}, "tts": "https://d1vq87e9lcf771.cloudfront.net/miguel/e339e0bfe581d755bb02344cc04edecc"}, {"value": " "}, {"value": "ella", "hintTable": {"rows": [[{"hint": "her", "colspan": 1}], [{"hint": "she", "colspan": 1}], [{"hint": "she'll", "colspan": 1}]], "references": []}, "tts": "https://d1vq87e9lcf771.cloudfront.net/miguel/7ba0a4fe127b1af95b81af18714bbbbb"}, {"value": "?"}]}, "subtext": {"styledString": {"text": "What would you be willing to do for her?", "styling": [{"from": 0, "to": 40, "attributes": {"alignment": "left", "fontSize": 19, "fontWeight": "normal", "textColor": "AFAFAF", "lineSpacing": 5}}]}, "tokenTTS": {"tokenTTSCollection": []}}, "ttsURL": "https://d1vq87e9lcf771.cloudfront.net/miguel/a620da61ec2c48449b9adeed7a454a32"}, {"text": {"styledString": {"text": "Estoy enamorado y vivir\u00eda en la luna por ella.", "styling": [{"from": 0, "to": 46, "attributes": {"alignment": "left", "fontSize": 19, "fontWeight": "normal", "textColor": "4B4B4B", "lineSpacing": 5}}]}, "tokenTTS": {"tokenTTSCollection": []}, "blockHints": [{"value": "Estoy", "hintTable": {"headers": ["estoy", "enamorado"], "rows": [[{"hint": "I'm in love", "colspan": 2}], [{"hint": "I'm", "colspan": 1}, {"colspan": 1}], [{"hint": "I am", "colspan": 1}, {"colspan": 1}], [{"hint": "am", "colspan": 1}, {"colspan": 1}]], "references": [1]}, "tts": "https://d1vq87e9lcf771.cloudfront.net/beaes/b4300272251653e2d8245b11110da9bf"}, {"value": " "}, {"value": "enamorado", "hintTable": {"headers": ["estoy", "enamorado"], "rows": [[{"hint": "I'm in love", "colspan": 2}], [{"colspan": 1}, {"hint": "in love", "colspan": 1}]], "references": [0]}, "tts": "https://d1vq87e9lcf771.cloudfront.net/miguel/73618950124c2e620f74892fac0391bd"}, {"value": " "}, {"value": "y", "hintTable": {"rows": [[{"hint": "and", "colspan": 1}]], "references": []}, "tts": "https://d1vq87e9lcf771.cloudfront.net/miguel/05e3848edd76360dcc4340e158ad7843"}, {"value": " "}, {"value": "vivir\u00eda", "hintTable": {"rows": [[{"hint": "(I/he/she/it/you) would live", "colspan": 1}], [{"hint": "live", "colspan": 1}], [{"hint": "(I/he/she/it/you) would be alive", "colspan": 1}]], "references": []}, "tts": "https://d1vq87e9lcf771.cloudfront.net/miguel/c788fda0b04b34f6c3100df23d87fbf3"}, {"value": " "}, {"value": "en", "hintTable": {"headers": ["en", "la"], "rows": [[{"hint": "to", "colspan": 2}], [{"hint": "for", "colspan": 1}, {"colspan": 1}], [{"hint": "on", "colspan": 1}, {"colspan": 1}], [{"hint": "in", "colspan": 1}, {"colspan": 1}]], "references": [5]}, "tts": "https://d1vq87e9lcf771.cloudfront.net/miguel/953baa0ff97009a5374e3a2695ce7f5c"}, {"value": " "}, {"value": "la", "hintTable": {"headers": ["en", "la"], "rows": [[{"hint": "to", "colspan": 2}], [{"colspan": 1}, {"hint": "the", "colspan": 1}], [{"colspan": 1}, {"hint": "her", "colspan": 1}], [{"colspan": 1}, {"hint": "your", "colspan": 1}]], "references": [4]}, "tts": "https://d1vq87e9lcf771.cloudfront.net/miguel/e9ea010281921357dd4b130d51e7488b"}, {"value": " "}, {"value": "luna", "hintTable": {"rows": [[{"hint": "moon", "colspan": 1}], [{"hint": "luna", "colspan": 1}]], "references": []}, "tts": "https://d1vq87e9lcf771.cloudfront.net/miguel/51b65157e8764b478d04aef5ed54b537"}, {"value": " "}, {"value": "por", "hintTable": {"rows": [[{"hint": "for", "colspan": 1}], [{"hint": "on", "colspan": 1}], [{"hint": "in", "colspan": 1}]], "references": []}, "tts": "https://d1vq87e9lcf771.cloudfront.net/miguel/e339e0bfe581d755bb02344cc04edecc"}, {"value": " "}, {"value": "ella", "hintTable": {"rows": [[{"hint": "her", "colspan": 1}], [{"hint": "she", "colspan": 1}], [{"hint": "she'll", "colspan": 1}]], "references": []}, "tts": "https://d1vq87e9lcf771.cloudfront.net/miguel/7ba0a4fe127b1af95b81af18714bbbbb"}, {"value": "."}]}, "subtext": {"styledString": {"text": "I'm in love and I would live on the moon for her.", "styling": [{"from": 0, "to": 49, "attributes": {"alignment": "left", "fontSize": 19, "fontWeight": "normal", "textColor": "AFAFAF", "lineSpacing": 5}}]}, "tokenTTS": {"tokenTTSCollection": []}}, "ttsURL": "https://d1vq87e9lcf771.cloudfront.net/miguel/f9d66e83eaf3087a8b09efad701f8e2f"}]}, "meta": {"autoPlayableTTS": [], "sectionIndex": 0, "backgroundColor": null}}, {"type": "verticalSpace", "element": 16, "meta": {"autoPlayableTTS": [], "sectionIndex": 0, "backgroundColor": null}}, {"type": "dialogue", "element": {"phrases": [{"text": {"styledString": {"text": "Y t\u00fa, \u00bftienes \u00e9xito en el amor?", "styling": [{"from": 0, "to": 31, "attributes": {"alignment": "left", "fontSize": 19, "fontWeight": "normal", "textColor": "4B4B4B", "lineSpacing": 5}}]}, "tokenTTS": {"tokenTTSCollection": []}, "blockHints": [{"value": "Y", "hintTable": {"rows": [[{"hint": "and", "colspan": 1}]], "references": []}, "tts": "https://d1vq87e9lcf771.cloudfront.net/miguel/05e3848edd76360dcc4340e158ad7843"}, {"value": " "}, {"value": "t\u00fa", "hintTable": {"rows": [[{"hint": "you", "colspan": 1}], [{"hint": "you'll", "colspan": 1}]], "references": []}, "tts": "https://d1vq87e9lcf771.cloudfront.net/miguel/2e717e2fe5783a547e2995fe3699350a"}, {"value": ","}, {"value": " "}, {"value": "\u00bf"}, {"value": "tienes", "hintTable": {"headers": ["tienes", "\u00e9xito"], "rows": [[{"hint": "click", "colspan": 2}], [{"hint": "are", "colspan": 1}, {"colspan": 1}], [{"hint": "you have", "colspan": 1}, {"colspan": 1}], [{"hint": "have", "colspan": 1}, {"colspan": 1}]], "references": [3]}, "tts": "https://d1vq87e9lcf771.cloudfront.net/miguel/4c53c46b4421ab04864e9a3e789ab651"}, {"value": " "}, {"value": "\u00e9xito", "hintTable": {"headers": ["tienes", "\u00e9xito"], "rows": [[{"hint": "click", "colspan": 2}], [{"colspan": 1}, {"hint": "successful", "colspan": 1}], [{"colspan": 1}, {"hint": "success", "colspan": 1}], [{"colspan": 1}, {"hint": "succeeded", "colspan": 1}]], "references": [2]}, "tts": "https://d1vq87e9lcf771.cloudfront.net/miguel/d09883fed798f44bbf4a86c6d613d0b7"}, {"value": " "}, {"value": "en", "hintTable": {"rows": [[{"hint": "in", "colspan": 1}], [{"hint": "about", "colspan": 1}], [{"hint": "under", "colspan": 1}]], "references": []}, "tts": "https://d1vq87e9lcf771.cloudfront.net/miguel/953baa0ff97009a5374e3a2695ce7f5c"}, {"value": " "}, {"value": "el", "hintTable": {"rows": [[{"hint": "the", "colspan": 1}], [{"hint": "your", "colspan": 1}], [{"hint": "her", "colspan": 1}]], "references": []}, "tts": "https://d1vq87e9lcf771.cloudfront.net/penelope/b47f0c6243dc0dd607abd744189eec05"}, {"value": " "}, {"value": "amor", "hintTable": {"rows": [[{"hint": "love", "colspan": 1}], [{"hint": "dear", "colspan": 1}], [{"hint": "honey", "colspan": 1}]], "references": []}, "tts": "https://d1vq87e9lcf771.cloudfront.net/miguel/11779321cf5bb8667a705a755dbcc991"}, {"value": "?"}]}, "subtext": {"styledString": {"text": "And you, are you successful in love?", "styling": [{"from": 0, "to": 36, "attributes": {"alignment": "left", "fontSize": 19, "fontWeight": "normal", "textColor": "AFAFAF", "lineSpacing": 5}}]}, "tokenTTS": {"tokenTTSCollection": []}}, "ttsURL": "https://d1vq87e9lcf771.cloudfront.net/miguel/79a1cbcb6bbc66935481eba8131944c1"}]}, "meta": {"autoPlayableTTS": [], "sectionIndex": 0, "backgroundColor": null}}, {"type": "verticalSpace", "element": 24, "meta": {"autoPlayableTTS": [], "sectionIndex": 0, "backgroundColor": null}}], "resourcesToPrefetch": [{"required": false, "url": "https://d1vq87e9lcf771.cloudfront.net/miguel/f9d66e83eaf3087a8b09efad701f8e2f", "type": "mp3"}, {"required": false, "url": "https://d1vq87e9lcf771.cloudfront.net/miguel/5a693060bb2ee40482f8506810ed5f1d", "type": "mp3"}, {"required": false, "url": "https://d1vq87e9lcf771.cloudfront.net/miguel/9e7d65ae1c5e3a2b163ebb202743de5b", "type": "mp3"}, {"required": false, "url": "https://d1vq87e9lcf771.cloudfront.net/miguel/a620da61ec2c48449b9adeed7a454a32", "type": "mp3"}, {"required": false, "url": "https://d1vq87e9lcf771.cloudfront.net/miguel/f4b64270145ac057aa7a24c217f52311", "type": "mp3"}, {"required": false, "url": "https://d1vq87e9lcf771.cloudfront.net/miguel/79a1cbcb6bbc66935481eba8131944c1", "type": "mp3"}]}