{"elements": [{"type": "verticalSpace", "element": 2, "meta": {"autoPlayableTTS": [], "sectionIndex": 0, "backgroundColor": "E5E5E5"}}, {"type": "verticalSpace", "element": 24, "meta": {"autoPlayableTTS": [], "sectionIndex": 0, "backgroundColor": null}}, {"type": "text", "element": {"styledString": {"text": "KEY PHRASES", "styling": [{"from": 0, "to": 11, "attributes": {"alignment": "left", "fontSize": 17, "fontWeight": "bold", "textColor": "1CB0F6", "lineSpacing": 4}}]}, "tokenTTS": {"tokenTTSCollection": []}}, "meta": {"autoPlayableTTS": [], "sectionIndex": 0, "backgroundColor": null}}, {"type": "verticalSpace", "element": 8, "meta": {"autoPlayableTTS": [], "sectionIndex": 0, "backgroundColor": null}}, {"type": "text", "element": {"styledString": {"text": "Talk about memories", "styling": [{"from": 0, "to": 19, "attributes": {"alignment": "left", "fontSize": 25, "fontWeight": "bold", "textColor": "4B4B4B", "lineSpacing": 4}}]}, "tokenTTS": {"tokenTTSCollection": []}}, "meta": {"autoPlayableTTS": [], "sectionIndex": 0, "backgroundColor": null}}, {"type": "verticalSpace", "element": 16, "meta": {"autoPlayableTTS": [], "sectionIndex": 0, "backgroundColor": null}}, {"type": "dialogue", "element": {"phrases": [{"text": {"styledString": {"text": "Papi jouait souvent aux dames, tu t'en souviens ?", "styling": [{"from": 0, "to": 49, "attributes": {"alignment": "left", "fontSize": 19, "fontWeight": "normal", "textColor": "4B4B4B", "lineSpacing": 5}}]}, "tokenTTS": {"tokenTTSCollection": []}, "blockHints": [{"value": "Papi", "hintTable": {"rows": [[{"hint": "grandpa", "colspan": 1}]], "references": []}, "tts": "https://d1vq87e9lcf771.cloudfront.net/danielle/98b59440b352872bda5827e2168076d6"}, {"value": " "}, {"value": "jouait", "hintTable": {"rows": [[{"hint": "played", "colspan": 1}], [{"hint": "was playing", "colspan": 1}]], "references": []}, "tts": "https://d1vq87e9lcf771.cloudfront.net/danielle/78b6b893012f9e1f9c16f673778d915f"}, {"value": " "}, {"value": "souvent", "hintTable": {"rows": [[{"hint": "often", "colspan": 1}]], "references": []}, "tts": "https://d1vq87e9lcf771.cloudfront.net/danielle/0eef4eabe479a21289e96543ae0f23cc"}, {"value": " "}, {"value": "aux", "hintTable": {"rows": [[{"hint": "to", "colspan": 1}], [{"hint": "to the", "colspan": 1}], [{"hint": "with", "colspan": 1}]], "references": []}, "tts": "https://d1vq87e9lcf771.cloudfront.net/danielle/cd47897724ac3117c6c5eda054575ac1"}, {"value": " "}, {"value": "dames", "hintTable": {"rows": [[{"hint": "checkers", "colspan": 1}], [{"hint": "ladies", "colspan": 1}]], "references": []}, "tts": "https://d1vq87e9lcf771.cloudfront.net/danielle/a8f90bd49ec99dac20eeb38bca722a53"}, {"value": ","}, {"value": " "}, {"value": "tu", "hintTable": {"rows": [[{"hint": "you", "colspan": 1}], [{"hint": "you'll", "colspan": 1}]], "references": []}, "tts": "https://d1vq87e9lcf771.cloudfront.net/danielle/108696c9e1fe68d2beb23bb6f937a618"}, {"value": " "}, {"value": "t'", "hintTable": {"headers": ["t'", "en", "souviens"], "rows": [[{"hint": "remember it", "colspan": 3}], [{"hint": "you", "colspan": 1}, {"colspan": 1}, {"colspan": 1}], [{"hint": "to you", "colspan": 1}, {"colspan": 1}, {"colspan": 1}], [{"hint": "yourself", "colspan": 1}, {"colspan": 1}, {"colspan": 1}]], "references": [7, 8]}, "tts": "https://d1vq87e9lcf771.cloudfront.net/danielle/009a6283c35251c2fa99d42eae76d9cf"}, {"value": "en", "hintTable": {"headers": ["t'", "en", "souviens"], "rows": [[{"hint": "remember it", "colspan": 3}], [{"colspan": 1}, {"hint": "to", "colspan": 1}, {"colspan": 1}], [{"colspan": 1}, {"hint": "at", "colspan": 1}, {"colspan": 1}], [{"colspan": 1}, {"hint": "of", "colspan": 1}, {"colspan": 1}]], "references": [6, 8]}, "tts": "https://d1vq87e9lcf771.cloudfront.net/danielle/d78cc0266039b684b7f869230583dc45"}, {"value": " "}, {"value": "souviens", "hintTable": {"headers": ["t'", "en", "souviens"], "rows": [[{"hint": "remember it", "colspan": 3}], [{"colspan": 1}, {"colspan": 1}, {"hint": "remember", "colspan": 1}]], "references": [6, 7]}, "tts": "https://d1vq87e9lcf771.cloudfront.net/danielle/6fa22a9aee9b59aab10ca2a8b7c6ecd6"}, {"value": " "}, {"value": "?"}]}, "subtext": {"styledString": {"text": "Grandpa often played checkers; do you remember?", "styling": [{"from": 0, "to": 47, "attributes": {"alignment": "left", "fontSize": 19, "fontWeight": "normal", "textColor": "AFAFAF", "lineSpacing": 5}}]}, "tokenTTS": {"tokenTTSCollection": []}}, "ttsURL": "https://d1vq87e9lcf771.cloudfront.net/danielle/6f73ae835a4649313eae200be29aa0aa"}, {"text": {"styledString": {"text": "Oui, je crois que \u00e7a me dit quelque chose.", "styling": [{"from": 0, "to": 42, "attributes": {"alignment": "left", "fontSize": 19, "fontWeight": "normal", "textColor": "4B4B4B", "lineSpacing": 5}}]}, "tokenTTS": {"tokenTTSCollection": []}, "blockHints": [{"value": "Oui", "hintTable": {"rows": [[{"hint": "yes", "colspan": 1}]], "references": []}, "tts": "https://d1vq87e9lcf771.cloudfront.net/danielle/18b92825cd15e502daa75a0d64f3cdd4"}, {"value": ","}, {"value": " "}, {"value": "je", "hintTable": {"rows": [[{"hint": "I", "colspan": 1}], [{"hint": "me", "colspan": 1}]], "references": []}, "tts": "https://d1vq87e9lcf771.cloudfront.net/danielle/bc9e4b13acbd7ff5019b443aa471b4de"}, {"value": " "}, {"value": "crois", "hintTable": {"rows": [[{"hint": "think", "colspan": 1}], [{"hint": "believe", "colspan": 1}]], "references": []}, "tts": "https://d1vq87e9lcf771.cloudfront.net/danielle/d28b27a9781a64d924b19fcb36bb23c2"}, {"value": " "}, {"value": "que", "hintTable": {"rows": [[{"hint": "that", "colspan": 1}], [{"hint": "than", "colspan": 1}], [{"hint": "those", "colspan": 1}]], "references": []}, "tts": "https://d1vq87e9lcf771.cloudfront.net/danielle/f7a988c9818f00f37039ade65f8d6b1c"}, {"value": " "}, {"value": "\u00e7a", "hintTable": {"rows": [[{"hint": "this", "colspan": 1}], [{"hint": "that", "colspan": 1}], [{"hint": "it", "colspan": 1}]], "references": []}, "tts": "https://d1vq87e9lcf771.cloudfront.net/danielle/f241d1adcb010ceb024987ac8f233e84"}, {"value": " "}, {"value": "me", "hintTable": {"headers": ["me", "dit", "quelque", "chose"], "rows": [[{"hint": "reminds me of something", "colspan": 4}], [{"hint": "reminds me of", "colspan": 2}, {"colspan": 1}, {"colspan": 1}], [{"hint": "ring a bell", "colspan": 2}, {"colspan": 1}, {"colspan": 1}], [{"hint": "I", "colspan": 1}, {"colspan": 1}, {"colspan": 1}, {"colspan": 1}], [{"hint": "at me", "colspan": 1}, {"colspan": 1}, {"colspan": 1}, {"colspan": 1}], [{"hint": "me", "colspan": 1}, {"colspan": 1}, {"colspan": 1}, {"colspan": 1}]], "references": [6]}, "tts": "https://d1vq87e9lcf771.cloudfront.net/danielle/305c003fd21f5bb114c361f7d293da2c"}, {"value": " "}, {"value": "dit", "hintTable": {"headers": ["me", "dit", "quelque", "chose"], "rows": [[{"hint": "reminds me of something", "colspan": 4}], [{"hint": "reminds me of", "colspan": 2}, {"colspan": 1}, {"colspan": 1}], [{"hint": "ring a bell", "colspan": 2}, {"colspan": 1}, {"colspan": 1}], [{"colspan": 1}, {"hint": "said", "colspan": 1}, {"colspan": 1}, {"colspan": 1}], [{"colspan": 1}, {"hint": "tell", "colspan": 1}, {"colspan": 1}, {"colspan": 1}], [{"colspan": 1}, {"hint": "tells", "colspan": 1}, {"colspan": 1}, {"colspan": 1}]], "references": [5]}, "tts": "https://d1vq87e9lcf771.cloudfront.net/danielle/996665a7774a3c5244d93aafc38c58e7"}, {"value": " "}, {"value": "quelque", "hintTable": {"headers": ["me", "dit", "quelque", "chose"], "rows": [[{"hint": "reminds me of something", "colspan": 4}], [{"colspan": 1}, {"colspan": 1}, {"hint": "something", "colspan": 2}], [{"colspan": 1}, {"colspan": 1}, {"hint": "anything", "colspan": 2}]], "references": [8]}, "tts": "https://d1vq87e9lcf771.cloudfront.net/danielle/f7f07e1cb308c293ff600e5bb1278d9a"}, {"value": " "}, {"value": "chose", "hintTable": {"headers": ["me", "dit", "quelque", "chose"], "rows": [[{"hint": "reminds me of something", "colspan": 4}], [{"colspan": 1}, {"colspan": 1}, {"hint": "something", "colspan": 2}], [{"colspan": 1}, {"colspan": 1}, {"hint": "anything", "colspan": 2}], [{"colspan": 1}, {"colspan": 1}, {"colspan": 1}, {"hint": "thing", "colspan": 1}]], "references": [7]}, "tts": "https://d1vq87e9lcf771.cloudfront.net/danielle/4fc0c908464696b20b25898e5bc0a318"}, {"value": "."}]}, "subtext": {"styledString": {"text": "Yes, I think that reminds me of something.", "styling": [{"from": 0, "to": 42, "attributes": {"alignment": "left", "fontSize": 19, "fontWeight": "normal", "textColor": "AFAFAF", "lineSpacing": 5}}]}, "tokenTTS": {"tokenTTSCollection": []}}, "ttsURL": "https://d1vq87e9lcf771.cloudfront.net/danielle/274dd6d1c6c5ca622482a086aa8b6fc3"}]}, "meta": {"autoPlayableTTS": [], "sectionIndex": 0, "backgroundColor": null}}, {"type": "verticalSpace", "element": 16, "meta": {"autoPlayableTTS": [], "sectionIndex": 0, "backgroundColor": null}}, {"type": "dialogue", "element": {"phrases": [{"text": {"styledString": {"text": "Tu te rappelles notre jeu de dames ?", "styling": [{"from": 0, "to": 36, "attributes": {"alignment": "left", "fontSize": 19, "fontWeight": "normal", "textColor": "4B4B4B", "lineSpacing": 5}}]}, "tokenTTS": {"tokenTTSCollection": []}, "blockHints": [{"value": "Tu", "hintTable": {"rows": [[{"hint": "you", "colspan": 1}], [{"hint": "you'll", "colspan": 1}]], "references": []}, "tts": "https://d1vq87e9lcf771.cloudfront.net/danielle/108696c9e1fe68d2beb23bb6f937a618"}, {"value": " "}, {"value": "te", "hintTable": {"rows": [[{"hint": "you", "colspan": 1}], [{"hint": "to you", "colspan": 1}], [{"hint": "yourself", "colspan": 1}]], "references": []}, "tts": "https://d1vq87e9lcf771.cloudfront.net/danielle/8d93634e9088a394591eebdb60b42760"}, {"value": " "}, {"value": "rappelles", "hintTable": {"rows": [[{"hint": "remember", "colspan": 1}], [{"hint": "remind", "colspan": 1}], [{"hint": "call back", "colspan": 1}]], "references": []}, "tts": "https://d1vq87e9lcf771.cloudfront.net/danielle/3e9d117b85c0d97747ddfa2beaf4d291"}, {"value": " "}, {"value": "notre", "hintTable": {"rows": [[{"hint": "our", "colspan": 1}]], "references": []}, "tts": "https://d1vq87e9lcf771.cloudfront.net/danielle/99c9a25acd75d22bbdbb02ba548e5f97"}, {"value": " "}, {"value": "jeu", "hintTable": {"rows": [[{"hint": "game", "colspan": 1}]], "references": []}, "tts": "https://d1vq87e9lcf771.cloudfront.net/danielle/7e92a6759e237670f8821402c0cb36ed"}, {"value": " "}, {"value": "de", "hintTable": {"rows": [[{"hint": "of", "colspan": 1}], [{"hint": "any", "colspan": 1}], [{"hint": "with", "colspan": 1}]], "references": []}, "tts": "https://d1vq87e9lcf771.cloudfront.net/danielle/440a31450593e609451ea2168f76e988"}, {"value": " "}, {"value": "dames", "hintTable": {"rows": [[{"hint": "checkers", "colspan": 1}], [{"hint": "ladies", "colspan": 1}]], "references": []}, "tts": "https://d1vq87e9lcf771.cloudfront.net/danielle/a8f90bd49ec99dac20eeb38bca722a53"}, {"value": " "}, {"value": "?"}]}, "subtext": {"styledString": {"text": "Do you remember our checkers game?", "styling": [{"from": 0, "to": 34, "attributes": {"alignment": "left", "fontSize": 19, "fontWeight": "normal", "textColor": "AFAFAF", "lineSpacing": 5}}]}, "tokenTTS": {"tokenTTSCollection": []}}, "ttsURL": "https://d1vq87e9lcf771.cloudfront.net/danielle/8e6b68fa97cd7cc44fb3b942028d2b65"}]}, "meta": {"autoPlayableTTS": [], "sectionIndex": 0, "backgroundColor": null}}, {"type": "verticalSpace", "element": 16, "meta": {"autoPlayableTTS": [], "sectionIndex": 0, "backgroundColor": null}}, {"type": "dialogue", "element": {"phrases": [{"text": {"styledString": {"text": "Je connais son nom, mais j'ai un trou de m\u00e9moire.", "styling": [{"from": 0, "to": 49, "attributes": {"alignment": "left", "fontSize": 19, "fontWeight": "normal", "textColor": "4B4B4B", "lineSpacing": 5}}]}, "tokenTTS": {"tokenTTSCollection": []}, "blockHints": [{"value": "Je", "hintTable": {"rows": [[{"hint": "I", "colspan": 1}], [{"hint": "me", "colspan": 1}]], "references": []}, "tts": "https://d1vq87e9lcf771.cloudfront.net/danielle/bc9e4b13acbd7ff5019b443aa471b4de"}, {"value": " "}, {"value": "connais", "hintTable": {"rows": [[{"hint": "know", "colspan": 1}]], "references": []}, "tts": "https://d1vq87e9lcf771.cloudfront.net/danielle/9b12fb9f6efaf38bedd6bf60cdd93be4"}, {"value": " "}, {"value": "son", "hintTable": {"rows": [[{"hint": "his", "colspan": 1}], [{"hint": "her", "colspan": 1}], [{"hint": "one's", "colspan": 1}]], "references": []}, "tts": "https://d1vq87e9lcf771.cloudfront.net/danielle/4a10da13e483d70eac385f1e61888f36"}, {"value": " "}, {"value": "nom", "hintTable": {"rows": [[{"hint": "name", "colspan": 1}], [{"hint": "last name", "colspan": 1}]], "references": []}, "tts": "https://d1vq87e9lcf771.cloudfront.net/danielle/014271671a8b245444f2ad4c123975bf"}, {"value": ","}, {"value": " "}, {"value": "mais", "hintTable": {"rows": [[{"hint": "but", "colspan": 1}], [{"hint": "yet", "colspan": 1}]], "references": []}, "tts": "https://d1vq87e9lcf771.cloudfront.net/danielle/b60d61ecd1d7be70dd729035daf22229"}, {"value": " "}, {"value": "j'", "hintTable": {"headers": ["j'", "ai"], "rows": [[{"hint": "I'm", "colspan": 2}], [{"hint": "I've", "colspan": 2}], [{"hint": "I", "colspan": 1}, {"colspan": 1}]], "references": [6]}, "tts": "https://d1vq87e9lcf771.cloudfront.net/danielle/c839fdc2ccbaf9f6fe27b78659f801f2"}, {"value": "ai", "hintTable": {"headers": ["j'", "ai"], "rows": [[{"hint": "I'm", "colspan": 2}], [{"hint": "I've", "colspan": 2}], [{"colspan": 1}, {"hint": "have", "colspan": 1}], [{"colspan": 1}, {"hint": "feel", "colspan": 1}]], "references": [5]}, "tts": "https://d1vq87e9lcf771.cloudfront.net/danielle/945704840e035e2ea1325d5250fe6554"}, {"value": " "}, {"value": "un", "hintTable": {"rows": [[{"hint": "a", "colspan": 1}], [{"hint": "an", "colspan": 1}], [{"hint": "one", "colspan": 1}]], "references": []}, "tts": "https://d1vq87e9lcf771.cloudfront.net/danielle/848ed0134fe5035cc26127d08f5412fe"}, {"value": " "}, {"value": "trou", "hintTable": {"headers": ["trou", "de", "m\u00e9moire"], "rows": [[{"hint": "lapse of memory", "colspan": 3}], [{"hint": "hole", "colspan": 1}, {"colspan": 1}, {"colspan": 1}]], "references": [9, 10]}, "tts": "https://d1vq87e9lcf771.cloudfront.net/danielle/998aa34423df4616bdb24d2d0787ea54"}, {"value": " "}, {"value": "de", "hintTable": {"headers": ["trou", "de", "m\u00e9moire"], "rows": [[{"hint": "lapse of memory", "colspan": 3}], [{"colspan": 1}, {"hint": "of", "colspan": 1}, {"colspan": 1}], [{"colspan": 1}, {"hint": "a", "colspan": 1}, {"colspan": 1}], [{"colspan": 1}, {"hint": "out of", "colspan": 1}, {"colspan": 1}]], "references": [8, 10]}, "tts": "https://d1vq87e9lcf771.cloudfront.net/danielle/440a31450593e609451ea2168f76e988"}, {"value": " "}, {"value": "m\u00e9moire", "hintTable": {"headers": ["trou", "de", "m\u00e9moire"], "rows": [[{"hint": "lapse of memory", "colspan": 3}], [{"colspan": 1}, {"colspan": 1}, {"hint": "memory", "colspan": 1}]], "references": [8, 9]}, "tts": "https://d1vq87e9lcf771.cloudfront.net/danielle/c207e0b3d936bd959ab825c9b7b2cb12"}, {"value": "."}]}, "subtext": {"styledString": {"text": "I know his name, but I'm having a lapse of memory.", "styling": [{"from": 0, "to": 50, "attributes": {"alignment": "left", "fontSize": 19, "fontWeight": "normal", "textColor": "AFAFAF", "lineSpacing": 5}}]}, "tokenTTS": {"tokenTTSCollection": []}}, "ttsURL": "https://d1vq87e9lcf771.cloudfront.net/danielle/3b0d2c33114b2f993f3623807aed8d2d"}]}, "meta": {"autoPlayableTTS": [], "sectionIndex": 0, "backgroundColor": null}}, {"type": "verticalSpace", "element": 16, "meta": {"autoPlayableTTS": [], "sectionIndex": 0, "backgroundColor": null}}, {"type": "dialogue", "element": {"phrases": [{"text": {"styledString": {"text": "Le bon vieux temps, t'en souviens-tu ?", "styling": [{"from": 0, "to": 38, "attributes": {"alignment": "left", "fontSize": 19, "fontWeight": "normal", "textColor": "4B4B4B", "lineSpacing": 5}}]}, "tokenTTS": {"tokenTTSCollection": []}, "blockHints": [{"value": "Le", "hintTable": {"rows": [[{"hint": "the", "colspan": 1}], [{"hint": "on the", "colspan": 1}], [{"hint": "it", "colspan": 1}]], "references": []}, "tts": "https://d1vq87e9lcf771.cloudfront.net/danielle/53635582b04179582406de15f6c2a6fa"}, {"value": " "}, {"value": "bon", "hintTable": {"headers": ["bon", "vieux", "temps"], "rows": [[{"hint": "good old days", "colspan": 3}], [{"hint": "good", "colspan": 1}, {"colspan": 1}, {"colspan": 1}], [{"hint": "well", "colspan": 1}, {"colspan": 1}, {"colspan": 1}], [{"hint": "right", "colspan": 1}, {"colspan": 1}, {"colspan": 1}]], "references": [2, 3]}, "tts": "https://d1vq87e9lcf771.cloudfront.net/danielle/5799da33c82eaeec8398a454bb33e026"}, {"value": " "}, {"value": "vieux", "hintTable": {"headers": ["bon", "vieux", "temps"], "rows": [[{"hint": "good old days", "colspan": 3}], [{"colspan": 1}, {"hint": "old", "colspan": 1}, {"colspan": 1}]], "references": [1, 3]}, "tts": "https://d1vq87e9lcf771.cloudfront.net/danielle/aa7419548202901f06b640d05e0d1e4c"}, {"value": " "}, {"value": "temps", "hintTable": {"headers": ["bon", "vieux", "temps"], "rows": [[{"hint": "good old days", "colspan": 3}], [{"colspan": 1}, {"colspan": 1}, {"hint": "times", "colspan": 1}], [{"colspan": 1}, {"colspan": 1}, {"hint": "weather", "colspan": 1}], [{"colspan": 1}, {"colspan": 1}, {"hint": "time", "colspan": 1}]], "references": [1, 2]}, "tts": "https://d1vq87e9lcf771.cloudfront.net/danielle/7730e3a459552866778b31a25012b915"}, {"value": ","}, {"value": " "}, {"value": "t'", "hintTable": {"headers": ["t'", "en", "souviens"], "rows": [[{"hint": "remember it", "colspan": 3}], [{"hint": "you", "colspan": 1}, {"colspan": 1}, {"colspan": 1}], [{"hint": "to you", "colspan": 1}, {"colspan": 1}, {"colspan": 1}], [{"hint": "yourself", "colspan": 1}, {"colspan": 1}, {"colspan": 1}]], "references": [5, 6]}, "tts": "https://d1vq87e9lcf771.cloudfront.net/danielle/009a6283c35251c2fa99d42eae76d9cf"}, {"value": "en", "hintTable": {"headers": ["t'", "en", "souviens"], "rows": [[{"hint": "remember it", "colspan": 3}], [{"colspan": 1}, {"hint": "them", "colspan": 1}, {"colspan": 1}], [{"colspan": 1}, {"hint": "of them", "colspan": 1}, {"colspan": 1}], [{"colspan": 1}, {"hint": "on the", "colspan": 1}, {"colspan": 1}]], "references": [4, 6]}, "tts": "https://d1vq87e9lcf771.cloudfront.net/danielle/d78cc0266039b684b7f869230583dc45"}, {"value": " "}, {"value": "souviens", "hintTable": {"headers": ["t'", "en", "souviens"], "rows": [[{"hint": "remember it", "colspan": 3}], [{"colspan": 1}, {"colspan": 1}, {"hint": "remember", "colspan": 1}]], "references": [4, 5]}, "tts": "https://d1vq87e9lcf771.cloudfront.net/danielle/6fa22a9aee9b59aab10ca2a8b7c6ecd6"}, {"value": "-"}, {"value": "tu", "hintTable": {"rows": [[{"hint": "you", "colspan": 1}], [{"hint": "you'll", "colspan": 1}]], "references": []}, "tts": "https://d1vq87e9lcf771.cloudfront.net/danielle/108696c9e1fe68d2beb23bb6f937a618"}, {"value": " "}, {"value": "?"}]}, "subtext": {"styledString": {"text": "The good old days, do you remember them?", "styling": [{"from": 0, "to": 40, "attributes": {"alignment": "left", "fontSize": 19, "fontWeight": "normal", "textColor": "AFAFAF", "lineSpacing": 5}}]}, "tokenTTS": {"tokenTTSCollection": []}}, "ttsURL": "https://d1vq87e9lcf771.cloudfront.net/danielle/5bcda1d5b4a7566c9049511d45588c68"}, {"text": {"styledString": {"text": "Comment oublier des moments aussi inoubliables ?", "styling": [{"from": 0, "to": 48, "attributes": {"alignment": "left", "fontSize": 19, "fontWeight": "normal", "textColor": "4B4B4B", "lineSpacing": 5}}]}, "tokenTTS": {"tokenTTSCollection": []}, "blockHints": [{"value": "Comment", "hintTable": {"rows": [[{"hint": "how can you", "colspan": 1}], [{"hint": "how", "colspan": 1}], [{"hint": "how do you say", "colspan": 1}]], "references": []}, "tts": "https://d1vq87e9lcf771.cloudfront.net/danielle/8987db703759d1797344067883f1398e"}, {"value": " "}, {"value": "oublier", "hintTable": {"rows": [[{"hint": "forget", "colspan": 1}], [{"hint": "forgot", "colspan": 1}], [{"hint": "neglect", "colspan": 1}]], "references": []}, "tts": "https://d1vq87e9lcf771.cloudfront.net/danielle/8431488ac29aa131f87c1f38086754fe"}, {"value": " "}, {"value": "des", "hintTable": {"rows": [[{"hint": "some", "colspan": 1}], [{"hint": "the", "colspan": 1}], [{"hint": "about", "colspan": 1}]], "references": []}, "tts": "https://d1vq87e9lcf771.cloudfront.net/danielle/faa431d60cece297634c78033f5133cb"}, {"value": " "}, {"value": "moments", "hintTable": {"rows": [[{"hint": "moments", "colspan": 1}], [{"hint": "times", "colspan": 1}], [{"hint": "spells", "colspan": 1}]], "references": []}, "tts": "https://d1vq87e9lcf771.cloudfront.net/danielle/29b47b13c8639874ed5c0fe308cf15c1"}, {"value": " "}, {"value": "aussi", "hintTable": {"rows": [[{"hint": "such", "colspan": 1}], [{"hint": "such a", "colspan": 1}], [{"hint": "so", "colspan": 1}]], "references": []}, "tts": "https://d1vq87e9lcf771.cloudfront.net/danielle/e5c2eb0f0dadd5d7f2fd074da7d12d8f"}, {"value": " "}, {"value": "inoubliables", "hintTable": {"rows": [[{"hint": "unforgettable", "colspan": 1}]], "references": []}, "tts": "https://d1vq87e9lcf771.cloudfront.net/danielle/50aea2d758349ab1f7d1132d19523d58"}, {"value": " "}, {"value": "?"}]}, "subtext": {"styledString": {"text": "How can you forget such unforgettable moments?", "styling": [{"from": 0, "to": 46, "attributes": {"alignment": "left", "fontSize": 19, "fontWeight": "normal", "textColor": "AFAFAF", "lineSpacing": 5}}]}, "tokenTTS": {"tokenTTSCollection": []}}, "ttsURL": "https://d1vq87e9lcf771.cloudfront.net/danielle/6a5723d94964a1f27c6bea0a24ca3a08"}]}, "meta": {"autoPlayableTTS": [], "sectionIndex": 0, "backgroundColor": null}}, {"type": "verticalSpace", "element": 24, "meta": {"autoPlayableTTS": [], "sectionIndex": 0, "backgroundColor": null}}], "resourcesToPrefetch": [{"required": false, "url": "https://d1vq87e9lcf771.cloudfront.net/danielle/6f73ae835a4649313eae200be29aa0aa", "type": "mp3"}, {"required": false, "url": "https://d1vq87e9lcf771.cloudfront.net/danielle/3b0d2c33114b2f993f3623807aed8d2d", "type": "mp3"}, {"required": false, "url": "https://d1vq87e9lcf771.cloudfront.net/danielle/6a5723d94964a1f27c6bea0a24ca3a08", "type": "mp3"}, {"required": false, "url": "https://d1vq87e9lcf771.cloudfront.net/danielle/5bcda1d5b4a7566c9049511d45588c68", "type": "mp3"}, {"required": false, "url": "https://d1vq87e9lcf771.cloudfront.net/danielle/8e6b68fa97cd7cc44fb3b942028d2b65", "type": "mp3"}, {"required": false, "url": "https://d1vq87e9lcf771.cloudfront.net/danielle/274dd6d1c6c5ca622482a086aa8b6fc3", "type": "mp3"}]}