{"elements": [{"type": "verticalSpace", "element": 2, "meta": {"autoPlayableTTS": [], "sectionIndex": 0, "backgroundColor": "E5E5E5"}}, {"type": "verticalSpace", "element": 24, "meta": {"autoPlayableTTS": [], "sectionIndex": 0, "backgroundColor": null}}, {"type": "text", "element": {"styledString": {"text": "KEY PHRASES", "styling": [{"from": 0, "to": 11, "attributes": {"alignment": "left", "fontSize": 17, "fontWeight": "bold", "textColor": "1CB0F6", "lineSpacing": 4}}]}, "tokenTTS": {"tokenTTSCollection": []}}, "meta": {"autoPlayableTTS": [], "sectionIndex": 0, "backgroundColor": null}}, {"type": "verticalSpace", "element": 8, "meta": {"autoPlayableTTS": [], "sectionIndex": 0, "backgroundColor": null}}, {"type": "text", "element": {"styledString": {"text": "Discuss your routine", "styling": [{"from": 0, "to": 20, "attributes": {"alignment": "left", "fontSize": 25, "fontWeight": "bold", "textColor": "4B4B4B", "lineSpacing": 4}}]}, "tokenTTS": {"tokenTTSCollection": []}}, "meta": {"autoPlayableTTS": [], "sectionIndex": 0, "backgroundColor": null}}, {"type": "verticalSpace", "element": 16, "meta": {"autoPlayableTTS": [], "sectionIndex": 0, "backgroundColor": null}}, {"type": "dialogue", "element": {"phrases": [{"text": {"styledString": {"text": "\u00bfA qu\u00e9 hora se levantan ustedes usualmente?", "styling": [{"from": 0, "to": 43, "attributes": {"alignment": "left", "fontSize": 19, "fontWeight": "normal", "textColor": "4B4B4B", "lineSpacing": 5}}]}, "tokenTTS": {"tokenTTSCollection": []}, "blockHints": [{"value": "\u00bf"}, {"value": "A", "hintTable": {"headers": ["a", "qu\u00e9", "hora"], "rows": [[{"hint": "(?) what time", "colspan": 3}], [{"hint": "when", "colspan": 3}], [{"hint": "at", "colspan": 1}, {"colspan": 1}, {"colspan": 1}], [{"hint": "of", "colspan": 1}, {"colspan": 1}, {"colspan": 1}], [{"hint": "to", "colspan": 1}, {"colspan": 1}, {"colspan": 1}]], "references": [1, 2]}, "tts": "https://d1vq87e9lcf771.cloudfront.net/miguel/a615ab7aef51e62ab81ce9255166fc65"}, {"value": " "}, {"value": "qu\u00e9", "hintTable": {"headers": ["a", "qu\u00e9", "hora"], "rows": [[{"hint": "(?) what time", "colspan": 3}], [{"hint": "when", "colspan": 3}], [{"colspan": 1}, {"hint": "what", "colspan": 1}, {"colspan": 1}], [{"colspan": 1}, {"hint": "what an", "colspan": 1}, {"colspan": 1}], [{"colspan": 1}, {"hint": "what a", "colspan": 1}, {"colspan": 1}]], "references": [0, 2]}, "tts": "https://d1vq87e9lcf771.cloudfront.net/miguel/10cae84a9e87a16bf1d6dce8af8406b3"}, {"value": " "}, {"value": "hora", "hintTable": {"headers": ["a", "qu\u00e9", "hora"], "rows": [[{"hint": "(?) what time", "colspan": 3}], [{"hint": "when", "colspan": 3}], [{"colspan": 1}, {"colspan": 1}, {"hint": "time", "colspan": 1}], [{"colspan": 1}, {"colspan": 1}, {"hint": "hour", "colspan": 1}]], "references": [0, 1]}, "tts": "https://d1vq87e9lcf771.cloudfront.net/miguel/fe3d58088e571a740020a276d944cda7"}, {"value": " "}, {"value": "se", "hintTable": {"headers": ["se", "levantan"], "rows": [[{"hint": "(?) do you get up", "colspan": 2}], [{"hint": "(they) get up", "colspan": 2}], [{"hint": "stands up", "colspan": 2}], [{"hint": "you", "colspan": 1}, {"colspan": 1}], [{"hint": "she", "colspan": 1}, {"colspan": 1}], [{"hint": "is", "colspan": 1}, {"colspan": 1}]], "references": [4]}, "tts": "https://d1vq87e9lcf771.cloudfront.net/penelope/50bf590e9131f900980801ba11e0d871"}, {"value": " "}, {"value": "levantan", "hintTable": {"headers": ["se", "levantan"], "rows": [[{"hint": "(?) do you get up", "colspan": 2}], [{"hint": "(they) get up", "colspan": 2}], [{"hint": "stands up", "colspan": 2}]], "references": [3]}, "tts": "https://d1vq87e9lcf771.cloudfront.net/miguel/0c70df1d85c9996fee9735dd8ee493b3"}, {"value": " "}, {"value": "ustedes", "hintTable": {"rows": [[{"hint": "you", "colspan": 1}], [{"hint": "you guys", "colspan": 1}], [{"hint": "you all", "colspan": 1}]], "references": []}, "tts": "https://d1vq87e9lcf771.cloudfront.net/miguel/adaff35042eaa60b1635593807ea3e15"}, {"value": " "}, {"value": "usualmente", "hintTable": {"rows": [[{"hint": "usually", "colspan": 1}], [{"hint": "normally", "colspan": 1}]], "references": []}, "tts": "https://d1vq87e9lcf771.cloudfront.net/miguel/c92e075ca4e0e91b86ede9a2b20458d3"}, {"value": "?"}]}, "subtext": {"styledString": {"text": "What time do you get up usually?", "styling": [{"from": 0, "to": 32, "attributes": {"alignment": "left", "fontSize": 19, "fontWeight": "normal", "textColor": "AFAFAF", "lineSpacing": 5}}]}, "tokenTTS": {"tokenTTSCollection": []}}, "ttsURL": "https://d1vq87e9lcf771.cloudfront.net/miguel/18148a05d053f2b16599681dfa038258"}, {"text": {"styledString": {"text": "Nos levantamos a las ocho usualmente.", "styling": [{"from": 0, "to": 37, "attributes": {"alignment": "left", "fontSize": 19, "fontWeight": "normal", "textColor": "4B4B4B", "lineSpacing": 5}}]}, "tokenTTS": {"tokenTTSCollection": []}, "blockHints": [{"value": "Nos", "hintTable": {"headers": ["nos", "levantamos"], "rows": [[{"hint": "(we) get up", "colspan": 2}], [{"hint": "(?) are we getting up", "colspan": 2}], [{"hint": "(we) got up", "colspan": 2}], [{"hint": "we", "colspan": 1}, {"colspan": 1}], [{"hint": "for us", "colspan": 1}, {"colspan": 1}], [{"hint": "ourselves", "colspan": 1}, {"colspan": 1}]], "references": [1]}, "tts": "https://d1vq87e9lcf771.cloudfront.net/miguel/3086923da928a5f1e76aee61c55ff0b0"}, {"value": " "}, {"value": "levantamos", "hintTable": {"headers": ["nos", "levantamos"], "rows": [[{"hint": "(we) get up", "colspan": 2}], [{"hint": "(?) are we getting up", "colspan": 2}], [{"hint": "(we) got up", "colspan": 2}], [{"colspan": 1}, {"hint": "(we) lifted", "colspan": 1}]], "references": [0]}, "tts": "https://d1vq87e9lcf771.cloudfront.net/miguel/47a02db3203ac80797aec38830364175"}, {"value": " "}, {"value": "a", "hintTable": {"headers": ["a", "las"], "rows": [[{"hint": "at", "colspan": 2}], [{"hint": "at", "colspan": 1}, {"colspan": 1}], [{"hint": "of", "colspan": 1}, {"colspan": 1}], [{"hint": "to", "colspan": 1}, {"colspan": 1}]], "references": [3]}, "tts": "https://d1vq87e9lcf771.cloudfront.net/miguel/a615ab7aef51e62ab81ce9255166fc65"}, {"value": " "}, {"value": "las", "hintTable": {"headers": ["a", "las"], "rows": [[{"hint": "at", "colspan": 2}], [{"colspan": 1}, {"hint": "your", "colspan": 1}], [{"colspan": 1}, {"hint": "the", "colspan": 1}], [{"colspan": 1}, {"hint": "their", "colspan": 1}]], "references": [2]}, "tts": "https://d1vq87e9lcf771.cloudfront.net/miguel/091132295dc9ca2d2c6c7bec077b625b"}, {"value": " "}, {"value": "ocho", "hintTable": {"rows": [[{"hint": "eight", "colspan": 1}], [{"hint": "8", "colspan": 1}], [{"hint": "eighth", "colspan": 1}]], "references": []}, "tts": "https://d1vq87e9lcf771.cloudfront.net/beaes/a22bb412f77e7cae49c575b682c0b611"}, {"value": " "}, {"value": "usualmente", "hintTable": {"rows": [[{"hint": "usually", "colspan": 1}], [{"hint": "normally", "colspan": 1}]], "references": []}, "tts": "https://d1vq87e9lcf771.cloudfront.net/miguel/c92e075ca4e0e91b86ede9a2b20458d3"}, {"value": "."}]}, "subtext": {"styledString": {"text": "We get up at eight usually.", "styling": [{"from": 0, "to": 27, "attributes": {"alignment": "left", "fontSize": 19, "fontWeight": "normal", "textColor": "AFAFAF", "lineSpacing": 5}}]}, "tokenTTS": {"tokenTTSCollection": []}}, "ttsURL": "https://d1vq87e9lcf771.cloudfront.net/miguel/30b4585b0d227732a3068874b6ed1b33"}]}, "meta": {"autoPlayableTTS": [], "sectionIndex": 0, "backgroundColor": null}}, {"type": "verticalSpace", "element": 16, "meta": {"autoPlayableTTS": [], "sectionIndex": 0, "backgroundColor": null}}, {"type": "dialogue", "element": {"phrases": [{"text": {"styledString": {"text": "\u00bfEllos se duchan ahora?", "styling": [{"from": 0, "to": 23, "attributes": {"alignment": "left", "fontSize": 19, "fontWeight": "normal", "textColor": "4B4B4B", "lineSpacing": 5}}]}, "tokenTTS": {"tokenTTSCollection": []}, "blockHints": [{"value": "\u00bf"}, {"value": "Ellos", "hintTable": {"rows": [[{"hint": "they", "colspan": 1}], [{"hint": "them", "colspan": 1}]], "references": []}, "tts": "https://d1vq87e9lcf771.cloudfront.net/miguel/4881d6e90516a1bca7871cfae5ef97f7"}, {"value": " "}, {"value": "se", "hintTable": {"headers": ["se", "duchan"], "rows": [[{"hint": "(?) are they showering", "colspan": 2}], [{"hint": "(they) shower", "colspan": 2}], [{"hint": "shower", "colspan": 2}], [{"hint": "they", "colspan": 1}, {"colspan": 1}], [{"hint": "are", "colspan": 1}, {"colspan": 1}], [{"hint": "she", "colspan": 1}, {"colspan": 1}]], "references": [2]}, "tts": "https://d1vq87e9lcf771.cloudfront.net/penelope/50bf590e9131f900980801ba11e0d871"}, {"value": " "}, {"value": "duchan", "hintTable": {"headers": ["se", "duchan"], "rows": [[{"hint": "(?) are they showering", "colspan": 2}], [{"hint": "(they) shower", "colspan": 2}], [{"hint": "shower", "colspan": 2}], [{"colspan": 1}, {"hint": "shower", "colspan": 1}]], "references": [1]}, "tts": "https://d1vq87e9lcf771.cloudfront.net/miguel/a06fbf8f9e775f155f8b5c7d90c23f8a"}, {"value": " "}, {"value": "ahora", "hintTable": {"rows": [[{"hint": "now", "colspan": 1}]], "references": []}, "tts": "https://d1vq87e9lcf771.cloudfront.net/penelope/efd6bfc26918067a7b214dee7d71b4bc"}, {"value": "?"}]}, "subtext": {"styledString": {"text": "Are they showering now?", "styling": [{"from": 0, "to": 23, "attributes": {"alignment": "left", "fontSize": 19, "fontWeight": "normal", "textColor": "AFAFAF", "lineSpacing": 5}}]}, "tokenTTS": {"tokenTTSCollection": []}}, "ttsURL": "https://d1vq87e9lcf771.cloudfront.net/miguel/6882d14a691aae1c3eb915a3e702fc2c"}, {"text": {"styledString": {"text": "No, ellos siempre se duchan en la tarde.", "styling": [{"from": 0, "to": 40, "attributes": {"alignment": "left", "fontSize": 19, "fontWeight": "normal", "textColor": "4B4B4B", "lineSpacing": 5}}]}, "tokenTTS": {"tokenTTSCollection": []}, "blockHints": [{"value": "No", "hintTable": {"rows": [[{"hint": "do not", "colspan": 1}], [{"hint": "wasn't", "colspan": 1}], [{"hint": "n't", "colspan": 1}]], "references": []}, "tts": "https://d1vq87e9lcf771.cloudfront.net/miguel/e56dc9c59b5e999bbe4a986911a59034"}, {"value": ","}, {"value": " "}, {"value": "ellos", "hintTable": {"rows": [[{"hint": "they", "colspan": 1}], [{"hint": "them", "colspan": 1}]], "references": []}, "tts": "https://d1vq87e9lcf771.cloudfront.net/miguel/4881d6e90516a1bca7871cfae5ef97f7"}, {"value": " "}, {"value": "siempre", "hintTable": {"rows": [[{"hint": "always", "colspan": 1}], [{"hint": "forever", "colspan": 1}], [{"hint": "ever", "colspan": 1}]], "references": []}, "tts": "https://d1vq87e9lcf771.cloudfront.net/miguel/e06789c21057e74b0947ee54e94651a2"}, {"value": " "}, {"value": "se", "hintTable": {"headers": ["se", "duchan"], "rows": [[{"hint": "(?) are they showering", "colspan": 2}], [{"hint": "(they) shower", "colspan": 2}], [{"hint": "(?) do you shower", "colspan": 2}], [{"hint": "she", "colspan": 1}, {"colspan": 1}], [{"hint": "is", "colspan": 1}, {"colspan": 1}], [{"hint": "hers", "colspan": 1}, {"colspan": 1}]], "references": [4]}, "tts": "https://d1vq87e9lcf771.cloudfront.net/penelope/50bf590e9131f900980801ba11e0d871"}, {"value": " "}, {"value": "duchan", "hintTable": {"headers": ["se", "duchan"], "rows": [[{"hint": "(?) are they showering", "colspan": 2}], [{"hint": "(they) shower", "colspan": 2}], [{"hint": "(?) do you shower", "colspan": 2}], [{"colspan": 1}, {"hint": "shower", "colspan": 1}]], "references": [3]}, "tts": "https://d1vq87e9lcf771.cloudfront.net/miguel/a06fbf8f9e775f155f8b5c7d90c23f8a"}, {"value": " "}, {"value": "en", "hintTable": {"headers": ["en", "la"], "rows": [[{"hint": "to", "colspan": 2}], [{"hint": "under", "colspan": 1}, {"colspan": 1}], [{"hint": "with", "colspan": 1}, {"colspan": 1}], [{"hint": "a", "colspan": 1}, {"colspan": 1}]], "references": [6]}, "tts": "https://d1vq87e9lcf771.cloudfront.net/miguel/953baa0ff97009a5374e3a2695ce7f5c"}, {"value": " "}, {"value": "la", "hintTable": {"headers": ["en", "la"], "rows": [[{"hint": "to", "colspan": 2}], [{"colspan": 1}, {"hint": "the", "colspan": 1}], [{"colspan": 1}, {"hint": "your", "colspan": 1}], [{"colspan": 1}, {"hint": "her", "colspan": 1}]], "references": [5]}, "tts": "https://d1vq87e9lcf771.cloudfront.net/miguel/e9ea010281921357dd4b130d51e7488b"}, {"value": " "}, {"value": "tarde", "hintTable": {"rows": [[{"hint": "late", "colspan": 1}], [{"hint": "afternoon", "colspan": 1}], [{"hint": "evening", "colspan": 1}]], "references": []}, "tts": "https://d1vq87e9lcf771.cloudfront.net/miguel/13d2f12961a7899c688bcfe2c631a08b"}, {"value": "."}]}, "subtext": {"styledString": {"text": "No, they always shower in the afternoon.", "styling": [{"from": 0, "to": 40, "attributes": {"alignment": "left", "fontSize": 19, "fontWeight": "normal", "textColor": "AFAFAF", "lineSpacing": 5}}]}, "tokenTTS": {"tokenTTSCollection": []}}, "ttsURL": "https://d1vq87e9lcf771.cloudfront.net/miguel/7cac99e94ca4274e327235e338d3ecc1"}]}, "meta": {"autoPlayableTTS": [], "sectionIndex": 0, "backgroundColor": null}}, {"type": "verticalSpace", "element": 16, "meta": {"autoPlayableTTS": [], "sectionIndex": 0, "backgroundColor": null}}, {"type": "dialogue", "element": {"phrases": [{"text": {"styledString": {"text": "Se\u00f1ora, \u00bfeste cepillo es suyo?", "styling": [{"from": 0, "to": 30, "attributes": {"alignment": "left", "fontSize": 19, "fontWeight": "normal", "textColor": "4B4B4B", "lineSpacing": 5}}]}, "tokenTTS": {"tokenTTSCollection": []}, "blockHints": [{"value": "Se\u00f1ora", "hintTable": {"rows": [[{"hint": "ma'am", "colspan": 1}], [{"hint": "woman", "colspan": 1}], [{"hint": "lady", "colspan": 1}]], "references": []}, "tts": "https://d1vq87e9lcf771.cloudfront.net/miguel/6f97c34c2021b75520a1cf4a8a88054f"}, {"value": ","}, {"value": " "}, {"value": "\u00bf"}, {"value": "este", "hintTable": {"rows": [[{"hint": "this", "colspan": 1}], [{"hint": "this one", "colspan": 1}], [{"hint": "east", "colspan": 1}]], "references": []}, "tts": "https://d1vq87e9lcf771.cloudfront.net/penelope/17a49ff00fa9ba4fa313e03028290005"}, {"value": " "}, {"value": "cepillo", "hintTable": {"rows": [[{"hint": "brush", "colspan": 1}], [{"hint": "hair", "colspan": 1}], [{"hint": "hairbrush", "colspan": 1}]], "references": []}, "tts": "https://d1vq87e9lcf771.cloudfront.net/miguel/9bee21bfb96001ab3bc0ef9e02f973ec"}, {"value": " "}, {"value": "es", "hintTable": {"rows": [[{"hint": "is", "colspan": 1}], [{"hint": "(it) is", "colspan": 1}], [{"hint": "(she) is", "colspan": 1}]], "references": []}, "tts": "https://d1vq87e9lcf771.cloudfront.net/miguel/88bcf53446c728520f69b8a164c6e011"}, {"value": " "}, {"value": "suyo", "hintTable": {"rows": [[{"hint": "yours", "colspan": 1}], [{"hint": "hers", "colspan": 1}], [{"hint": "theirs", "colspan": 1}]], "references": []}, "tts": "https://d1vq87e9lcf771.cloudfront.net/miguel/2969f7ffab90bdc858ea4ff9d50561b1"}, {"value": "?"}]}, "subtext": {"styledString": {"text": "Ma'am, is this brush yours?", "styling": [{"from": 0, "to": 27, "attributes": {"alignment": "left", "fontSize": 19, "fontWeight": "normal", "textColor": "AFAFAF", "lineSpacing": 5}}]}, "tokenTTS": {"tokenTTSCollection": []}}, "ttsURL": "https://d1vq87e9lcf771.cloudfront.net/miguel/4c91e1b1d2ce126b33c6af4b70c28341"}, {"text": {"styledString": {"text": "No, ese cepillo no es m\u00edo.", "styling": [{"from": 0, "to": 26, "attributes": {"alignment": "left", "fontSize": 19, "fontWeight": "normal", "textColor": "4B4B4B", "lineSpacing": 5}}]}, "tokenTTS": {"tokenTTSCollection": []}, "blockHints": [{"value": "No", "hintTable": {"rows": [[{"hint": "do not", "colspan": 1}], [{"hint": "wasn't", "colspan": 1}], [{"hint": "n't", "colspan": 1}]], "references": []}, "tts": "https://d1vq87e9lcf771.cloudfront.net/miguel/e56dc9c59b5e999bbe4a986911a59034"}, {"value": ","}, {"value": " "}, {"value": "ese", "hintTable": {"rows": [[{"hint": "that", "colspan": 1}], [{"hint": "the", "colspan": 1}]], "references": []}, "tts": "https://d1vq87e9lcf771.cloudfront.net/miguel/da66116e2742533c54f0d39ea9e668be"}, {"value": " "}, {"value": "cepillo", "hintTable": {"rows": [[{"hint": "brush", "colspan": 1}], [{"hint": "hair", "colspan": 1}], [{"hint": "hairbrush", "colspan": 1}]], "references": []}, "tts": "https://d1vq87e9lcf771.cloudfront.net/miguel/9bee21bfb96001ab3bc0ef9e02f973ec"}, {"value": " "}, {"value": "no", "hintTable": {"headers": ["no", "es"], "rows": [[{"hint": "isn't", "colspan": 2}], [{"hint": "(it) is not", "colspan": 2}], [{"hint": "do not", "colspan": 1}, {"colspan": 1}], [{"hint": "wasn't", "colspan": 1}, {"colspan": 1}], [{"hint": "n't", "colspan": 1}, {"colspan": 1}]], "references": [4]}, "tts": "https://d1vq87e9lcf771.cloudfront.net/miguel/e56dc9c59b5e999bbe4a986911a59034"}, {"value": " "}, {"value": "es", "hintTable": {"headers": ["no", "es"], "rows": [[{"hint": "isn't", "colspan": 2}], [{"hint": "(it) is not", "colspan": 2}], [{"colspan": 1}, {"hint": "is", "colspan": 1}], [{"colspan": 1}, {"hint": "are you", "colspan": 1}], [{"colspan": 1}, {"hint": "it's", "colspan": 1}]], "references": [3]}, "tts": "https://d1vq87e9lcf771.cloudfront.net/miguel/88bcf53446c728520f69b8a164c6e011"}, {"value": " "}, {"value": "m\u00edo", "hintTable": {"rows": [[{"hint": "mine", "colspan": 1}]], "references": []}, "tts": "https://d1vq87e9lcf771.cloudfront.net/miguel/b51ec3e87eca0cfc45e5b99d9b18d89c"}, {"value": "."}]}, "subtext": {"styledString": {"text": "No, that brush isn't mine.", "styling": [{"from": 0, "to": 26, "attributes": {"alignment": "left", "fontSize": 19, "fontWeight": "normal", "textColor": "AFAFAF", "lineSpacing": 5}}]}, "tokenTTS": {"tokenTTSCollection": []}}, "ttsURL": "https://d1vq87e9lcf771.cloudfront.net/miguel/fde6a3fb339a94142333570a73830587"}]}, "meta": {"autoPlayableTTS": [], "sectionIndex": 0, "backgroundColor": null}}, {"type": "verticalSpace", "element": 24, "meta": {"autoPlayableTTS": [], "sectionIndex": 0, "backgroundColor": null}}, {"type": "verticalSpace", "element": 24, "meta": {"autoPlayableTTS": [], "sectionIndex": 0, "backgroundColor": "DDF4FF"}}, {"type": "text", "element": {"styledString": {"text": "TIP", "styling": [{"from": 0, "to": 3, "attributes": {"alignment": "left", "fontSize": 17, "fontWeight": "bold", "textColor": "1CB0F6", "lineSpacing": 4}}]}, "tokenTTS": {"tokenTTSCollection": []}}, "meta": {"autoPlayableTTS": [], "sectionIndex": 0, "backgroundColor": "DDF4FF"}}, {"type": "verticalSpace", "element": 8, "meta": {"autoPlayableTTS": [], "sectionIndex": 0, "backgroundColor": "DDF4FF"}}, {"type": "text", "element": {"styledString": {"text": "Nosotros nos lavamos", "styling": [{"from": 0, "to": 20, "attributes": {"alignment": "left", "fontSize": 25, "fontWeight": "bold", "textColor": "4B4B4B", "lineSpacing": 4}}]}, "tokenTTS": {"tokenTTSCollection": []}, "hints": {"hints": [], "hintLinks": []}}, "meta": {"autoPlayableTTS": [], "sectionIndex": 0, "backgroundColor": "DDF4FF"}}, {"type": "verticalSpace", "element": 12, "meta": {"autoPlayableTTS": [], "sectionIndex": 0, "backgroundColor": "DDF4FF"}}, {"type": "text", "element": {"styledString": {"text": "You've seen that some Spanish verbs need extra words like Me llamo Cindy or \u00bfA qu\u00e9 hora te levantas?. ", "styling": [{"from": 0, "to": 58, "attributes": {"alignment": "left", "fontSize": 19, "fontWeight": "normal", "textColor": "4B4B4B", "lineSpacing": 5}}, {"from": 58, "to": 60, "attributes": {"alignment": "left", "fontSize": 19, "fontWeight": "bold", "textColor": "1CB0F6", "lineSpacing": 5}}, {"from": 60, "to": 61, "attributes": {"alignment": "left", "fontSize": 19, "fontWeight": "normal", "textColor": "4B4B4B", "lineSpacing": 5}}, {"from": 61, "to": 72, "attributes": {"alignment": "left", "fontSize": 19, "fontWeight": "bold", "textColor": "4B4B4B", "lineSpacing": 5}}, {"from": 72, "to": 76, "attributes": {"alignment": "left", "fontSize": 19, "fontWeight": "normal", "textColor": "4B4B4B", "lineSpacing": 5}}, {"from": 76, "to": 87, "attributes": {"alignment": "left", "fontSize": 19, "fontWeight": "bold", "textColor": "4B4B4B", "lineSpacing": 5}}, {"from": 87, "to": 88, "attributes": {"alignment": "left", "fontSize": 19, "fontWeight": "normal", "textColor": "4B4B4B", "lineSpacing": 5}}, {"from": 88, "to": 90, "attributes": {"alignment": "left", "fontSize": 19, "fontWeight": "bold", "textColor": "1CB0F6", "lineSpacing": 5}}, {"from": 90, "to": 91, "attributes": {"alignment": "left", "fontSize": 19, "fontWeight": "normal", "textColor": "4B4B4B", "lineSpacing": 5}}, {"from": 91, "to": 100, "attributes": {"alignment": "left", "fontSize": 19, "fontWeight": "bold", "textColor": "4B4B4B", "lineSpacing": 5}}, {"from": 100, "to": 102, "attributes": {"alignment": "left", "fontSize": 19, "fontWeight": "normal", "textColor": "4B4B4B", "lineSpacing": 5}}]}, "tokenTTS": {"tokenTTSCollection": [{"startIndex": 58, "endIndex": 71, "ttsURL": "https://d1vq87e9lcf771.cloudfront.net/miguel/ead5572d78c8019a644619447d51c35d"}, {"startIndex": 76, "endIndex": 99, "ttsURL": "https://d1vq87e9lcf771.cloudfront.net/miguel/d8f1e5d4a6f4d14d7ff05e8d5862ecac"}]}, "hints": {"hints": ["A verb expresses an action (\u201cLuis cooks every day\u201d) or a state of being (\u201cI am sick\u201d).", "my name is Cindy", "what time do you get up"], "hintLinks": [{"index": 0, "rangeStart": 30, "rangeEnd": 34}, {"index": 1, "rangeStart": 58, "rangeEnd": 71}, {"index": 2, "rangeStart": 76, "rangeEnd": 99}]}}, "meta": {"autoPlayableTTS": [], "sectionIndex": 0, "backgroundColor": "DDF4FF"}}, {"type": "verticalSpace", "element": 24, "meta": {"autoPlayableTTS": [], "sectionIndex": 0, "backgroundColor": "DDF4FF"}}, {"type": "text", "element": {"styledString": {"text": "These same verbs need nos in the nosotros / nosotras form.", "styling": [{"from": 0, "to": 22, "attributes": {"alignment": "left", "fontSize": 19, "fontWeight": "normal", "textColor": "4B4B4B", "lineSpacing": 5}}, {"from": 22, "to": 25, "attributes": {"alignment": "left", "fontSize": 19, "fontWeight": "bold", "textColor": "1CB0F6", "lineSpacing": 5}}, {"from": 25, "to": 33, "attributes": {"alignment": "left", "fontSize": 19, "fontWeight": "normal", "textColor": "4B4B4B", "lineSpacing": 5}}, {"from": 33, "to": 41, "attributes": {"alignment": "left", "fontSize": 19, "fontWeight": "bold", "textColor": "4B4B4B", "lineSpacing": 5}}, {"from": 41, "to": 44, "attributes": {"alignment": "left", "fontSize": 19, "fontWeight": "normal", "textColor": "4B4B4B", "lineSpacing": 5}}, {"from": 44, "to": 52, "attributes": {"alignment": "left", "fontSize": 19, "fontWeight": "bold", "textColor": "4B4B4B", "lineSpacing": 5}}, {"from": 52, "to": 58, "attributes": {"alignment": "left", "fontSize": 19, "fontWeight": "normal", "textColor": "4B4B4B", "lineSpacing": 5}}]}, "tokenTTS": {"tokenTTSCollection": [{"startIndex": 22, "endIndex": 24, "ttsURL": "https://d1vq87e9lcf771.cloudfront.net/miguel/3086923da928a5f1e76aee61c55ff0b0"}, {"startIndex": 33, "endIndex": 40, "ttsURL": "https://d1vq87e9lcf771.cloudfront.net/miguel/a624405f3a9f9478a2bdb7ea193ca619"}, {"startIndex": 44, "endIndex": 51, "ttsURL": "https://d1vq87e9lcf771.cloudfront.net/miguel/1fa59319dfeea3fc7bc267a1e0dfc644"}]}, "hints": {"hints": ["ourselves", "we", "we"], "hintLinks": [{"index": 0, "rangeStart": 22, "rangeEnd": 24}, {"index": 1, "rangeStart": 33, "rangeEnd": 40}, {"index": 2, "rangeStart": 44, "rangeEnd": 51}]}}, "meta": {"autoPlayableTTS": [], "sectionIndex": 0, "backgroundColor": "DDF4FF"}}, {"type": "verticalSpace", "element": 24, "meta": {"autoPlayableTTS": [], "sectionIndex": 0, "backgroundColor": "DDF4FF"}}, {"type": "exampleCaptionedImage", "element": {"image": {"url": "https://d1btvuu4dwu627.cloudfront.net/1935260bb45227d2abc8062355f5ce9f/5e953e1076e27341f5c4c2d6546256e3/images/d9b7ef187734484ba2c95555d5b33cec.pdf"}, "examples": [{"text": {"styledString": {"text": "Nosotros nos lavamos bien.\u200b", "styling": [{"from": 0, "to": 9, "attributes": {"alignment": "center", "fontSize": 19, "fontWeight": "normal", "textColor": "4B4B4B", "lineSpacing": 5}}, {"from": 9, "to": 12, "attributes": {"alignment": "center", "fontSize": 19, "fontWeight": "bold", "textColor": "1CB0F6", "lineSpacing": 8}}, {"from": 12, "to": 27, "attributes": {"alignment": "center", "fontSize": 19, "fontWeight": "normal", "textColor": "4B4B4B", "lineSpacing": 5}}]}, "tokenTTS": {"tokenTTSCollection": [{"startIndex": 0, "endIndex": 25, "ttsURL": "https://d1vq87e9lcf771.cloudfront.net/miguel/4b6941b17c7e55ca27c49ae8b70ee772"}]}, "hints": {"hints": ["we wash ourselves well"], "hintLinks": [{"index": 0, "rangeStart": 0, "rangeEnd": 25}]}}, "subtext": {"styledString": {"text": "We wash ourselves well.\u200b", "styling": [{"from": 0, "to": 24, "attributes": {"alignment": "center", "fontSize": 19, "fontWeight": "normal", "textColor": "AFAFAF", "lineSpacing": 8}}]}, "tokenTTS": {"tokenTTSCollection": []}, "hints": {"hints": [], "hintLinks": []}}, "ttsURL": "https://d1vq87e9lcf771.cloudfront.net/miguel/4b6941b17c7e55ca27c49ae8b70ee772"}], "layout": "wideImageWithTextBelow"}, "meta": {"autoPlayableTTS": [], "sectionIndex": 0, "backgroundColor": "DDF4FF"}}, {"type": "verticalSpace", "element": 24, "meta": {"autoPlayableTTS": [], "sectionIndex": 0, "backgroundColor": "DDF4FF"}}, {"type": "text", "element": {"styledString": {"text": "Add se to the ellos, ellas, and ustedes forms.\u200b", "styling": [{"from": 0, "to": 4, "attributes": {"alignment": "left", "fontSize": 19, "fontWeight": "normal", "textColor": "4B4B4B", "lineSpacing": 5}}, {"from": 4, "to": 6, "attributes": {"alignment": "left", "fontSize": 19, "fontWeight": "bold", "textColor": "1CB0F6", "lineSpacing": 5}}, {"from": 6, "to": 14, "attributes": {"alignment": "left", "fontSize": 19, "fontWeight": "normal", "textColor": "4B4B4B", "lineSpacing": 5}}, {"from": 14, "to": 19, "attributes": {"alignment": "left", "fontSize": 19, "fontWeight": "bold", "textColor": "4B4B4B", "lineSpacing": 5}}, {"from": 19, "to": 21, "attributes": {"alignment": "left", "fontSize": 19, "fontWeight": "normal", "textColor": "4B4B4B", "lineSpacing": 5}}, {"from": 21, "to": 26, "attributes": {"alignment": "left", "fontSize": 19, "fontWeight": "bold", "textColor": "4B4B4B", "lineSpacing": 5}}, {"from": 26, "to": 32, "attributes": {"alignment": "left", "fontSize": 19, "fontWeight": "normal", "textColor": "4B4B4B", "lineSpacing": 5}}, {"from": 32, "to": 39, "attributes": {"alignment": "left", "fontSize": 19, "fontWeight": "bold", "textColor": "4B4B4B", "lineSpacing": 5}}, {"from": 39, "to": 47, "attributes": {"alignment": "left", "fontSize": 19, "fontWeight": "normal", "textColor": "4B4B4B", "lineSpacing": 5}}]}, "tokenTTS": {"tokenTTSCollection": [{"startIndex": 4, "endIndex": 5, "ttsURL": "https://d1vq87e9lcf771.cloudfront.net/miguel/280c99b084555e99f6fc9c3867f3198e"}, {"startIndex": 14, "endIndex": 18, "ttsURL": "https://d1vq87e9lcf771.cloudfront.net/miguel/4881d6e90516a1bca7871cfae5ef97f7"}, {"startIndex": 21, "endIndex": 25, "ttsURL": "https://d1vq87e9lcf771.cloudfront.net/miguel/a5ad1c36b3c049bc1da655b309cf1269"}, {"startIndex": 32, "endIndex": 38, "ttsURL": "https://d1vq87e9lcf771.cloudfront.net/miguel/adaff35042eaa60b1635593807ea3e15"}]}, "hints": {"hints": ["himself / herself / yourself (formal) / themselves", "they", "they", "you all"], "hintLinks": [{"index": 0, "rangeStart": 4, "rangeEnd": 5}, {"index": 1, "rangeStart": 14, "rangeEnd": 18}, {"index": 2, "rangeStart": 21, "rangeEnd": 25}, {"index": 3, "rangeStart": 32, "rangeEnd": 38}]}}, "meta": {"autoPlayableTTS": [], "sectionIndex": 0, "backgroundColor": "DDF4FF"}}, {"type": "verticalSpace", "element": 24, "meta": {"autoPlayableTTS": [], "sectionIndex": 0, "backgroundColor": "DDF4FF"}}, {"type": "exampleCaptionedImage", "element": {"image": {"url": "https://d1btvuu4dwu627.cloudfront.net/1935260bb45227d2abc8062355f5ce9f/5e953e1076e27341f5c4c2d6546256e3/images/d047a718fdaf4d0b86ddae8cdb931bb2.pdf"}, "examples": [{"text": {"styledString": {"text": "Los animales no se duchan.\u200b", "styling": [{"from": 0, "to": 16, "attributes": {"alignment": "center", "fontSize": 19, "fontWeight": "normal", "textColor": "4B4B4B", "lineSpacing": 5}}, {"from": 16, "to": 18, "attributes": {"alignment": "center", "fontSize": 19, "fontWeight": "bold", "textColor": "1CB0F6", "lineSpacing": 8}}, {"from": 18, "to": 27, "attributes": {"alignment": "center", "fontSize": 19, "fontWeight": "normal", "textColor": "4B4B4B", "lineSpacing": 5}}]}, "tokenTTS": {"tokenTTSCollection": [{"startIndex": 0, "endIndex": 25, "ttsURL": "https://d1vq87e9lcf771.cloudfront.net/miguel/3723f43fc56b1cd339aa696660fe5a74"}]}, "hints": {"hints": ["animals don't shower"], "hintLinks": [{"index": 0, "rangeStart": 0, "rangeEnd": 25}]}}, "subtext": {"styledString": {"text": "Animals don't shower.\u200b", "styling": [{"from": 0, "to": 22, "attributes": {"alignment": "center", "fontSize": 19, "fontWeight": "normal", "textColor": "AFAFAF", "lineSpacing": 8}}]}, "tokenTTS": {"tokenTTSCollection": []}, "hints": {"hints": [], "hintLinks": []}}, "ttsURL": "https://d1vq87e9lcf771.cloudfront.net/miguel/3723f43fc56b1cd339aa696660fe5a74"}], "layout": "wideImageWithTextBelow"}, "meta": {"autoPlayableTTS": [], "sectionIndex": 0, "backgroundColor": "DDF4FF"}}, {"type": "verticalSpace", "element": 24, "meta": {"autoPlayableTTS": [], "sectionIndex": 0, "backgroundColor": "DDF4FF"}}, {"type": "verticalSpace", "element": 2, "meta": {"autoPlayableTTS": [], "sectionIndex": 0, "backgroundColor": "84D8FF"}}, {"type": "verticalSpace", "element": 24, "meta": {"autoPlayableTTS": [], "sectionIndex": 0, "backgroundColor": "DDF4FF"}}, {"type": "text", "element": {"styledString": {"text": "TIP", "styling": [{"from": 0, "to": 3, "attributes": {"alignment": "left", "fontSize": 17, "fontWeight": "bold", "textColor": "1CB0F6", "lineSpacing": 4}}]}, "tokenTTS": {"tokenTTSCollection": []}}, "meta": {"autoPlayableTTS": [], "sectionIndex": 0, "backgroundColor": "DDF4FF"}}, {"type": "verticalSpace", "element": 8, "meta": {"autoPlayableTTS": [], "sectionIndex": 0, "backgroundColor": "DDF4FF"}}, {"type": "text", "element": {"styledString": {"text": "\u00bfM\u00edo o tuyo?", "styling": [{"from": 0, "to": 12, "attributes": {"alignment": "left", "fontSize": 25, "fontWeight": "bold", "textColor": "4B4B4B", "lineSpacing": 4}}]}, "tokenTTS": {"tokenTTSCollection": []}, "hints": {"hints": [], "hintLinks": []}}, "meta": {"autoPlayableTTS": [], "sectionIndex": 0, "backgroundColor": "DDF4FF"}}, {"type": "verticalSpace", "element": 12, "meta": {"autoPlayableTTS": [], "sectionIndex": 0, "backgroundColor": "DDF4FF"}}, {"type": "text", "element": {"styledString": {"text": "In English, we can say This is my book or The book is mine. It's the same in Spanish!", "styling": [{"from": 0, "to": 23, "attributes": {"alignment": "left", "fontSize": 19, "fontWeight": "normal", "textColor": "4B4B4B", "lineSpacing": 5}}, {"from": 23, "to": 30, "attributes": {"alignment": "left", "fontSize": 19, "fontWeight": "bold", "textColor": "4B4B4B", "lineSpacing": 5}}, {"from": 30, "to": 31, "attributes": {"alignment": "left", "fontSize": 19, "fontWeight": "normal", "textColor": "4B4B4B", "lineSpacing": 5}}, {"from": 31, "to": 33, "attributes": {"alignment": "left", "fontSize": 19, "fontWeight": "bold", "textColor": "1CB0F6", "lineSpacing": 5}}, {"from": 33, "to": 34, "attributes": {"alignment": "left", "fontSize": 19, "fontWeight": "normal", "textColor": "4B4B4B", "lineSpacing": 5}}, {"from": 34, "to": 38, "attributes": {"alignment": "left", "fontSize": 19, "fontWeight": "bold", "textColor": "4B4B4B", "lineSpacing": 5}}, {"from": 38, "to": 42, "attributes": {"alignment": "left", "fontSize": 19, "fontWeight": "normal", "textColor": "4B4B4B", "lineSpacing": 5}}, {"from": 42, "to": 45, "attributes": {"alignment": "left", "fontSize": 19, "fontWeight": "bold", "textColor": "4B4B4B", "lineSpacing": 5}}, {"from": 45, "to": 46, "attributes": {"alignment": "left", "fontSize": 19, "fontWeight": "normal", "textColor": "4B4B4B", "lineSpacing": 5}}, {"from": 46, "to": 50, "attributes": {"alignment": "left", "fontSize": 19, "fontWeight": "bold", "textColor": "4B4B4B", "lineSpacing": 5}}, {"from": 50, "to": 51, "attributes": {"alignment": "left", "fontSize": 19, "fontWeight": "normal", "textColor": "4B4B4B", "lineSpacing": 5}}, {"from": 51, "to": 53, "attributes": {"alignment": "left", "fontSize": 19, "fontWeight": "bold", "textColor": "4B4B4B", "lineSpacing": 5}}, {"from": 53, "to": 54, "attributes": {"alignment": "left", "fontSize": 19, "fontWeight": "normal", "textColor": "4B4B4B", "lineSpacing": 5}}, {"from": 54, "to": 58, "attributes": {"alignment": "left", "fontSize": 19, "fontWeight": "bold", "textColor": "1CB0F6", "lineSpacing": 5}}, {"from": 58, "to": 85, "attributes": {"alignment": "left", "fontSize": 19, "fontWeight": "normal", "textColor": "4B4B4B", "lineSpacing": 5}}]}, "tokenTTS": {"tokenTTSCollection": []}, "hints": {"hints": [], "hintLinks": []}}, "meta": {"autoPlayableTTS": [], "sectionIndex": 0, "backgroundColor": "DDF4FF"}}, {"type": "verticalSpace", "element": 24, "meta": {"autoPlayableTTS": [], "sectionIndex": 0, "backgroundColor": "DDF4FF"}}, {"type": "exampleCaptionedImage", "element": {"image": {"url": "https://d1btvuu4dwu627.cloudfront.net/1935260bb45227d2abc8062355f5ce9f/5e953e1076e27341f5c4c2d6546256e3/images/2ea73d76845d44579d8e68433e7fe553.pdf"}, "examples": [{"text": {"styledString": {"text": "Este es mi libro.", "styling": [{"from": 0, "to": 8, "attributes": {"alignment": "center", "fontSize": 19, "fontWeight": "normal", "textColor": "4B4B4B", "lineSpacing": 5}}, {"from": 8, "to": 10, "attributes": {"alignment": "center", "fontSize": 19, "fontWeight": "bold", "textColor": "1CB0F6", "lineSpacing": 8}}, {"from": 10, "to": 17, "attributes": {"alignment": "center", "fontSize": 19, "fontWeight": "normal", "textColor": "4B4B4B", "lineSpacing": 5}}]}, "tokenTTS": {"tokenTTSCollection": [{"startIndex": 0, "endIndex": 16, "ttsURL": "https://d1vq87e9lcf771.cloudfront.net/miguel/e715059407d9aacdb5448290fba3f509"}]}, "hints": {"hints": ["this is my book"], "hintLinks": [{"index": 0, "rangeStart": 0, "rangeEnd": 16}]}}, "subtext": {"styledString": {"text": "This is my book.", "styling": [{"from": 0, "to": 7, "attributes": {"alignment": "center", "fontSize": 19, "fontWeight": "normal", "textColor": "AFAFAF", "lineSpacing": 8}}, {"from": 7, "to": 8, "attributes": {"alignment": "center", "fontSize": 19, "fontWeight": "normal", "textColor": "4B4B4B", "lineSpacing": 5}}, {"from": 8, "to": 10, "attributes": {"alignment": "center", "fontSize": 19, "fontWeight": "bold", "textColor": "AFAFAF", "lineSpacing": 5}}, {"from": 10, "to": 11, "attributes": {"alignment": "center", "fontSize": 19, "fontWeight": "normal", "textColor": "4B4B4B", "lineSpacing": 5}}, {"from": 11, "to": 16, "attributes": {"alignment": "center", "fontSize": 19, "fontWeight": "normal", "textColor": "AFAFAF", "lineSpacing": 8}}]}, "tokenTTS": {"tokenTTSCollection": []}, "hints": {"hints": [], "hintLinks": []}}, "ttsURL": "https://d1vq87e9lcf771.cloudfront.net/miguel/e715059407d9aacdb5448290fba3f509"}, {"text": {"styledString": {"text": "Este libro es m\u00edo.", "styling": [{"from": 0, "to": 14, "attributes": {"alignment": "center", "fontSize": 19, "fontWeight": "normal", "textColor": "4B4B4B", "lineSpacing": 5}}, {"from": 14, "to": 17, "attributes": {"alignment": "center", "fontSize": 19, "fontWeight": "bold", "textColor": "1CB0F6", "lineSpacing": 8}}, {"from": 17, "to": 18, "attributes": {"alignment": "center", "fontSize": 19, "fontWeight": "normal", "textColor": "4B4B4B", "lineSpacing": 5}}]}, "tokenTTS": {"tokenTTSCollection": [{"startIndex": 0, "endIndex": 17, "ttsURL": "https://d1vq87e9lcf771.cloudfront.net/miguel/92973a93e73e0875b189953e9ccc3d26"}]}, "hints": {"hints": ["this book is mine"], "hintLinks": [{"index": 0, "rangeStart": 0, "rangeEnd": 17}]}}, "subtext": {"styledString": {"text": "This book is mine.", "styling": [{"from": 0, "to": 12, "attributes": {"alignment": "center", "fontSize": 19, "fontWeight": "normal", "textColor": "AFAFAF", "lineSpacing": 8}}, {"from": 12, "to": 13, "attributes": {"alignment": "center", "fontSize": 19, "fontWeight": "normal", "textColor": "4B4B4B", "lineSpacing": 5}}, {"from": 13, "to": 18, "attributes": {"alignment": "center", "fontSize": 19, "fontWeight": "bold", "textColor": "AFAFAF", "lineSpacing": 5}}]}, "tokenTTS": {"tokenTTSCollection": []}, "hints": {"hints": [], "hintLinks": []}}, "ttsURL": "https://d1vq87e9lcf771.cloudfront.net/miguel/92973a93e73e0875b189953e9ccc3d26"}], "layout": "wideImageWithTextBelow"}, "meta": {"autoPlayableTTS": [], "sectionIndex": 0, "backgroundColor": "DDF4FF"}}, {"type": "verticalSpace", "element": 24, "meta": {"autoPlayableTTS": [], "sectionIndex": 0, "backgroundColor": "DDF4FF"}}, {"type": "exampleCaptionedImage", "element": {"image": {"url": "https://d1btvuu4dwu627.cloudfront.net/1935260bb45227d2abc8062355f5ce9f/5e953e1076e27341f5c4c2d6546256e3/images/dae5d18af0234e81bf38af26063c8cbc.pdf"}, "examples": [{"text": {"styledString": {"text": "Estos son mis libros.\u200b", "styling": [{"from": 0, "to": 10, "attributes": {"alignment": "center", "fontSize": 19, "fontWeight": "normal", "textColor": "4B4B4B", "lineSpacing": 5}}, {"from": 10, "to": 13, "attributes": {"alignment": "center", "fontSize": 19, "fontWeight": "bold", "textColor": "1CB0F6", "lineSpacing": 8}}, {"from": 13, "to": 22, "attributes": {"alignment": "center", "fontSize": 19, "fontWeight": "normal", "textColor": "4B4B4B", "lineSpacing": 5}}]}, "tokenTTS": {"tokenTTSCollection": [{"startIndex": 0, "endIndex": 20, "ttsURL": "https://d1vq87e9lcf771.cloudfront.net/miguel/8469b0cdf37aedf216c02680635d6356"}]}, "hints": {"hints": ["these are my books"], "hintLinks": [{"index": 0, "rangeStart": 0, "rangeEnd": 21}]}}, "subtext": {"styledString": {"text": "These are my books.\u200b\u200b", "styling": [{"from": 0, "to": 9, "attributes": {"alignment": "center", "fontSize": 19, "fontWeight": "normal", "textColor": "AFAFAF", "lineSpacing": 8}}, {"from": 9, "to": 10, "attributes": {"alignment": "center", "fontSize": 19, "fontWeight": "normal", "textColor": "4B4B4B", "lineSpacing": 5}}, {"from": 10, "to": 12, "attributes": {"alignment": "center", "fontSize": 19, "fontWeight": "bold", "textColor": "AFAFAF", "lineSpacing": 5}}, {"from": 12, "to": 13, "attributes": {"alignment": "center", "fontSize": 19, "fontWeight": "normal", "textColor": "4B4B4B", "lineSpacing": 5}}, {"from": 13, "to": 21, "attributes": {"alignment": "center", "fontSize": 19, "fontWeight": "normal", "textColor": "AFAFAF", "lineSpacing": 8}}]}, "tokenTTS": {"tokenTTSCollection": []}, "hints": {"hints": [], "hintLinks": []}}, "ttsURL": "https://d1vq87e9lcf771.cloudfront.net/miguel/8469b0cdf37aedf216c02680635d6356"}, {"text": {"styledString": {"text": "Estos libros son m\u00edos.\u200b", "styling": [{"from": 0, "to": 17, "attributes": {"alignment": "center", "fontSize": 19, "fontWeight": "normal", "textColor": "4B4B4B", "lineSpacing": 5}}, {"from": 17, "to": 21, "attributes": {"alignment": "center", "fontSize": 19, "fontWeight": "bold", "textColor": "1CB0F6", "lineSpacing": 8}}, {"from": 21, "to": 23, "attributes": {"alignment": "center", "fontSize": 19, "fontWeight": "normal", "textColor": "4B4B4B", "lineSpacing": 5}}]}, "tokenTTS": {"tokenTTSCollection": [{"startIndex": 0, "endIndex": 21, "ttsURL": "https://d1vq87e9lcf771.cloudfront.net/miguel/e9960f138fe0946efdc941724baca712"}]}, "hints": {"hints": ["these books are mine"], "hintLinks": [{"index": 0, "rangeStart": 0, "rangeEnd": 22}]}}, "subtext": {"styledString": {"text": "These books are mine.\u200b", "styling": [{"from": 0, "to": 15, "attributes": {"alignment": "center", "fontSize": 19, "fontWeight": "normal", "textColor": "AFAFAF", "lineSpacing": 8}}, {"from": 15, "to": 16, "attributes": {"alignment": "center", "fontSize": 19, "fontWeight": "normal", "textColor": "4B4B4B", "lineSpacing": 5}}, {"from": 16, "to": 20, "attributes": {"alignment": "center", "fontSize": 19, "fontWeight": "bold", "textColor": "AFAFAF", "lineSpacing": 5}}, {"from": 20, "to": 22, "attributes": {"alignment": "center", "fontSize": 19, "fontWeight": "normal", "textColor": "AFAFAF", "lineSpacing": 8}}]}, "tokenTTS": {"tokenTTSCollection": []}, "hints": {"hints": [], "hintLinks": []}}, "ttsURL": "https://d1vq87e9lcf771.cloudfront.net/miguel/e9960f138fe0946efdc941724baca712"}], "layout": "wideImageWithTextBelow"}, "meta": {"autoPlayableTTS": [], "sectionIndex": 0, "backgroundColor": "DDF4FF"}}, {"type": "verticalSpace", "element": 24, "meta": {"autoPlayableTTS": [], "sectionIndex": 0, "backgroundColor": "DDF4FF"}}, {"type": "table", "element": {"cells": [[{"styledString": {"text": "before a noun", "styling": [{"from": 0, "to": 13, "attributes": {"alignment": "left", "fontSize": 19, "fontWeight": "bold", "textColor": "4B4B4B", "lineSpacing": 2}}]}, "tokenTTS": {"tokenTTSCollection": []}, "hints": {"hints": ["A noun is the name of something, such as a thing (\u201cspoon\u201d), an idea (\u201clove\u201d), a place (\u201cAtlanta\u201d), or a person (\u201cMaria\u201d)."], "hintLinks": [{"index": 0, "rangeStart": 9, "rangeEnd": 12}]}}, {"styledString": {"text": "without/after a noun", "styling": [{"from": 0, "to": 20, "attributes": {"alignment": "left", "fontSize": 19, "fontWeight": "bold", "textColor": "4B4B4B", "lineSpacing": 2}}]}, "tokenTTS": {"tokenTTSCollection": []}, "hints": {"hints": ["A noun is the name of something, such as a thing (\u201cspoon\u201d), an idea (\u201clove\u201d), a place (\u201cAtlanta\u201d), or a person (\u201cMaria\u201d)."], "hintLinks": [{"index": 0, "rangeStart": 16, "rangeEnd": 19}]}}], [{"styledString": {"text": "mi(s)", "styling": [{"from": 0, "to": 2, "attributes": {"alignment": "left", "fontSize": 19, "fontWeight": "bold", "textColor": "1CB0F6", "lineSpacing": 5}}, {"from": 2, "to": 3, "attributes": {"alignment": "left", "fontSize": 19, "fontWeight": "bold", "textColor": "4B4B4B", "lineSpacing": 5}}, {"from": 3, "to": 4, "attributes": {"alignment": "left", "fontSize": 19, "fontWeight": "bold", "textColor": "1CB0F6", "lineSpacing": 5}}, {"from": 4, "to": 5, "attributes": {"alignment": "left", "fontSize": 19, "fontWeight": "bold", "textColor": "4B4B4B", "lineSpacing": 5}}]}, "tokenTTS": {"tokenTTSCollection": [{"startIndex": 0, "endIndex": 1, "ttsURL": "https://d1vq87e9lcf771.cloudfront.net/miguel/b082510d0e48798ab32883bfe8d655b6"}]}, "hints": {"hints": ["my"], "hintLinks": [{"index": 0, "rangeStart": 0, "rangeEnd": 4}]}}, {"styledString": {"text": "m\u00edo(s) / m\u00eda(s)", "styling": [{"from": 0, "to": 3, "attributes": {"alignment": "left", "fontSize": 19, "fontWeight": "bold", "textColor": "1CB0F6", "lineSpacing": 5}}, {"from": 3, "to": 4, "attributes": {"alignment": "left", "fontSize": 19, "fontWeight": "bold", "textColor": "4B4B4B", "lineSpacing": 5}}, {"from": 4, "to": 5, "attributes": {"alignment": "left", "fontSize": 19, "fontWeight": "bold", "textColor": "1CB0F6", "lineSpacing": 5}}, {"from": 5, "to": 8, "attributes": {"alignment": "left", "fontSize": 19, "fontWeight": "bold", "textColor": "4B4B4B", "lineSpacing": 5}}, {"from": 8, "to": 9, "attributes": {"alignment": "left", "fontSize": 19, "fontWeight": "normal", "textColor": "4B4B4B", "lineSpacing": 5}}, {"from": 9, "to": 12, "attributes": {"alignment": "left", "fontSize": 19, "fontWeight": "bold", "textColor": "1CB0F6", "lineSpacing": 5}}, {"from": 12, "to": 13, "attributes": {"alignment": "left", "fontSize": 19, "fontWeight": "bold", "textColor": "4B4B4B", "lineSpacing": 5}}, {"from": 13, "to": 14, "attributes": {"alignment": "left", "fontSize": 19, "fontWeight": "bold", "textColor": "1CB0F6", "lineSpacing": 5}}, {"from": 14, "to": 15, "attributes": {"alignment": "left", "fontSize": 19, "fontWeight": "bold", "textColor": "4B4B4B", "lineSpacing": 5}}]}, "tokenTTS": {"tokenTTSCollection": [{"startIndex": 0, "endIndex": 2, "ttsURL": "https://d1vq87e9lcf771.cloudfront.net/miguel/b51ec3e87eca0cfc45e5b99d9b18d89c"}, {"startIndex": 9, "endIndex": 11, "ttsURL": "https://d1vq87e9lcf771.cloudfront.net/miguel/09b094b8994368150cc3151770686999"}]}, "hints": {"hints": ["mine", "mine (masculine)", "mine", "mine (masculine)", "mine", "mine (feminine)", "mine", "mine (feminine)"], "hintLinks": [{"index": 0, "rangeStart": 0, "rangeEnd": 2}, {"index": 1, "rangeStart": 3, "rangeEnd": 3}, {"index": 2, "rangeStart": 4, "rangeEnd": 4}, {"index": 3, "rangeStart": 5, "rangeEnd": 5}, {"index": 4, "rangeStart": 9, "rangeEnd": 11}, {"index": 5, "rangeStart": 12, "rangeEnd": 12}, {"index": 6, "rangeStart": 13, "rangeEnd": 13}, {"index": 7, "rangeStart": 14, "rangeEnd": 14}]}}], [{"styledString": {"text": "tu(s)", "styling": [{"from": 0, "to": 2, "attributes": {"alignment": "left", "fontSize": 19, "fontWeight": "bold", "textColor": "1CB0F6", "lineSpacing": 5}}, {"from": 2, "to": 3, "attributes": {"alignment": "left", "fontSize": 19, "fontWeight": "bold", "textColor": "4B4B4B", "lineSpacing": 5}}, {"from": 3, "to": 4, "attributes": {"alignment": "left", "fontSize": 19, "fontWeight": "bold", "textColor": "1CB0F6", "lineSpacing": 5}}, {"from": 4, "to": 5, "attributes": {"alignment": "left", "fontSize": 19, "fontWeight": "bold", "textColor": "4B4B4B", "lineSpacing": 5}}]}, "tokenTTS": {"tokenTTSCollection": [{"startIndex": 0, "endIndex": 1, "ttsURL": "https://d1vq87e9lcf771.cloudfront.net/miguel/cea183a755ba1637d85a81c6072829ac"}]}, "hints": {"hints": ["your (informal)"], "hintLinks": [{"index": 0, "rangeStart": 0, "rangeEnd": 4}]}}, {"styledString": {"text": "tuyo(s) / tuya(s)", "styling": [{"from": 0, "to": 4, "attributes": {"alignment": "left", "fontSize": 19, "fontWeight": "bold", "textColor": "1CB0F6", "lineSpacing": 5}}, {"from": 4, "to": 5, "attributes": {"alignment": "left", "fontSize": 19, "fontWeight": "bold", "textColor": "4B4B4B", "lineSpacing": 5}}, {"from": 5, "to": 6, "attributes": {"alignment": "left", "fontSize": 19, "fontWeight": "bold", "textColor": "1CB0F6", "lineSpacing": 5}}, {"from": 6, "to": 9, "attributes": {"alignment": "left", "fontSize": 19, "fontWeight": "bold", "textColor": "4B4B4B", "lineSpacing": 5}}, {"from": 9, "to": 10, "attributes": {"alignment": "left", "fontSize": 19, "fontWeight": "normal", "textColor": "4B4B4B", "lineSpacing": 5}}, {"from": 10, "to": 14, "attributes": {"alignment": "left", "fontSize": 19, "fontWeight": "bold", "textColor": "1CB0F6", "lineSpacing": 5}}, {"from": 14, "to": 15, "attributes": {"alignment": "left", "fontSize": 19, "fontWeight": "bold", "textColor": "4B4B4B", "lineSpacing": 5}}, {"from": 15, "to": 16, "attributes": {"alignment": "left", "fontSize": 19, "fontWeight": "bold", "textColor": "1CB0F6", "lineSpacing": 5}}, {"from": 16, "to": 17, "attributes": {"alignment": "left", "fontSize": 19, "fontWeight": "bold", "textColor": "4B4B4B", "lineSpacing": 5}}]}, "tokenTTS": {"tokenTTSCollection": [{"startIndex": 0, "endIndex": 3, "ttsURL": "https://d1vq87e9lcf771.cloudfront.net/miguel/57b6f5d225888fdccf2193f3849efe9b"}, {"startIndex": 10, "endIndex": 13, "ttsURL": "https://d1vq87e9lcf771.cloudfront.net/miguel/5e0914a590906381494145d1ca89c0e6"}]}, "hints": {"hints": ["yours (informal)", "yours (informal) (masculine)", "yours (informal)", "yours (informal) (masculine)", "yours (informal)", "yours (informal) (feminine)", "yours (informal)", "yours (informal) (feminine)"], "hintLinks": [{"index": 0, "rangeStart": 0, "rangeEnd": 3}, {"index": 1, "rangeStart": 4, "rangeEnd": 4}, {"index": 2, "rangeStart": 5, "rangeEnd": 5}, {"index": 3, "rangeStart": 6, "rangeEnd": 6}, {"index": 4, "rangeStart": 10, "rangeEnd": 13}, {"index": 5, "rangeStart": 14, "rangeEnd": 14}, {"index": 6, "rangeStart": 15, "rangeEnd": 15}, {"index": 7, "rangeStart": 16, "rangeEnd": 16}]}}], [{"styledString": {"text": "su(s)", "styling": [{"from": 0, "to": 2, "attributes": {"alignment": "left", "fontSize": 19, "fontWeight": "bold", "textColor": "1CB0F6", "lineSpacing": 5}}, {"from": 2, "to": 3, "attributes": {"alignment": "left", "fontSize": 19, "fontWeight": "bold", "textColor": "4B4B4B", "lineSpacing": 5}}, {"from": 3, "to": 4, "attributes": {"alignment": "left", "fontSize": 19, "fontWeight": "bold", "textColor": "1CB0F6", "lineSpacing": 5}}, {"from": 4, "to": 5, "attributes": {"alignment": "left", "fontSize": 19, "fontWeight": "bold", "textColor": "4B4B4B", "lineSpacing": 5}}]}, "tokenTTS": {"tokenTTSCollection": [{"startIndex": 0, "endIndex": 1, "ttsURL": "https://d1vq87e9lcf771.cloudfront.net/miguel/84ac4eee161ef292a0f03e85344833df"}]}, "hints": {"hints": ["his / her / your (formal) / their", "his/her/its, your (formal), their", "his / her / your (formal) / their", "his/her/its, your (formal), their"], "hintLinks": [{"index": 0, "rangeStart": 0, "rangeEnd": 1}, {"index": 1, "rangeStart": 2, "rangeEnd": 2}, {"index": 2, "rangeStart": 3, "rangeEnd": 3}, {"index": 3, "rangeStart": 4, "rangeEnd": 4}]}}, {"styledString": {"text": "suyo(s) / suya(s)", "styling": [{"from": 0, "to": 4, "attributes": {"alignment": "left", "fontSize": 19, "fontWeight": "bold", "textColor": "1CB0F6", "lineSpacing": 5}}, {"from": 4, "to": 5, "attributes": {"alignment": "left", "fontSize": 19, "fontWeight": "bold", "textColor": "4B4B4B", "lineSpacing": 5}}, {"from": 5, "to": 6, "attributes": {"alignment": "left", "fontSize": 19, "fontWeight": "bold", "textColor": "1CB0F6", "lineSpacing": 5}}, {"from": 6, "to": 9, "attributes": {"alignment": "left", "fontSize": 19, "fontWeight": "bold", "textColor": "4B4B4B", "lineSpacing": 5}}, {"from": 9, "to": 10, "attributes": {"alignment": "left", "fontSize": 19, "fontWeight": "normal", "textColor": "4B4B4B", "lineSpacing": 5}}, {"from": 10, "to": 14, "attributes": {"alignment": "left", "fontSize": 19, "fontWeight": "bold", "textColor": "1CB0F6", "lineSpacing": 5}}, {"from": 14, "to": 15, "attributes": {"alignment": "left", "fontSize": 19, "fontWeight": "bold", "textColor": "4B4B4B", "lineSpacing": 5}}, {"from": 15, "to": 16, "attributes": {"alignment": "left", "fontSize": 19, "fontWeight": "bold", "textColor": "1CB0F6", "lineSpacing": 5}}, {"from": 16, "to": 17, "attributes": {"alignment": "left", "fontSize": 19, "fontWeight": "bold", "textColor": "4B4B4B", "lineSpacing": 5}}]}, "tokenTTS": {"tokenTTSCollection": [{"startIndex": 0, "endIndex": 3, "ttsURL": "https://d1vq87e9lcf771.cloudfront.net/miguel/2969f7ffab90bdc858ea4ff9d50561b1"}, {"startIndex": 10, "endIndex": 13, "ttsURL": "https://d1vq87e9lcf771.cloudfront.net/miguel/84a4245113f01a170f039d4bd0c2bc3f"}]}, "hints": {"hints": ["his / hers / yours (formal) / theirs", "his/hers/its, yours (formal), theirs (masculine)", "his / hers / yours (formal) / theirs", "his/hers/its, yours (formal), theirs (masculine)", "his / hers / yours (formal) / theirs", "his/hers/its, yours (formal), theirs (feminine)", "his / hers / yours (formal) / theirs", "his/hers/its, yours (formal), theirs (feminine)"], "hintLinks": [{"index": 0, "rangeStart": 0, "rangeEnd": 3}, {"index": 1, "rangeStart": 4, "rangeEnd": 4}, {"index": 2, "rangeStart": 5, "rangeEnd": 5}, {"index": 3, "rangeStart": 6, "rangeEnd": 6}, {"index": 4, "rangeStart": 10, "rangeEnd": 13}, {"index": 5, "rangeStart": 14, "rangeEnd": 14}, {"index": 6, "rangeStart": 15, "rangeEnd": 15}, {"index": 7, "rangeStart": 16, "rangeEnd": 16}]}}], [{"styledString": {"text": "nuestro(s)", "styling": [{"from": 0, "to": 7, "attributes": {"alignment": "left", "fontSize": 19, "fontWeight": "bold", "textColor": "1CB0F6", "lineSpacing": 5}}, {"from": 7, "to": 8, "attributes": {"alignment": "left", "fontSize": 19, "fontWeight": "bold", "textColor": "4B4B4B", "lineSpacing": 5}}, {"from": 8, "to": 9, "attributes": {"alignment": "left", "fontSize": 19, "fontWeight": "bold", "textColor": "1CB0F6", "lineSpacing": 5}}, {"from": 9, "to": 10, "attributes": {"alignment": "left", "fontSize": 19, "fontWeight": "bold", "textColor": "4B4B4B", "lineSpacing": 5}}]}, "tokenTTS": {"tokenTTSCollection": [{"startIndex": 0, "endIndex": 6, "ttsURL": "https://d1vq87e9lcf771.cloudfront.net/miguel/6b33d96ef6bdd08758c72c9deb7ee58c"}]}, "hints": {"hints": ["our"], "hintLinks": [{"index": 0, "rangeStart": 0, "rangeEnd": 9}]}}, {"styledString": {"text": "nuestro(s)", "styling": [{"from": 0, "to": 7, "attributes": {"alignment": "left", "fontSize": 19, "fontWeight": "bold", "textColor": "1CB0F6", "lineSpacing": 5}}, {"from": 7, "to": 8, "attributes": {"alignment": "left", "fontSize": 19, "fontWeight": "bold", "textColor": "4B4B4B", "lineSpacing": 5}}, {"from": 8, "to": 9, "attributes": {"alignment": "left", "fontSize": 19, "fontWeight": "bold", "textColor": "1CB0F6", "lineSpacing": 5}}, {"from": 9, "to": 10, "attributes": {"alignment": "left", "fontSize": 19, "fontWeight": "bold", "textColor": "4B4B4B", "lineSpacing": 5}}]}, "tokenTTS": {"tokenTTSCollection": [{"startIndex": 0, "endIndex": 6, "ttsURL": "https://d1vq87e9lcf771.cloudfront.net/miguel/6b33d96ef6bdd08758c72c9deb7ee58c"}]}, "hints": {"hints": ["ours", "ours (masculine)", "ours", "ours (masculine)"], "hintLinks": [{"index": 0, "rangeStart": 0, "rangeEnd": 6}, {"index": 1, "rangeStart": 7, "rangeEnd": 7}, {"index": 2, "rangeStart": 8, "rangeEnd": 8}, {"index": 3, "rangeStart": 9, "rangeEnd": 9}]}}], [{"styledString": {"text": "nuestra(s)", "styling": [{"from": 0, "to": 7, "attributes": {"alignment": "left", "fontSize": 19, "fontWeight": "bold", "textColor": "1CB0F6", "lineSpacing": 5}}, {"from": 7, "to": 8, "attributes": {"alignment": "left", "fontSize": 19, "fontWeight": "bold", "textColor": "4B4B4B", "lineSpacing": 5}}, {"from": 8, "to": 9, "attributes": {"alignment": "left", "fontSize": 19, "fontWeight": "bold", "textColor": "1CB0F6", "lineSpacing": 5}}, {"from": 9, "to": 10, "attributes": {"alignment": "left", "fontSize": 19, "fontWeight": "bold", "textColor": "4B4B4B", "lineSpacing": 5}}]}, "tokenTTS": {"tokenTTSCollection": [{"startIndex": 0, "endIndex": 6, "ttsURL": "https://d1vq87e9lcf771.cloudfront.net/miguel/0665353af254b90b52166a6079f1702c"}]}, "hints": {"hints": ["our", "our (feminine)", "our", "our (feminine)"], "hintLinks": [{"index": 0, "rangeStart": 0, "rangeEnd": 6}, {"index": 1, "rangeStart": 7, "rangeEnd": 7}, {"index": 2, "rangeStart": 8, "rangeEnd": 8}, {"index": 3, "rangeStart": 9, "rangeEnd": 9}]}}, {"styledString": {"text": "nuestra(s)", "styling": [{"from": 0, "to": 7, "attributes": {"alignment": "left", "fontSize": 19, "fontWeight": "bold", "textColor": "1CB0F6", "lineSpacing": 5}}, {"from": 7, "to": 8, "attributes": {"alignment": "left", "fontSize": 19, "fontWeight": "bold", "textColor": "4B4B4B", "lineSpacing": 5}}, {"from": 8, "to": 9, "attributes": {"alignment": "left", "fontSize": 19, "fontWeight": "bold", "textColor": "1CB0F6", "lineSpacing": 5}}, {"from": 9, "to": 10, "attributes": {"alignment": "left", "fontSize": 19, "fontWeight": "bold", "textColor": "4B4B4B", "lineSpacing": 5}}]}, "tokenTTS": {"tokenTTSCollection": [{"startIndex": 0, "endIndex": 6, "ttsURL": "https://d1vq87e9lcf771.cloudfront.net/miguel/0665353af254b90b52166a6079f1702c"}]}, "hints": {"hints": ["ours", "ours (feminine)", "ours", "ours (feminine)"], "hintLinks": [{"index": 0, "rangeStart": 0, "rangeEnd": 6}, {"index": 1, "rangeStart": 7, "rangeEnd": 7}, {"index": 2, "rangeStart": 8, "rangeEnd": 8}, {"index": 3, "rangeStart": 9, "rangeEnd": 9}]}}]], "hasShadedHeader": true}, "meta": {"autoPlayableTTS": [], "sectionIndex": 0, "backgroundColor": "DDF4FF"}}, {"type": "verticalSpace", "element": 24, "meta": {"autoPlayableTTS": [], "sectionIndex": 0, "backgroundColor": "DDF4FF"}}, {"type": "verticalSpace", "element": 2, "meta": {"autoPlayableTTS": [], "sectionIndex": 0, "backgroundColor": "84D8FF"}}, {"type": "verticalSpace", "element": 24, "meta": {"autoPlayableTTS": [], "sectionIndex": 0, "backgroundColor": "DDF4FF"}}, {"type": "text", "element": {"styledString": {"text": "TIP", "styling": [{"from": 0, "to": 3, "attributes": {"alignment": "left", "fontSize": 17, "fontWeight": "bold", "textColor": "1CB0F6", "lineSpacing": 4}}]}, "tokenTTS": {"tokenTTSCollection": []}}, "meta": {"autoPlayableTTS": [], "sectionIndex": 0, "backgroundColor": "DDF4FF"}}, {"type": "verticalSpace", "element": 8, "meta": {"autoPlayableTTS": [], "sectionIndex": 0, "backgroundColor": "DDF4FF"}}, {"type": "text", "element": {"styledString": {"text": "Let\u2019s talk about verbs like gustar!\u200b", "styling": [{"from": 0, "to": 36, "attributes": {"alignment": "left", "fontSize": 25, "fontWeight": "bold", "textColor": "4B4B4B", "lineSpacing": 4}}]}, "tokenTTS": {"tokenTTSCollection": []}, "hints": {"hints": [], "hintLinks": []}}, "meta": {"autoPlayableTTS": [], "sectionIndex": 0, "backgroundColor": "DDF4FF"}}, {"type": "verticalSpace", "element": 12, "meta": {"autoPlayableTTS": [], "sectionIndex": 0, "backgroundColor": "DDF4FF"}}, {"type": "text", "element": {"styledString": {"text": "In English, we say I like the cat and I like cats. In Spanish, you say the cat is pleasing to me and cats are pleasing to me!\u200b", "styling": [{"from": 0, "to": 19, "attributes": {"alignment": "left", "fontSize": 19, "fontWeight": "normal", "textColor": "4B4B4B", "lineSpacing": 5}}, {"from": 19, "to": 33, "attributes": {"alignment": "left", "fontSize": 19, "fontWeight": "bold", "textColor": "4B4B4B", "lineSpacing": 5}}, {"from": 33, "to": 38, "attributes": {"alignment": "left", "fontSize": 19, "fontWeight": "normal", "textColor": "4B4B4B", "lineSpacing": 5}}, {"from": 38, "to": 49, "attributes": {"alignment": "left", "fontSize": 19, "fontWeight": "bold", "textColor": "4B4B4B", "lineSpacing": 5}}, {"from": 49, "to": 71, "attributes": {"alignment": "left", "fontSize": 19, "fontWeight": "normal", "textColor": "4B4B4B", "lineSpacing": 5}}, {"from": 71, "to": 96, "attributes": {"alignment": "left", "fontSize": 19, "fontWeight": "bold", "textColor": "4B4B4B", "lineSpacing": 5}}, {"from": 96, "to": 101, "attributes": {"alignment": "left", "fontSize": 19, "fontWeight": "normal", "textColor": "4B4B4B", "lineSpacing": 5}}, {"from": 101, "to": 124, "attributes": {"alignment": "left", "fontSize": 19, "fontWeight": "bold", "textColor": "4B4B4B", "lineSpacing": 5}}, {"from": 124, "to": 126, "attributes": {"alignment": "left", "fontSize": 19, "fontWeight": "normal", "textColor": "4B4B4B", "lineSpacing": 5}}]}, "tokenTTS": {"tokenTTSCollection": []}, "hints": {"hints": [], "hintLinks": []}}, "meta": {"autoPlayableTTS": [], "sectionIndex": 0, "backgroundColor": "DDF4FF"}}, {"type": "verticalSpace", "element": 24, "meta": {"autoPlayableTTS": [], "sectionIndex": 0, "backgroundColor": "DDF4FF"}}, {"type": "example", "element": {"text": {"styledString": {"text": "\u200bMe gusta este gato.\u200b", "styling": [{"from": 0, "to": 8, "attributes": {"alignment": "left", "fontSize": 19, "fontWeight": "normal", "textColor": "4B4B4B", "lineSpacing": 5}}, {"from": 8, "to": 9, "attributes": {"alignment": "left", "fontSize": 19, "fontWeight": "bold", "textColor": "1CB0F6", "lineSpacing": 5}}, {"from": 9, "to": 21, "attributes": {"alignment": "left", "fontSize": 19, "fontWeight": "normal", "textColor": "4B4B4B", "lineSpacing": 5}}]}, "tokenTTS": {"tokenTTSCollection": [{"startIndex": 1, "endIndex": 19, "ttsURL": "https://d1vq87e9lcf771.cloudfront.net/miguel/34cc07104ead39e62d408cfd993fbfc8"}]}, "hints": {"hints": ["I like this cat"], "hintLinks": [{"index": 0, "rangeStart": 1, "rangeEnd": 19}]}}, "subtext": null, "ttsURL": "https://d1vq87e9lcf771.cloudfront.net/miguel/34cc07104ead39e62d408cfd993fbfc8"}, "meta": {"autoPlayableTTS": [], "sectionIndex": 0, "backgroundColor": "DDF4FF"}}, {"type": "verticalSpace", "element": 12, "meta": {"autoPlayableTTS": [], "sectionIndex": 0, "backgroundColor": "DDF4FF"}}, {"type": "example", "element": {"text": {"styledString": {"text": "Me gustan estos gatos.\u200b\u200b", "styling": [{"from": 0, "to": 7, "attributes": {"alignment": "left", "fontSize": 19, "fontWeight": "normal", "textColor": "4B4B4B", "lineSpacing": 5}}, {"from": 7, "to": 9, "attributes": {"alignment": "left", "fontSize": 19, "fontWeight": "bold", "textColor": "1CB0F6", "lineSpacing": 5}}, {"from": 9, "to": 20, "attributes": {"alignment": "left", "fontSize": 19, "fontWeight": "normal", "textColor": "4B4B4B", "lineSpacing": 5}}, {"from": 20, "to": 21, "attributes": {"alignment": "left", "fontSize": 19, "fontWeight": "bold", "textColor": "1CB0F6", "lineSpacing": 5}}, {"from": 21, "to": 24, "attributes": {"alignment": "left", "fontSize": 19, "fontWeight": "normal", "textColor": "4B4B4B", "lineSpacing": 5}}]}, "tokenTTS": {"tokenTTSCollection": [{"startIndex": 0, "endIndex": 21, "ttsURL": "https://d1vq87e9lcf771.cloudfront.net/miguel/0e61c47079b6149bf7516056850b484c"}]}, "hints": {"hints": ["I like these cats"], "hintLinks": [{"index": 0, "rangeStart": 0, "rangeEnd": 21}]}}, "subtext": null, "ttsURL": "https://d1vq87e9lcf771.cloudfront.net/miguel/0e61c47079b6149bf7516056850b484c"}, "meta": {"autoPlayableTTS": [], "sectionIndex": 0, "backgroundColor": "DDF4FF"}}, {"type": "verticalSpace", "element": 24, "meta": {"autoPlayableTTS": [], "sectionIndex": 0, "backgroundColor": "DDF4FF"}}, {"type": "text", "element": {"styledString": {"text": "Use a to specify who you're talking about.", "styling": [{"from": 0, "to": 4, "attributes": {"alignment": "left", "fontSize": 19, "fontWeight": "normal", "textColor": "4B4B4B", "lineSpacing": 5}}, {"from": 4, "to": 5, "attributes": {"alignment": "left", "fontSize": 19, "fontWeight": "bold", "textColor": "4B4B4B", "lineSpacing": 5}}, {"from": 5, "to": 42, "attributes": {"alignment": "left", "fontSize": 19, "fontWeight": "normal", "textColor": "4B4B4B", "lineSpacing": 5}}]}, "tokenTTS": {"tokenTTSCollection": [{"startIndex": 4, "endIndex": 4, "ttsURL": "https://d1vq87e9lcf771.cloudfront.net/miguel/a615ab7aef51e62ab81ce9255166fc65"}]}, "hints": {"hints": ["to"], "hintLinks": [{"index": 0, "rangeStart": 4, "rangeEnd": 4}]}}, "meta": {"autoPlayableTTS": [], "sectionIndex": 0, "backgroundColor": "DDF4FF"}}, {"type": "verticalSpace", "element": 24, "meta": {"autoPlayableTTS": [], "sectionIndex": 0, "backgroundColor": "DDF4FF"}}, {"type": "example", "element": {"text": {"styledString": {"text": "\u200b\u200bA Mar\u00eda le gusta bailar.", "styling": [{"from": 0, "to": 2, "attributes": {"alignment": "left", "fontSize": 19, "fontWeight": "normal", "textColor": "4B4B4B", "lineSpacing": 5}}, {"from": 2, "to": 3, "attributes": {"alignment": "left", "fontSize": 19, "fontWeight": "bold", "textColor": "1CB0F6", "lineSpacing": 5}}, {"from": 3, "to": 26, "attributes": {"alignment": "left", "fontSize": 19, "fontWeight": "normal", "textColor": "4B4B4B", "lineSpacing": 5}}]}, "tokenTTS": {"tokenTTSCollection": [{"startIndex": 2, "endIndex": 25, "ttsURL": "https://d1vq87e9lcf771.cloudfront.net/miguel/065c76ba9b90e764769fd1b131078972"}]}, "hints": {"hints": ["Maria likes to dance"], "hintLinks": [{"index": 0, "rangeStart": 2, "rangeEnd": 25}]}}, "subtext": null, "ttsURL": "https://d1vq87e9lcf771.cloudfront.net/miguel/065c76ba9b90e764769fd1b131078972"}, "meta": {"autoPlayableTTS": [], "sectionIndex": 0, "backgroundColor": "DDF4FF"}}, {"type": "verticalSpace", "element": 12, "meta": {"autoPlayableTTS": [], "sectionIndex": 0, "backgroundColor": "DDF4FF"}}, {"type": "example", "element": {"text": {"styledString": {"text": "\u200bA mis padres les gusta el caf\u00e9.", "styling": [{"from": 0, "to": 1, "attributes": {"alignment": "left", "fontSize": 19, "fontWeight": "normal", "textColor": "4B4B4B", "lineSpacing": 5}}, {"from": 1, "to": 2, "attributes": {"alignment": "left", "fontSize": 19, "fontWeight": "bold", "textColor": "1CB0F6", "lineSpacing": 5}}, {"from": 2, "to": 32, "attributes": {"alignment": "left", "fontSize": 19, "fontWeight": "normal", "textColor": "4B4B4B", "lineSpacing": 5}}]}, "tokenTTS": {"tokenTTSCollection": [{"startIndex": 1, "endIndex": 31, "ttsURL": "https://d1vq87e9lcf771.cloudfront.net/miguel/ac8cd0033d24b7e96562eddffebe3a96"}]}, "hints": {"hints": ["my parents like coffee"], "hintLinks": [{"index": 0, "rangeStart": 1, "rangeEnd": 31}]}}, "subtext": null, "ttsURL": "https://d1vq87e9lcf771.cloudfront.net/miguel/ac8cd0033d24b7e96562eddffebe3a96"}, "meta": {"autoPlayableTTS": [], "sectionIndex": 0, "backgroundColor": "DDF4FF"}}, {"type": "verticalSpace", "element": 24, "meta": {"autoPlayableTTS": [], "sectionIndex": 0, "backgroundColor": "DDF4FF"}}, {"type": "text", "element": {"styledString": {"text": "\u200b\u200bYou can also use a more generally for emphasis.", "styling": [{"from": 0, "to": 19, "attributes": {"alignment": "left", "fontSize": 19, "fontWeight": "normal", "textColor": "4B4B4B", "lineSpacing": 5}}, {"from": 19, "to": 20, "attributes": {"alignment": "left", "fontSize": 19, "fontWeight": "bold", "textColor": "4B4B4B", "lineSpacing": 5}}, {"from": 20, "to": 49, "attributes": {"alignment": "left", "fontSize": 19, "fontWeight": "normal", "textColor": "4B4B4B", "lineSpacing": 5}}]}, "tokenTTS": {"tokenTTSCollection": [{"startIndex": 19, "endIndex": 19, "ttsURL": "https://d1vq87e9lcf771.cloudfront.net/miguel/a615ab7aef51e62ab81ce9255166fc65"}]}, "hints": {"hints": ["to"], "hintLinks": [{"index": 0, "rangeStart": 19, "rangeEnd": 19}]}}, "meta": {"autoPlayableTTS": [], "sectionIndex": 0, "backgroundColor": "DDF4FF"}}, {"type": "verticalSpace", "element": 24, "meta": {"autoPlayableTTS": [], "sectionIndex": 0, "backgroundColor": "DDF4FF"}}, {"type": "example", "element": {"text": {"styledString": {"text": "\u200b\u200b(A m\u00ed) me gusta...\u200b", "styling": [{"from": 0, "to": 3, "attributes": {"alignment": "left", "fontSize": 19, "fontWeight": "normal", "textColor": "4B4B4B", "lineSpacing": 5}}, {"from": 3, "to": 4, "attributes": {"alignment": "left", "fontSize": 19, "fontWeight": "bold", "textColor": "1CB0F6", "lineSpacing": 5}}, {"from": 4, "to": 21, "attributes": {"alignment": "left", "fontSize": 19, "fontWeight": "normal", "textColor": "4B4B4B", "lineSpacing": 5}}]}, "tokenTTS": {"tokenTTSCollection": [{"startIndex": 3, "endIndex": 6, "ttsURL": "https://d1vq87e9lcf771.cloudfront.net/miguel/b8c63c0f1147ff37682ebaf1a3a9be66"}, {"startIndex": 9, "endIndex": 16, "ttsURL": "https://d1vq87e9lcf771.cloudfront.net/miguel/50a6156f3bc52bcf54687706b922e16b"}]}, "hints": {"hints": ["to me", "I like"], "hintLinks": [{"index": 0, "rangeStart": 3, "rangeEnd": 6}, {"index": 1, "rangeStart": 9, "rangeEnd": 16}]}}, "subtext": null, "ttsURL": "https://d1vq87e9lcf771.cloudfront.net/miguel/73b7596628823862260206f3c6c9a0ce"}, "meta": {"autoPlayableTTS": [], "sectionIndex": 0, "backgroundColor": "DDF4FF"}}, {"type": "verticalSpace", "element": 12, "meta": {"autoPlayableTTS": [], "sectionIndex": 0, "backgroundColor": "DDF4FF"}}, {"type": "example", "element": {"text": {"styledString": {"text": "(A ti) te gusta...\u200b", "styling": [{"from": 0, "to": 1, "attributes": {"alignment": "left", "fontSize": 19, "fontWeight": "normal", "textColor": "4B4B4B", "lineSpacing": 5}}, {"from": 1, "to": 2, "attributes": {"alignment": "left", "fontSize": 19, "fontWeight": "bold", "textColor": "1CB0F6", "lineSpacing": 5}}, {"from": 2, "to": 19, "attributes": {"alignment": "left", "fontSize": 19, "fontWeight": "normal", "textColor": "4B4B4B", "lineSpacing": 5}}]}, "tokenTTS": {"tokenTTSCollection": [{"startIndex": 1, "endIndex": 4, "ttsURL": "https://d1vq87e9lcf771.cloudfront.net/miguel/7b9cf8e8e23f4e9d5556cc530652e456"}, {"startIndex": 7, "endIndex": 14, "ttsURL": "https://d1vq87e9lcf771.cloudfront.net/miguel/be71a526c2c944465d700cd2974e2cd6"}]}, "hints": {"hints": ["to you", "you like"], "hintLinks": [{"index": 0, "rangeStart": 1, "rangeEnd": 4}, {"index": 1, "rangeStart": 7, "rangeEnd": 14}]}}, "subtext": null, "ttsURL": "https://d1vq87e9lcf771.cloudfront.net/miguel/9a883d95fb98b01252caeae9ce6de173"}, "meta": {"autoPlayableTTS": [], "sectionIndex": 0, "backgroundColor": "DDF4FF"}}, {"type": "verticalSpace", "element": 12, "meta": {"autoPlayableTTS": [], "sectionIndex": 0, "backgroundColor": "DDF4FF"}}, {"type": "example", "element": {"text": {"styledString": {"text": "(A nosotros) nos gusta...\u200b", "styling": [{"from": 0, "to": 1, "attributes": {"alignment": "left", "fontSize": 19, "fontWeight": "normal", "textColor": "4B4B4B", "lineSpacing": 5}}, {"from": 1, "to": 2, "attributes": {"alignment": "left", "fontSize": 19, "fontWeight": "bold", "textColor": "1CB0F6", "lineSpacing": 5}}, {"from": 2, "to": 26, "attributes": {"alignment": "left", "fontSize": 19, "fontWeight": "normal", "textColor": "4B4B4B", "lineSpacing": 5}}]}, "tokenTTS": {"tokenTTSCollection": [{"startIndex": 1, "endIndex": 10, "ttsURL": "https://d1vq87e9lcf771.cloudfront.net/miguel/2213df46e90213ea25a289e7fe9d22f0"}, {"startIndex": 13, "endIndex": 21, "ttsURL": "https://d1vq87e9lcf771.cloudfront.net/miguel/595e65575344bdae62386097e7402a30"}]}, "hints": {"hints": ["to us", "we like"], "hintLinks": [{"index": 0, "rangeStart": 1, "rangeEnd": 10}, {"index": 1, "rangeStart": 13, "rangeEnd": 21}]}}, "subtext": null, "ttsURL": "https://d1vq87e9lcf771.cloudfront.net/miguel/addcc6137aa01b2f33073c3aab4723c1"}, "meta": {"autoPlayableTTS": [], "sectionIndex": 0, "backgroundColor": "DDF4FF"}}, {"type": "verticalSpace", "element": 24, "meta": {"autoPlayableTTS": [], "sectionIndex": 0, "backgroundColor": "DDF4FF"}}], "resourcesToPrefetch": [{"required": true, "url": "https://d1btvuu4dwu627.cloudfront.net/1935260bb45227d2abc8062355f5ce9f/5e953e1076e27341f5c4c2d6546256e3/images/d9b7ef187734484ba2c95555d5b33cec.pdf", "type": "pdf"}, {"required": false, "url": "https://d1vq87e9lcf771.cloudfront.net/miguel/be71a526c2c944465d700cd2974e2cd6", "type": "mp3"}, {"required": false, "url": "https://d1vq87e9lcf771.cloudfront.net/miguel/2969f7ffab90bdc858ea4ff9d50561b1", "type": "mp3"}, {"required": false, "url": "https://d1vq87e9lcf771.cloudfront.net/miguel/adaff35042eaa60b1635593807ea3e15", "type": "mp3"}, {"required": false, "url": "https://d1vq87e9lcf771.cloudfront.net/miguel/57b6f5d225888fdccf2193f3849efe9b", "type": "mp3"}, {"required": false, "url": "https://d1vq87e9lcf771.cloudfront.net/miguel/6882d14a691aae1c3eb915a3e702fc2c", "type": "mp3"}, {"required": false, "url": "https://d1vq87e9lcf771.cloudfront.net/miguel/3723f43fc56b1cd339aa696660fe5a74", "type": "mp3"}, {"required": false, "url": "https://d1vq87e9lcf771.cloudfront.net/miguel/065c76ba9b90e764769fd1b131078972", "type": "mp3"}, {"required": false, "url": "https://d1vq87e9lcf771.cloudfront.net/miguel/b082510d0e48798ab32883bfe8d655b6", "type": "mp3"}, {"required": false, "url": "https://d1vq87e9lcf771.cloudfront.net/miguel/73b7596628823862260206f3c6c9a0ce", "type": "mp3"}, {"required": false, "url": "https://d1vq87e9lcf771.cloudfront.net/miguel/595e65575344bdae62386097e7402a30", "type": "mp3"}, {"required": false, "url": "https://d1vq87e9lcf771.cloudfront.net/miguel/3086923da928a5f1e76aee61c55ff0b0", "type": "mp3"}, {"required": false, "url": "https://d1vq87e9lcf771.cloudfront.net/miguel/4881d6e90516a1bca7871cfae5ef97f7", "type": "mp3"}, {"required": false, "url": "https://d1vq87e9lcf771.cloudfront.net/miguel/ac8cd0033d24b7e96562eddffebe3a96", "type": "mp3"}, {"required": false, "url": "https://d1vq87e9lcf771.cloudfront.net/miguel/b51ec3e87eca0cfc45e5b99d9b18d89c", "type": "mp3"}, {"required": false, "url": "https://d1vq87e9lcf771.cloudfront.net/miguel/92973a93e73e0875b189953e9ccc3d26", "type": "mp3"}, {"required": false, "url": "https://d1vq87e9lcf771.cloudfront.net/miguel/84ac4eee161ef292a0f03e85344833df", "type": "mp3"}, {"required": false, "url": "https://d1vq87e9lcf771.cloudfront.net/miguel/280c99b084555e99f6fc9c3867f3198e", "type": "mp3"}, {"required": false, "url": "https://d1vq87e9lcf771.cloudfront.net/miguel/84a4245113f01a170f039d4bd0c2bc3f", "type": "mp3"}, {"required": false, "url": "https://d1vq87e9lcf771.cloudfront.net/miguel/8469b0cdf37aedf216c02680635d6356", "type": "mp3"}, {"required": false, "url": "https://d1vq87e9lcf771.cloudfront.net/miguel/6b33d96ef6bdd08758c72c9deb7ee58c", "type": "mp3"}, {"required": false, "url": "https://d1vq87e9lcf771.cloudfront.net/miguel/4c91e1b1d2ce126b33c6af4b70c28341", "type": "mp3"}, {"required": false, "url": "https://d1vq87e9lcf771.cloudfront.net/miguel/1fa59319dfeea3fc7bc267a1e0dfc644", "type": "mp3"}, {"required": false, "url": "https://d1vq87e9lcf771.cloudfront.net/miguel/0e61c47079b6149bf7516056850b484c", "type": "mp3"}, {"required": false, "url": "https://d1vq87e9lcf771.cloudfront.net/miguel/a615ab7aef51e62ab81ce9255166fc65", "type": "mp3"}, {"required": false, "url": "https://d1vq87e9lcf771.cloudfront.net/miguel/7b9cf8e8e23f4e9d5556cc530652e456", "type": "mp3"}, {"required": false, "url": "https://d1vq87e9lcf771.cloudfront.net/miguel/50a6156f3bc52bcf54687706b922e16b", "type": "mp3"}, {"required": false, "url": "https://d1vq87e9lcf771.cloudfront.net/miguel/d8f1e5d4a6f4d14d7ff05e8d5862ecac", "type": "mp3"}, {"required": false, "url": "https://d1vq87e9lcf771.cloudfront.net/miguel/a624405f3a9f9478a2bdb7ea193ca619", "type": "mp3"}, {"required": true, "url": "https://d1btvuu4dwu627.cloudfront.net/1935260bb45227d2abc8062355f5ce9f/5e953e1076e27341f5c4c2d6546256e3/images/2ea73d76845d44579d8e68433e7fe553.pdf", "type": "pdf"}, {"required": true, "url": "https://d1btvuu4dwu627.cloudfront.net/1935260bb45227d2abc8062355f5ce9f/5e953e1076e27341f5c4c2d6546256e3/images/dae5d18af0234e81bf38af26063c8cbc.pdf", "type": "pdf"}, {"required": false, "url": "https://d1vq87e9lcf771.cloudfront.net/miguel/ead5572d78c8019a644619447d51c35d", "type": "mp3"}, {"required": false, "url": "https://d1vq87e9lcf771.cloudfront.net/miguel/addcc6137aa01b2f33073c3aab4723c1", "type": "mp3"}, {"required": false, "url": "https://d1vq87e9lcf771.cloudfront.net/miguel/30b4585b0d227732a3068874b6ed1b33", "type": "mp3"}, {"required": false, "url": "https://d1vq87e9lcf771.cloudfront.net/miguel/e9960f138fe0946efdc941724baca712", "type": "mp3"}, {"required": false, "url": "https://d1vq87e9lcf771.cloudfront.net/miguel/34cc07104ead39e62d408cfd993fbfc8", "type": "mp3"}, {"required": false, "url": "https://d1vq87e9lcf771.cloudfront.net/miguel/9a883d95fb98b01252caeae9ce6de173", "type": "mp3"}, {"required": false, "url": "https://d1vq87e9lcf771.cloudfront.net/miguel/e715059407d9aacdb5448290fba3f509", "type": "mp3"}, {"required": true, "url": "https://d1btvuu4dwu627.cloudfront.net/1935260bb45227d2abc8062355f5ce9f/5e953e1076e27341f5c4c2d6546256e3/images/d047a718fdaf4d0b86ddae8cdb931bb2.pdf", "type": "pdf"}, {"required": false, "url": "https://d1vq87e9lcf771.cloudfront.net/miguel/b8c63c0f1147ff37682ebaf1a3a9be66", "type": "mp3"}, {"required": false, "url": "https://d1vq87e9lcf771.cloudfront.net/miguel/18148a05d053f2b16599681dfa038258", "type": "mp3"}, {"required": false, "url": "https://d1vq87e9lcf771.cloudfront.net/miguel/2213df46e90213ea25a289e7fe9d22f0", "type": "mp3"}, {"required": false, "url": "https://d1vq87e9lcf771.cloudfront.net/miguel/4b6941b17c7e55ca27c49ae8b70ee772", "type": "mp3"}, {"required": false, "url": "https://d1vq87e9lcf771.cloudfront.net/miguel/a5ad1c36b3c049bc1da655b309cf1269", "type": "mp3"}, {"required": false, "url": "https://d1vq87e9lcf771.cloudfront.net/miguel/cea183a755ba1637d85a81c6072829ac", "type": "mp3"}, {"required": false, "url": "https://d1vq87e9lcf771.cloudfront.net/miguel/5e0914a590906381494145d1ca89c0e6", "type": "mp3"}, {"required": false, "url": "https://d1vq87e9lcf771.cloudfront.net/miguel/7cac99e94ca4274e327235e338d3ecc1", "type": "mp3"}, {"required": false, "url": "https://d1vq87e9lcf771.cloudfront.net/miguel/09b094b8994368150cc3151770686999", "type": "mp3"}, {"required": false, "url": "https://d1vq87e9lcf771.cloudfront.net/miguel/fde6a3fb339a94142333570a73830587", "type": "mp3"}, {"required": false, "url": "https://d1vq87e9lcf771.cloudfront.net/miguel/0665353af254b90b52166a6079f1702c", "type": "mp3"}]}