{"elements": [{"type": "verticalSpace", "element": 2, "meta": {"autoPlayableTTS": [], "sectionIndex": 0, "backgroundColor": "E5E5E5"}}, {"type": "verticalSpace", "element": 24, "meta": {"autoPlayableTTS": [], "sectionIndex": 0, "backgroundColor": null}}, {"type": "text", "element": {"styledString": {"text": "KEY PHRASES", "styling": [{"from": 0, "to": 11, "attributes": {"alignment": "left", "fontSize": 17, "fontWeight": "bold", "textColor": "1CB0F6", "lineSpacing": 4}}]}, "tokenTTS": {"tokenTTSCollection": []}}, "meta": {"autoPlayableTTS": [], "sectionIndex": 0, "backgroundColor": null}}, {"type": "verticalSpace", "element": 8, "meta": {"autoPlayableTTS": [], "sectionIndex": 0, "backgroundColor": null}}, {"type": "text", "element": {"styledString": {"text": "Describe chores", "styling": [{"from": 0, "to": 15, "attributes": {"alignment": "left", "fontSize": 25, "fontWeight": "bold", "textColor": "4B4B4B", "lineSpacing": 4}}]}, "tokenTTS": {"tokenTTSCollection": []}}, "meta": {"autoPlayableTTS": [], "sectionIndex": 0, "backgroundColor": null}}, {"type": "verticalSpace", "element": 16, "meta": {"autoPlayableTTS": [], "sectionIndex": 0, "backgroundColor": null}}, {"type": "dialogue", "element": {"phrases": [{"text": {"styledString": {"text": "Necesito ayuda con el c\u00e9sped.", "styling": [{"from": 0, "to": 29, "attributes": {"alignment": "left", "fontSize": 19, "fontWeight": "normal", "textColor": "4B4B4B", "lineSpacing": 5}}]}, "tokenTTS": {"tokenTTSCollection": []}, "blockHints": [{"value": "Necesito", "hintTable": {"rows": [[{"hint": "(I) need", "colspan": 1}], [{"hint": "need", "colspan": 1}], [{"hint": "(?) do I need", "colspan": 1}]], "references": []}, "tts": "https://d1vq87e9lcf771.cloudfront.net/miguel/6a3fe276c3deb094b8f3976e0baaa080"}, {"value": " "}, {"value": "ayuda", "hintTable": {"rows": [[{"hint": "(you) help", "colspan": 1}], [{"hint": "help", "colspan": 1}], [{"hint": "(he) is helping", "colspan": 1}]], "references": []}, "tts": "https://d1vq87e9lcf771.cloudfront.net/miguel/d0d7b5197c52b850fc2e7d253bcce2df"}, {"value": " "}, {"value": "con", "hintTable": {"rows": [[{"hint": "with", "colspan": 1}], [{"hint": "at", "colspan": 1}], [{"hint": "about", "colspan": 1}]], "references": []}, "tts": "https://d1vq87e9lcf771.cloudfront.net/miguel/d7193db818951a8d1c580fbb779f1d5d"}, {"value": " "}, {"value": "el", "hintTable": {"rows": [[{"hint": "the", "colspan": 1}], [{"hint": "your", "colspan": 1}], [{"hint": "her", "colspan": 1}]], "references": []}, "tts": "https://d1vq87e9lcf771.cloudfront.net/penelope/b47f0c6243dc0dd607abd744189eec05"}, {"value": " "}, {"value": "c\u00e9sped", "hintTable": {"rows": [[{"hint": "grass", "colspan": 1}], [{"hint": "lawn", "colspan": 1}]], "references": []}, "tts": "https://d1vq87e9lcf771.cloudfront.net/miguel/a4a1b41ad25f0dd297b2f363ee32dd21"}, {"value": "."}]}, "subtext": {"styledString": {"text": "I need help with the grass.", "styling": [{"from": 0, "to": 27, "attributes": {"alignment": "left", "fontSize": 19, "fontWeight": "normal", "textColor": "AFAFAF", "lineSpacing": 5}}]}, "tokenTTS": {"tokenTTSCollection": []}}, "ttsURL": "https://d1vq87e9lcf771.cloudfront.net/miguel/e923de8b027087019352182e992da909"}]}, "meta": {"autoPlayableTTS": [], "sectionIndex": 0, "backgroundColor": null}}, {"type": "verticalSpace", "element": 16, "meta": {"autoPlayableTTS": [], "sectionIndex": 0, "backgroundColor": null}}, {"type": "dialogue", "element": {"phrases": [{"text": {"styledString": {"text": "\u00bfNos ayudas con la comida?", "styling": [{"from": 0, "to": 26, "attributes": {"alignment": "left", "fontSize": 19, "fontWeight": "normal", "textColor": "4B4B4B", "lineSpacing": 5}}]}, "tokenTTS": {"tokenTTSCollection": []}, "blockHints": [{"value": "\u00bf"}, {"value": "Nos", "hintTable": {"headers": ["nos", "ayudas"], "rows": [[{"hint": "(?) can you help us", "colspan": 2}], [{"hint": "us", "colspan": 1}, {"colspan": 1}], [{"hint": "for us", "colspan": 1}, {"colspan": 1}], [{"hint": "we", "colspan": 1}, {"colspan": 1}]], "references": [1]}, "tts": "https://d1vq87e9lcf771.cloudfront.net/miguel/3086923da928a5f1e76aee61c55ff0b0"}, {"value": " "}, {"value": "ayudas", "hintTable": {"headers": ["nos", "ayudas"], "rows": [[{"hint": "(?) can you help us", "colspan": 2}], [{"colspan": 1}, {"hint": "(you) help", "colspan": 1}], [{"colspan": 1}, {"hint": "help", "colspan": 1}], [{"colspan": 1}, {"hint": "(?) do you help", "colspan": 1}]], "references": [0]}, "tts": "https://d1vq87e9lcf771.cloudfront.net/miguel/ce0587cf1b115124197ce81a059c381f"}, {"value": " "}, {"value": "con", "hintTable": {"rows": [[{"hint": "with", "colspan": 1}], [{"hint": "to", "colspan": 1}], [{"hint": "at", "colspan": 1}]], "references": []}, "tts": "https://d1vq87e9lcf771.cloudfront.net/miguel/d7193db818951a8d1c580fbb779f1d5d"}, {"value": " "}, {"value": "la", "hintTable": {"rows": [[{"hint": "the", "colspan": 1}], [{"hint": "your", "colspan": 1}], [{"hint": "her", "colspan": 1}]], "references": []}, "tts": "https://d1vq87e9lcf771.cloudfront.net/miguel/e9ea010281921357dd4b130d51e7488b"}, {"value": " "}, {"value": "comida", "hintTable": {"rows": [[{"hint": "food", "colspan": 1}], [{"hint": "meal", "colspan": 1}], [{"hint": "eaten", "colspan": 1}]], "references": []}, "tts": "https://d1vq87e9lcf771.cloudfront.net/miguel/e5a3a190408915eb3ddc4b1fcfd5ce1a"}, {"value": "?"}]}, "subtext": {"styledString": {"text": "Can you help us with the food?", "styling": [{"from": 0, "to": 30, "attributes": {"alignment": "left", "fontSize": 19, "fontWeight": "normal", "textColor": "AFAFAF", "lineSpacing": 5}}]}, "tokenTTS": {"tokenTTSCollection": []}}, "ttsURL": "https://d1vq87e9lcf771.cloudfront.net/miguel/1777c4d0b67d83d36271e749b9ae2c8e"}]}, "meta": {"autoPlayableTTS": [], "sectionIndex": 0, "backgroundColor": null}}, {"type": "verticalSpace", "element": 16, "meta": {"autoPlayableTTS": [], "sectionIndex": 0, "backgroundColor": null}}, {"type": "dialogue", "element": {"phrases": [{"text": {"styledString": {"text": "\u00bfTe ayudo a limpiar el piso de la cocina?", "styling": [{"from": 0, "to": 41, "attributes": {"alignment": "left", "fontSize": 19, "fontWeight": "normal", "textColor": "4B4B4B", "lineSpacing": 5}}]}, "tokenTTS": {"tokenTTSCollection": []}, "blockHints": [{"value": "\u00bf"}, {"value": "Te", "hintTable": {"rows": [[{"hint": "you", "colspan": 1}], [{"hint": "to you", "colspan": 1}], [{"hint": "your", "colspan": 1}]], "references": []}, "tts": "https://d1vq87e9lcf771.cloudfront.net/miguel/d7cd39e9a857d0b69e8da9436b0441c3"}, {"value": " "}, {"value": "ayudo", "hintTable": {"rows": [[{"hint": "(?) can I help", "colspan": 1}], [{"hint": "(I) help", "colspan": 1}], [{"hint": "help", "colspan": 1}]], "references": []}, "tts": "https://d1vq87e9lcf771.cloudfront.net/miguel/7ac54155d3780f64ff4fca74644032ee"}, {"value": " "}, {"value": "a", "hintTable": {"rows": [[{"hint": "to", "colspan": 1}], [{"hint": "with", "colspan": 1}], [{"hint": "of", "colspan": 1}]], "references": []}, "tts": "https://d1vq87e9lcf771.cloudfront.net/miguel/a615ab7aef51e62ab81ce9255166fc65"}, {"value": " "}, {"value": "limpiar", "hintTable": {"rows": [[{"hint": "(to) clean", "colspan": 1}], [{"hint": "clean", "colspan": 1}], [{"hint": "clean up", "colspan": 1}]], "references": []}, "tts": "https://d1vq87e9lcf771.cloudfront.net/miguel/d85d1db35213c251ebfa7cdb696b1d55"}, {"value": " "}, {"value": "el", "hintTable": {"rows": [[{"hint": "the", "colspan": 1}], [{"hint": "your", "colspan": 1}], [{"hint": "her", "colspan": 1}]], "references": []}, "tts": "https://d1vq87e9lcf771.cloudfront.net/penelope/b47f0c6243dc0dd607abd744189eec05"}, {"value": " "}, {"value": "piso", "hintTable": {"rows": [[{"hint": "floor", "colspan": 1}], [{"hint": "ground", "colspan": 1}], [{"hint": "press", "colspan": 1}]], "references": []}, "tts": "https://d1vq87e9lcf771.cloudfront.net/miguel/38e88b3535c17b8024e7fa6a6f58d107"}, {"value": " "}, {"value": "de", "hintTable": {"headers": ["de", "la"], "rows": [[{"hint": "'s", "colspan": 2}], [{"hint": "the", "colspan": 1}, {"colspan": 1}], [{"hint": "with", "colspan": 1}, {"colspan": 1}], [{"hint": "'s", "colspan": 1}, {"colspan": 1}]], "references": [7]}, "tts": "https://d1vq87e9lcf771.cloudfront.net/miguel/7c3dc4295f4bfedec518e38299ea8dc5"}, {"value": " "}, {"value": "la", "hintTable": {"headers": ["de", "la"], "rows": [[{"hint": "'s", "colspan": 2}], [{"colspan": 1}, {"hint": "the", "colspan": 1}], [{"colspan": 1}, {"hint": "your", "colspan": 1}], [{"colspan": 1}, {"hint": "her", "colspan": 1}]], "references": [6]}, "tts": "https://d1vq87e9lcf771.cloudfront.net/miguel/e9ea010281921357dd4b130d51e7488b"}, {"value": " "}, {"value": "cocina", "hintTable": {"rows": [[{"hint": "kitchen", "colspan": 1}], [{"hint": "(you) cook", "colspan": 1}], [{"hint": "(he) is cooking", "colspan": 1}]], "references": []}, "tts": "https://d1vq87e9lcf771.cloudfront.net/miguel/7487529599371bf507162d87dcac1c7e"}, {"value": "?"}]}, "subtext": {"styledString": {"text": "Can I help you clean the kitchen floor?", "styling": [{"from": 0, "to": 39, "attributes": {"alignment": "left", "fontSize": 19, "fontWeight": "normal", "textColor": "AFAFAF", "lineSpacing": 5}}]}, "tokenTTS": {"tokenTTSCollection": []}}, "ttsURL": "https://d1vq87e9lcf771.cloudfront.net/miguel/1bb5c327bf6bbe2021ab9317f33238a6"}]}, "meta": {"autoPlayableTTS": [], "sectionIndex": 0, "backgroundColor": null}}, {"type": "verticalSpace", "element": 16, "meta": {"autoPlayableTTS": [], "sectionIndex": 0, "backgroundColor": null}}, {"type": "dialogue", "element": {"phrases": [{"text": {"styledString": {"text": "Tengo que limpiar todo el ba\u00f1o.", "styling": [{"from": 0, "to": 31, "attributes": {"alignment": "left", "fontSize": 19, "fontWeight": "normal", "textColor": "4B4B4B", "lineSpacing": 5}}]}, "tokenTTS": {"tokenTTSCollection": []}, "blockHints": [{"value": "Tengo", "hintTable": {"headers": ["tengo", "que"], "rows": [[{"hint": "(I) have to", "colspan": 2}], [{"hint": "have", "colspan": 2}], [{"hint": "(I) need to", "colspan": 2}], [{"hint": "(I) have", "colspan": 1}, {"colspan": 1}], [{"hint": "have", "colspan": 1}, {"colspan": 1}], [{"hint": "(?) do I", "colspan": 1}, {"colspan": 1}]], "references": [1]}, "tts": "https://d1vq87e9lcf771.cloudfront.net/miguel/5be050ec66f7d545345c1f64a5dff62b"}, {"value": " "}, {"value": "que", "hintTable": {"headers": ["tengo", "que"], "rows": [[{"hint": "(I) have to", "colspan": 2}], [{"hint": "have", "colspan": 2}], [{"hint": "(I) need to", "colspan": 2}], [{"colspan": 1}, {"hint": "to", "colspan": 1}], [{"colspan": 1}, {"hint": "I hope", "colspan": 1}], [{"colspan": 1}, {"hint": "because", "colspan": 1}]], "references": [0]}, "tts": "https://d1vq87e9lcf771.cloudfront.net/miguel/a1ac789b0b8d37cb82d476eff39cdd67"}, {"value": " "}, {"value": "limpiar", "hintTable": {"rows": [[{"hint": "(to) clean", "colspan": 1}], [{"hint": "clean", "colspan": 1}], [{"hint": "clean up", "colspan": 1}]], "references": []}, "tts": "https://d1vq87e9lcf771.cloudfront.net/miguel/d85d1db35213c251ebfa7cdb696b1d55"}, {"value": " "}, {"value": "todo", "hintTable": {"rows": [[{"hint": "whole", "colspan": 1}], [{"hint": "all", "colspan": 1}], [{"hint": "entire", "colspan": 1}]], "references": []}, "tts": "https://d1vq87e9lcf771.cloudfront.net/miguel/0762f052a7702a70446bc257cd3a8a29"}, {"value": " "}, {"value": "el", "hintTable": {"rows": [[{"hint": "the", "colspan": 1}], [{"hint": "your", "colspan": 1}], [{"hint": "her", "colspan": 1}]], "references": []}, "tts": "https://d1vq87e9lcf771.cloudfront.net/penelope/b47f0c6243dc0dd607abd744189eec05"}, {"value": " "}, {"value": "ba\u00f1o", "hintTable": {"rows": [[{"hint": "bathroom", "colspan": 1}], [{"hint": "restroom", "colspan": 1}], [{"hint": "toilet", "colspan": 1}]], "references": []}, "tts": "https://d1vq87e9lcf771.cloudfront.net/miguel/816f922af521e05eabfaed7bbdf295cb"}, {"value": "."}]}, "subtext": {"styledString": {"text": "I have to clean the whole bathroom.", "styling": [{"from": 0, "to": 35, "attributes": {"alignment": "left", "fontSize": 19, "fontWeight": "normal", "textColor": "AFAFAF", "lineSpacing": 5}}]}, "tokenTTS": {"tokenTTSCollection": []}}, "ttsURL": "https://d1vq87e9lcf771.cloudfront.net/miguel/b67a3e838a6629675ba4684aa9f5e1da"}]}, "meta": {"autoPlayableTTS": [], "sectionIndex": 0, "backgroundColor": null}}, {"type": "verticalSpace", "element": 16, "meta": {"autoPlayableTTS": [], "sectionIndex": 0, "backgroundColor": null}}, {"type": "dialogue", "element": {"phrases": [{"text": {"styledString": {"text": "\u00bfMe ayudas a poner esta mesa all\u00e1?", "styling": [{"from": 0, "to": 34, "attributes": {"alignment": "left", "fontSize": 19, "fontWeight": "normal", "textColor": "4B4B4B", "lineSpacing": 5}}]}, "tokenTTS": {"tokenTTSCollection": []}, "blockHints": [{"value": "\u00bf"}, {"value": "Me", "hintTable": {"headers": ["me", "ayudas"], "rows": [[{"hint": "(?) can you help me", "colspan": 2}], [{"hint": "(you) help me", "colspan": 2}], [{"hint": "(?) will you help me", "colspan": 2}], [{"hint": "me", "colspan": 1}, {"colspan": 1}], [{"hint": "for me", "colspan": 1}, {"colspan": 1}], [{"hint": "myself", "colspan": 1}, {"colspan": 1}]], "references": [1]}, "tts": "https://d1vq87e9lcf771.cloudfront.net/miguel/e0523aab2519a0650d3b9410064d0876"}, {"value": " "}, {"value": "ayudas", "hintTable": {"headers": ["me", "ayudas"], "rows": [[{"hint": "(?) can you help me", "colspan": 2}], [{"hint": "(you) help me", "colspan": 2}], [{"hint": "(?) will you help me", "colspan": 2}], [{"colspan": 1}, {"hint": "(you) help", "colspan": 1}], [{"colspan": 1}, {"hint": "help", "colspan": 1}], [{"colspan": 1}, {"hint": "(?) do you help", "colspan": 1}]], "references": [0]}, "tts": "https://d1vq87e9lcf771.cloudfront.net/miguel/ce0587cf1b115124197ce81a059c381f"}, {"value": " "}, {"value": "a", "hintTable": {"rows": [[{"hint": "to", "colspan": 1}], [{"hint": "with", "colspan": 1}], [{"hint": "in", "colspan": 1}]], "references": []}, "tts": "https://d1vq87e9lcf771.cloudfront.net/miguel/a615ab7aef51e62ab81ce9255166fc65"}, {"value": " "}, {"value": "poner", "hintTable": {"rows": [[{"hint": "(to) put", "colspan": 1}], [{"hint": "put", "colspan": 1}], [{"hint": "put on", "colspan": 1}]], "references": []}, "tts": "https://d1vq87e9lcf771.cloudfront.net/miguel/bc8873b38e87b0f23e80084ce1eb7eb6"}, {"value": " "}, {"value": "esta", "hintTable": {"rows": [[{"hint": "this", "colspan": 1}], [{"hint": "this one", "colspan": 1}], [{"hint": "these", "colspan": 1}]], "references": []}, "tts": "https://d1vq87e9lcf771.cloudfront.net/penelope/fbd10807a7abd93c139a0644915679da"}, {"value": " "}, {"value": "mesa", "hintTable": {"rows": [[{"hint": "table", "colspan": 1}]], "references": []}, "tts": "https://d1vq87e9lcf771.cloudfront.net/miguel/c9d3a1504aa9189ef1f867fc8c1eb564"}, {"value": " "}, {"value": "all\u00e1", "hintTable": {"rows": [[{"hint": "over there", "colspan": 1}], [{"hint": "there", "colspan": 1}]], "references": []}, "tts": "https://d1vq87e9lcf771.cloudfront.net/miguel/b6429082f407230955696f1bd287124e"}, {"value": "?"}]}, "subtext": {"styledString": {"text": "Can you help me put this table over there?", "styling": [{"from": 0, "to": 42, "attributes": {"alignment": "left", "fontSize": 19, "fontWeight": "normal", "textColor": "AFAFAF", "lineSpacing": 5}}]}, "tokenTTS": {"tokenTTSCollection": []}}, "ttsURL": "https://d1vq87e9lcf771.cloudfront.net/miguel/286dc2e7bca86f242794e37fec90fb28"}]}, "meta": {"autoPlayableTTS": [], "sectionIndex": 0, "backgroundColor": null}}, {"type": "verticalSpace", "element": 16, "meta": {"autoPlayableTTS": [], "sectionIndex": 0, "backgroundColor": null}}, {"type": "dialogue", "element": {"phrases": [{"text": {"styledString": {"text": "\u00bfLimpias la ducha, por favor?", "styling": [{"from": 0, "to": 29, "attributes": {"alignment": "left", "fontSize": 19, "fontWeight": "normal", "textColor": "4B4B4B", "lineSpacing": 5}}]}, "tokenTTS": {"tokenTTSCollection": []}, "blockHints": [{"value": "\u00bf"}, {"value": "Limpias", "hintTable": {"rows": [[{"hint": "(?) can you clean", "colspan": 1}], [{"hint": "(you) clean", "colspan": 1}], [{"hint": "clean", "colspan": 1}]], "references": []}, "tts": "https://d1vq87e9lcf771.cloudfront.net/miguel/d3c226d00969a81e3a19a63684722a77"}, {"value": " "}, {"value": "la", "hintTable": {"rows": [[{"hint": "the", "colspan": 1}], [{"hint": "your", "colspan": 1}], [{"hint": "her", "colspan": 1}]], "references": []}, "tts": "https://d1vq87e9lcf771.cloudfront.net/miguel/e9ea010281921357dd4b130d51e7488b"}, {"value": " "}, {"value": "ducha", "hintTable": {"rows": [[{"hint": "shower", "colspan": 1}]], "references": []}, "tts": "https://d1vq87e9lcf771.cloudfront.net/miguel/58b5bee8f5aaaa7f933c181ba1f5f6f0"}, {"value": ","}, {"value": " "}, {"value": "por", "hintTable": {"headers": ["por", "favor"], "rows": [[{"hint": "please", "colspan": 2}], [{"hint": "to", "colspan": 1}, {"colspan": 1}], [{"hint": "because", "colspan": 1}, {"colspan": 1}], [{"hint": "through", "colspan": 1}, {"colspan": 1}]], "references": [4]}, "tts": "https://d1vq87e9lcf771.cloudfront.net/miguel/e339e0bfe581d755bb02344cc04edecc"}, {"value": " "}, {"value": "favor", "hintTable": {"headers": ["por", "favor"], "rows": [[{"hint": "please", "colspan": 2}], [{"colspan": 1}, {"hint": "favor", "colspan": 1}]], "references": [3]}, "tts": "https://d1vq87e9lcf771.cloudfront.net/miguel/9358c3c3f8307e1eefb952fa52f8135d"}, {"value": "?"}]}, "subtext": {"styledString": {"text": "Can you clean the shower, please?", "styling": [{"from": 0, "to": 33, "attributes": {"alignment": "left", "fontSize": 19, "fontWeight": "normal", "textColor": "AFAFAF", "lineSpacing": 5}}]}, "tokenTTS": {"tokenTTSCollection": []}}, "ttsURL": "https://d1vq87e9lcf771.cloudfront.net/miguel/65ccd92c5c6bfdf0a1b5d60820e0a322"}]}, "meta": {"autoPlayableTTS": [], "sectionIndex": 0, "backgroundColor": null}}, {"type": "verticalSpace", "element": 24, "meta": {"autoPlayableTTS": [], "sectionIndex": 0, "backgroundColor": null}}, {"type": "verticalSpace", "element": 24, "meta": {"autoPlayableTTS": [], "sectionIndex": 0, "backgroundColor": "DDF4FF"}}, {"type": "text", "element": {"styledString": {"text": "TIP", "styling": [{"from": 0, "to": 3, "attributes": {"alignment": "left", "fontSize": 17, "fontWeight": "bold", "textColor": "1CB0F6", "lineSpacing": 4}}]}, "tokenTTS": {"tokenTTSCollection": []}}, "meta": {"autoPlayableTTS": [], "sectionIndex": 0, "backgroundColor": "DDF4FF"}}, {"type": "verticalSpace", "element": 8, "meta": {"autoPlayableTTS": [], "sectionIndex": 0, "backgroundColor": "DDF4FF"}}, {"type": "text", "element": {"styledString": {"text": "Lev\u00e1ntate", "styling": [{"from": 0, "to": 9, "attributes": {"alignment": "left", "fontSize": 25, "fontWeight": "bold", "textColor": "4B4B4B", "lineSpacing": 4}}]}, "tokenTTS": {"tokenTTSCollection": []}, "hints": {"hints": [], "hintLinks": []}}, "meta": {"autoPlayableTTS": [], "sectionIndex": 0, "backgroundColor": "DDF4FF"}}, {"type": "verticalSpace", "element": 12, "meta": {"autoPlayableTTS": [], "sectionIndex": 0, "backgroundColor": "DDF4FF"}}, {"type": "text", "element": {"styledString": {"text": "We\u2019ve seen that words like me, te, and se can get attached to the end of an infinitive.", "styling": [{"from": 0, "to": 27, "attributes": {"alignment": "left", "fontSize": 19, "fontWeight": "normal", "textColor": "4B4B4B", "lineSpacing": 5}}, {"from": 27, "to": 29, "attributes": {"alignment": "left", "fontSize": 19, "fontWeight": "bold", "textColor": "1CB0F6", "lineSpacing": 5}}, {"from": 29, "to": 31, "attributes": {"alignment": "left", "fontSize": 19, "fontWeight": "normal", "textColor": "4B4B4B", "lineSpacing": 5}}, {"from": 31, "to": 33, "attributes": {"alignment": "left", "fontSize": 19, "fontWeight": "bold", "textColor": "1CB0F6", "lineSpacing": 5}}, {"from": 33, "to": 39, "attributes": {"alignment": "left", "fontSize": 19, "fontWeight": "normal", "textColor": "4B4B4B", "lineSpacing": 5}}, {"from": 39, "to": 41, "attributes": {"alignment": "left", "fontSize": 19, "fontWeight": "bold", "textColor": "1CB0F6", "lineSpacing": 5}}, {"from": 41, "to": 87, "attributes": {"alignment": "left", "fontSize": 19, "fontWeight": "normal", "textColor": "4B4B4B", "lineSpacing": 5}}]}, "tokenTTS": {"tokenTTSCollection": [{"startIndex": 27, "endIndex": 28, "ttsURL": "https://d1vq87e9lcf771.cloudfront.net/miguel/e0523aab2519a0650d3b9410064d0876"}, {"startIndex": 31, "endIndex": 32, "ttsURL": "https://d1vq87e9lcf771.cloudfront.net/miguel/d7cd39e9a857d0b69e8da9436b0441c3"}, {"startIndex": 39, "endIndex": 40, "ttsURL": "https://d1vq87e9lcf771.cloudfront.net/miguel/280c99b084555e99f6fc9c3867f3198e"}]}, "hints": {"hints": ["myself", "yourself", "himself / herself / yourself (formal)", "An infinitive is the basic form of a verb. In Spanish, infinitives end with \"-er\" (\"comer\"), \"-ir\" (\"escribir\"), or \"-ar\" (\"hablar\")."], "hintLinks": [{"index": 0, "rangeStart": 27, "rangeEnd": 28}, {"index": 1, "rangeStart": 31, "rangeEnd": 32}, {"index": 2, "rangeStart": 39, "rangeEnd": 40}, {"index": 3, "rangeStart": 76, "rangeEnd": 85}]}}, "meta": {"autoPlayableTTS": [], "sectionIndex": 0, "backgroundColor": "DDF4FF"}}, {"type": "verticalSpace", "element": 24, "meta": {"autoPlayableTTS": [], "sectionIndex": 0, "backgroundColor": "DDF4FF"}}, {"type": "exampleCaptionedImage", "element": {"image": {"url": "https://d1btvuu4dwu627.cloudfront.net/1935260bb45227d2abc8062355f5ce9f/6f8bac1b9f3172fc84f1721af6476142/images/4eb3ab0f83a342ffbfea7f6cc7f4f8a1.pdf"}, "examples": [{"text": {"styledString": {"text": "Tienes que levantarte temprano.", "styling": [{"from": 0, "to": 19, "attributes": {"alignment": "center", "fontSize": 19, "fontWeight": "normal", "textColor": "4B4B4B", "lineSpacing": 5}}, {"from": 19, "to": 21, "attributes": {"alignment": "center", "fontSize": 19, "fontWeight": "bold", "textColor": "1CB0F6", "lineSpacing": 8}}, {"from": 21, "to": 31, "attributes": {"alignment": "center", "fontSize": 19, "fontWeight": "normal", "textColor": "4B4B4B", "lineSpacing": 5}}]}, "tokenTTS": {"tokenTTSCollection": [{"startIndex": 0, "endIndex": 29, "ttsURL": "https://d1vq87e9lcf771.cloudfront.net/miguel/f601b2c729c23f35caa1226415d8cb31"}]}, "hints": {"hints": ["you need to wake up early"], "hintLinks": [{"index": 0, "rangeStart": 0, "rangeEnd": 29}]}}, "subtext": {"styledString": {"text": "You need to wake up early.", "styling": [{"from": 0, "to": 26, "attributes": {"alignment": "center", "fontSize": 19, "fontWeight": "normal", "textColor": "AFAFAF", "lineSpacing": 8}}]}, "tokenTTS": {"tokenTTSCollection": []}, "hints": {"hints": [], "hintLinks": []}}, "ttsURL": "https://d1vq87e9lcf771.cloudfront.net/miguel/e3dda4857f1b4b4edc899c0b9e8ce881"}], "layout": "wideImageWithTextBelow"}, "meta": {"autoPlayableTTS": [], "sectionIndex": 0, "backgroundColor": "DDF4FF"}}, {"type": "verticalSpace", "element": 24, "meta": {"autoPlayableTTS": [], "sectionIndex": 0, "backgroundColor": "DDF4FF"}}, {"type": "text", "element": {"styledString": {"text": "If you\u2019re giving a command, you have to attach these words to the end of the verb!", "styling": [{"from": 0, "to": 82, "attributes": {"alignment": "left", "fontSize": 19, "fontWeight": "normal", "textColor": "4B4B4B", "lineSpacing": 5}}]}, "tokenTTS": {"tokenTTSCollection": []}, "hints": {"hints": ["A verb expresses an action (\u201cLuis cooks every day\u201d) or a state of being (\u201cI am sick\u201d)."], "hintLinks": [{"index": 0, "rangeStart": 77, "rangeEnd": 80}]}}, "meta": {"autoPlayableTTS": [], "sectionIndex": 0, "backgroundColor": "DDF4FF"}}, {"type": "verticalSpace", "element": 24, "meta": {"autoPlayableTTS": [], "sectionIndex": 0, "backgroundColor": "DDF4FF"}}, {"type": "exampleCaptionedImage", "element": {"image": {"url": "https://d1btvuu4dwu627.cloudfront.net/1935260bb45227d2abc8062355f5ce9f/6f8bac1b9f3172fc84f1721af6476142/images/bb5c2d6783aa4b15919a781296446b19.pdf"}, "examples": [{"text": {"styledString": {"text": "\u00a1Lev\u00e1ntate!", "styling": [{"from": 0, "to": 8, "attributes": {"alignment": "center", "fontSize": 19, "fontWeight": "normal", "textColor": "4B4B4B", "lineSpacing": 5}}, {"from": 8, "to": 10, "attributes": {"alignment": "center", "fontSize": 19, "fontWeight": "bold", "textColor": "1CB0F6", "lineSpacing": 8}}, {"from": 10, "to": 11, "attributes": {"alignment": "center", "fontSize": 19, "fontWeight": "normal", "textColor": "4B4B4B", "lineSpacing": 5}}]}, "tokenTTS": {"tokenTTSCollection": [{"startIndex": 0, "endIndex": 10, "ttsURL": "https://d1vq87e9lcf771.cloudfront.net/miguel/766f2f8569b3025dd633726f1d444d0a"}]}, "hints": {"hints": ["get up"], "hintLinks": [{"index": 0, "rangeStart": 0, "rangeEnd": 10}]}}, "subtext": {"styledString": {"text": "Get up!", "styling": [{"from": 0, "to": 7, "attributes": {"alignment": "center", "fontSize": 19, "fontWeight": "normal", "textColor": "AFAFAF", "lineSpacing": 8}}]}, "tokenTTS": {"tokenTTSCollection": []}, "hints": {"hints": [], "hintLinks": []}}, "ttsURL": "https://d1vq87e9lcf771.cloudfront.net/miguel/766f2f8569b3025dd633726f1d444d0a"}], "layout": "wideImageWithTextBelow"}, "meta": {"autoPlayableTTS": [], "sectionIndex": 0, "backgroundColor": "DDF4FF"}}, {"type": "verticalSpace", "element": 24, "meta": {"autoPlayableTTS": [], "sectionIndex": 0, "backgroundColor": "DDF4FF"}}, {"type": "exampleCaptionedImage", "element": {"image": {"url": "https://d1btvuu4dwu627.cloudfront.net/1935260bb45227d2abc8062355f5ce9f/6f8bac1b9f3172fc84f1721af6476142/images/96cc6e26e303409c959ee1defae04601.pdf"}, "examples": [{"text": {"styledString": {"text": "Se\u00f1or, l\u00e1vese las manos en este ba\u00f1o.", "styling": [{"from": 0, "to": 11, "attributes": {"alignment": "center", "fontSize": 19, "fontWeight": "normal", "textColor": "4B4B4B", "lineSpacing": 5}}, {"from": 11, "to": 13, "attributes": {"alignment": "center", "fontSize": 19, "fontWeight": "bold", "textColor": "1CB0F6", "lineSpacing": 8}}, {"from": 13, "to": 37, "attributes": {"alignment": "center", "fontSize": 19, "fontWeight": "normal", "textColor": "4B4B4B", "lineSpacing": 5}}]}, "tokenTTS": {"tokenTTSCollection": [{"startIndex": 0, "endIndex": 36, "ttsURL": "https://d1vq87e9lcf771.cloudfront.net/miguel/566758eb6c05c6e7237a057f5a925b07"}]}, "hints": {"hints": ["sir, wash your hands in this bathroom"], "hintLinks": [{"index": 0, "rangeStart": 0, "rangeEnd": 36}]}}, "subtext": {"styledString": {"text": "Sir, wash your hands in this bathroom.", "styling": [{"from": 0, "to": 38, "attributes": {"alignment": "center", "fontSize": 19, "fontWeight": "normal", "textColor": "AFAFAF", "lineSpacing": 8}}]}, "tokenTTS": {"tokenTTSCollection": []}, "hints": {"hints": [], "hintLinks": []}}, "ttsURL": "https://d1vq87e9lcf771.cloudfront.net/miguel/566758eb6c05c6e7237a057f5a925b07"}], "layout": "wideImageWithTextBelow"}, "meta": {"autoPlayableTTS": [], "sectionIndex": 0, "backgroundColor": "DDF4FF"}}, {"type": "verticalSpace", "element": 24, "meta": {"autoPlayableTTS": [], "sectionIndex": 0, "backgroundColor": "DDF4FF"}}, {"type": "verticalSpace", "element": 2, "meta": {"autoPlayableTTS": [], "sectionIndex": 0, "backgroundColor": "84D8FF"}}, {"type": "verticalSpace", "element": 24, "meta": {"autoPlayableTTS": [], "sectionIndex": 0, "backgroundColor": "DDF4FF"}}, {"type": "text", "element": {"styledString": {"text": "TIP", "styling": [{"from": 0, "to": 3, "attributes": {"alignment": "left", "fontSize": 17, "fontWeight": "bold", "textColor": "1CB0F6", "lineSpacing": 4}}]}, "tokenTTS": {"tokenTTSCollection": []}}, "meta": {"autoPlayableTTS": [], "sectionIndex": 0, "backgroundColor": "DDF4FF"}}, {"type": "verticalSpace", "element": 8, "meta": {"autoPlayableTTS": [], "sectionIndex": 0, "backgroundColor": "DDF4FF"}}, {"type": "text", "element": {"styledString": {"text": "\u00bfMe ayudas?", "styling": [{"from": 0, "to": 11, "attributes": {"alignment": "left", "fontSize": 25, "fontWeight": "bold", "textColor": "4B4B4B", "lineSpacing": 4}}]}, "tokenTTS": {"tokenTTSCollection": []}, "hints": {"hints": [], "hintLinks": []}}, "meta": {"autoPlayableTTS": [], "sectionIndex": 0, "backgroundColor": "DDF4FF"}}, {"type": "verticalSpace", "element": 12, "meta": {"autoPlayableTTS": [], "sectionIndex": 0, "backgroundColor": "DDF4FF"}}, {"type": "text", "element": {"styledString": {"text": "With requests or offers in English, we often use words like will or can to be polite (for example,  Will you open the door for me? or Can I help you with that?). In Spanish, it\u2019s okay to be more direct!", "styling": [{"from": 0, "to": 60, "attributes": {"alignment": "left", "fontSize": 19, "fontWeight": "normal", "textColor": "4B4B4B", "lineSpacing": 5}}, {"from": 60, "to": 64, "attributes": {"alignment": "left", "fontSize": 19, "fontWeight": "bold", "textColor": "4B4B4B", "lineSpacing": 5}}, {"from": 64, "to": 68, "attributes": {"alignment": "left", "fontSize": 19, "fontWeight": "normal", "textColor": "4B4B4B", "lineSpacing": 5}}, {"from": 68, "to": 71, "attributes": {"alignment": "left", "fontSize": 19, "fontWeight": "bold", "textColor": "4B4B4B", "lineSpacing": 5}}, {"from": 71, "to": 100, "attributes": {"alignment": "left", "fontSize": 19, "fontWeight": "normal", "textColor": "4B4B4B", "lineSpacing": 5}}, {"from": 100, "to": 130, "attributes": {"alignment": "left", "fontSize": 19, "fontWeight": "bold", "textColor": "4B4B4B", "lineSpacing": 5}}, {"from": 130, "to": 134, "attributes": {"alignment": "left", "fontSize": 19, "fontWeight": "normal", "textColor": "4B4B4B", "lineSpacing": 5}}, {"from": 134, "to": 159, "attributes": {"alignment": "left", "fontSize": 19, "fontWeight": "bold", "textColor": "4B4B4B", "lineSpacing": 5}}, {"from": 159, "to": 202, "attributes": {"alignment": "left", "fontSize": 19, "fontWeight": "normal", "textColor": "4B4B4B", "lineSpacing": 5}}]}, "tokenTTS": {"tokenTTSCollection": []}, "hints": {"hints": [], "hintLinks": []}}, "meta": {"autoPlayableTTS": [], "sectionIndex": 0, "backgroundColor": "DDF4FF"}}, {"type": "verticalSpace", "element": 24, "meta": {"autoPlayableTTS": [], "sectionIndex": 0, "backgroundColor": "DDF4FF"}}, {"type": "exampleCaptionedImage", "element": {"image": {"url": "https://d1btvuu4dwu627.cloudfront.net/1935260bb45227d2abc8062355f5ce9f/6f8bac1b9f3172fc84f1721af6476142/images/9db8054dc9ea48dbabe48efebf44de7c.pdf"}, "examples": [{"text": {"styledString": {"text": "\u00bfTomas esta manzana?", "styling": [{"from": 0, "to": 20, "attributes": {"alignment": "center", "fontSize": 19, "fontWeight": "normal", "textColor": "4B4B4B", "lineSpacing": 5}}]}, "tokenTTS": {"tokenTTSCollection": [{"startIndex": 0, "endIndex": 19, "ttsURL": "https://d1vq87e9lcf771.cloudfront.net/miguel/a7010ee6ec208048fe79bf1bd4c9a8f2"}]}, "hints": {"hints": ["will you take this apple"], "hintLinks": [{"index": 0, "rangeStart": 0, "rangeEnd": 19}]}}, "subtext": {"styledString": {"text": "Will you take this apple?", "styling": [{"from": 0, "to": 25, "attributes": {"alignment": "center", "fontSize": 19, "fontWeight": "normal", "textColor": "AFAFAF", "lineSpacing": 8}}]}, "tokenTTS": {"tokenTTSCollection": []}, "hints": {"hints": [], "hintLinks": []}}, "ttsURL": "https://d1vq87e9lcf771.cloudfront.net/miguel/a7010ee6ec208048fe79bf1bd4c9a8f2"}], "layout": "wideImageWithTextBelow"}, "meta": {"autoPlayableTTS": [], "sectionIndex": 0, "backgroundColor": "DDF4FF"}}, {"type": "verticalSpace", "element": 24, "meta": {"autoPlayableTTS": [], "sectionIndex": 0, "backgroundColor": "DDF4FF"}}, {"type": "exampleCaptionedImage", "element": {"image": {"url": "https://d1btvuu4dwu627.cloudfront.net/1935260bb45227d2abc8062355f5ce9f/6f8bac1b9f3172fc84f1721af6476142/images/45719acc793341079aa1d5ce87d9bf3b.pdf"}, "examples": [{"text": {"styledString": {"text": "\u00bfTe ayudo con la granja?", "styling": [{"from": 0, "to": 24, "attributes": {"alignment": "center", "fontSize": 19, "fontWeight": "normal", "textColor": "4B4B4B", "lineSpacing": 5}}]}, "tokenTTS": {"tokenTTSCollection": [{"startIndex": 0, "endIndex": 23, "ttsURL": "https://d1vq87e9lcf771.cloudfront.net/miguel/32495cbdba22e2e8811d6bfef69118f7"}]}, "hints": {"hints": ["can I help you with the farm"], "hintLinks": [{"index": 0, "rangeStart": 0, "rangeEnd": 23}]}}, "subtext": {"styledString": {"text": " Can I help you with the farm?", "styling": [{"from": 0, "to": 1, "attributes": {"alignment": "center", "fontSize": 19, "fontWeight": "normal", "textColor": "4B4B4B", "lineSpacing": 5}}, {"from": 1, "to": 30, "attributes": {"alignment": "center", "fontSize": 19, "fontWeight": "normal", "textColor": "AFAFAF", "lineSpacing": 8}}]}, "tokenTTS": {"tokenTTSCollection": []}, "hints": {"hints": [], "hintLinks": []}}, "ttsURL": "https://d1vq87e9lcf771.cloudfront.net/miguel/32495cbdba22e2e8811d6bfef69118f7"}], "layout": "wideImageWithTextBelow"}, "meta": {"autoPlayableTTS": [], "sectionIndex": 0, "backgroundColor": "DDF4FF"}}, {"type": "verticalSpace", "element": 24, "meta": {"autoPlayableTTS": [], "sectionIndex": 0, "backgroundColor": "DDF4FF"}}, {"type": "exampleCaptionedImage", "element": {"image": {"url": "https://d1btvuu4dwu627.cloudfront.net/1935260bb45227d2abc8062355f5ce9f/6f8bac1b9f3172fc84f1721af6476142/images/28e8c312f542482487896f76f5802f5c.pdf"}, "examples": [{"text": {"styledString": {"text": "\u00bfMe traes un tenedor limpio, por favor?", "styling": [{"from": 0, "to": 39, "attributes": {"alignment": "center", "fontSize": 19, "fontWeight": "normal", "textColor": "4B4B4B", "lineSpacing": 5}}]}, "tokenTTS": {"tokenTTSCollection": [{"startIndex": 0, "endIndex": 38, "ttsURL": "https://d1vq87e9lcf771.cloudfront.net/miguel/0f7eef49938db8baee215cce0c39c3ec"}]}, "hints": {"hints": ["can you get me a clean fork, please"], "hintLinks": [{"index": 0, "rangeStart": 0, "rangeEnd": 38}]}}, "subtext": {"styledString": {"text": "Can you get me a clean fork, please?", "styling": [{"from": 0, "to": 36, "attributes": {"alignment": "center", "fontSize": 19, "fontWeight": "normal", "textColor": "AFAFAF", "lineSpacing": 8}}]}, "tokenTTS": {"tokenTTSCollection": []}, "hints": {"hints": [], "hintLinks": []}}, "ttsURL": "https://d1vq87e9lcf771.cloudfront.net/miguel/0f7eef49938db8baee215cce0c39c3ec"}], "layout": "wideImageWithTextBelow"}, "meta": {"autoPlayableTTS": [], "sectionIndex": 0, "backgroundColor": "DDF4FF"}}, {"type": "verticalSpace", "element": 24, "meta": {"autoPlayableTTS": [], "sectionIndex": 0, "backgroundColor": "DDF4FF"}}], "resourcesToPrefetch": [{"required": false, "url": "https://d1vq87e9lcf771.cloudfront.net/miguel/65ccd92c5c6bfdf0a1b5d60820e0a322", "type": "mp3"}, {"required": false, "url": "https://d1vq87e9lcf771.cloudfront.net/miguel/1bb5c327bf6bbe2021ab9317f33238a6", "type": "mp3"}, {"required": false, "url": "https://d1vq87e9lcf771.cloudfront.net/miguel/e923de8b027087019352182e992da909", "type": "mp3"}, {"required": false, "url": "https://d1vq87e9lcf771.cloudfront.net/miguel/32495cbdba22e2e8811d6bfef69118f7", "type": "mp3"}, {"required": false, "url": "https://d1vq87e9lcf771.cloudfront.net/miguel/566758eb6c05c6e7237a057f5a925b07", "type": "mp3"}, {"required": true, "url": "https://d1btvuu4dwu627.cloudfront.net/1935260bb45227d2abc8062355f5ce9f/6f8bac1b9f3172fc84f1721af6476142/images/28e8c312f542482487896f76f5802f5c.pdf", "type": "pdf"}, {"required": false, "url": "https://d1vq87e9lcf771.cloudfront.net/miguel/b67a3e838a6629675ba4684aa9f5e1da", "type": "mp3"}, {"required": false, "url": "https://d1vq87e9lcf771.cloudfront.net/miguel/0f7eef49938db8baee215cce0c39c3ec", "type": "mp3"}, {"required": false, "url": "https://d1vq87e9lcf771.cloudfront.net/miguel/766f2f8569b3025dd633726f1d444d0a", "type": "mp3"}, {"required": false, "url": "https://d1vq87e9lcf771.cloudfront.net/miguel/f601b2c729c23f35caa1226415d8cb31", "type": "mp3"}, {"required": true, "url": "https://d1btvuu4dwu627.cloudfront.net/1935260bb45227d2abc8062355f5ce9f/6f8bac1b9f3172fc84f1721af6476142/images/9db8054dc9ea48dbabe48efebf44de7c.pdf", "type": "pdf"}, {"required": true, "url": "https://d1btvuu4dwu627.cloudfront.net/1935260bb45227d2abc8062355f5ce9f/6f8bac1b9f3172fc84f1721af6476142/images/bb5c2d6783aa4b15919a781296446b19.pdf", "type": "pdf"}, {"required": false, "url": "https://d1vq87e9lcf771.cloudfront.net/miguel/1777c4d0b67d83d36271e749b9ae2c8e", "type": "mp3"}, {"required": false, "url": "https://d1vq87e9lcf771.cloudfront.net/miguel/e0523aab2519a0650d3b9410064d0876", "type": "mp3"}, {"required": true, "url": "https://d1btvuu4dwu627.cloudfront.net/1935260bb45227d2abc8062355f5ce9f/6f8bac1b9f3172fc84f1721af6476142/images/96cc6e26e303409c959ee1defae04601.pdf", "type": "pdf"}, {"required": false, "url": "https://d1vq87e9lcf771.cloudfront.net/miguel/e3dda4857f1b4b4edc899c0b9e8ce881", "type": "mp3"}, {"required": false, "url": "https://d1vq87e9lcf771.cloudfront.net/miguel/286dc2e7bca86f242794e37fec90fb28", "type": "mp3"}, {"required": true, "url": "https://d1btvuu4dwu627.cloudfront.net/1935260bb45227d2abc8062355f5ce9f/6f8bac1b9f3172fc84f1721af6476142/images/4eb3ab0f83a342ffbfea7f6cc7f4f8a1.pdf", "type": "pdf"}, {"required": false, "url": "https://d1vq87e9lcf771.cloudfront.net/miguel/280c99b084555e99f6fc9c3867f3198e", "type": "mp3"}, {"required": true, "url": "https://d1btvuu4dwu627.cloudfront.net/1935260bb45227d2abc8062355f5ce9f/6f8bac1b9f3172fc84f1721af6476142/images/45719acc793341079aa1d5ce87d9bf3b.pdf", "type": "pdf"}, {"required": false, "url": "https://d1vq87e9lcf771.cloudfront.net/miguel/d7cd39e9a857d0b69e8da9436b0441c3", "type": "mp3"}, {"required": false, "url": "https://d1vq87e9lcf771.cloudfront.net/miguel/a7010ee6ec208048fe79bf1bd4c9a8f2", "type": "mp3"}]}