{"elements": [{"type": "verticalSpace", "element": 2, "meta": {"autoPlayableTTS": [], "sectionIndex": 0, "backgroundColor": "E5E5E5"}}, {"type": "verticalSpace", "element": 24, "meta": {"autoPlayableTTS": [], "sectionIndex": 0, "backgroundColor": null}}, {"type": "text", "element": {"styledString": {"text": "KEY PHRASES", "styling": [{"from": 0, "to": 11, "attributes": {"alignment": "left", "fontSize": 17, "fontWeight": "bold", "textColor": "1CB0F6", "lineSpacing": 4}}]}, "tokenTTS": {"tokenTTSCollection": []}}, "meta": {"autoPlayableTTS": [], "sectionIndex": 0, "backgroundColor": null}}, {"type": "verticalSpace", "element": 8, "meta": {"autoPlayableTTS": [], "sectionIndex": 0, "backgroundColor": null}}, {"type": "text", "element": {"styledString": {"text": "Shop at a market", "styling": [{"from": 0, "to": 16, "attributes": {"alignment": "left", "fontSize": 25, "fontWeight": "bold", "textColor": "4B4B4B", "lineSpacing": 4}}]}, "tokenTTS": {"tokenTTSCollection": []}}, "meta": {"autoPlayableTTS": [], "sectionIndex": 0, "backgroundColor": null}}, {"type": "verticalSpace", "element": 16, "meta": {"autoPlayableTTS": [], "sectionIndex": 0, "backgroundColor": null}}, {"type": "dialogue", "element": {"phrases": [{"text": {"styledString": {"text": "J'ai besoin d'un oignon.", "styling": [{"from": 0, "to": 24, "attributes": {"alignment": "left", "fontSize": 19, "fontWeight": "normal", "textColor": "4B4B4B", "lineSpacing": 5}}]}, "tokenTTS": {"tokenTTSCollection": []}, "blockHints": [{"value": "J'", "hintTable": {"headers": ["j'", "ai"], "rows": [[{"hint": "I'm", "colspan": 2}], [{"hint": "I've", "colspan": 2}], [{"hint": "I", "colspan": 1}, {"colspan": 1}]], "references": [1]}, "tts": "https://d1vq87e9lcf771.cloudfront.net/danielle/c839fdc2ccbaf9f6fe27b78659f801f2"}, {"value": "ai", "hintTable": {"headers": ["ai", "besoin", "d'"], "rows": [[{"hint": "need", "colspan": 3}], [{"hint": "have", "colspan": 1}, {"colspan": 1}, {"colspan": 1}], [{"hint": "feel", "colspan": 1}, {"colspan": 1}, {"colspan": 1}]], "references": [0]}, "tts": "https://d1vq87e9lcf771.cloudfront.net/danielle/945704840e035e2ea1325d5250fe6554"}, {"value": " "}, {"value": "besoin", "hintTable": {"headers": ["ai", "besoin", "d'"], "rows": [[{"hint": "need", "colspan": 3}], [{"colspan": 1}, {"hint": "need", "colspan": 2}], [{"colspan": 1}, {"hint": "need", "colspan": 1}, {"colspan": 1}], [{"colspan": 1}, {"hint": "needs", "colspan": 1}, {"colspan": 1}]], "references": [3]}, "tts": "https://d1vq87e9lcf771.cloudfront.net/danielle/a1eae21b2341b45afa82afcb086eb50c"}, {"value": " "}, {"value": "d'", "hintTable": {"headers": ["ai", "besoin", "d'"], "rows": [[{"hint": "need", "colspan": 3}], [{"colspan": 1}, {"hint": "need", "colspan": 2}], [{"colspan": 1}, {"colspan": 1}, {"hint": "of", "colspan": 1}], [{"colspan": 1}, {"colspan": 1}, {"hint": "in", "colspan": 1}]], "references": [2]}, "tts": "https://d1vq87e9lcf771.cloudfront.net/danielle/a94a36b5b24126e88ad27088077b0085"}, {"value": "un", "hintTable": {"rows": [[{"hint": "an", "colspan": 1}], [{"hint": "a", "colspan": 1}], [{"hint": "one", "colspan": 1}]], "references": []}, "tts": "https://d1vq87e9lcf771.cloudfront.net/danielle/848ed0134fe5035cc26127d08f5412fe"}, {"value": " "}, {"value": "oignon", "hintTable": {"rows": [[{"hint": "onion", "colspan": 1}]], "references": []}, "tts": "https://d1vq87e9lcf771.cloudfront.net/danielle/f27a5bfbb0e8ce99f1bffe38714f0c39"}, {"value": "."}]}, "subtext": {"styledString": {"text": "I need an onion.", "styling": [{"from": 0, "to": 16, "attributes": {"alignment": "left", "fontSize": 19, "fontWeight": "normal", "textColor": "AFAFAF", "lineSpacing": 5}}]}, "tokenTTS": {"tokenTTSCollection": []}}, "ttsURL": "https://d1vq87e9lcf771.cloudfront.net/danielle/c2c51050855dd0d1d5432e3a05fe9081"}, {"text": {"styledString": {"text": "Tu peux en trouver au march\u00e9.", "styling": [{"from": 0, "to": 29, "attributes": {"alignment": "left", "fontSize": 19, "fontWeight": "normal", "textColor": "4B4B4B", "lineSpacing": 5}}]}, "tokenTTS": {"tokenTTSCollection": []}, "blockHints": [{"value": "Tu", "hintTable": {"rows": [[{"hint": "you", "colspan": 1}], [{"hint": "you'll", "colspan": 1}]], "references": []}, "tts": "https://d1vq87e9lcf771.cloudfront.net/danielle/108696c9e1fe68d2beb23bb6f937a618"}, {"value": " "}, {"value": "peux", "hintTable": {"rows": [[{"hint": "can", "colspan": 1}], [{"hint": "are able to", "colspan": 1}], [{"hint": "am able to", "colspan": 1}]], "references": []}, "tts": "https://d1vq87e9lcf771.cloudfront.net/danielle/33f3d5f623bba8a33b29c603e2b579aa"}, {"value": " "}, {"value": "en", "hintTable": {"rows": [[{"hint": "at", "colspan": 1}], [{"hint": "some", "colspan": 1}], [{"hint": "on the", "colspan": 1}]], "references": []}, "tts": "https://d1vq87e9lcf771.cloudfront.net/danielle/d78cc0266039b684b7f869230583dc45"}, {"value": " "}, {"value": "trouver", "hintTable": {"rows": [[{"hint": "find", "colspan": 1}], [{"hint": "to find", "colspan": 1}], [{"hint": "finding", "colspan": 1}]], "references": []}, "tts": "https://d1vq87e9lcf771.cloudfront.net/danielle/ff73380d27846a50e7e3dc2f15b7ac07"}, {"value": " "}, {"value": "au", "hintTable": {"rows": [[{"hint": "at the", "colspan": 1}], [{"hint": "at", "colspan": 1}], [{"hint": "to the", "colspan": 1}]], "references": []}, "tts": "https://d1vq87e9lcf771.cloudfront.net/danielle/5a70187831616db7fb39a0c6397f276d"}, {"value": " "}, {"value": "march\u00e9", "hintTable": {"rows": [[{"hint": "market", "colspan": 1}], [{"hint": "walked", "colspan": 1}], [{"hint": "worked", "colspan": 1}]], "references": []}, "tts": "https://d1vq87e9lcf771.cloudfront.net/danielle/ff238fdd2385eafb44e9b43bf5219771"}, {"value": "."}]}, "subtext": {"styledString": {"text": "You can find some at the market.", "styling": [{"from": 0, "to": 32, "attributes": {"alignment": "left", "fontSize": 19, "fontWeight": "normal", "textColor": "AFAFAF", "lineSpacing": 5}}]}, "tokenTTS": {"tokenTTSCollection": []}}, "ttsURL": "https://d1vq87e9lcf771.cloudfront.net/danielle/1024dd3cbaf17d94108edcc621fe17fa"}]}, "meta": {"autoPlayableTTS": [], "sectionIndex": 0, "backgroundColor": null}}, {"type": "verticalSpace", "element": 16, "meta": {"autoPlayableTTS": [], "sectionIndex": 0, "backgroundColor": null}}, {"type": "dialogue", "element": {"phrases": [{"text": {"styledString": {"text": "J'ach\u00e8te des champignons ?", "styling": [{"from": 0, "to": 26, "attributes": {"alignment": "left", "fontSize": 19, "fontWeight": "normal", "textColor": "4B4B4B", "lineSpacing": 5}}]}, "tokenTTS": {"tokenTTSCollection": []}, "blockHints": [{"value": "J'", "hintTable": {"headers": ["j'", "ach\u00e8te"], "rows": [[{"hint": "I'm buying", "colspan": 2}], [{"hint": "I", "colspan": 1}, {"colspan": 1}]], "references": [1]}, "tts": "https://d1vq87e9lcf771.cloudfront.net/danielle/c839fdc2ccbaf9f6fe27b78659f801f2"}, {"value": "ach\u00e8te", "hintTable": {"headers": ["j'", "ach\u00e8te"], "rows": [[{"hint": "I'm buying", "colspan": 2}], [{"colspan": 1}, {"hint": "buy", "colspan": 1}], [{"colspan": 1}, {"hint": "am buying", "colspan": 1}], [{"colspan": 1}, {"hint": "get", "colspan": 1}]], "references": [0]}, "tts": "https://d1vq87e9lcf771.cloudfront.net/danielle/61cb136e13018f6956c73a8bf031757b"}, {"value": " "}, {"value": "des", "hintTable": {"headers": ["des", "champignons"], "rows": [[{"hint": "mushrooms", "colspan": 2}], [{"hint": "some", "colspan": 1}, {"colspan": 1}], [{"hint": "the", "colspan": 1}, {"colspan": 1}], [{"hint": "about", "colspan": 1}, {"colspan": 1}]], "references": [3]}, "tts": "https://d1vq87e9lcf771.cloudfront.net/danielle/faa431d60cece297634c78033f5133cb"}, {"value": " "}, {"value": "champignons", "hintTable": {"headers": ["des", "champignons"], "rows": [[{"hint": "mushrooms", "colspan": 2}], [{"colspan": 1}, {"hint": "mushrooms", "colspan": 1}]], "references": [2]}, "tts": "https://d1vq87e9lcf771.cloudfront.net/danielle/5edcf56d8b8887debf61cb265c209766"}, {"value": " "}, {"value": "?"}]}, "subtext": {"styledString": {"text": "Should I buy some mushrooms?", "styling": [{"from": 0, "to": 28, "attributes": {"alignment": "left", "fontSize": 19, "fontWeight": "normal", "textColor": "AFAFAF", "lineSpacing": 5}}]}, "tokenTTS": {"tokenTTSCollection": []}}, "ttsURL": "https://d1vq87e9lcf771.cloudfront.net/danielle/f8abfb639e8ce76fbeb02b36c7568e7e"}, {"text": {"styledString": {"text": "Non, je n'en mange pas.", "styling": [{"from": 0, "to": 23, "attributes": {"alignment": "left", "fontSize": 19, "fontWeight": "normal", "textColor": "4B4B4B", "lineSpacing": 5}}]}, "tokenTTS": {"tokenTTSCollection": []}, "blockHints": [{"value": "Non", "hintTable": {"rows": [[{"hint": "is not", "colspan": 1}], [{"hint": "no", "colspan": 1}], [{"hint": "does not", "colspan": 1}]], "references": []}, "tts": "https://d1vq87e9lcf771.cloudfront.net/danielle/015ca584cfbc5f0a54a3066c0e1b9487"}, {"value": ","}, {"value": " "}, {"value": "je", "hintTable": {"rows": [[{"hint": "I", "colspan": 1}], [{"hint": "me", "colspan": 1}]], "references": []}, "tts": "https://d1vq87e9lcf771.cloudfront.net/danielle/bc9e4b13acbd7ff5019b443aa471b4de"}, {"value": " "}, {"value": "n'", "hintTable": {"headers": ["n'", "...", "pas"], "rows": [[{"hint": "does not", "colspan": 3}], [{"hint": "not", "colspan": 3}], [{"hint": "do not", "colspan": 3}], [{"hint": "any", "colspan": 2}, {"colspan": 1}], [{"hint": "do not", "colspan": 1}, {"colspan": 1}, {"colspan": 1}], [{"hint": "don't", "colspan": 1}, {"colspan": 1}, {"colspan": 1}], [{"hint": "does not", "colspan": 1}, {"colspan": 1}, {"colspan": 1}]], "references": [3]}, "tts": "https://d1vq87e9lcf771.cloudfront.net/danielle/9689399b2fce8825c17cae9a38ac2700"}, {"value": "en", "hintTable": {"headers": ["n'", "en"], "rows": [[{"hint": "any", "colspan": 2}], [{"colspan": 1}, {"hint": "at", "colspan": 1}], [{"colspan": 1}, {"hint": "of", "colspan": 1}], [{"colspan": 1}, {"hint": "made out of", "colspan": 1}]], "references": [2]}, "tts": "https://d1vq87e9lcf771.cloudfront.net/danielle/d78cc0266039b684b7f869230583dc45"}, {"value": " "}, {"value": "mange", "hintTable": {"rows": [[{"hint": "eats", "colspan": 1}], [{"hint": "am eating", "colspan": 1}], [{"hint": "is eating", "colspan": 1}]], "references": []}, "tts": "https://d1vq87e9lcf771.cloudfront.net/danielle/934d3983125ad8df2621f860f84e568b"}, {"value": " "}, {"value": "pas", "hintTable": {"headers": ["n'", "...", "pas"], "rows": [[{"hint": "does not", "colspan": 3}], [{"hint": "not", "colspan": 3}], [{"hint": "do not", "colspan": 3}], [{"colspan": 1}, {"colspan": 1}, {"hint": "no", "colspan": 1}], [{"colspan": 1}, {"colspan": 1}, {"hint": "steps", "colspan": 1}], [{"colspan": 1}, {"colspan": 1}, {"hint": "step", "colspan": 1}]], "references": [3]}, "tts": "https://d1vq87e9lcf771.cloudfront.net/danielle/c456a9e187b2f0772875204436cd741c"}, {"value": "."}]}, "subtext": {"styledString": {"text": "No, I don't eat any.", "styling": [{"from": 0, "to": 20, "attributes": {"alignment": "left", "fontSize": 19, "fontWeight": "normal", "textColor": "AFAFAF", "lineSpacing": 5}}]}, "tokenTTS": {"tokenTTSCollection": []}}, "ttsURL": "https://d1vq87e9lcf771.cloudfront.net/danielle/0febc9204eee8066fb5af610910784af"}]}, "meta": {"autoPlayableTTS": [], "sectionIndex": 0, "backgroundColor": null}}, {"type": "verticalSpace", "element": 16, "meta": {"autoPlayableTTS": [], "sectionIndex": 0, "backgroundColor": null}}, {"type": "dialogue", "element": {"phrases": [{"text": {"styledString": {"text": "Il n'y a plus de carottes dans le frigo.", "styling": [{"from": 0, "to": 40, "attributes": {"alignment": "left", "fontSize": 19, "fontWeight": "normal", "textColor": "4B4B4B", "lineSpacing": 5}}]}, "tokenTTS": {"tokenTTSCollection": []}, "blockHints": [{"value": "Il", "hintTable": {"rows": [[{"hint": "him", "colspan": 1}], [{"hint": "it", "colspan": 1}], [{"hint": "he", "colspan": 1}]], "references": []}, "tts": "https://d1vq87e9lcf771.cloudfront.net/danielle/2cc14eeacdf034fdbb20a8fbdb782326"}, {"value": " "}, {"value": "n'", "hintTable": {"headers": ["n'", "...", "plus"], "rows": [[{"hint": "no more", "colspan": 3}], [{"hint": "no longer", "colspan": 3}], [{"hint": "not anymore", "colspan": 3}], [{"hint": "not", "colspan": 1}, {"colspan": 1}, {"colspan": 1}], [{"hint": "do not", "colspan": 1}, {"colspan": 1}, {"colspan": 1}], [{"hint": "don't", "colspan": 1}, {"colspan": 1}, {"colspan": 1}]], "references": [3]}, "tts": "https://d1vq87e9lcf771.cloudfront.net/danielle/9689399b2fce8825c17cae9a38ac2700"}, {"value": "y", "hintTable": {"rows": [[{"hint": "there", "colspan": 1}], [{"hint": "in it", "colspan": 1}], [{"hint": "there's", "colspan": 1}]], "references": []}, "tts": "https://d1vq87e9lcf771.cloudfront.net/danielle/e85bc122d9c95886e919f2a99c5437c8"}, {"value": " "}, {"value": "a", "hintTable": {"rows": [[{"hint": "gets", "colspan": 1}], [{"hint": "has", "colspan": 1}], [{"hint": "get", "colspan": 1}]], "references": []}, "tts": "https://d1vq87e9lcf771.cloudfront.net/danielle/634fc80350d4866a1d055dc60cc43de0"}, {"value": " "}, {"value": "plus", "hintTable": {"headers": ["n'", "...", "plus"], "rows": [[{"hint": "no more", "colspan": 3}], [{"hint": "no longer", "colspan": 3}], [{"hint": "not anymore", "colspan": 3}], [{"colspan": 1}, {"colspan": 1}, {"hint": "no more", "colspan": 2}], [{"colspan": 1}, {"colspan": 1}, {"hint": "more", "colspan": 2}], [{"colspan": 1}, {"colspan": 1}, {"hint": "any more", "colspan": 2}]], "references": [5]}, "tts": "https://d1vq87e9lcf771.cloudfront.net/danielle/debf1bd63d3da55ba127cf019213260e"}, {"value": " "}, {"value": "de", "hintTable": {"headers": ["plus", "de"], "rows": [[{"hint": "no more", "colspan": 2}], [{"hint": "more", "colspan": 2}], [{"hint": "any more", "colspan": 2}], [{"colspan": 1}, {"hint": "in", "colspan": 1}], [{"colspan": 1}, {"hint": "any", "colspan": 1}], [{"colspan": 1}, {"hint": "of", "colspan": 1}]], "references": [4]}, "tts": "https://d1vq87e9lcf771.cloudfront.net/danielle/440a31450593e609451ea2168f76e988"}, {"value": " "}, {"value": "carottes", "hintTable": {"rows": [[{"hint": "carrots", "colspan": 1}]], "references": []}, "tts": "https://d1vq87e9lcf771.cloudfront.net/danielle/e2220d1da1372071f351ed0fcc74d102"}, {"value": " "}, {"value": "dans", "hintTable": {"rows": [[{"hint": "in", "colspan": 1}], [{"hint": "of", "colspan": 1}], [{"hint": "into", "colspan": 1}]], "references": []}, "tts": "https://d1vq87e9lcf771.cloudfront.net/danielle/c4232879fe12ea9d37d2fda9eb1704bb"}, {"value": " "}, {"value": "le", "hintTable": {"rows": [[{"hint": "the", "colspan": 1}], [{"hint": "on the", "colspan": 1}], [{"hint": "your", "colspan": 1}]], "references": []}, "tts": "https://d1vq87e9lcf771.cloudfront.net/danielle/53635582b04179582406de15f6c2a6fa"}, {"value": " "}, {"value": "frigo", "hintTable": {"rows": [[{"hint": "fridge", "colspan": 1}]], "references": []}, "tts": "https://d1vq87e9lcf771.cloudfront.net/danielle/1ac7be6b85a3ea8480be7f3dced52561"}, {"value": "."}]}, "subtext": {"styledString": {"text": "There are no more carrots in the fridge.", "styling": [{"from": 0, "to": 40, "attributes": {"alignment": "left", "fontSize": 19, "fontWeight": "normal", "textColor": "AFAFAF", "lineSpacing": 5}}]}, "tokenTTS": {"tokenTTSCollection": []}}, "ttsURL": "https://d1vq87e9lcf771.cloudfront.net/danielle/7cd7f2da4f30b9183e35cb5575893673"}]}, "meta": {"autoPlayableTTS": [], "sectionIndex": 0, "backgroundColor": null}}, {"type": "verticalSpace", "element": 16, "meta": {"autoPlayableTTS": [], "sectionIndex": 0, "backgroundColor": null}}, {"type": "dialogue", "element": {"phrases": [{"text": {"styledString": {"text": "Combien de tranches de jambon voulez-vous ?", "styling": [{"from": 0, "to": 43, "attributes": {"alignment": "left", "fontSize": 19, "fontWeight": "normal", "textColor": "4B4B4B", "lineSpacing": 5}}]}, "tokenTTS": {"tokenTTSCollection": []}, "blockHints": [{"value": "Combien", "hintTable": {"headers": ["combien", "de"], "rows": [[{"hint": "how many", "colspan": 2}], [{"hint": "how many", "colspan": 1}, {"colspan": 1}], [{"hint": "how much", "colspan": 1}, {"colspan": 1}]], "references": [1]}, "tts": "https://d1vq87e9lcf771.cloudfront.net/danielle/2547fc1ac9a8016c1d3cb6d1755de421"}, {"value": " "}, {"value": "de", "hintTable": {"headers": ["combien", "de"], "rows": [[{"hint": "how many", "colspan": 2}], [{"colspan": 1}, {"hint": "of", "colspan": 1}], [{"colspan": 1}, {"hint": "out of", "colspan": 1}], [{"colspan": 1}, {"hint": "any", "colspan": 1}]], "references": [0]}, "tts": "https://d1vq87e9lcf771.cloudfront.net/danielle/440a31450593e609451ea2168f76e988"}, {"value": " "}, {"value": "tranches", "hintTable": {"rows": [[{"hint": "slices", "colspan": 1}]], "references": []}, "tts": "https://d1vq87e9lcf771.cloudfront.net/danielle/9947a1447eb09980a6c77ee42edd4b5b"}, {"value": " "}, {"value": "de", "hintTable": {"rows": [[{"hint": "of", "colspan": 1}], [{"hint": "out of", "colspan": 1}], [{"hint": "any", "colspan": 1}]], "references": []}, "tts": "https://d1vq87e9lcf771.cloudfront.net/danielle/440a31450593e609451ea2168f76e988"}, {"value": " "}, {"value": "jambon", "hintTable": {"rows": [[{"hint": "ham", "colspan": 1}]], "references": []}, "tts": "https://d1vq87e9lcf771.cloudfront.net/danielle/69e0a258493252b3dfee60e89409347d"}, {"value": " "}, {"value": "voulez", "hintTable": {"headers": ["voulez", "-", "vous"], "rows": [[{"hint": "do you want", "colspan": 2}], [{"hint": "want", "colspan": 1}, {"colspan": 1}]], "references": [6]}, "tts": "https://d1vq87e9lcf771.cloudfront.net/danielle/1f84e550d73d2e4136849ed0d50c2071"}, {"value": "-"}, {"value": "vous", "hintTable": {"headers": ["voulez", "-", "vous"], "rows": [[{"hint": "do you want", "colspan": 2}], [{"colspan": 1}, {"hint": "you", "colspan": 1}], [{"colspan": 1}, {"hint": "for you", "colspan": 1}], [{"colspan": 1}, {"hint": "to you", "colspan": 1}]], "references": [5]}, "tts": "https://d1vq87e9lcf771.cloudfront.net/danielle/480892a594f400f082857d91ad80c042"}, {"value": " "}, {"value": "?"}]}, "subtext": {"styledString": {"text": "How many slices of ham do you want?", "styling": [{"from": 0, "to": 35, "attributes": {"alignment": "left", "fontSize": 19, "fontWeight": "normal", "textColor": "AFAFAF", "lineSpacing": 5}}]}, "tokenTTS": {"tokenTTSCollection": []}}, "ttsURL": "https://d1vq87e9lcf771.cloudfront.net/danielle/138a58ab22b226f131e851848ec6215f"}]}, "meta": {"autoPlayableTTS": [], "sectionIndex": 0, "backgroundColor": null}}, {"type": "verticalSpace", "element": 24, "meta": {"autoPlayableTTS": [], "sectionIndex": 0, "backgroundColor": null}}, {"type": "verticalSpace", "element": 24, "meta": {"autoPlayableTTS": [], "sectionIndex": 0, "backgroundColor": "DDF4FF"}}, {"type": "text", "element": {"styledString": {"text": "TIP", "styling": [{"from": 0, "to": 3, "attributes": {"alignment": "left", "fontSize": 17, "fontWeight": "bold", "textColor": "1CB0F6", "lineSpacing": 4}}]}, "tokenTTS": {"tokenTTSCollection": []}}, "meta": {"autoPlayableTTS": [], "sectionIndex": 0, "backgroundColor": "DDF4FF"}}, {"type": "verticalSpace", "element": 8, "meta": {"autoPlayableTTS": [], "sectionIndex": 0, "backgroundColor": "DDF4FF"}}, {"type": "text", "element": {"styledString": {"text": "J'en mange beaucoup\u00a0!", "styling": [{"from": 0, "to": 21, "attributes": {"alignment": "left", "fontSize": 25, "fontWeight": "bold", "textColor": "4B4B4B", "lineSpacing": 4}}]}, "tokenTTS": {"tokenTTSCollection": []}, "hints": {"hints": [], "hintLinks": []}}, "meta": {"autoPlayableTTS": [], "sectionIndex": 0, "backgroundColor": "DDF4FF"}}, {"type": "verticalSpace", "element": 12, "meta": {"autoPlayableTTS": [], "sectionIndex": 0, "backgroundColor": "DDF4FF"}}, {"type": "text", "element": {"styledString": {"text": "We've already seen how to shorten J'invite mes amis to Je les invite. ", "styling": [{"from": 0, "to": 34, "attributes": {"alignment": "left", "fontSize": 19, "fontWeight": "normal", "textColor": "4B4B4B", "lineSpacing": 5}}, {"from": 34, "to": 42, "attributes": {"alignment": "left", "fontSize": 19, "fontWeight": "bold", "textColor": "4B4B4B", "lineSpacing": 5}}, {"from": 42, "to": 43, "attributes": {"alignment": "left", "fontSize": 19, "fontWeight": "normal", "textColor": "4B4B4B", "lineSpacing": 5}}, {"from": 43, "to": 51, "attributes": {"alignment": "left", "fontSize": 19, "fontWeight": "bold", "textColor": "4B4B4B", "lineSpacing": 5}}, {"from": 51, "to": 55, "attributes": {"alignment": "left", "fontSize": 19, "fontWeight": "normal", "textColor": "4B4B4B", "lineSpacing": 5}}, {"from": 55, "to": 57, "attributes": {"alignment": "left", "fontSize": 19, "fontWeight": "bold", "textColor": "4B4B4B", "lineSpacing": 5}}, {"from": 57, "to": 58, "attributes": {"alignment": "left", "fontSize": 19, "fontWeight": "normal", "textColor": "4B4B4B", "lineSpacing": 5}}, {"from": 58, "to": 61, "attributes": {"alignment": "left", "fontSize": 19, "fontWeight": "bold", "textColor": "4B4B4B", "lineSpacing": 5}}, {"from": 61, "to": 62, "attributes": {"alignment": "left", "fontSize": 19, "fontWeight": "normal", "textColor": "4B4B4B", "lineSpacing": 5}}, {"from": 62, "to": 68, "attributes": {"alignment": "left", "fontSize": 19, "fontWeight": "bold", "textColor": "4B4B4B", "lineSpacing": 5}}, {"from": 68, "to": 70, "attributes": {"alignment": "left", "fontSize": 19, "fontWeight": "normal", "textColor": "4B4B4B", "lineSpacing": 5}}]}, "tokenTTS": {"tokenTTSCollection": [{"startIndex": 34, "endIndex": 50, "ttsURL": "https://d1vq87e9lcf771.cloudfront.net/danielle/71932194d75960ad305bda8cb9707d80"}, {"startIndex": 55, "endIndex": 67, "ttsURL": "https://d1vq87e9lcf771.cloudfront.net/danielle/1f00f6c0350a4dd7f4d500368c2089b8"}]}, "hints": {"hints": ["I invite my friends", "I invite them"], "hintLinks": [{"index": 0, "rangeStart": 34, "rangeEnd": 50}, {"index": 1, "rangeStart": 55, "rangeEnd": 67}]}}, "meta": {"autoPlayableTTS": [], "sectionIndex": 0, "backgroundColor": "DDF4FF"}}, {"type": "verticalSpace", "element": 24, "meta": {"autoPlayableTTS": [], "sectionIndex": 0, "backgroundColor": "DDF4FF"}}, {"type": "text", "element": {"styledString": {"text": "When you have a form of de before the noun, as in Je veux du chocolat, you can use en in the same way.", "styling": [{"from": 0, "to": 24, "attributes": {"alignment": "left", "fontSize": 19, "fontWeight": "normal", "textColor": "4B4B4B", "lineSpacing": 5}}, {"from": 24, "to": 26, "attributes": {"alignment": "left", "fontSize": 19, "fontWeight": "bold", "textColor": "1CB0F6", "lineSpacing": 5}}, {"from": 26, "to": 50, "attributes": {"alignment": "left", "fontSize": 19, "fontWeight": "normal", "textColor": "4B4B4B", "lineSpacing": 5}}, {"from": 50, "to": 57, "attributes": {"alignment": "left", "fontSize": 19, "fontWeight": "bold", "textColor": "4B4B4B", "lineSpacing": 5}}, {"from": 57, "to": 58, "attributes": {"alignment": "left", "fontSize": 19, "fontWeight": "normal", "textColor": "4B4B4B", "lineSpacing": 5}}, {"from": 58, "to": 69, "attributes": {"alignment": "left", "fontSize": 19, "fontWeight": "bold", "textColor": "1CB0F6", "lineSpacing": 5}}, {"from": 69, "to": 83, "attributes": {"alignment": "left", "fontSize": 19, "fontWeight": "normal", "textColor": "4B4B4B", "lineSpacing": 5}}, {"from": 83, "to": 85, "attributes": {"alignment": "left", "fontSize": 19, "fontWeight": "bold", "textColor": "1CB0F6", "lineSpacing": 5}}, {"from": 85, "to": 102, "attributes": {"alignment": "left", "fontSize": 19, "fontWeight": "normal", "textColor": "4B4B4B", "lineSpacing": 5}}]}, "tokenTTS": {"tokenTTSCollection": [{"startIndex": 24, "endIndex": 25, "ttsURL": "https://d1vq87e9lcf771.cloudfront.net/danielle/440a31450593e609451ea2168f76e988"}, {"startIndex": 50, "endIndex": 68, "ttsURL": "https://d1vq87e9lcf771.cloudfront.net/danielle/3705fcab4200509d8192937a286041af"}, {"startIndex": 83, "endIndex": 84, "ttsURL": "https://d1vq87e9lcf771.cloudfront.net/danielle/d78cc0266039b684b7f869230583dc45"}]}, "hints": {"hints": ["some", "A noun is the name of something, such as a thing (\u201cspoon\u201d), an idea (\u201clove\u201d), a place (\u201cAtlanta\u201d), or a person (\u201cMaria\u201d).", "I want (some) chocolate", "some of it / some of them"], "hintLinks": [{"index": 0, "rangeStart": 24, "rangeEnd": 25}, {"index": 1, "rangeStart": 38, "rangeEnd": 41}, {"index": 2, "rangeStart": 50, "rangeEnd": 68}, {"index": 3, "rangeStart": 83, "rangeEnd": 84}]}}, "meta": {"autoPlayableTTS": [], "sectionIndex": 0, "backgroundColor": "DDF4FF"}}, {"type": "verticalSpace", "element": 24, "meta": {"autoPlayableTTS": [], "sectionIndex": 0, "backgroundColor": "DDF4FF"}}, {"type": "exampleCaptionedImage", "element": {"image": {"url": "https://d1btvuu4dwu627.cloudfront.net/1f60d8d2d272c091355d7141846c9740/b272590591204825dfc343693c2deee8/images/1431151bb78045a190a39f9b9ba7d885.pdf"}, "examples": [{"text": {"styledString": {"text": "Sarah, tu manges de la viande\u00a0?", "styling": [{"from": 0, "to": 17, "attributes": {"alignment": "center", "fontSize": 19, "fontWeight": "normal", "textColor": "4B4B4B", "lineSpacing": 5}}, {"from": 17, "to": 29, "attributes": {"alignment": "center", "fontSize": 19, "fontWeight": "bold", "textColor": "1CB0F6", "lineSpacing": 8}}, {"from": 29, "to": 31, "attributes": {"alignment": "center", "fontSize": 19, "fontWeight": "normal", "textColor": "4B4B4B", "lineSpacing": 5}}]}, "tokenTTS": {"tokenTTSCollection": [{"startIndex": 0, "endIndex": 30, "ttsURL": "https://d1vq87e9lcf771.cloudfront.net/danielle/c49b1cde1a2d6e8218c08568e0d32b6f"}]}, "hints": {"hints": ["Sarah, do you eat meat"], "hintLinks": [{"index": 0, "rangeStart": 0, "rangeEnd": 30}]}}, "subtext": {"styledString": {"text": "Sarah, do you eat meat?", "styling": [{"from": 0, "to": 23, "attributes": {"alignment": "center", "fontSize": 19, "fontWeight": "normal", "textColor": "AFAFAF", "lineSpacing": 8}}]}, "tokenTTS": {"tokenTTSCollection": []}, "hints": {"hints": [], "hintLinks": []}}, "ttsURL": "https://d1vq87e9lcf771.cloudfront.net/danielle/c49b1cde1a2d6e8218c08568e0d32b6f"}, {"text": {"styledString": {"text": "Oui, j'en mange parfois.", "styling": [{"from": 0, "to": 7, "attributes": {"alignment": "center", "fontSize": 19, "fontWeight": "normal", "textColor": "4B4B4B", "lineSpacing": 5}}, {"from": 7, "to": 9, "attributes": {"alignment": "center", "fontSize": 19, "fontWeight": "bold", "textColor": "1CB0F6", "lineSpacing": 8}}, {"from": 9, "to": 24, "attributes": {"alignment": "center", "fontSize": 19, "fontWeight": "normal", "textColor": "4B4B4B", "lineSpacing": 5}}]}, "tokenTTS": {"tokenTTSCollection": [{"startIndex": 0, "endIndex": 23, "ttsURL": "https://d1vq87e9lcf771.cloudfront.net/danielle/31135c13cba325e8888570b99c8aa06a"}]}, "hints": {"hints": ["yes, I eat it sometimes"], "hintLinks": [{"index": 0, "rangeStart": 0, "rangeEnd": 23}]}}, "subtext": {"styledString": {"text": "Yes, I eat it sometimes.", "styling": [{"from": 0, "to": 24, "attributes": {"alignment": "center", "fontSize": 19, "fontWeight": "normal", "textColor": "AFAFAF", "lineSpacing": 8}}]}, "tokenTTS": {"tokenTTSCollection": []}, "hints": {"hints": [], "hintLinks": []}}, "ttsURL": "https://d1vq87e9lcf771.cloudfront.net/danielle/31135c13cba325e8888570b99c8aa06a"}], "layout": "wideImageWithTextBelow"}, "meta": {"autoPlayableTTS": [], "sectionIndex": 0, "backgroundColor": "DDF4FF"}}, {"type": "verticalSpace", "element": 24, "meta": {"autoPlayableTTS": [], "sectionIndex": 0, "backgroundColor": "DDF4FF"}}], "resourcesToPrefetch": [{"required": false, "url": "https://d1vq87e9lcf771.cloudfront.net/danielle/1f00f6c0350a4dd7f4d500368c2089b8", "type": "mp3"}, {"required": false, "url": "https://d1vq87e9lcf771.cloudfront.net/danielle/3705fcab4200509d8192937a286041af", "type": "mp3"}, {"required": false, "url": "https://d1vq87e9lcf771.cloudfront.net/danielle/31135c13cba325e8888570b99c8aa06a", "type": "mp3"}, {"required": false, "url": "https://d1vq87e9lcf771.cloudfront.net/danielle/71932194d75960ad305bda8cb9707d80", "type": "mp3"}, {"required": false, "url": "https://d1vq87e9lcf771.cloudfront.net/danielle/d78cc0266039b684b7f869230583dc45", "type": "mp3"}, {"required": true, "url": "https://d1btvuu4dwu627.cloudfront.net/1f60d8d2d272c091355d7141846c9740/b272590591204825dfc343693c2deee8/images/1431151bb78045a190a39f9b9ba7d885.pdf", "type": "pdf"}, {"required": false, "url": "https://d1vq87e9lcf771.cloudfront.net/danielle/0febc9204eee8066fb5af610910784af", "type": "mp3"}, {"required": false, "url": "https://d1vq87e9lcf771.cloudfront.net/danielle/138a58ab22b226f131e851848ec6215f", "type": "mp3"}, {"required": false, "url": "https://d1vq87e9lcf771.cloudfront.net/danielle/c49b1cde1a2d6e8218c08568e0d32b6f", "type": "mp3"}, {"required": false, "url": "https://d1vq87e9lcf771.cloudfront.net/danielle/c2c51050855dd0d1d5432e3a05fe9081", "type": "mp3"}, {"required": false, "url": "https://d1vq87e9lcf771.cloudfront.net/danielle/440a31450593e609451ea2168f76e988", "type": "mp3"}, {"required": false, "url": "https://d1vq87e9lcf771.cloudfront.net/danielle/7cd7f2da4f30b9183e35cb5575893673", "type": "mp3"}, {"required": false, "url": "https://d1vq87e9lcf771.cloudfront.net/danielle/1024dd3cbaf17d94108edcc621fe17fa", "type": "mp3"}, {"required": false, "url": "https://d1vq87e9lcf771.cloudfront.net/danielle/f8abfb639e8ce76fbeb02b36c7568e7e", "type": "mp3"}]}