{"elements": [{"type": "verticalSpace", "element": 2, "meta": {"autoPlayableTTS": [], "sectionIndex": 0, "backgroundColor": "E5E5E5"}}, {"type": "verticalSpace", "element": 24, "meta": {"autoPlayableTTS": [], "sectionIndex": 0, "backgroundColor": null}}, {"type": "text", "element": {"styledString": {"text": "KEY PHRASES", "styling": [{"from": 0, "to": 11, "attributes": {"alignment": "left", "fontSize": 17, "fontWeight": "bold", "textColor": "1CB0F6", "lineSpacing": 4}}]}, "tokenTTS": {"tokenTTSCollection": []}}, "meta": {"autoPlayableTTS": [], "sectionIndex": 0, "backgroundColor": null}}, {"type": "verticalSpace", "element": 8, "meta": {"autoPlayableTTS": [], "sectionIndex": 0, "backgroundColor": null}}, {"type": "text", "element": {"styledString": {"text": "Make comparisons", "styling": [{"from": 0, "to": 16, "attributes": {"alignment": "left", "fontSize": 25, "fontWeight": "bold", "textColor": "4B4B4B", "lineSpacing": 4}}]}, "tokenTTS": {"tokenTTSCollection": []}}, "meta": {"autoPlayableTTS": [], "sectionIndex": 0, "backgroundColor": null}}, {"type": "verticalSpace", "element": 16, "meta": {"autoPlayableTTS": [], "sectionIndex": 0, "backgroundColor": null}}, {"type": "dialogue", "element": {"phrases": [{"text": {"styledString": {"text": "Bruno es el mejor estudiante de la clase.", "styling": [{"from": 0, "to": 41, "attributes": {"alignment": "left", "fontSize": 19, "fontWeight": "normal", "textColor": "4B4B4B", "lineSpacing": 5}}]}, "tokenTTS": {"tokenTTSCollection": []}, "blockHints": [{"value": "Bruno", "hintTable": {"rows": [[{"hint": "Bruno", "colspan": 1}]], "references": []}, "tts": "https://d1vq87e9lcf771.cloudfront.net/miguel/148bd2473c321f02726cde1bcfbca949"}, {"value": " "}, {"value": "es", "hintTable": {"rows": [[{"hint": "is", "colspan": 1}], [{"hint": "(it) is", "colspan": 1}], [{"hint": "(she) is", "colspan": 1}]], "references": []}, "tts": "https://d1vq87e9lcf771.cloudfront.net/miguel/88bcf53446c728520f69b8a164c6e011"}, {"value": " "}, {"value": "el", "hintTable": {"rows": [[{"hint": "the", "colspan": 1}], [{"hint": "your", "colspan": 1}], [{"hint": "her", "colspan": 1}]], "references": []}, "tts": "https://d1vq87e9lcf771.cloudfront.net/penelope/b47f0c6243dc0dd607abd744189eec05"}, {"value": " "}, {"value": "mejor", "hintTable": {"rows": [[{"hint": "best", "colspan": 1}], [{"hint": "the better", "colspan": 1}], [{"hint": "better", "colspan": 1}]], "references": []}, "tts": "https://d1vq87e9lcf771.cloudfront.net/miguel/909d35c91776be3f61a8d06ee8663f04"}, {"value": " "}, {"value": "estudiante", "hintTable": {"rows": [[{"hint": "student", "colspan": 1}]], "references": []}, "tts": "https://d1vq87e9lcf771.cloudfront.net/miguel/0a4695c77f94731f9f9aa67be3d69752"}, {"value": " "}, {"value": "de", "hintTable": {"headers": ["de", "la"], "rows": [[{"hint": "'s", "colspan": 2}], [{"hint": "in", "colspan": 1}, {"colspan": 1}], [{"hint": "the", "colspan": 1}, {"colspan": 1}], [{"hint": "'s", "colspan": 1}, {"colspan": 1}]], "references": [6]}, "tts": "https://d1vq87e9lcf771.cloudfront.net/miguel/7c3dc4295f4bfedec518e38299ea8dc5"}, {"value": " "}, {"value": "la", "hintTable": {"headers": ["de", "la"], "rows": [[{"hint": "'s", "colspan": 2}], [{"colspan": 1}, {"hint": "the", "colspan": 1}], [{"colspan": 1}, {"hint": "your", "colspan": 1}], [{"colspan": 1}, {"hint": "her", "colspan": 1}]], "references": [5]}, "tts": "https://d1vq87e9lcf771.cloudfront.net/miguel/e9ea010281921357dd4b130d51e7488b"}, {"value": " "}, {"value": "clase", "hintTable": {"rows": [[{"hint": "class", "colspan": 1}], [{"hint": "course", "colspan": 1}], [{"hint": "classes", "colspan": 1}]], "references": []}, "tts": "https://d1vq87e9lcf771.cloudfront.net/miguel/98684f97f33bc77c13f566eaccf3df94"}, {"value": "."}]}, "subtext": {"styledString": {"text": "Bruno is the best student in the class.", "styling": [{"from": 0, "to": 39, "attributes": {"alignment": "left", "fontSize": 19, "fontWeight": "normal", "textColor": "AFAFAF", "lineSpacing": 5}}]}, "tokenTTS": {"tokenTTSCollection": []}}, "ttsURL": "https://d1vq87e9lcf771.cloudfront.net/miguel/bf078c71abcedc15435663c84d63990c"}]}, "meta": {"autoPlayableTTS": [], "sectionIndex": 0, "backgroundColor": null}}, {"type": "verticalSpace", "element": 16, "meta": {"autoPlayableTTS": [], "sectionIndex": 0, "backgroundColor": null}}, {"type": "dialogue", "element": {"phrases": [{"text": {"styledString": {"text": "Ella es tan bonita como su madre.", "styling": [{"from": 0, "to": 33, "attributes": {"alignment": "left", "fontSize": 19, "fontWeight": "normal", "textColor": "4B4B4B", "lineSpacing": 5}}]}, "tokenTTS": {"tokenTTSCollection": []}, "blockHints": [{"value": "Ella", "hintTable": {"headers": ["ella", "es"], "rows": [[{"hint": "she's", "colspan": 2}], [{"hint": "she", "colspan": 1}, {"colspan": 1}], [{"hint": "her", "colspan": 1}, {"colspan": 1}], [{"hint": "she'll", "colspan": 1}, {"colspan": 1}]], "references": [1]}, "tts": "https://d1vq87e9lcf771.cloudfront.net/miguel/7ba0a4fe127b1af95b81af18714bbbbb"}, {"value": " "}, {"value": "es", "hintTable": {"headers": ["ella", "es"], "rows": [[{"hint": "she's", "colspan": 2}], [{"colspan": 1}, {"hint": "(?) is she", "colspan": 1}], [{"colspan": 1}, {"hint": "(she) is", "colspan": 1}], [{"colspan": 1}, {"hint": "is", "colspan": 1}]], "references": [0]}, "tts": "https://d1vq87e9lcf771.cloudfront.net/miguel/88bcf53446c728520f69b8a164c6e011"}, {"value": " "}, {"value": "tan", "hintTable": {"rows": [[{"hint": "as", "colspan": 1}], [{"hint": "that", "colspan": 1}], [{"hint": "so", "colspan": 1}]], "references": []}, "tts": "https://d1vq87e9lcf771.cloudfront.net/miguel/18136d7c47c6979a8a4258b361331259"}, {"value": " "}, {"value": "bonita", "hintTable": {"rows": [[{"hint": "pretty", "colspan": 1}], [{"hint": "nice", "colspan": 1}], [{"hint": "beautiful", "colspan": 1}]], "references": []}, "tts": "https://d1vq87e9lcf771.cloudfront.net/miguel/5321d7c66de2c0e3bb6dda352a554436"}, {"value": " "}, {"value": "como", "hintTable": {"rows": [[{"hint": "as", "colspan": 1}], [{"hint": "(I) eat", "colspan": 1}], [{"hint": "(I) am eating", "colspan": 1}]], "references": []}, "tts": "https://d1vq87e9lcf771.cloudfront.net/miguel/bd029d36d61148169ae8a053a42c11b9"}, {"value": " "}, {"value": "su", "hintTable": {"rows": [[{"hint": "her", "colspan": 1}], [{"hint": "your", "colspan": 1}], [{"hint": "their", "colspan": 1}]], "references": []}, "tts": "https://d1vq87e9lcf771.cloudfront.net/miguel/84ac4eee161ef292a0f03e85344833df"}, {"value": " "}, {"value": "madre", "hintTable": {"rows": [[{"hint": "mother", "colspan": 1}], [{"hint": "mom", "colspan": 1}], [{"hint": "parent", "colspan": 1}]], "references": []}, "tts": "https://d1vq87e9lcf771.cloudfront.net/miguel/b493faf22cde92fa565140392fea83f3"}, {"value": "."}]}, "subtext": {"styledString": {"text": "She is as pretty as her mother.", "styling": [{"from": 0, "to": 31, "attributes": {"alignment": "left", "fontSize": 19, "fontWeight": "normal", "textColor": "AFAFAF", "lineSpacing": 5}}]}, "tokenTTS": {"tokenTTSCollection": []}}, "ttsURL": "https://d1vq87e9lcf771.cloudfront.net/miguel/b38ec8515ab683981b1b3ad475c872b4"}]}, "meta": {"autoPlayableTTS": [], "sectionIndex": 0, "backgroundColor": null}}, {"type": "verticalSpace", "element": 16, "meta": {"autoPlayableTTS": [], "sectionIndex": 0, "backgroundColor": null}}, {"type": "dialogue", "element": {"phrases": [{"text": {"styledString": {"text": "Mi perro es m\u00e1s perezoso que mi gato.", "styling": [{"from": 0, "to": 37, "attributes": {"alignment": "left", "fontSize": 19, "fontWeight": "normal", "textColor": "4B4B4B", "lineSpacing": 5}}]}, "tokenTTS": {"tokenTTSCollection": []}, "blockHints": [{"value": "Mi", "hintTable": {"rows": [[{"hint": "my", "colspan": 1}]], "references": []}, "tts": "https://d1vq87e9lcf771.cloudfront.net/miguel/b082510d0e48798ab32883bfe8d655b6"}, {"value": " "}, {"value": "perro", "hintTable": {"rows": [[{"hint": "dog", "colspan": 1}]], "references": []}, "tts": "https://d1vq87e9lcf771.cloudfront.net/miguel/fd92fdb22bdf785b786e178c7008bd59"}, {"value": " "}, {"value": "es", "hintTable": {"rows": [[{"hint": "is", "colspan": 1}], [{"hint": "are you", "colspan": 1}], [{"hint": "it's", "colspan": 1}]], "references": []}, "tts": "https://d1vq87e9lcf771.cloudfront.net/miguel/88bcf53446c728520f69b8a164c6e011"}, {"value": " "}, {"value": "m\u00e1s", "hintTable": {"headers": ["m\u00e1s", "perezoso"], "rows": [[{"hint": "lazier", "colspan": 2}], [{"hint": "laziest", "colspan": 2}], [{"hint": "more", "colspan": 1}, {"colspan": 1}], [{"hint": "any", "colspan": 1}, {"colspan": 1}], [{"hint": "further", "colspan": 1}, {"colspan": 1}]], "references": [4]}, "tts": "https://d1vq87e9lcf771.cloudfront.net/penelope/af681eccd75ccf2240e1043949ba30d8"}, {"value": " "}, {"value": "perezoso", "hintTable": {"headers": ["m\u00e1s", "perezoso"], "rows": [[{"hint": "lazier", "colspan": 2}], [{"hint": "laziest", "colspan": 2}], [{"colspan": 1}, {"hint": "lazy", "colspan": 1}]], "references": [3]}, "tts": "https://d1vq87e9lcf771.cloudfront.net/miguel/7766f06461375bb1d809cc4b24ab10b3"}, {"value": " "}, {"value": "que", "hintTable": {"rows": [[{"hint": "because", "colspan": 1}], [{"hint": "that", "colspan": 1}], [{"hint": "I hope", "colspan": 1}]], "references": []}, "tts": "https://d1vq87e9lcf771.cloudfront.net/miguel/a1ac789b0b8d37cb82d476eff39cdd67"}, {"value": " "}, {"value": "mi", "hintTable": {"rows": [[{"hint": "my", "colspan": 1}]], "references": []}, "tts": "https://d1vq87e9lcf771.cloudfront.net/miguel/b082510d0e48798ab32883bfe8d655b6"}, {"value": " "}, {"value": "gato", "hintTable": {"rows": [[{"hint": "cat", "colspan": 1}]], "references": []}, "tts": "https://d1vq87e9lcf771.cloudfront.net/miguel/23df34204a8f580aedd8d72ed39b5418"}, {"value": "."}]}, "subtext": {"styledString": {"text": "My dog is lazier than my cat.", "styling": [{"from": 0, "to": 29, "attributes": {"alignment": "left", "fontSize": 19, "fontWeight": "normal", "textColor": "AFAFAF", "lineSpacing": 5}}]}, "tokenTTS": {"tokenTTSCollection": []}}, "ttsURL": "https://d1vq87e9lcf771.cloudfront.net/miguel/35c81d8726ba394fd8b3cb52be2d14f5"}]}, "meta": {"autoPlayableTTS": [], "sectionIndex": 0, "backgroundColor": null}}, {"type": "verticalSpace", "element": 16, "meta": {"autoPlayableTTS": [], "sectionIndex": 0, "backgroundColor": null}}, {"type": "dialogue", "element": {"phrases": [{"text": {"styledString": {"text": "David es el peor jugador de b\u00e9isbol.", "styling": [{"from": 0, "to": 36, "attributes": {"alignment": "left", "fontSize": 19, "fontWeight": "normal", "textColor": "4B4B4B", "lineSpacing": 5}}]}, "tokenTTS": {"tokenTTSCollection": []}, "blockHints": [{"value": "David", "hintTable": {"rows": [[{"hint": "David", "colspan": 1}]], "references": []}, "tts": "https://d1vq87e9lcf771.cloudfront.net/miguel/78ebce8ee7ebc05405268d5df451d36e"}, {"value": " "}, {"value": "es", "hintTable": {"rows": [[{"hint": "is", "colspan": 1}], [{"hint": "(it) is", "colspan": 1}], [{"hint": "(she) is", "colspan": 1}]], "references": []}, "tts": "https://d1vq87e9lcf771.cloudfront.net/miguel/88bcf53446c728520f69b8a164c6e011"}, {"value": " "}, {"value": "el", "hintTable": {"headers": ["el", "peor"], "rows": [[{"hint": "the worst one", "colspan": 2}], [{"hint": "the", "colspan": 1}, {"colspan": 1}], [{"hint": "your", "colspan": 1}, {"colspan": 1}], [{"hint": "her", "colspan": 1}, {"colspan": 1}]], "references": [3]}, "tts": "https://d1vq87e9lcf771.cloudfront.net/penelope/b47f0c6243dc0dd607abd744189eec05"}, {"value": " "}, {"value": "peor", "hintTable": {"headers": ["el", "peor"], "rows": [[{"hint": "the worst one", "colspan": 2}], [{"colspan": 1}, {"hint": "worst", "colspan": 1}], [{"colspan": 1}, {"hint": "worse", "colspan": 1}]], "references": [2]}, "tts": "https://d1vq87e9lcf771.cloudfront.net/miguel/a180e907d93e6b98f3741aede21c27f4"}, {"value": " "}, {"value": "jugador", "hintTable": {"rows": [[{"hint": "player", "colspan": 1}]], "references": []}, "tts": "https://d1vq87e9lcf771.cloudfront.net/miguel/aa8641a95bf79bb78c3fe23983b17614"}, {"value": " "}, {"value": "de", "hintTable": {"rows": [[{"hint": "the", "colspan": 1}], [{"hint": "'s", "colspan": 1}], [{"hint": "with", "colspan": 1}]], "references": []}, "tts": "https://d1vq87e9lcf771.cloudfront.net/miguel/7c3dc4295f4bfedec518e38299ea8dc5"}, {"value": " "}, {"value": "b\u00e9isbol", "hintTable": {"rows": [[{"hint": "baseball", "colspan": 1}]], "references": []}, "tts": "https://d1vq87e9lcf771.cloudfront.net/miguel/8c5b647214bd0aba8283f7f33624e7d9"}, {"value": "."}]}, "subtext": {"styledString": {"text": "David is the worst baseball player.", "styling": [{"from": 0, "to": 35, "attributes": {"alignment": "left", "fontSize": 19, "fontWeight": "normal", "textColor": "AFAFAF", "lineSpacing": 5}}]}, "tokenTTS": {"tokenTTSCollection": []}}, "ttsURL": "https://d1vq87e9lcf771.cloudfront.net/miguel/c4854ed42503276a0c2356ffd639a282"}]}, "meta": {"autoPlayableTTS": [], "sectionIndex": 0, "backgroundColor": null}}, {"type": "verticalSpace", "element": 16, "meta": {"autoPlayableTTS": [], "sectionIndex": 0, "backgroundColor": null}}, {"type": "dialogue", "element": {"phrases": [{"text": {"styledString": {"text": "Ella es la m\u00e1s inteligente de la escuela.", "styling": [{"from": 0, "to": 41, "attributes": {"alignment": "left", "fontSize": 19, "fontWeight": "normal", "textColor": "4B4B4B", "lineSpacing": 5}}]}, "tokenTTS": {"tokenTTSCollection": []}, "blockHints": [{"value": "Ella", "hintTable": {"headers": ["ella", "es"], "rows": [[{"hint": "she's", "colspan": 2}], [{"hint": "she", "colspan": 1}, {"colspan": 1}], [{"hint": "her", "colspan": 1}, {"colspan": 1}], [{"hint": "she'll", "colspan": 1}, {"colspan": 1}]], "references": [1]}, "tts": "https://d1vq87e9lcf771.cloudfront.net/miguel/7ba0a4fe127b1af95b81af18714bbbbb"}, {"value": " "}, {"value": "es", "hintTable": {"headers": ["ella", "es"], "rows": [[{"hint": "she's", "colspan": 2}], [{"colspan": 1}, {"hint": "(?) is she", "colspan": 1}], [{"colspan": 1}, {"hint": "(she) is", "colspan": 1}], [{"colspan": 1}, {"hint": "is", "colspan": 1}]], "references": [0]}, "tts": "https://d1vq87e9lcf771.cloudfront.net/miguel/88bcf53446c728520f69b8a164c6e011"}, {"value": " "}, {"value": "la", "hintTable": {"headers": ["la", "m\u00e1s", "inteligente"], "rows": [[{"hint": "the most intelligent one", "colspan": 3}], [{"hint": "the most", "colspan": 2}, {"colspan": 1}], [{"hint": "the", "colspan": 1}, {"colspan": 1}, {"colspan": 1}], [{"hint": "one", "colspan": 1}, {"colspan": 1}, {"colspan": 1}], [{"hint": "her", "colspan": 1}, {"colspan": 1}, {"colspan": 1}]], "references": [3]}, "tts": "https://d1vq87e9lcf771.cloudfront.net/miguel/e9ea010281921357dd4b130d51e7488b"}, {"value": " "}, {"value": "m\u00e1s", "hintTable": {"headers": ["la", "m\u00e1s", "inteligente"], "rows": [[{"hint": "the most intelligent one", "colspan": 3}], [{"colspan": 1}, {"hint": "smartest", "colspan": 2}], [{"colspan": 1}, {"hint": "smarter", "colspan": 2}], [{"hint": "the most", "colspan": 2}, {"colspan": 1}], [{"colspan": 1}, {"hint": "most", "colspan": 1}, {"colspan": 1}], [{"colspan": 1}, {"hint": "the more", "colspan": 1}, {"colspan": 1}], [{"colspan": 1}, {"hint": "more", "colspan": 1}, {"colspan": 1}]], "references": [2]}, "tts": "https://d1vq87e9lcf771.cloudfront.net/penelope/af681eccd75ccf2240e1043949ba30d8"}, {"value": " "}, {"value": "inteligente", "hintTable": {"headers": ["la", "m\u00e1s", "inteligente"], "rows": [[{"hint": "the most intelligent one", "colspan": 3}], [{"colspan": 1}, {"hint": "smartest", "colspan": 2}], [{"colspan": 1}, {"hint": "smarter", "colspan": 2}], [{"colspan": 1}, {"colspan": 1}, {"hint": "intelligent", "colspan": 1}]], "references": [3]}, "tts": "https://d1vq87e9lcf771.cloudfront.net/miguel/faff78059ff7eb19e4e144f36f68b408"}, {"value": " "}, {"value": "de", "hintTable": {"headers": ["de", "la"], "rows": [[{"hint": "'s", "colspan": 2}], [{"hint": "in", "colspan": 1}, {"colspan": 1}], [{"hint": "the", "colspan": 1}, {"colspan": 1}], [{"hint": "at", "colspan": 1}, {"colspan": 1}]], "references": [6]}, "tts": "https://d1vq87e9lcf771.cloudfront.net/miguel/7c3dc4295f4bfedec518e38299ea8dc5"}, {"value": " "}, {"value": "la", "hintTable": {"headers": ["de", "la"], "rows": [[{"hint": "'s", "colspan": 2}], [{"colspan": 1}, {"hint": "school", "colspan": 2}], [{"colspan": 1}, {"hint": "the", "colspan": 1}], [{"colspan": 1}, {"hint": "one", "colspan": 1}]], "references": [7]}, "tts": "https://d1vq87e9lcf771.cloudfront.net/miguel/e9ea010281921357dd4b130d51e7488b"}, {"value": " "}, {"value": "escuela", "hintTable": {"headers": ["la", "escuela"], "rows": [[{"hint": "school", "colspan": 2}], [{"colspan": 1}, {"hint": "school", "colspan": 1}], [{"colspan": 1}, {"hint": "schools", "colspan": 1}]], "references": [6]}, "tts": "https://d1vq87e9lcf771.cloudfront.net/miguel/7ee43470e1279954b8d19578073801f4"}, {"value": "."}]}, "subtext": {"styledString": {"text": "She is the most intelligent one in the school.", "styling": [{"from": 0, "to": 46, "attributes": {"alignment": "left", "fontSize": 19, "fontWeight": "normal", "textColor": "AFAFAF", "lineSpacing": 5}}]}, "tokenTTS": {"tokenTTSCollection": []}}, "ttsURL": "https://d1vq87e9lcf771.cloudfront.net/miguel/2d235f670cc9a7a7bade36dbcb57ccb6"}]}, "meta": {"autoPlayableTTS": [], "sectionIndex": 0, "backgroundColor": null}}, {"type": "verticalSpace", "element": 24, "meta": {"autoPlayableTTS": [], "sectionIndex": 0, "backgroundColor": null}}, {"type": "verticalSpace", "element": 24, "meta": {"autoPlayableTTS": [], "sectionIndex": 0, "backgroundColor": "DDF4FF"}}, {"type": "text", "element": {"styledString": {"text": "TIP", "styling": [{"from": 0, "to": 3, "attributes": {"alignment": "left", "fontSize": 17, "fontWeight": "bold", "textColor": "1CB0F6", "lineSpacing": 4}}]}, "tokenTTS": {"tokenTTSCollection": []}}, "meta": {"autoPlayableTTS": [], "sectionIndex": 0, "backgroundColor": "DDF4FF"}}, {"type": "verticalSpace", "element": 8, "meta": {"autoPlayableTTS": [], "sectionIndex": 0, "backgroundColor": "DDF4FF"}}, {"type": "text", "element": {"styledString": {"text": "\u00a1El mejor!", "styling": [{"from": 0, "to": 10, "attributes": {"alignment": "left", "fontSize": 25, "fontWeight": "bold", "textColor": "4B4B4B", "lineSpacing": 4}}]}, "tokenTTS": {"tokenTTSCollection": []}, "hints": {"hints": [], "hintLinks": []}}, "meta": {"autoPlayableTTS": [], "sectionIndex": 9, "backgroundColor": "DDF4FF"}}, {"type": "verticalSpace", "element": 12, "meta": {"autoPlayableTTS": [], "sectionIndex": 9, "backgroundColor": "DDF4FF"}}, {"type": "text", "element": {"styledString": {"text": "To say the most in Spanish, use el m\u00e1s or la m\u00e1s before an adjective.", "styling": [{"from": 0, "to": 7, "attributes": {"alignment": "left", "fontSize": 19, "fontWeight": "normal", "textColor": "4B4B4B", "lineSpacing": 5}}, {"from": 7, "to": 15, "attributes": {"alignment": "left", "fontSize": 19, "fontWeight": "bold", "textColor": "4B4B4B", "lineSpacing": 5}}, {"from": 15, "to": 32, "attributes": {"alignment": "left", "fontSize": 19, "fontWeight": "normal", "textColor": "4B4B4B", "lineSpacing": 5}}, {"from": 32, "to": 38, "attributes": {"alignment": "left", "fontSize": 19, "fontWeight": "bold", "textColor": "1CB0F6", "lineSpacing": 5}}, {"from": 38, "to": 42, "attributes": {"alignment": "left", "fontSize": 19, "fontWeight": "normal", "textColor": "4B4B4B", "lineSpacing": 5}}, {"from": 42, "to": 48, "attributes": {"alignment": "left", "fontSize": 19, "fontWeight": "bold", "textColor": "1CB0F6", "lineSpacing": 5}}, {"from": 48, "to": 69, "attributes": {"alignment": "left", "fontSize": 19, "fontWeight": "normal", "textColor": "4B4B4B", "lineSpacing": 5}}]}, "tokenTTS": {"tokenTTSCollection": [{"startIndex": 32, "endIndex": 37, "ttsURL": "https://d1vq87e9lcf771.cloudfront.net/miguel/ba87daa82b60b8c0028273e3aa275d25"}, {"startIndex": 42, "endIndex": 47, "ttsURL": "https://d1vq87e9lcf771.cloudfront.net/miguel/3d15aee3fbdbbeae50f390ee9ec90e90"}]}, "hints": {"hints": ["the most", "the most", "Adjectives (such as \u201cred,\u201d \u201cfunny,\u201d and \u201cinteresting\u201d) describe people, places, or things."], "hintLinks": [{"index": 0, "rangeStart": 32, "rangeEnd": 37}, {"index": 1, "rangeStart": 42, "rangeEnd": 47}, {"index": 2, "rangeStart": 59, "rangeEnd": 67}]}}, "meta": {"autoPlayableTTS": [], "sectionIndex": 9, "backgroundColor": "DDF4FF"}}, {"type": "verticalSpace", "element": 24, "meta": {"autoPlayableTTS": [], "sectionIndex": 10, "backgroundColor": "DDF4FF"}}, {"type": "exampleCaptionedImage", "element": {"image": {"url": "https://d1btvuu4dwu627.cloudfront.net/1935260bb45227d2abc8062355f5ce9f/a6d14d6e5a2d294b14e734bf228ac56e/images/462fe47fa89e486ea8ec2eab17c93e8f.pdf"}, "examples": [{"text": {"styledString": {"text": "Pablo es el m\u00e1s inteligente de la clase.", "styling": [{"from": 0, "to": 9, "attributes": {"alignment": "center", "fontSize": 19, "fontWeight": "normal", "textColor": "4B4B4B", "lineSpacing": 5}}, {"from": 9, "to": 15, "attributes": {"alignment": "center", "fontSize": 19, "fontWeight": "bold", "textColor": "1CB0F6", "lineSpacing": 8}}, {"from": 15, "to": 40, "attributes": {"alignment": "center", "fontSize": 19, "fontWeight": "normal", "textColor": "4B4B4B", "lineSpacing": 5}}]}, "tokenTTS": {"tokenTTSCollection": [{"startIndex": 0, "endIndex": 39, "ttsURL": "https://d1vq87e9lcf771.cloudfront.net/miguel/b89c04bbc62989a441553d1b91349539"}]}, "hints": {"hints": ["Pablo is the most intelligent in the class"], "hintLinks": [{"index": 0, "rangeStart": 0, "rangeEnd": 39}]}}, "subtext": {"styledString": {"text": "Pablo is the most intelligent in the class.", "styling": [{"from": 0, "to": 43, "attributes": {"alignment": "center", "fontSize": 19, "fontWeight": "normal", "textColor": "AFAFAF", "lineSpacing": 8}}]}, "tokenTTS": {"tokenTTSCollection": []}, "hints": {"hints": [], "hintLinks": []}}, "ttsURL": "https://d1vq87e9lcf771.cloudfront.net/miguel/b89c04bbc62989a441553d1b91349539"}], "layout": "wideImageWithTextBelow"}, "meta": {"autoPlayableTTS": [], "sectionIndex": 10, "backgroundColor": "DDF4FF"}}, {"type": "verticalSpace", "element": 24, "meta": {"autoPlayableTTS": [], "sectionIndex": 11, "backgroundColor": "DDF4FF"}}, {"type": "exampleCaptionedImage", "element": {"image": {"url": "https://d1btvuu4dwu627.cloudfront.net/1935260bb45227d2abc8062355f5ce9f/a6d14d6e5a2d294b14e734bf228ac56e/images/4fc1d800779248e3b2552004b4de270d.pdf"}, "examples": [{"text": {"styledString": {"text": "Sara es la m\u00e1s joven de la familia.\u200b", "styling": [{"from": 0, "to": 8, "attributes": {"alignment": "center", "fontSize": 19, "fontWeight": "normal", "textColor": "4B4B4B", "lineSpacing": 5}}, {"from": 8, "to": 14, "attributes": {"alignment": "center", "fontSize": 19, "fontWeight": "bold", "textColor": "1CB0F6", "lineSpacing": 8}}, {"from": 14, "to": 36, "attributes": {"alignment": "center", "fontSize": 19, "fontWeight": "normal", "textColor": "4B4B4B", "lineSpacing": 5}}]}, "tokenTTS": {"tokenTTSCollection": [{"startIndex": 0, "endIndex": 34, "ttsURL": "https://d1vq87e9lcf771.cloudfront.net/miguel/c2d4eee356d026bf391026745842b1af"}]}, "hints": {"hints": ["Sara is the youngest in the family"], "hintLinks": [{"index": 0, "rangeStart": 0, "rangeEnd": 35}]}}, "subtext": {"styledString": {"text": "Sara is the youngest in the family.\u200b", "styling": [{"from": 0, "to": 36, "attributes": {"alignment": "center", "fontSize": 19, "fontWeight": "normal", "textColor": "AFAFAF", "lineSpacing": 8}}]}, "tokenTTS": {"tokenTTSCollection": []}, "hints": {"hints": [], "hintLinks": []}}, "ttsURL": "https://d1vq87e9lcf771.cloudfront.net/miguel/c2d4eee356d026bf391026745842b1af"}], "layout": "wideImageWithTextBelow"}, "meta": {"autoPlayableTTS": [], "sectionIndex": 11, "backgroundColor": "DDF4FF"}}, {"type": "verticalSpace", "element": 24, "meta": {"autoPlayableTTS": [], "sectionIndex": 12, "backgroundColor": "DDF4FF"}}, {"type": "text", "element": {"styledString": {"text": "And you can use el mejor and el peor to say the best and the worst!\u200b", "styling": [{"from": 0, "to": 16, "attributes": {"alignment": "left", "fontSize": 19, "fontWeight": "normal", "textColor": "4B4B4B", "lineSpacing": 5}}, {"from": 16, "to": 24, "attributes": {"alignment": "left", "fontSize": 19, "fontWeight": "bold", "textColor": "4B4B4B", "lineSpacing": 5}}, {"from": 24, "to": 29, "attributes": {"alignment": "left", "fontSize": 19, "fontWeight": "normal", "textColor": "4B4B4B", "lineSpacing": 5}}, {"from": 29, "to": 36, "attributes": {"alignment": "left", "fontSize": 19, "fontWeight": "bold", "textColor": "4B4B4B", "lineSpacing": 5}}, {"from": 36, "to": 44, "attributes": {"alignment": "left", "fontSize": 19, "fontWeight": "normal", "textColor": "4B4B4B", "lineSpacing": 5}}, {"from": 44, "to": 52, "attributes": {"alignment": "left", "fontSize": 19, "fontWeight": "bold", "textColor": "4B4B4B", "lineSpacing": 5}}, {"from": 52, "to": 57, "attributes": {"alignment": "left", "fontSize": 19, "fontWeight": "normal", "textColor": "4B4B4B", "lineSpacing": 5}}, {"from": 57, "to": 66, "attributes": {"alignment": "left", "fontSize": 19, "fontWeight": "bold", "textColor": "4B4B4B", "lineSpacing": 5}}, {"from": 66, "to": 68, "attributes": {"alignment": "left", "fontSize": 19, "fontWeight": "normal", "textColor": "4B4B4B", "lineSpacing": 5}}]}, "tokenTTS": {"tokenTTSCollection": [{"startIndex": 16, "endIndex": 23, "ttsURL": "https://d1vq87e9lcf771.cloudfront.net/miguel/1318f514af4f41c04aa7a1d5fda4dcae"}, {"startIndex": 29, "endIndex": 35, "ttsURL": "https://d1vq87e9lcf771.cloudfront.net/miguel/9a6ba9470a274756edf0c35206ac9349"}]}, "hints": {"hints": ["the best", "the worst"], "hintLinks": [{"index": 0, "rangeStart": 16, "rangeEnd": 23}, {"index": 1, "rangeStart": 29, "rangeEnd": 35}]}}, "meta": {"autoPlayableTTS": [], "sectionIndex": 12, "backgroundColor": "DDF4FF"}}, {"type": "verticalSpace", "element": 24, "meta": {"autoPlayableTTS": [], "sectionIndex": 13, "backgroundColor": "DDF4FF"}}, {"type": "exampleCaptionedImage", "element": {"image": {"url": "https://d1btvuu4dwu627.cloudfront.net/1935260bb45227d2abc8062355f5ce9f/a6d14d6e5a2d294b14e734bf228ac56e/images/04d8edd667ad4c5aa69550828b013890.pdf"}, "examples": [{"text": {"styledString": {"text": "Este es el mejor curso de la universidad.", "styling": [{"from": 0, "to": 41, "attributes": {"alignment": "center", "fontSize": 19, "fontWeight": "normal", "textColor": "4B4B4B", "lineSpacing": 5}}]}, "tokenTTS": {"tokenTTSCollection": [{"startIndex": 0, "endIndex": 40, "ttsURL": "https://d1vq87e9lcf771.cloudfront.net/miguel/a4ca2b3fbb400ce13539f2ed8fc902e0"}]}, "hints": {"hints": ["this is the best course in the university"], "hintLinks": [{"index": 0, "rangeStart": 0, "rangeEnd": 40}]}}, "subtext": {"styledString": {"text": "This is the best course in the university.", "styling": [{"from": 0, "to": 42, "attributes": {"alignment": "center", "fontSize": 19, "fontWeight": "normal", "textColor": "AFAFAF", "lineSpacing": 8}}]}, "tokenTTS": {"tokenTTSCollection": []}, "hints": {"hints": [], "hintLinks": []}}, "ttsURL": "https://d1vq87e9lcf771.cloudfront.net/miguel/a4ca2b3fbb400ce13539f2ed8fc902e0"}], "layout": "wideImageWithTextBelow"}, "meta": {"autoPlayableTTS": [], "sectionIndex": 13, "backgroundColor": "DDF4FF"}}, {"type": "verticalSpace", "element": 24, "meta": {"autoPlayableTTS": [], "sectionIndex": 14, "backgroundColor": "DDF4FF"}}, {"type": "exampleCaptionedImage", "element": {"image": {"url": "https://d1btvuu4dwu627.cloudfront.net/1935260bb45227d2abc8062355f5ce9f/a6d14d6e5a2d294b14e734bf228ac56e/images/29387452b17a485bb06823ae9e310377.pdf"}, "examples": [{"text": {"styledString": {"text": "\u00a1Este libro es el peor!", "styling": [{"from": 0, "to": 23, "attributes": {"alignment": "center", "fontSize": 19, "fontWeight": "normal", "textColor": "4B4B4B", "lineSpacing": 5}}]}, "tokenTTS": {"tokenTTSCollection": [{"startIndex": 0, "endIndex": 22, "ttsURL": "https://d1vq87e9lcf771.cloudfront.net/miguel/758986570b059ac187dbba3bf6ab7249"}]}, "hints": {"hints": ["this book is the worst"], "hintLinks": [{"index": 0, "rangeStart": 0, "rangeEnd": 22}]}}, "subtext": {"styledString": {"text": "This book is the worst!", "styling": [{"from": 0, "to": 23, "attributes": {"alignment": "center", "fontSize": 19, "fontWeight": "normal", "textColor": "AFAFAF", "lineSpacing": 8}}]}, "tokenTTS": {"tokenTTSCollection": []}, "hints": {"hints": [], "hintLinks": []}}, "ttsURL": "https://d1vq87e9lcf771.cloudfront.net/miguel/758986570b059ac187dbba3bf6ab7249"}], "layout": "wideImageWithTextBelow"}, "meta": {"autoPlayableTTS": [], "sectionIndex": 14, "backgroundColor": "DDF4FF"}}, {"type": "verticalSpace", "element": 24, "meta": {"autoPlayableTTS": [], "sectionIndex": 0, "backgroundColor": "DDF4FF"}}], "resourcesToPrefetch": [{"required": false, "url": "https://d1vq87e9lcf771.cloudfront.net/miguel/9a6ba9470a274756edf0c35206ac9349", "type": "mp3"}, {"required": true, "url": "https://d1btvuu4dwu627.cloudfront.net/1935260bb45227d2abc8062355f5ce9f/a6d14d6e5a2d294b14e734bf228ac56e/images/04d8edd667ad4c5aa69550828b013890.pdf", "type": "pdf"}, {"required": true, "url": "https://d1btvuu4dwu627.cloudfront.net/1935260bb45227d2abc8062355f5ce9f/a6d14d6e5a2d294b14e734bf228ac56e/images/29387452b17a485bb06823ae9e310377.pdf", "type": "pdf"}, {"required": false, "url": "https://d1vq87e9lcf771.cloudfront.net/miguel/c2d4eee356d026bf391026745842b1af", "type": "mp3"}, {"required": false, "url": "https://d1vq87e9lcf771.cloudfront.net/miguel/a4ca2b3fbb400ce13539f2ed8fc902e0", "type": "mp3"}, {"required": false, "url": "https://d1vq87e9lcf771.cloudfront.net/miguel/35c81d8726ba394fd8b3cb52be2d14f5", "type": "mp3"}, {"required": true, "url": "https://d1btvuu4dwu627.cloudfront.net/1935260bb45227d2abc8062355f5ce9f/a6d14d6e5a2d294b14e734bf228ac56e/images/462fe47fa89e486ea8ec2eab17c93e8f.pdf", "type": "pdf"}, {"required": false, "url": "https://d1vq87e9lcf771.cloudfront.net/miguel/b38ec8515ab683981b1b3ad475c872b4", "type": "mp3"}, {"required": false, "url": "https://d1vq87e9lcf771.cloudfront.net/miguel/c4854ed42503276a0c2356ffd639a282", "type": "mp3"}, {"required": false, "url": "https://d1vq87e9lcf771.cloudfront.net/miguel/b89c04bbc62989a441553d1b91349539", "type": "mp3"}, {"required": false, "url": "https://d1vq87e9lcf771.cloudfront.net/miguel/2d235f670cc9a7a7bade36dbcb57ccb6", "type": "mp3"}, {"required": false, "url": "https://d1vq87e9lcf771.cloudfront.net/miguel/1318f514af4f41c04aa7a1d5fda4dcae", "type": "mp3"}, {"required": false, "url": "https://d1vq87e9lcf771.cloudfront.net/miguel/758986570b059ac187dbba3bf6ab7249", "type": "mp3"}, {"required": false, "url": "https://d1vq87e9lcf771.cloudfront.net/miguel/3d15aee3fbdbbeae50f390ee9ec90e90", "type": "mp3"}, {"required": true, "url": "https://d1btvuu4dwu627.cloudfront.net/1935260bb45227d2abc8062355f5ce9f/a6d14d6e5a2d294b14e734bf228ac56e/images/4fc1d800779248e3b2552004b4de270d.pdf", "type": "pdf"}, {"required": false, "url": "https://d1vq87e9lcf771.cloudfront.net/miguel/bf078c71abcedc15435663c84d63990c", "type": "mp3"}, {"required": false, "url": "https://d1vq87e9lcf771.cloudfront.net/miguel/ba87daa82b60b8c0028273e3aa275d25", "type": "mp3"}]}