{"elements": [{"type": "verticalSpace", "element": 2, "meta": {"autoPlayableTTS": [], "sectionIndex": 0, "backgroundColor": "E5E5E5"}}, {"type": "verticalSpace", "element": 24, "meta": {"autoPlayableTTS": [], "sectionIndex": 0, "backgroundColor": null}}, {"type": "text", "element": {"styledString": {"text": "KEY PHRASES", "styling": [{"from": 0, "to": 11, "attributes": {"alignment": "left", "fontSize": 17, "fontWeight": "bold", "textColor": "1CB0F6", "lineSpacing": 4}}]}, "tokenTTS": {"tokenTTSCollection": []}}, "meta": {"autoPlayableTTS": [], "sectionIndex": 0, "backgroundColor": null}}, {"type": "verticalSpace", "element": 8, "meta": {"autoPlayableTTS": [], "sectionIndex": 0, "backgroundColor": null}}, {"type": "text", "element": {"styledString": {"text": "Manage work projects", "styling": [{"from": 0, "to": 20, "attributes": {"alignment": "left", "fontSize": 25, "fontWeight": "bold", "textColor": "4B4B4B", "lineSpacing": 4}}]}, "tokenTTS": {"tokenTTSCollection": []}}, "meta": {"autoPlayableTTS": [], "sectionIndex": 0, "backgroundColor": null}}, {"type": "verticalSpace", "element": 16, "meta": {"autoPlayableTTS": [], "sectionIndex": 0, "backgroundColor": null}}, {"type": "dialogue", "element": {"phrases": [{"text": {"styledString": {"text": "La jefa quiere que le eches un vistazo al informe.", "styling": [{"from": 0, "to": 50, "attributes": {"alignment": "left", "fontSize": 19, "fontWeight": "normal", "textColor": "4B4B4B", "lineSpacing": 5}}]}, "tokenTTS": {"tokenTTSCollection": []}, "blockHints": [{"value": "La", "hintTable": {"rows": [[{"hint": "the", "colspan": 1}], [{"hint": "your", "colspan": 1}], [{"hint": "her", "colspan": 1}]], "references": []}, "tts": "https://d1vq87e9lcf771.cloudfront.net/miguel/e9ea010281921357dd4b130d51e7488b"}, {"value": " "}, {"value": "jefa", "hintTable": {"rows": [[{"hint": "boss", "colspan": 1}], [{"hint": "manager", "colspan": 1}]], "references": []}, "tts": "https://d1vq87e9lcf771.cloudfront.net/miguel/305d7a95ed6562d0b50c083d7d9f5800"}, {"value": " "}, {"value": "quiere", "hintTable": {"rows": [[{"hint": "wants", "colspan": 1}], [{"hint": "(he) wants", "colspan": 1}], [{"hint": "(she) wants", "colspan": 1}]], "references": []}, "tts": "https://d1vq87e9lcf771.cloudfront.net/miguel/afb5378bac2e293b8c4e068e47a038b7"}, {"value": " "}, {"value": "que", "hintTable": {"rows": [[{"hint": "to", "colspan": 1}], [{"hint": "for", "colspan": 1}], [{"hint": "because", "colspan": 1}]], "references": []}, "tts": "https://d1vq87e9lcf771.cloudfront.net/miguel/a1ac789b0b8d37cb82d476eff39cdd67"}, {"value": " "}, {"value": "le", "hintTable": {"rows": [[{"hint": "you", "colspan": 1}], [{"hint": "to her", "colspan": 1}], [{"hint": "her", "colspan": 1}]], "references": []}, "tts": "https://d1vq87e9lcf771.cloudfront.net/miguel/5294d7c142fb663d4095a409656be72f"}, {"value": " "}, {"value": "eches", "hintTable": {"rows": [[{"hint": "take", "colspan": 1}], [{"hint": "(you) lie", "colspan": 1}]], "references": []}, "tts": "https://d1vq87e9lcf771.cloudfront.net/miguel/09e93deccc5aee67b5d3f1e45b502ae7"}, {"value": " "}, {"value": "un", "hintTable": {"rows": [[{"hint": "a", "colspan": 1}], [{"hint": "an", "colspan": 1}], [{"hint": "one", "colspan": 1}]], "references": []}, "tts": "https://d1vq87e9lcf771.cloudfront.net/miguel/77f436e44094f0912fa76368e873f996"}, {"value": " "}, {"value": "vistazo", "hintTable": {"rows": [[{"hint": "look", "colspan": 1}]], "references": []}, "tts": "https://d1vq87e9lcf771.cloudfront.net/miguel/fea565508c5a112ae9e212e168d2d0fd"}, {"value": " "}, {"value": "al", "hintTable": {"rows": [[{"hint": "to the", "colspan": 1}], [{"hint": "the", "colspan": 1}], [{"hint": "at", "colspan": 1}]], "references": []}, "tts": "https://d1vq87e9lcf771.cloudfront.net/miguel/96cab1b14b78e988600b8ec5432007c6"}, {"value": " "}, {"value": "informe", "hintTable": {"rows": [[{"hint": "report", "colspan": 1}], [{"hint": "inform", "colspan": 1}]], "references": []}, "tts": "https://d1vq87e9lcf771.cloudfront.net/miguel/cc7a60eaf86909e6b22a15436d2c626c"}, {"value": "."}]}, "subtext": {"styledString": {"text": "The boss wants you to take a look at the report.", "styling": [{"from": 0, "to": 48, "attributes": {"alignment": "left", "fontSize": 19, "fontWeight": "normal", "textColor": "AFAFAF", "lineSpacing": 5}}]}, "tokenTTS": {"tokenTTSCollection": []}}, "ttsURL": "https://d1vq87e9lcf771.cloudfront.net/miguel/85f89a13d15236d5dca64414251f8ccc"}]}, "meta": {"autoPlayableTTS": [], "sectionIndex": 0, "backgroundColor": null}}, {"type": "verticalSpace", "element": 16, "meta": {"autoPlayableTTS": [], "sectionIndex": 0, "backgroundColor": null}}, {"type": "dialogue", "element": {"phrases": [{"text": {"styledString": {"text": "Presentar\u00e9 los resultados de las ventas hoy.", "styling": [{"from": 0, "to": 44, "attributes": {"alignment": "left", "fontSize": 19, "fontWeight": "normal", "textColor": "4B4B4B", "lineSpacing": 5}}]}, "tokenTTS": {"tokenTTSCollection": []}, "blockHints": [{"value": "Presentar\u00e9", "hintTable": {"rows": [[{"hint": "present", "colspan": 1}], [{"hint": "(I) will present", "colspan": 1}], [{"hint": "(I) will introduce oneself", "colspan": 1}]], "references": []}, "tts": "https://d1vq87e9lcf771.cloudfront.net/miguel/18f1e4e53fb73b4bb6efd640a14bdde6"}, {"value": " "}, {"value": "los", "hintTable": {"rows": [[{"hint": "the", "colspan": 1}], [{"hint": "our", "colspan": 1}], [{"hint": "their", "colspan": 1}]], "references": []}, "tts": "https://d1vq87e9lcf771.cloudfront.net/miguel/d863d8aa552c7c1c67edddbdd43fc33f"}, {"value": " "}, {"value": "resultados", "hintTable": {"rows": [[{"hint": "results", "colspan": 1}], [{"hint": "performance", "colspan": 1}]], "references": []}, "tts": "https://d1vq87e9lcf771.cloudfront.net/miguel/9a8b43c529ae5b10ffafcbec1528e218"}, {"value": " "}, {"value": "de", "hintTable": {"headers": ["de", "las"], "rows": [[{"hint": "'s", "colspan": 2}], [{"hint": "the", "colspan": 1}, {"colspan": 1}], [{"hint": "to", "colspan": 1}, {"colspan": 1}], [{"hint": "of", "colspan": 1}, {"colspan": 1}]], "references": [4]}, "tts": "https://d1vq87e9lcf771.cloudfront.net/miguel/7c3dc4295f4bfedec518e38299ea8dc5"}, {"value": " "}, {"value": "las", "hintTable": {"headers": ["de", "las"], "rows": [[{"hint": "'s", "colspan": 2}], [{"colspan": 1}, {"hint": "the", "colspan": 1}], [{"colspan": 1}, {"hint": "our", "colspan": 1}], [{"colspan": 1}, {"hint": "your", "colspan": 1}]], "references": [3]}, "tts": "https://d1vq87e9lcf771.cloudfront.net/miguel/091132295dc9ca2d2c6c7bec077b625b"}, {"value": " "}, {"value": "ventas", "hintTable": {"rows": [[{"hint": "sales", "colspan": 1}], [{"hint": "hostelries", "colspan": 1}], [{"hint": "roadside bar/restaurant", "colspan": 1}]], "references": []}, "tts": "https://d1vq87e9lcf771.cloudfront.net/miguel/86b8cdbc80132bfe7cdf2943d6f59f7a"}, {"value": " "}, {"value": "hoy", "hintTable": {"rows": [[{"hint": "today", "colspan": 1}]], "references": []}, "tts": "https://d1vq87e9lcf771.cloudfront.net/miguel/690ebfd1ed7b5899a47c023f30e97cfe"}, {"value": "."}]}, "subtext": {"styledString": {"text": "I'll present the sales results today.", "styling": [{"from": 0, "to": 37, "attributes": {"alignment": "left", "fontSize": 19, "fontWeight": "normal", "textColor": "AFAFAF", "lineSpacing": 5}}]}, "tokenTTS": {"tokenTTSCollection": []}}, "ttsURL": "https://d1vq87e9lcf771.cloudfront.net/miguel/7cf0fdb9491bdfdc935f91c9ed4c79fc"}]}, "meta": {"autoPlayableTTS": [], "sectionIndex": 0, "backgroundColor": null}}, {"type": "verticalSpace", "element": 16, "meta": {"autoPlayableTTS": [], "sectionIndex": 0, "backgroundColor": null}}, {"type": "dialogue", "element": {"phrases": [{"text": {"styledString": {"text": "Busco a alguien que entienda bien estos porcentajes.", "styling": [{"from": 0, "to": 52, "attributes": {"alignment": "left", "fontSize": 19, "fontWeight": "normal", "textColor": "4B4B4B", "lineSpacing": 5}}]}, "tokenTTS": {"tokenTTSCollection": []}, "blockHints": [{"value": "Busco", "hintTable": {"rows": [[{"hint": "I'm looking for", "colspan": 1}], [{"hint": "should I look", "colspan": 1}]], "references": []}, "tts": "https://d1vq87e9lcf771.cloudfront.net/miguel/bb832283cf724c0461405764df906c7b"}, {"value": " "}, {"value": "a", "hintTable": {"headers": ["a", "alguien"], "rows": [[{"hint": "(?) does anybody", "colspan": 2}], [{"hint": "for", "colspan": 1}, {"colspan": 1}], [{"hint": "to", "colspan": 1}, {"colspan": 1}], [{"hint": "with", "colspan": 1}, {"colspan": 1}]], "references": [2]}, "tts": "https://d1vq87e9lcf771.cloudfront.net/miguel/a615ab7aef51e62ab81ce9255166fc65"}, {"value": " "}, {"value": "alguien", "hintTable": {"headers": ["a", "alguien"], "rows": [[{"hint": "(?) does anybody", "colspan": 2}], [{"colspan": 1}, {"hint": "someone", "colspan": 1}], [{"colspan": 1}, {"hint": "somebody", "colspan": 1}], [{"colspan": 1}, {"hint": "anybody", "colspan": 1}]], "references": [1]}, "tts": "https://d1vq87e9lcf771.cloudfront.net/miguel/1b5fd7ad994d0dd901e1f74d7b5079ed"}, {"value": " "}, {"value": "que", "hintTable": {"rows": [[{"hint": "for", "colspan": 1}], [{"hint": "who", "colspan": 1}], [{"hint": "that", "colspan": 1}]], "references": []}, "tts": "https://d1vq87e9lcf771.cloudfront.net/miguel/a1ac789b0b8d37cb82d476eff39cdd67"}, {"value": " "}, {"value": "entienda", "hintTable": {"rows": [[{"hint": "understands", "colspan": 1}], [{"hint": "understand", "colspan": 1}]], "references": []}, "tts": "https://d1vq87e9lcf771.cloudfront.net/miguel/d65688099721c7fd98e020a1b72f3cd2"}, {"value": " "}, {"value": "bien", "hintTable": {"rows": [[{"hint": "well", "colspan": 1}], [{"hint": "all right", "colspan": 1}], [{"hint": "fine", "colspan": 1}]], "references": []}, "tts": "https://d1vq87e9lcf771.cloudfront.net/miguel/7276a7800a976e2e8af2554796127d07"}, {"value": " "}, {"value": "estos", "hintTable": {"rows": [[{"hint": "these", "colspan": 1}], [{"hint": "these ones", "colspan": 1}], [{"hint": "this", "colspan": 1}]], "references": []}, "tts": "https://d1vq87e9lcf771.cloudfront.net/miguel/ab0e8f15c48419eb7474fd9c0d8a31ac"}, {"value": " "}, {"value": "porcentajes", "hintTable": {"rows": [[{"hint": "percentages", "colspan": 1}]], "references": []}, "tts": "https://d1vq87e9lcf771.cloudfront.net/miguel/57e9175474d9159bdcd59e4ea99d4b23"}, {"value": "."}]}, "subtext": {"styledString": {"text": "I'm looking for someone who understands these percentages well.", "styling": [{"from": 0, "to": 63, "attributes": {"alignment": "left", "fontSize": 19, "fontWeight": "normal", "textColor": "AFAFAF", "lineSpacing": 5}}]}, "tokenTTS": {"tokenTTSCollection": []}}, "ttsURL": "https://d1vq87e9lcf771.cloudfront.net/miguel/c494cf0a3ee6600b5206c1e9b0d7975d"}]}, "meta": {"autoPlayableTTS": [], "sectionIndex": 0, "backgroundColor": null}}, {"type": "verticalSpace", "element": 16, "meta": {"autoPlayableTTS": [], "sectionIndex": 0, "backgroundColor": null}}, {"type": "dialogue", "element": {"phrases": [{"text": {"styledString": {"text": "\u00bfConoces alg\u00fan proveedor que trabaje los domingos?", "styling": [{"from": 0, "to": 50, "attributes": {"alignment": "left", "fontSize": 19, "fontWeight": "normal", "textColor": "4B4B4B", "lineSpacing": 5}}]}, "tokenTTS": {"tokenTTSCollection": []}, "blockHints": [{"value": "\u00bf"}, {"value": "Conoces", "hintTable": {"rows": [[{"hint": "(?) do you know", "colspan": 1}], [{"hint": "(you) know", "colspan": 1}], [{"hint": "know", "colspan": 1}]], "references": []}, "tts": "https://d1vq87e9lcf771.cloudfront.net/miguel/9b68e6bdecb84ecc6783507a33e0e0db"}, {"value": " "}, {"value": "alg\u00fan", "hintTable": {"rows": [[{"hint": "a", "colspan": 1}], [{"hint": "any", "colspan": 1}], [{"hint": "one", "colspan": 1}]], "references": []}, "tts": "https://d1vq87e9lcf771.cloudfront.net/miguel/a5662e642b4ef60c9a718e305f203150"}, {"value": " "}, {"value": "proveedor", "hintTable": {"rows": [[{"hint": "supplier", "colspan": 1}]], "references": []}, "tts": "https://d1vq87e9lcf771.cloudfront.net/miguel/b3ed9e3b9f743f54f69cbaf06656fae5"}, {"value": " "}, {"value": "que", "hintTable": {"rows": [[{"hint": "that", "colspan": 1}], [{"hint": "who", "colspan": 1}], [{"hint": "to", "colspan": 1}]], "references": []}, "tts": "https://d1vq87e9lcf771.cloudfront.net/miguel/a1ac789b0b8d37cb82d476eff39cdd67"}, {"value": " "}, {"value": "trabaje", "hintTable": {"rows": [[{"hint": "works", "colspan": 1}], [{"hint": "(you) work", "colspan": 1}], [{"hint": "work", "colspan": 1}]], "references": []}, "tts": "https://d1vq87e9lcf771.cloudfront.net/miguel/ce67f52cab8b893df4fb37932d467ca4"}, {"value": " "}, {"value": "los", "hintTable": {"rows": [[{"hint": "on", "colspan": 1}], [{"hint": "you", "colspan": 1}], [{"hint": "the", "colspan": 1}]], "references": []}, "tts": "https://d1vq87e9lcf771.cloudfront.net/miguel/d863d8aa552c7c1c67edddbdd43fc33f"}, {"value": " "}, {"value": "domingos", "hintTable": {"rows": [[{"hint": "Sundays", "colspan": 1}], [{"hint": "Sunday", "colspan": 1}]], "references": []}, "tts": "https://d1vq87e9lcf771.cloudfront.net/miguel/e06643d1c3045e0501d8aee9aac3f978"}, {"value": "?"}]}, "subtext": {"styledString": {"text": "Do you know a supplier that works on Sundays?", "styling": [{"from": 0, "to": 45, "attributes": {"alignment": "left", "fontSize": 19, "fontWeight": "normal", "textColor": "AFAFAF", "lineSpacing": 5}}]}, "tokenTTS": {"tokenTTSCollection": []}}, "ttsURL": "https://d1vq87e9lcf771.cloudfront.net/miguel/27c348429a5d516c920d91fbd2f9336e"}]}, "meta": {"autoPlayableTTS": [], "sectionIndex": 0, "backgroundColor": null}}, {"type": "verticalSpace", "element": 16, "meta": {"autoPlayableTTS": [], "sectionIndex": 0, "backgroundColor": null}}, {"type": "dialogue", "element": {"phrases": [{"text": {"styledString": {"text": "\u00bfHay alguna secretaria que pueda resumir la presentaci\u00f3n?", "styling": [{"from": 0, "to": 57, "attributes": {"alignment": "left", "fontSize": 19, "fontWeight": "normal", "textColor": "4B4B4B", "lineSpacing": 5}}]}, "tokenTTS": {"tokenTTSCollection": []}, "blockHints": [{"value": "\u00bf"}, {"value": "Hay", "hintTable": {"rows": [[{"hint": "there is", "colspan": 1}], [{"hint": "is", "colspan": 1}], [{"hint": "there are", "colspan": 1}]], "references": []}, "tts": "https://d1vq87e9lcf771.cloudfront.net/miguel/1d9ea3c65d14851be46d5babf4f8b9e7"}, {"value": " "}, {"value": "alguna", "hintTable": {"rows": [[{"hint": "a", "colspan": 1}], [{"hint": "any", "colspan": 1}], [{"hint": "one", "colspan": 1}]], "references": []}, "tts": "https://d1vq87e9lcf771.cloudfront.net/miguel/b3e4370f843f26ece604bf3a71f11be7"}, {"value": " "}, {"value": "secretaria", "hintTable": {"rows": [[{"hint": "secretary", "colspan": 1}], [{"hint": "minister", "colspan": 1}]], "references": []}, "tts": "https://d1vq87e9lcf771.cloudfront.net/miguel/da0e24a07f09f1ee0d54bd86ef846b4c"}, {"value": " "}, {"value": "que", "hintTable": {"rows": [[{"hint": "who", "colspan": 1}], [{"hint": "that", "colspan": 1}], [{"hint": "to", "colspan": 1}]], "references": []}, "tts": "https://d1vq87e9lcf771.cloudfront.net/miguel/a1ac789b0b8d37cb82d476eff39cdd67"}, {"value": " "}, {"value": "pueda", "hintTable": {"rows": [[{"hint": "can", "colspan": 1}], [{"hint": "(he) can", "colspan": 1}], [{"hint": "is able", "colspan": 1}]], "references": []}, "tts": "https://d1vq87e9lcf771.cloudfront.net/miguel/74e6eb138e4b356caad19f98a8a87d2f"}, {"value": " "}, {"value": "resumir", "hintTable": {"rows": [[{"hint": "summarize", "colspan": 1}], [{"hint": "reviews", "colspan": 1}], [{"hint": "summarizing", "colspan": 1}]], "references": []}, "tts": "https://d1vq87e9lcf771.cloudfront.net/miguel/7ce3f05365d682406fa7f37eecaaf4f3"}, {"value": " "}, {"value": "la", "hintTable": {"rows": [[{"hint": "the", "colspan": 1}], [{"hint": "my", "colspan": 1}], [{"hint": "your", "colspan": 1}]], "references": []}, "tts": "https://d1vq87e9lcf771.cloudfront.net/miguel/e9ea010281921357dd4b130d51e7488b"}, {"value": " "}, {"value": "presentaci\u00f3n", "hintTable": {"rows": [[{"hint": "presentation", "colspan": 1}], [{"hint": "introduction", "colspan": 1}], [{"hint": "launch", "colspan": 1}]], "references": []}, "tts": "https://d1vq87e9lcf771.cloudfront.net/miguel/c0b9ac73cbab0d14ad45202abf4312f4"}, {"value": "?"}]}, "subtext": {"styledString": {"text": "Is there a secretary who can summarize the presentation?", "styling": [{"from": 0, "to": 56, "attributes": {"alignment": "left", "fontSize": 19, "fontWeight": "normal", "textColor": "AFAFAF", "lineSpacing": 5}}]}, "tokenTTS": {"tokenTTSCollection": []}}, "ttsURL": "https://d1vq87e9lcf771.cloudfront.net/miguel/c8e6c0c1d29eeec2198e76543f640210"}]}, "meta": {"autoPlayableTTS": [], "sectionIndex": 0, "backgroundColor": null}}, {"type": "verticalSpace", "element": 16, "meta": {"autoPlayableTTS": [], "sectionIndex": 0, "backgroundColor": null}}, {"type": "dialogue", "element": {"phrases": [{"text": {"styledString": {"text": "Hoy definiremos los objetivos de la empresa.", "styling": [{"from": 0, "to": 44, "attributes": {"alignment": "left", "fontSize": 19, "fontWeight": "normal", "textColor": "4B4B4B", "lineSpacing": 5}}]}, "tokenTTS": {"tokenTTSCollection": []}, "blockHints": [{"value": "Hoy", "hintTable": {"rows": [[{"hint": "today", "colspan": 1}]], "references": []}, "tts": "https://d1vq87e9lcf771.cloudfront.net/miguel/690ebfd1ed7b5899a47c023f30e97cfe"}, {"value": " "}, {"value": "definiremos", "hintTable": {"rows": [[{"hint": "will define", "colspan": 1}]], "references": []}, "tts": "https://d1vq87e9lcf771.cloudfront.net/miguel/555132f0bfa5ec2ac884dff4d64f1c58"}, {"value": " "}, {"value": "los", "hintTable": {"rows": [[{"hint": "the", "colspan": 1}], [{"hint": "our", "colspan": 1}], [{"hint": "their", "colspan": 1}]], "references": []}, "tts": "https://d1vq87e9lcf771.cloudfront.net/miguel/d863d8aa552c7c1c67edddbdd43fc33f"}, {"value": " "}, {"value": "objetivos", "hintTable": {"rows": [[{"hint": "goals", "colspan": 1}], [{"hint": "targets", "colspan": 1}], [{"hint": "objectives", "colspan": 1}]], "references": []}, "tts": "https://d1vq87e9lcf771.cloudfront.net/miguel/eb423b3a9a1a6a47853ac7c6b094d0fb"}, {"value": " "}, {"value": "de", "hintTable": {"headers": ["de", "la"], "rows": [[{"hint": "'s", "colspan": 2}], [{"hint": "'s", "colspan": 1}, {"colspan": 1}], [{"hint": "the", "colspan": 1}, {"colspan": 1}], [{"hint": "to", "colspan": 1}, {"colspan": 1}]], "references": [5]}, "tts": "https://d1vq87e9lcf771.cloudfront.net/miguel/7c3dc4295f4bfedec518e38299ea8dc5"}, {"value": " "}, {"value": "la", "hintTable": {"headers": ["de", "la"], "rows": [[{"hint": "'s", "colspan": 2}], [{"colspan": 1}, {"hint": "the", "colspan": 1}], [{"colspan": 1}, {"hint": "your", "colspan": 1}], [{"colspan": 1}, {"hint": "her", "colspan": 1}]], "references": [4]}, "tts": "https://d1vq87e9lcf771.cloudfront.net/miguel/e9ea010281921357dd4b130d51e7488b"}, {"value": " "}, {"value": "empresa", "hintTable": {"rows": [[{"hint": "company", "colspan": 1}], [{"hint": "business", "colspan": 1}], [{"hint": "firm", "colspan": 1}]], "references": []}, "tts": "https://d1vq87e9lcf771.cloudfront.net/miguel/d393a341f81e9bee6b24c49bf78d2d20"}, {"value": "."}]}, "subtext": {"styledString": {"text": "Today, we'll define the company's goals.", "styling": [{"from": 0, "to": 40, "attributes": {"alignment": "left", "fontSize": 19, "fontWeight": "normal", "textColor": "AFAFAF", "lineSpacing": 5}}]}, "tokenTTS": {"tokenTTSCollection": []}}, "ttsURL": "https://d1vq87e9lcf771.cloudfront.net/miguel/bd56a10ae240574bd82ac37f06836e7a"}]}, "meta": {"autoPlayableTTS": [], "sectionIndex": 0, "backgroundColor": null}}, {"type": "verticalSpace", "element": 24, "meta": {"autoPlayableTTS": [], "sectionIndex": 0, "backgroundColor": null}}], "resourcesToPrefetch": [{"required": false, "url": "https://d1vq87e9lcf771.cloudfront.net/miguel/bd56a10ae240574bd82ac37f06836e7a", "type": "mp3"}, {"required": false, "url": "https://d1vq87e9lcf771.cloudfront.net/miguel/c8e6c0c1d29eeec2198e76543f640210", "type": "mp3"}, {"required": false, "url": "https://d1vq87e9lcf771.cloudfront.net/miguel/c494cf0a3ee6600b5206c1e9b0d7975d", "type": "mp3"}, {"required": false, "url": "https://d1vq87e9lcf771.cloudfront.net/miguel/7cf0fdb9491bdfdc935f91c9ed4c79fc", "type": "mp3"}, {"required": false, "url": "https://d1vq87e9lcf771.cloudfront.net/miguel/85f89a13d15236d5dca64414251f8ccc", "type": "mp3"}, {"required": false, "url": "https://d1vq87e9lcf771.cloudfront.net/miguel/27c348429a5d516c920d91fbd2f9336e", "type": "mp3"}]}