{"elements": [{"element": 15, "meta": {"autoPlayableTTS": [], "backgroundColor": null, "sectionIndex": 0}, "type": "verticalSpace"}, {"element": {"hints": {"hintLinks": [], "hints": []}, "styledString": {"styling": [{"attributes": {"alignment": "left", "fontSize": 25, "fontWeight": "bold", "lineSpacing": 4, "textColor": "4B4B4B"}, "from": 0, "to": 20}], "text": "\u00a1Duolingo nos ayuda!"}, "tokenTTS": {"tokenTTSCollection": []}}, "meta": {"autoPlayableTTS": [], "backgroundColor": null, "sectionIndex": 0}, "type": "text"}, {"element": 12, "meta": {"autoPlayableTTS": [], "backgroundColor": null, "sectionIndex": 0}, "type": "verticalSpace"}, {"element": {"hints": {"hintLinks": [{"index": 0, "rangeEnd": 72, "rangeStart": 71}, {"index": 1, "rangeEnd": 79, "rangeStart": 77}, {"index": 2, "rangeEnd": 100, "rangeStart": 97}], "hints": ["me", "us", "A verb expresses an action (\u201cLuis cooks every day\u201d) or a state of being (\u201cI am sick\u201d)."]}, "styledString": {"styling": [{"attributes": {"alignment": "left", "fontSize": 19, "fontWeight": "normal", "lineSpacing": 5, "textColor": "4B4B4B"}, "from": 0, "to": 19}, {"attributes": {"alignment": "left", "fontSize": 19, "fontWeight": "bold", "lineSpacing": 5, "textColor": "4B4B4B"}, "from": 19, "to": 27}, {"attributes": {"alignment": "left", "fontSize": 19, "fontWeight": "normal", "lineSpacing": 5, "textColor": "4B4B4B"}, "from": 27, "to": 28}, {"attributes": {"alignment": "left", "fontSize": 19, "fontWeight": "bold", "lineSpacing": 5, "textColor": "1CB0F6"}, "from": 28, "to": 30}, {"attributes": {"alignment": "left", "fontSize": 19, "fontWeight": "normal", "lineSpacing": 5, "textColor": "4B4B4B"}, "from": 30, "to": 34}, {"attributes": {"alignment": "left", "fontSize": 19, "fontWeight": "bold", "lineSpacing": 5, "textColor": "4B4B4B"}, "from": 34, "to": 43}, {"attributes": {"alignment": "left", "fontSize": 19, "fontWeight": "normal", "lineSpacing": 5, "textColor": "4B4B4B"}, "from": 43, "to": 44}, {"attributes": {"alignment": "left", "fontSize": 19, "fontWeight": "bold", "lineSpacing": 5, "textColor": "1CB0F6"}, "from": 44, "to": 46}, {"attributes": {"alignment": "left", "fontSize": 19, "fontWeight": "normal", "lineSpacing": 5, "textColor": "4B4B4B"}, "from": 46, "to": 71}, {"attributes": {"alignment": "left", "fontSize": 19, "fontWeight": "bold", "lineSpacing": 5, "textColor": "1CB0F6"}, "from": 71, "to": 73}, {"attributes": {"alignment": "left", "fontSize": 19, "fontWeight": "normal", "lineSpacing": 5, "textColor": "4B4B4B"}, "from": 73, "to": 77}, {"attributes": {"alignment": "left", "fontSize": 19, "fontWeight": "bold", "lineSpacing": 5, "textColor": "1CB0F6"}, "from": 77, "to": 80}, {"attributes": {"alignment": "left", "fontSize": 19, "fontWeight": "normal", "lineSpacing": 5, "textColor": "4B4B4B"}, "from": 80, "to": 114}], "text": "In English, we say You know me or They know us. In Spanish, words like me or nos come before the verb, not after!\u200b"}, "tokenTTS": {"tokenTTSCollection": [{"endIndex": 72, "startIndex": 71, "ttsURL": "https://d1vq87e9lcf771.cloudfront.net/miguel/e0523aab2519a0650d3b9410064d0876"}, {"endIndex": 79, "startIndex": 77, "ttsURL": "https://d1vq87e9lcf771.cloudfront.net/miguel/3086923da928a5f1e76aee61c55ff0b0"}]}}, "meta": {"autoPlayableTTS": [], "backgroundColor": null, "sectionIndex": 0}, "type": "text"}, {"element": 24, "meta": {"autoPlayableTTS": [], "backgroundColor": null, "sectionIndex": 1}, "type": "verticalSpace"}, {"element": {"subtext": {"hints": {"hintLinks": [], "hints": []}, "styledString": {"styling": [{"attributes": {"alignment": "left", "fontSize": 19, "fontWeight": "normal", "lineSpacing": 5, "textColor": "AFAFAF"}, "from": 0, "to": 8}, {"attributes": {"alignment": "left", "fontSize": 19, "fontWeight": "normal", "lineSpacing": 5, "textColor": "4B4B4B"}, "from": 8, "to": 9}, {"attributes": {"alignment": "left", "fontSize": 19, "fontWeight": "bold", "lineSpacing": 5, "textColor": "AFAFAF"}, "from": 9, "to": 11}, {"attributes": {"alignment": "left", "fontSize": 19, "fontWeight": "normal", "lineSpacing": 5, "textColor": "AFAFAF"}, "from": 11, "to": 12}], "text": "You help me."}, "tokenTTS": {"tokenTTSCollection": []}}, "text": {"hints": {"hintLinks": [{"index": 0, "rangeEnd": 12, "rangeStart": 0}], "hints": ["you help me"]}, "styledString": {"styling": [{"attributes": {"alignment": "left", "fontSize": 19, "fontWeight": "normal", "lineSpacing": 5, "textColor": "4B4B4B"}, "from": 0, "to": 3}, {"attributes": {"alignment": "left", "fontSize": 19, "fontWeight": "bold", "lineSpacing": 5, "textColor": "1CB0F6"}, "from": 3, "to": 5}, {"attributes": {"alignment": "left", "fontSize": 19, "fontWeight": "normal", "lineSpacing": 5, "textColor": "4B4B4B"}, "from": 5, "to": 13}], "text": "T\u00fa me ayudas."}, "tokenTTS": {"tokenTTSCollection": [{"endIndex": 12, "startIndex": 0, "ttsURL": "https://d1vq87e9lcf771.cloudfront.net/miguel/3910d51e9922e443e435ff262eae4955"}]}}, "ttsURL": "https://d1vq87e9lcf771.cloudfront.net/miguel/3910d51e9922e443e435ff262eae4955"}, "meta": {"autoPlayableTTS": [], "backgroundColor": null, "sectionIndex": 1}, "type": "example"}, {"element": 12, "meta": {"autoPlayableTTS": [], "backgroundColor": null, "sectionIndex": 2}, "type": "verticalSpace"}, {"element": {"subtext": {"hints": {"hintLinks": [], "hints": []}, "styledString": {"styling": [{"attributes": {"alignment": "left", "fontSize": 19, "fontWeight": "normal", "lineSpacing": 5, "textColor": "AFAFAF"}, "from": 0, "to": 22}, {"attributes": {"alignment": "left", "fontSize": 19, "fontWeight": "normal", "lineSpacing": 5, "textColor": "4B4B4B"}, "from": 22, "to": 23}, {"attributes": {"alignment": "left", "fontSize": 19, "fontWeight": "bold", "lineSpacing": 5, "textColor": "AFAFAF"}, "from": 23, "to": 25}, {"attributes": {"alignment": "left", "fontSize": 19, "fontWeight": "normal", "lineSpacing": 5, "textColor": "AFAFAF"}, "from": 25, "to": 26}], "text": "My parents always help us."}, "tokenTTS": {"tokenTTSCollection": []}}, "text": {"hints": {"hintLinks": [{"index": 0, "rangeEnd": 29, "rangeStart": 0}], "hints": ["my parents always help us"]}, "styledString": {"styling": [{"attributes": {"alignment": "left", "fontSize": 19, "fontWeight": "normal", "lineSpacing": 5, "textColor": "4B4B4B"}, "from": 0, "to": 19}, {"attributes": {"alignment": "left", "fontSize": 19, "fontWeight": "bold", "lineSpacing": 5, "textColor": "1CB0F6"}, "from": 19, "to": 22}, {"attributes": {"alignment": "left", "fontSize": 19, "fontWeight": "normal", "lineSpacing": 5, "textColor": "4B4B4B"}, "from": 22, "to": 30}], "text": "Mis padres siempre nos ayudan."}, "tokenTTS": {"tokenTTSCollection": [{"endIndex": 29, "startIndex": 0, "ttsURL": "https://d1vq87e9lcf771.cloudfront.net/miguel/86cd2343e68a74bc0edb8df794b4ece2"}]}}, "ttsURL": "https://d1vq87e9lcf771.cloudfront.net/miguel/86cd2343e68a74bc0edb8df794b4ece2"}, "meta": {"autoPlayableTTS": [], "backgroundColor": null, "sectionIndex": 2}, "type": "example"}, {"element": 36, "meta": {"autoPlayableTTS": [], "backgroundColor": null, "sectionIndex": 3}, "type": "verticalSpace"}, {"element": {"hints": {"hintLinks": [], "hints": []}, "styledString": {"styling": [{"attributes": {"alignment": "left", "fontSize": 25, "fontWeight": "bold", "lineSpacing": 4, "textColor": "4B4B4B"}, "from": 0, "to": 22}], "text": "\u00bfMe quieres o me amas?"}, "tokenTTS": {"tokenTTSCollection": []}}, "meta": {"autoPlayableTTS": [], "backgroundColor": null, "sectionIndex": 3}, "type": "text"}, {"element": 12, "meta": {"autoPlayableTTS": [], "backgroundColor": null, "sectionIndex": 3}, "type": "verticalSpace"}, {"element": {"hints": {"hintLinks": [{"index": 0, "rangeEnd": 8, "rangeStart": 0}, {"index": 1, "rangeEnd": 19, "rangeStart": 14}], "hints": ["I love you", "I love you"]}, "styledString": {"styling": [{"attributes": {"alignment": "left", "fontSize": 19, "fontWeight": "bold", "lineSpacing": 5, "textColor": "4B4B4B"}, "from": 0, "to": 9}, {"attributes": {"alignment": "left", "fontSize": 19, "fontWeight": "normal", "lineSpacing": 5, "textColor": "4B4B4B"}, "from": 9, "to": 14}, {"attributes": {"alignment": "left", "fontSize": 19, "fontWeight": "bold", "lineSpacing": 5, "textColor": "4B4B4B"}, "from": 14, "to": 20}, {"attributes": {"alignment": "left", "fontSize": 19, "fontWeight": "normal", "lineSpacing": 5, "textColor": "4B4B4B"}, "from": 20, "to": 31}, {"attributes": {"alignment": "left", "fontSize": 19, "fontWeight": "bold", "lineSpacing": 5, "textColor": "4B4B4B"}, "from": 31, "to": 41}, {"attributes": {"alignment": "left", "fontSize": 19, "fontWeight": "normal", "lineSpacing": 5, "textColor": "4B4B4B"}, "from": 41, "to": 68}], "text": "Te quiero and te amo both mean I love you. So what's the difference?"}, "tokenTTS": {"tokenTTSCollection": [{"endIndex": 8, "startIndex": 0, "ttsURL": "https://d1vq87e9lcf771.cloudfront.net/miguel/50eb220ed5f94b16b2d6389a8a688ffc"}, {"endIndex": 19, "startIndex": 14, "ttsURL": "https://d1vq87e9lcf771.cloudfront.net/miguel/d37c876184e152d567908a9f5d5c9627"}]}}, "meta": {"autoPlayableTTS": [], "backgroundColor": null, "sectionIndex": 3}, "type": "text"}, {"element": 24, "meta": {"autoPlayableTTS": [], "backgroundColor": null, "sectionIndex": 4}, "type": "verticalSpace"}, {"element": {"hints": {"hintLinks": [{"index": 0, "rangeEnd": 31, "rangeStart": 23}], "hints": ["I love you"]}, "styledString": {"styling": [{"attributes": {"alignment": "left", "fontSize": 19, "fontWeight": "normal", "lineSpacing": 5, "textColor": "4B4B4B"}, "from": 0, "to": 23}, {"attributes": {"alignment": "left", "fontSize": 19, "fontWeight": "bold", "lineSpacing": 5, "textColor": "4B4B4B"}, "from": 23, "to": 32}, {"attributes": {"alignment": "left", "fontSize": 19, "fontWeight": "normal", "lineSpacing": 5, "textColor": "4B4B4B"}, "from": 32, "to": 93}], "text": "In general, you\u2019ll use te quiero in casual moments, with close friends, or extended family. \u200b"}, "tokenTTS": {"tokenTTSCollection": [{"endIndex": 31, "startIndex": 23, "ttsURL": "https://d1vq87e9lcf771.cloudfront.net/miguel/543892f54f3a07f41eb0845268a44f56"}]}}, "meta": {"autoPlayableTTS": [], "backgroundColor": null, "sectionIndex": 4}, "type": "text"}, {"element": 24, "meta": {"autoPlayableTTS": [], "backgroundColor": null, "sectionIndex": 5}, "type": "verticalSpace"}, {"element": {"examples": [{"subtext": {"hints": {"hintLinks": [], "hints": []}, "styledString": {"styling": [{"attributes": {"alignment": "center", "fontSize": 19, "fontWeight": "normal", "lineSpacing": 8, "textColor": "AFAFAF"}, "from": 0, "to": 20}], "text": "Goodbye, I love you!"}, "tokenTTS": {"tokenTTSCollection": []}}, "text": {"hints": {"hintLinks": [{"index": 0, "rangeEnd": 18, "rangeStart": 0}], "hints": ["goodbye, I love you"]}, "styledString": {"styling": [{"attributes": {"alignment": "center", "fontSize": 19, "fontWeight": "normal", "lineSpacing": 5, "textColor": "4B4B4B"}, "from": 0, "to": 19}], "text": "Adi\u00f3s, \u00a1te quiero!\u200b"}, "tokenTTS": {"tokenTTSCollection": [{"endIndex": 17, "startIndex": 0, "ttsURL": "https://d1vq87e9lcf771.cloudfront.net/miguel/0441072f1c31984aeec51900a4cf60c1"}]}}, "ttsURL": "https://d1vq87e9lcf771.cloudfront.net/miguel/0441072f1c31984aeec51900a4cf60c1"}], "image": {"url": "https://d1btvuu4dwu627.cloudfront.net/3cdc03288e3c6f85b686b505cbfe29f3/d928f6b8242ad2232aba01a9af0cdb8e/images/c88a49a034a44938b3b766d902225b87.pdf"}, "layout": "wideImageWithTextBelow"}, "meta": {"autoPlayableTTS": [], "backgroundColor": null, "sectionIndex": 5}, "type": "exampleCaptionedImage"}, {"element": 24, "meta": {"autoPlayableTTS": [], "backgroundColor": null, "sectionIndex": 6}, "type": "verticalSpace"}, {"element": {"hints": {"hintLinks": [{"index": 0, "rangeEnd": 5, "rangeStart": 0}], "hints": ["I love you"]}, "styledString": {"styling": [{"attributes": {"alignment": "left", "fontSize": 19, "fontWeight": "bold", "lineSpacing": 5, "textColor": "4B4B4B"}, "from": 0, "to": 6}, {"attributes": {"alignment": "left", "fontSize": 19, "fontWeight": "normal", "lineSpacing": 5, "textColor": "4B4B4B"}, "from": 6, "to": 109}], "text": "Te amo is generally reserved for romantic partners or immediate family. It's used in more serious situations."}, "tokenTTS": {"tokenTTSCollection": [{"endIndex": 5, "startIndex": 0, "ttsURL": "https://d1vq87e9lcf771.cloudfront.net/miguel/649a6d4787c38cb17d722c59bdfa54dd"}]}}, "meta": {"autoPlayableTTS": [], "backgroundColor": null, "sectionIndex": 6}, "type": "text"}, {"element": 24, "meta": {"autoPlayableTTS": [], "backgroundColor": null, "sectionIndex": 7}, "type": "verticalSpace"}, {"element": {"examples": [{"subtext": {"hints": {"hintLinks": [], "hints": []}, "styledString": {"styling": [{"attributes": {"alignment": "center", "fontSize": 19, "fontWeight": "normal", "lineSpacing": 8, "textColor": "AFAFAF"}, "from": 0, "to": 11}], "text": "I love you!"}, "tokenTTS": {"tokenTTSCollection": []}}, "text": {"hints": {"hintLinks": [{"index": 0, "rangeEnd": 7, "rangeStart": 0}], "hints": ["I love you"]}, "styledString": {"styling": [{"attributes": {"alignment": "center", "fontSize": 19, "fontWeight": "normal", "lineSpacing": 5, "textColor": "4B4B4B"}, "from": 0, "to": 8}], "text": "\u00a1Te amo!"}, "tokenTTS": {"tokenTTSCollection": [{"endIndex": 7, "startIndex": 0, "ttsURL": "https://d1vq87e9lcf771.cloudfront.net/miguel/1f469269c7cb2e3d6a49aa551699b86f"}]}}, "ttsURL": "https://d1vq87e9lcf771.cloudfront.net/miguel/1f469269c7cb2e3d6a49aa551699b86f"}], "image": {"url": "https://d1btvuu4dwu627.cloudfront.net/3cdc03288e3c6f85b686b505cbfe29f3/d928f6b8242ad2232aba01a9af0cdb8e/images/3344f5a9398c46639620de71e8a9b665.pdf"}, "layout": "wideImageWithTextBelow"}, "meta": {"autoPlayableTTS": [], "backgroundColor": null, "sectionIndex": 7}, "type": "exampleCaptionedImage"}, {"element": 15, "meta": {"autoPlayableTTS": [], "backgroundColor": null, "sectionIndex": 7}, "type": "verticalSpace"}], "intro": null, "resourcesToPrefetch": [{"required": false, "type": "mp3", "url": "https://d1vq87e9lcf771.cloudfront.net/miguel/e0523aab2519a0650d3b9410064d0876"}, {"required": true, "type": "pdf", "url": "https://d1btvuu4dwu627.cloudfront.net/3cdc03288e3c6f85b686b505cbfe29f3/d928f6b8242ad2232aba01a9af0cdb8e/images/3344f5a9398c46639620de71e8a9b665.pdf"}, {"required": false, "type": "mp3", "url": "https://d1vq87e9lcf771.cloudfront.net/miguel/50eb220ed5f94b16b2d6389a8a688ffc"}, {"required": false, "type": "mp3", "url": "https://d1vq87e9lcf771.cloudfront.net/miguel/1f469269c7cb2e3d6a49aa551699b86f"}, {"required": false, "type": "mp3", "url": "https://d1vq87e9lcf771.cloudfront.net/miguel/3086923da928a5f1e76aee61c55ff0b0"}, {"required": false, "type": "mp3", "url": "https://d1vq87e9lcf771.cloudfront.net/miguel/543892f54f3a07f41eb0845268a44f56"}, {"required": false, "type": "mp3", "url": "https://d1vq87e9lcf771.cloudfront.net/miguel/3910d51e9922e443e435ff262eae4955"}, {"required": false, "type": "mp3", "url": "https://d1vq87e9lcf771.cloudfront.net/miguel/649a6d4787c38cb17d722c59bdfa54dd"}, {"required": false, "type": "mp3", "url": "https://d1vq87e9lcf771.cloudfront.net/miguel/86cd2343e68a74bc0edb8df794b4ece2"}, {"required": true, "type": "pdf", "url": "https://d1btvuu4dwu627.cloudfront.net/3cdc03288e3c6f85b686b505cbfe29f3/d928f6b8242ad2232aba01a9af0cdb8e/images/c88a49a034a44938b3b766d902225b87.pdf"}, {"required": false, "type": "mp3", "url": "https://d1vq87e9lcf771.cloudfront.net/miguel/d37c876184e152d567908a9f5d5c9627"}, {"required": false, "type": "mp3", "url": "https://d1vq87e9lcf771.cloudfront.net/miguel/0441072f1c31984aeec51900a4cf60c1"}], "skillID": "f42c4ce7cd511577277a134c9a343dcd", "title": "Community 2"}