{"elements": [{"type": "verticalSpace", "element": 2, "meta": {"autoPlayableTTS": [], "sectionIndex": 0, "backgroundColor": "E5E5E5"}}, {"type": "verticalSpace", "element": 24, "meta": {"autoPlayableTTS": [], "sectionIndex": 0, "backgroundColor": null}}, {"type": "text", "element": {"styledString": {"text": "KEY PHRASES", "styling": [{"from": 0, "to": 11, "attributes": {"alignment": "left", "fontSize": 17, "fontWeight": "bold", "textColor": "1CB0F6", "lineSpacing": 4}}]}, "tokenTTS": {"tokenTTSCollection": []}}, "meta": {"autoPlayableTTS": [], "sectionIndex": 0, "backgroundColor": null}}, {"type": "verticalSpace", "element": 8, "meta": {"autoPlayableTTS": [], "sectionIndex": 0, "backgroundColor": null}}, {"type": "text", "element": {"styledString": {"text": "Use commands", "styling": [{"from": 0, "to": 12, "attributes": {"alignment": "left", "fontSize": 25, "fontWeight": "bold", "textColor": "4B4B4B", "lineSpacing": 4}}]}, "tokenTTS": {"tokenTTSCollection": []}}, "meta": {"autoPlayableTTS": [], "sectionIndex": 0, "backgroundColor": null}}, {"type": "verticalSpace", "element": 16, "meta": {"autoPlayableTTS": [], "sectionIndex": 0, "backgroundColor": null}}, {"type": "dialogue", "element": {"phrases": [{"text": {"styledString": {"text": "D\u00e9p\u00eachez-vous, ou le bus va partir sans vous !", "styling": [{"from": 0, "to": 46, "attributes": {"alignment": "left", "fontSize": 19, "fontWeight": "normal", "textColor": "4B4B4B", "lineSpacing": 5}}]}, "tokenTTS": {"tokenTTSCollection": []}, "blockHints": [{"value": "D\u00e9p\u00eachez", "hintTable": {"headers": ["d\u00e9p\u00eachez", "-", "vous"], "rows": [[{"hint": "hurry up!", "colspan": 2}], [{"hint": "hurry!", "colspan": 2}], [{"hint": "hurry (up)", "colspan": 1}, {"colspan": 1}]], "references": [1]}, "tts": "https://d1vq87e9lcf771.cloudfront.net/danielle/0727c76337ba2f7e5d5e42f977642942"}, {"value": "-"}, {"value": "vous", "hintTable": {"headers": ["d\u00e9p\u00eachez", "-", "vous"], "rows": [[{"hint": "hurry up!", "colspan": 2}], [{"hint": "hurry!", "colspan": 2}], [{"colspan": 1}, {"hint": "to you", "colspan": 1}], [{"colspan": 1}, {"hint": "you", "colspan": 1}], [{"colspan": 1}, {"hint": "for you", "colspan": 1}]], "references": [0]}, "tts": "https://d1vq87e9lcf771.cloudfront.net/danielle/480892a594f400f082857d91ad80c042"}, {"value": ","}, {"value": " "}, {"value": "ou", "hintTable": {"rows": [[{"hint": "or", "colspan": 1}], [{"hint": "either", "colspan": 1}]], "references": []}, "tts": "https://d1vq87e9lcf771.cloudfront.net/danielle/c5e16e5904b8f6cc2ce522ed97695d21"}, {"value": " "}, {"value": "le", "hintTable": {"rows": [[{"hint": "the", "colspan": 1}], [{"hint": "on the", "colspan": 1}], [{"hint": "your", "colspan": 1}]], "references": []}, "tts": "https://d1vq87e9lcf771.cloudfront.net/danielle/53635582b04179582406de15f6c2a6fa"}, {"value": " "}, {"value": "bus", "hintTable": {"rows": [[{"hint": "bus", "colspan": 1}], [{"hint": "buses", "colspan": 1}]], "references": []}, "tts": "https://d1vq87e9lcf771.cloudfront.net/danielle/5496bdd14b3f3cc79b2823be6b78778c"}, {"value": " "}, {"value": "va", "hintTable": {"rows": [[{"hint": "is going", "colspan": 1}], [{"hint": "going", "colspan": 1}], [{"hint": "go", "colspan": 1}]], "references": []}, "tts": "https://d1vq87e9lcf771.cloudfront.net/danielle/7f1186315dd7902408941711dc0166cf"}, {"value": " "}, {"value": "partir", "hintTable": {"rows": [[{"hint": "to leave", "colspan": 1}], [{"hint": "leave", "colspan": 1}], [{"hint": "going", "colspan": 1}]], "references": []}, "tts": "https://d1vq87e9lcf771.cloudfront.net/danielle/add3c7a4a64b740f5730fd10a103e52a"}, {"value": " "}, {"value": "sans", "hintTable": {"rows": [[{"hint": "without", "colspan": 1}], [{"hint": "without a", "colspan": 1}], [{"hint": "without an", "colspan": 1}]], "references": []}, "tts": "https://d1vq87e9lcf771.cloudfront.net/danielle/f8ec9189ea42d1bb9589768de6e7072c"}, {"value": " "}, {"value": "vous", "hintTable": {"rows": [[{"hint": "to you", "colspan": 1}], [{"hint": "you", "colspan": 1}], [{"hint": "for you", "colspan": 1}]], "references": []}, "tts": "https://d1vq87e9lcf771.cloudfront.net/danielle/480892a594f400f082857d91ad80c042"}, {"value": " "}, {"value": "!"}]}, "subtext": {"styledString": {"text": "Hurry up, or the bus is going to leave without you!", "styling": [{"from": 0, "to": 51, "attributes": {"alignment": "left", "fontSize": 19, "fontWeight": "normal", "textColor": "AFAFAF", "lineSpacing": 5}}]}, "tokenTTS": {"tokenTTSCollection": []}}, "ttsURL": "https://d1vq87e9lcf771.cloudfront.net/danielle/8952f5b7514d8477df16d9cf6cc291a8"}]}, "meta": {"autoPlayableTTS": [], "sectionIndex": 0, "backgroundColor": null}}, {"type": "verticalSpace", "element": 16, "meta": {"autoPlayableTTS": [], "sectionIndex": 0, "backgroundColor": null}}, {"type": "dialogue", "element": {"phrases": [{"text": {"styledString": {"text": "Garons-nous l\u00e0-bas !", "styling": [{"from": 0, "to": 20, "attributes": {"alignment": "left", "fontSize": 19, "fontWeight": "normal", "textColor": "4B4B4B", "lineSpacing": 5}}]}, "tokenTTS": {"tokenTTSCollection": []}, "blockHints": [{"value": "Garons", "hintTable": {"rows": [[{"hint": "park", "colspan": 1}]], "references": []}, "tts": "https://d1vq87e9lcf771.cloudfront.net/danielle/281a99df4c5b23ceaf18128c7b66a8f8"}, {"value": "-"}, {"value": "nous", "hintTable": {"rows": [[{"hint": "we", "colspan": 1}], [{"hint": "us", "colspan": 1}], [{"hint": "to each other", "colspan": 1}]], "references": []}, "tts": "https://d1vq87e9lcf771.cloudfront.net/danielle/7f1cf4acbc8ec94bd2a083a118772eb6"}, {"value": " "}, {"value": "l\u00e0", "hintTable": {"headers": ["l\u00e0", "-", "bas"], "rows": [[{"hint": "over there", "colspan": 2}], [{"hint": "there", "colspan": 1}, {"colspan": 1}], [{"hint": "now", "colspan": 1}, {"colspan": 1}], [{"hint": "here", "colspan": 1}, {"colspan": 1}]], "references": [3]}, "tts": "https://d1vq87e9lcf771.cloudfront.net/danielle/de7e01e8fa6feef0d8cb962379c1bce3"}, {"value": "-"}, {"value": "bas", "hintTable": {"headers": ["l\u00e0", "-", "bas"], "rows": [[{"hint": "over there", "colspan": 2}], [{"colspan": 1}, {"hint": "bottom", "colspan": 1}], [{"colspan": 1}, {"hint": "low", "colspan": 1}], [{"colspan": 1}, {"hint": "downs", "colspan": 1}]], "references": [2]}, "tts": "https://d1vq87e9lcf771.cloudfront.net/danielle/d19de10431da39d9925d8bb3e231722f"}, {"value": " "}, {"value": "!"}]}, "subtext": {"styledString": {"text": "Let's park over there!", "styling": [{"from": 0, "to": 22, "attributes": {"alignment": "left", "fontSize": 19, "fontWeight": "normal", "textColor": "AFAFAF", "lineSpacing": 5}}]}, "tokenTTS": {"tokenTTSCollection": []}}, "ttsURL": "https://d1vq87e9lcf771.cloudfront.net/danielle/93ca4b2620f8ba79f05b6a7d8cd7af73"}, {"text": {"styledString": {"text": "Non, ne vous garez pas sur ce parking.", "styling": [{"from": 0, "to": 38, "attributes": {"alignment": "left", "fontSize": 19, "fontWeight": "normal", "textColor": "4B4B4B", "lineSpacing": 5}}]}, "tokenTTS": {"tokenTTSCollection": []}, "blockHints": [{"value": "Non", "hintTable": {"rows": [[{"hint": "is not", "colspan": 1}], [{"hint": "no", "colspan": 1}], [{"hint": "does not", "colspan": 1}]], "references": []}, "tts": "https://d1vq87e9lcf771.cloudfront.net/danielle/015ca584cfbc5f0a54a3066c0e1b9487"}, {"value": ","}, {"value": " "}, {"value": "ne", "hintTable": {"headers": ["ne", "...", "pas"], "rows": [[{"hint": "do not", "colspan": 3}], [{"hint": "not", "colspan": 3}], [{"hint": "did not", "colspan": 3}], [{"hint": "do not", "colspan": 1}, {"colspan": 1}, {"colspan": 1}], [{"hint": "does not", "colspan": 1}, {"colspan": 1}, {"colspan": 1}], [{"hint": "won't", "colspan": 1}, {"colspan": 1}, {"colspan": 1}]], "references": [3]}, "tts": "https://d1vq87e9lcf771.cloudfront.net/danielle/fe3f8d62d97c884f0447fe90d9a2f872"}, {"value": " "}, {"value": "vous", "hintTable": {"rows": [[{"hint": "for you", "colspan": 1}], [{"hint": "you", "colspan": 1}], [{"hint": "yourself", "colspan": 1}]], "references": []}, "tts": "https://d1vq87e9lcf771.cloudfront.net/danielle/480892a594f400f082857d91ad80c042"}, {"value": " "}, {"value": "garez", "hintTable": {"rows": [[{"hint": "(you-plural) park!", "colspan": 1}], [{"hint": "park", "colspan": 1}], [{"hint": "(you-plural) park/are parking", "colspan": 1}]], "references": []}, "tts": "https://d1vq87e9lcf771.cloudfront.net/danielle/daaf93986ee12fba9a25ea5d134d4344"}, {"value": " "}, {"value": "pas", "hintTable": {"headers": ["ne", "...", "pas"], "rows": [[{"hint": "do not", "colspan": 3}], [{"hint": "not", "colspan": 3}], [{"hint": "did not", "colspan": 3}], [{"colspan": 1}, {"colspan": 1}, {"hint": "no", "colspan": 1}], [{"colspan": 1}, {"colspan": 1}, {"hint": "steps", "colspan": 1}], [{"colspan": 1}, {"colspan": 1}, {"hint": "step", "colspan": 1}]], "references": [2]}, "tts": "https://d1vq87e9lcf771.cloudfront.net/danielle/c456a9e187b2f0772875204436cd741c"}, {"value": " "}, {"value": "sur", "hintTable": {"rows": [[{"hint": "at", "colspan": 1}], [{"hint": "on", "colspan": 1}], [{"hint": "over", "colspan": 1}]], "references": []}, "tts": "https://d1vq87e9lcf771.cloudfront.net/danielle/422ef6e876b524c148c0a0a1733e830f"}, {"value": " "}, {"value": "ce", "hintTable": {"rows": [[{"hint": "it", "colspan": 1}], [{"hint": "this", "colspan": 1}], [{"hint": "that", "colspan": 1}]], "references": []}, "tts": "https://d1vq87e9lcf771.cloudfront.net/danielle/7a1b56deded82e10d0dbe21416f241bb"}, {"value": " "}, {"value": "parking", "hintTable": {"rows": [[{"hint": "parking lot", "colspan": 1}]], "references": []}, "tts": "https://d1vq87e9lcf771.cloudfront.net/danielle/2787fe9a65a669fe2b05df06a5157f47"}, {"value": "."}]}, "subtext": {"styledString": {"text": "No, don't park in this parking lot.", "styling": [{"from": 0, "to": 35, "attributes": {"alignment": "left", "fontSize": 19, "fontWeight": "normal", "textColor": "AFAFAF", "lineSpacing": 5}}]}, "tokenTTS": {"tokenTTSCollection": []}}, "ttsURL": "https://d1vq87e9lcf771.cloudfront.net/danielle/aa3e287613b7b509ac911ea85d3678d9"}]}, "meta": {"autoPlayableTTS": [], "sectionIndex": 0, "backgroundColor": null}}, {"type": "verticalSpace", "element": 16, "meta": {"autoPlayableTTS": [], "sectionIndex": 0, "backgroundColor": null}}, {"type": "dialogue", "element": {"phrases": [{"text": {"styledString": {"text": "Attention, ne te perds pas.", "styling": [{"from": 0, "to": 27, "attributes": {"alignment": "left", "fontSize": 19, "fontWeight": "normal", "textColor": "4B4B4B", "lineSpacing": 5}}]}, "tokenTTS": {"tokenTTSCollection": []}, "blockHints": [{"value": "Attention", "hintTable": {"rows": [[{"hint": "careful", "colspan": 1}], [{"hint": "be careful", "colspan": 1}], [{"hint": "attention", "colspan": 1}]], "references": []}, "tts": "https://d1vq87e9lcf771.cloudfront.net/danielle/0ade2526a80c42625cffd6af9d69554f"}, {"value": ","}, {"value": " "}, {"value": "ne", "hintTable": {"headers": ["ne", "...", "pas"], "rows": [[{"hint": "don't", "colspan": 3}], [{"hint": "do not", "colspan": 3}], [{"hint": "not", "colspan": 3}], [{"hint": "don't", "colspan": 1}, {"colspan": 1}, {"colspan": 1}], [{"hint": "do not", "colspan": 1}, {"colspan": 1}, {"colspan": 1}], [{"hint": "not", "colspan": 1}, {"colspan": 1}, {"colspan": 1}]], "references": [3]}, "tts": "https://d1vq87e9lcf771.cloudfront.net/danielle/fe3f8d62d97c884f0447fe90d9a2f872"}, {"value": " "}, {"value": "te", "hintTable": {"headers": ["te", "perds"], "rows": [[{"hint": "get lost", "colspan": 2}], [{"hint": "you", "colspan": 1}, {"colspan": 1}], [{"hint": "yourself", "colspan": 1}, {"colspan": 1}], [{"hint": "to you", "colspan": 1}, {"colspan": 1}]], "references": [3]}, "tts": "https://d1vq87e9lcf771.cloudfront.net/danielle/8d93634e9088a394591eebdb60b42760"}, {"value": " "}, {"value": "perds", "hintTable": {"headers": ["te", "perds"], "rows": [[{"hint": "get lost", "colspan": 2}], [{"colspan": 1}, {"hint": "lose", "colspan": 1}], [{"colspan": 1}, {"hint": "am losing", "colspan": 1}], [{"colspan": 1}, {"hint": "are losing", "colspan": 1}]], "references": [2]}, "tts": "https://d1vq87e9lcf771.cloudfront.net/danielle/fd90f915cc788719477ba71d67713614"}, {"value": " "}, {"value": "pas", "hintTable": {"headers": ["ne", "...", "pas"], "rows": [[{"hint": "don't", "colspan": 3}], [{"hint": "do not", "colspan": 3}], [{"hint": "not", "colspan": 3}], [{"colspan": 1}, {"colspan": 1}, {"hint": "don't", "colspan": 1}], [{"colspan": 1}, {"colspan": 1}, {"hint": "not", "colspan": 1}], [{"colspan": 1}, {"colspan": 1}, {"hint": "no", "colspan": 1}]], "references": [2]}, "tts": "https://d1vq87e9lcf771.cloudfront.net/danielle/c456a9e187b2f0772875204436cd741c"}, {"value": "."}]}, "subtext": {"styledString": {"text": "Careful, don't get lost.", "styling": [{"from": 0, "to": 24, "attributes": {"alignment": "left", "fontSize": 19, "fontWeight": "normal", "textColor": "AFAFAF", "lineSpacing": 5}}]}, "tokenTTS": {"tokenTTSCollection": []}}, "ttsURL": "https://d1vq87e9lcf771.cloudfront.net/danielle/d3da51d44e676d2ff1b155475303359f"}]}, "meta": {"autoPlayableTTS": [], "sectionIndex": 0, "backgroundColor": null}}, {"type": "verticalSpace", "element": 16, "meta": {"autoPlayableTTS": [], "sectionIndex": 0, "backgroundColor": null}}, {"type": "dialogue", "element": {"phrases": [{"text": {"styledString": {"text": "Ne te l\u00e8ve pas trop vite.", "styling": [{"from": 0, "to": 25, "attributes": {"alignment": "left", "fontSize": 19, "fontWeight": "normal", "textColor": "4B4B4B", "lineSpacing": 5}}]}, "tokenTTS": {"tokenTTSCollection": []}, "blockHints": [{"value": "Ne", "hintTable": {"headers": ["ne", "...", "pas"], "rows": [[{"hint": "don't", "colspan": 3}], [{"hint": "do not", "colspan": 3}], [{"hint": "not", "colspan": 3}], [{"hint": "don't", "colspan": 1}, {"colspan": 1}, {"colspan": 1}], [{"hint": "do not", "colspan": 1}, {"colspan": 1}, {"colspan": 1}], [{"hint": "not", "colspan": 1}, {"colspan": 1}, {"colspan": 1}]], "references": [2]}, "tts": "https://d1vq87e9lcf771.cloudfront.net/danielle/fe3f8d62d97c884f0447fe90d9a2f872"}, {"value": " "}, {"value": "te", "hintTable": {"headers": ["te", "l\u00e8ve"], "rows": [[{"hint": "stand up", "colspan": 2}], [{"hint": "you", "colspan": 1}, {"colspan": 1}], [{"hint": "yourself", "colspan": 1}, {"colspan": 1}], [{"hint": "to you", "colspan": 1}, {"colspan": 1}]], "references": [2]}, "tts": "https://d1vq87e9lcf771.cloudfront.net/danielle/8d93634e9088a394591eebdb60b42760"}, {"value": " "}, {"value": "l\u00e8ve", "hintTable": {"headers": ["te", "l\u00e8ve"], "rows": [[{"hint": "stand up", "colspan": 2}], [{"colspan": 1}, {"hint": "raises", "colspan": 1}], [{"colspan": 1}, {"hint": "raise", "colspan": 1}], [{"colspan": 1}, {"hint": "lift", "colspan": 1}]], "references": [1]}, "tts": "https://d1vq87e9lcf771.cloudfront.net/danielle/56038f13f8613ae3bdb088ebe21e9f47"}, {"value": " "}, {"value": "pas", "hintTable": {"headers": ["ne", "...", "pas"], "rows": [[{"hint": "don't", "colspan": 3}], [{"hint": "do not", "colspan": 3}], [{"hint": "not", "colspan": 3}], [{"colspan": 1}, {"colspan": 1}, {"hint": "don't", "colspan": 1}], [{"colspan": 1}, {"colspan": 1}, {"hint": "not", "colspan": 1}], [{"colspan": 1}, {"colspan": 1}, {"hint": "no", "colspan": 1}]], "references": [1]}, "tts": "https://d1vq87e9lcf771.cloudfront.net/danielle/c456a9e187b2f0772875204436cd741c"}, {"value": " "}, {"value": "trop", "hintTable": {"rows": [[{"hint": "too", "colspan": 1}], [{"hint": "too many", "colspan": 1}], [{"hint": "too much", "colspan": 1}]], "references": []}, "tts": "https://d1vq87e9lcf771.cloudfront.net/danielle/080b698ce3aeb800051fe6f551895504"}, {"value": " "}, {"value": "vite", "hintTable": {"rows": [[{"hint": "quickly", "colspan": 1}], [{"hint": "fast", "colspan": 1}], [{"hint": "quick", "colspan": 1}]], "references": []}, "tts": "https://d1vq87e9lcf771.cloudfront.net/danielle/377d66a47c9773fd5bb8a20ecd30294d"}, {"value": "."}]}, "subtext": {"styledString": {"text": "Don't stand up too quickly.", "styling": [{"from": 0, "to": 27, "attributes": {"alignment": "left", "fontSize": 19, "fontWeight": "normal", "textColor": "AFAFAF", "lineSpacing": 5}}]}, "tokenTTS": {"tokenTTSCollection": []}}, "ttsURL": "https://d1vq87e9lcf771.cloudfront.net/danielle/caa1d86d89f2a34bd151d80824fb1a8c"}]}, "meta": {"autoPlayableTTS": [], "sectionIndex": 0, "backgroundColor": null}}, {"type": "verticalSpace", "element": 16, "meta": {"autoPlayableTTS": [], "sectionIndex": 0, "backgroundColor": null}}, {"type": "dialogue", "element": {"phrases": [{"text": {"styledString": {"text": "L\u00e8ve-toi parce que le train va arriver dans la gare.", "styling": [{"from": 0, "to": 52, "attributes": {"alignment": "left", "fontSize": 19, "fontWeight": "normal", "textColor": "4B4B4B", "lineSpacing": 5}}]}, "tokenTTS": {"tokenTTSCollection": []}, "blockHints": [{"value": "L\u00e8ve", "hintTable": {"headers": ["l\u00e8ve", "-", "toi"], "rows": [[{"hint": "stand up", "colspan": 2}], [{"hint": "get up", "colspan": 2}], [{"hint": "raises", "colspan": 1}, {"colspan": 1}], [{"hint": "raise", "colspan": 1}, {"colspan": 1}], [{"hint": "lift", "colspan": 1}, {"colspan": 1}]], "references": [1]}, "tts": "https://d1vq87e9lcf771.cloudfront.net/danielle/56038f13f8613ae3bdb088ebe21e9f47"}, {"value": "-"}, {"value": "toi", "hintTable": {"headers": ["l\u00e8ve", "-", "toi"], "rows": [[{"hint": "stand up", "colspan": 2}], [{"hint": "get up", "colspan": 2}], [{"colspan": 1}, {"hint": "you", "colspan": 1}], [{"colspan": 1}, {"hint": "yourself", "colspan": 1}]], "references": [0]}, "tts": "https://d1vq87e9lcf771.cloudfront.net/danielle/d700303771b8d4ab00d3424ce366f60d"}, {"value": " "}, {"value": "parce", "hintTable": {"headers": ["parce", "que"], "rows": [[{"hint": "because", "colspan": 2}]], "references": [3]}, "tts": "https://d1vq87e9lcf771.cloudfront.net/danielle/a3f463e13a6a94abb2f2268489f56a27"}, {"value": " "}, {"value": "que", "hintTable": {"headers": ["parce", "que"], "rows": [[{"hint": "because", "colspan": 2}], [{"colspan": 1}, {"hint": "as", "colspan": 1}], [{"colspan": 1}, {"hint": "that", "colspan": 1}], [{"colspan": 1}, {"hint": "than", "colspan": 1}]], "references": [2]}, "tts": "https://d1vq87e9lcf771.cloudfront.net/danielle/f7a988c9818f00f37039ade65f8d6b1c"}, {"value": " "}, {"value": "le", "hintTable": {"rows": [[{"hint": "the", "colspan": 1}], [{"hint": "on the", "colspan": 1}], [{"hint": "your", "colspan": 1}]], "references": []}, "tts": "https://d1vq87e9lcf771.cloudfront.net/danielle/53635582b04179582406de15f6c2a6fa"}, {"value": " "}, {"value": "train", "hintTable": {"rows": [[{"hint": "train", "colspan": 1}]], "references": []}, "tts": "https://d1vq87e9lcf771.cloudfront.net/danielle/733aae6d68d16deeabb7d3d16924d62c"}, {"value": " "}, {"value": "va", "hintTable": {"headers": ["va", "...", "arriver"], "rows": [[{"hint": "is due", "colspan": 3}], [{"hint": "is due", "colspan": 2}, {"colspan": 1}], [{"hint": "is going", "colspan": 1}, {"colspan": 1}, {"colspan": 1}], [{"hint": "going", "colspan": 1}, {"colspan": 1}, {"colspan": 1}], [{"hint": "will", "colspan": 1}, {"colspan": 1}, {"colspan": 1}]], "references": [7]}, "tts": "https://d1vq87e9lcf771.cloudfront.net/danielle/7f1186315dd7902408941711dc0166cf"}, {"value": " "}, {"value": "arriver", "hintTable": {"headers": ["va", "...", "arriver"], "rows": [[{"hint": "is due", "colspan": 3}], [{"colspan": 1}, {"hint": "is due", "colspan": 2}], [{"colspan": 1}, {"colspan": 1}, {"hint": "to arrive", "colspan": 1}], [{"colspan": 1}, {"colspan": 1}, {"hint": "arrive", "colspan": 1}]], "references": [6]}, "tts": "https://d1vq87e9lcf771.cloudfront.net/danielle/36b3d52d347c6ddf55ca85b1906f47dc"}, {"value": " "}, {"value": "dans", "hintTable": {"rows": [[{"hint": "at", "colspan": 1}], [{"hint": "to", "colspan": 1}], [{"hint": "in", "colspan": 1}]], "references": []}, "tts": "https://d1vq87e9lcf771.cloudfront.net/danielle/c4232879fe12ea9d37d2fda9eb1704bb"}, {"value": " "}, {"value": "la", "hintTable": {"rows": [[{"hint": "the", "colspan": 1}], [{"hint": "your", "colspan": 1}], [{"hint": "it", "colspan": 1}]], "references": []}, "tts": "https://d1vq87e9lcf771.cloudfront.net/danielle/a3839459c4a22bd261d776fc91b0977e"}, {"value": " "}, {"value": "gare", "hintTable": {"rows": [[{"hint": "train station", "colspan": 1}], [{"hint": "park", "colspan": 1}], [{"hint": "parks", "colspan": 1}]], "references": []}, "tts": "https://d1vq87e9lcf771.cloudfront.net/danielle/675dd4e55fd4521940e55d8a3a31b3d9"}, {"value": "."}]}, "subtext": {"styledString": {"text": "Stand up because the train is going to arrive at the station.", "styling": [{"from": 0, "to": 61, "attributes": {"alignment": "left", "fontSize": 19, "fontWeight": "normal", "textColor": "AFAFAF", "lineSpacing": 5}}]}, "tokenTTS": {"tokenTTSCollection": []}}, "ttsURL": "https://d1vq87e9lcf771.cloudfront.net/danielle/379108dda519a9b3a7d611d7d3f1da9e"}]}, "meta": {"autoPlayableTTS": [], "sectionIndex": 0, "backgroundColor": null}}, {"type": "verticalSpace", "element": 24, "meta": {"autoPlayableTTS": [], "sectionIndex": 0, "backgroundColor": null}}, {"type": "verticalSpace", "element": 24, "meta": {"autoPlayableTTS": [], "sectionIndex": 0, "backgroundColor": "DDF4FF"}}, {"type": "text", "element": {"styledString": {"text": "TIP", "styling": [{"from": 0, "to": 3, "attributes": {"alignment": "left", "fontSize": 17, "fontWeight": "bold", "textColor": "1CB0F6", "lineSpacing": 4}}]}, "tokenTTS": {"tokenTTSCollection": []}}, "meta": {"autoPlayableTTS": [], "sectionIndex": 0, "backgroundColor": "DDF4FF"}}, {"type": "verticalSpace", "element": 8, "meta": {"autoPlayableTTS": [], "sectionIndex": 0, "backgroundColor": "DDF4FF"}}, {"type": "text", "element": {"styledString": {"text": "Ne te gare pas ici, c'est interdit\u00a0!", "styling": [{"from": 0, "to": 36, "attributes": {"alignment": "left", "fontSize": 25, "fontWeight": "bold", "textColor": "4B4B4B", "lineSpacing": 4}}]}, "tokenTTS": {"tokenTTSCollection": []}, "hints": {"hints": [], "hintLinks": []}}, "meta": {"autoPlayableTTS": [], "sectionIndex": 4, "backgroundColor": "DDF4FF"}}, {"type": "verticalSpace", "element": 12, "meta": {"autoPlayableTTS": [], "sectionIndex": 4, "backgroundColor": "DDF4FF"}}, {"type": "text", "element": {"styledString": {"text": "We've seen that Ne mange pas\u00a0! means Don't eat! But when telling someone not to do something with verbs like se perdre or se garer, you need to add a vous or te in there.", "styling": [{"from": 0, "to": 16, "attributes": {"alignment": "left", "fontSize": 19, "fontWeight": "normal", "textColor": "4B4B4B", "lineSpacing": 5}}, {"from": 16, "to": 30, "attributes": {"alignment": "left", "fontSize": 19, "fontWeight": "bold", "textColor": "4B4B4B", "lineSpacing": 5}}, {"from": 30, "to": 37, "attributes": {"alignment": "left", "fontSize": 19, "fontWeight": "normal", "textColor": "4B4B4B", "lineSpacing": 5}}, {"from": 37, "to": 47, "attributes": {"alignment": "left", "fontSize": 19, "fontWeight": "bold", "textColor": "4B4B4B", "lineSpacing": 5}}, {"from": 47, "to": 109, "attributes": {"alignment": "left", "fontSize": 19, "fontWeight": "normal", "textColor": "4B4B4B", "lineSpacing": 5}}, {"from": 109, "to": 111, "attributes": {"alignment": "left", "fontSize": 19, "fontWeight": "bold", "textColor": "1CB0F6", "lineSpacing": 5}}, {"from": 111, "to": 112, "attributes": {"alignment": "left", "fontSize": 19, "fontWeight": "normal", "textColor": "4B4B4B", "lineSpacing": 5}}, {"from": 112, "to": 118, "attributes": {"alignment": "left", "fontSize": 19, "fontWeight": "bold", "textColor": "4B4B4B", "lineSpacing": 5}}, {"from": 118, "to": 122, "attributes": {"alignment": "left", "fontSize": 19, "fontWeight": "normal", "textColor": "4B4B4B", "lineSpacing": 5}}, {"from": 122, "to": 124, "attributes": {"alignment": "left", "fontSize": 19, "fontWeight": "bold", "textColor": "1CB0F6", "lineSpacing": 5}}, {"from": 124, "to": 125, "attributes": {"alignment": "left", "fontSize": 19, "fontWeight": "normal", "textColor": "4B4B4B", "lineSpacing": 5}}, {"from": 125, "to": 130, "attributes": {"alignment": "left", "fontSize": 19, "fontWeight": "bold", "textColor": "4B4B4B", "lineSpacing": 5}}, {"from": 130, "to": 150, "attributes": {"alignment": "left", "fontSize": 19, "fontWeight": "normal", "textColor": "4B4B4B", "lineSpacing": 5}}, {"from": 150, "to": 154, "attributes": {"alignment": "left", "fontSize": 19, "fontWeight": "bold", "textColor": "1CB0F6", "lineSpacing": 5}}, {"from": 154, "to": 158, "attributes": {"alignment": "left", "fontSize": 19, "fontWeight": "normal", "textColor": "4B4B4B", "lineSpacing": 5}}, {"from": 158, "to": 160, "attributes": {"alignment": "left", "fontSize": 19, "fontWeight": "bold", "textColor": "1CB0F6", "lineSpacing": 5}}, {"from": 160, "to": 170, "attributes": {"alignment": "left", "fontSize": 19, "fontWeight": "normal", "textColor": "4B4B4B", "lineSpacing": 5}}]}, "tokenTTS": {"tokenTTSCollection": [{"startIndex": 16, "endIndex": 29, "ttsURL": "https://d1vq87e9lcf771.cloudfront.net/danielle/2c3fc5bc25e3e865fd23b5d04dcc515e"}, {"startIndex": 109, "endIndex": 117, "ttsURL": "https://d1vq87e9lcf771.cloudfront.net/danielle/273098ed21ed5415a2f87cf6673c1a4f"}, {"startIndex": 122, "endIndex": 129, "ttsURL": "https://d1vq87e9lcf771.cloudfront.net/danielle/1eab1ebe5ff891c6026db99af1d625da"}, {"startIndex": 150, "endIndex": 153, "ttsURL": "https://d1vq87e9lcf771.cloudfront.net/danielle/480892a594f400f082857d91ad80c042"}, {"startIndex": 158, "endIndex": 159, "ttsURL": "https://d1vq87e9lcf771.cloudfront.net/danielle/8d93634e9088a394591eebdb60b42760"}]}, "hints": {"hints": ["don't eat", "A verb expresses an action (\u201cLuis cooks every day\u201d) or a state of being (\u201cI am sick\u201d).", "to get lost", "to park", "yourself (formal) / yourselves", "yourself"], "hintLinks": [{"index": 0, "rangeStart": 16, "rangeEnd": 29}, {"index": 1, "rangeStart": 98, "rangeEnd": 102}, {"index": 2, "rangeStart": 109, "rangeEnd": 117}, {"index": 3, "rangeStart": 122, "rangeEnd": 129}, {"index": 4, "rangeStart": 150, "rangeEnd": 153}, {"index": 5, "rangeStart": 158, "rangeEnd": 159}]}}, "meta": {"autoPlayableTTS": [], "sectionIndex": 4, "backgroundColor": "DDF4FF"}}, {"type": "verticalSpace", "element": 24, "meta": {"autoPlayableTTS": [], "sectionIndex": 5, "backgroundColor": "DDF4FF"}}, {"type": "example", "element": {"text": {"styledString": {"text": "Ne te perds pas\u00a0!", "styling": [{"from": 0, "to": 3, "attributes": {"alignment": "left", "fontSize": 19, "fontWeight": "normal", "textColor": "4B4B4B", "lineSpacing": 5}}, {"from": 3, "to": 5, "attributes": {"alignment": "left", "fontSize": 19, "fontWeight": "bold", "textColor": "1CB0F6", "lineSpacing": 5}}, {"from": 5, "to": 17, "attributes": {"alignment": "left", "fontSize": 19, "fontWeight": "normal", "textColor": "4B4B4B", "lineSpacing": 5}}]}, "tokenTTS": {"tokenTTSCollection": [{"startIndex": 0, "endIndex": 16, "ttsURL": "https://d1vq87e9lcf771.cloudfront.net/danielle/fcbecbebcf742e403587a30e995590d3"}]}, "hints": {"hints": ["don't get lost"], "hintLinks": [{"index": 0, "rangeStart": 0, "rangeEnd": 16}]}}, "subtext": {"styledString": {"text": "Don't get lost!", "styling": [{"from": 0, "to": 15, "attributes": {"alignment": "left", "fontSize": 19, "fontWeight": "normal", "textColor": "AFAFAF", "lineSpacing": 5}}]}, "tokenTTS": {"tokenTTSCollection": []}, "hints": {"hints": [], "hintLinks": []}}, "ttsURL": "https://d1vq87e9lcf771.cloudfront.net/danielle/fcbecbebcf742e403587a30e995590d3"}, "meta": {"autoPlayableTTS": [], "sectionIndex": 5, "backgroundColor": "DDF4FF"}}, {"type": "verticalSpace", "element": 12, "meta": {"autoPlayableTTS": [], "sectionIndex": 6, "backgroundColor": "DDF4FF"}}, {"type": "example", "element": {"text": {"styledString": {"text": "Ne vous garez pas l\u00e0\u00a0!", "styling": [{"from": 0, "to": 3, "attributes": {"alignment": "left", "fontSize": 19, "fontWeight": "normal", "textColor": "4B4B4B", "lineSpacing": 5}}, {"from": 3, "to": 7, "attributes": {"alignment": "left", "fontSize": 19, "fontWeight": "bold", "textColor": "1CB0F6", "lineSpacing": 5}}, {"from": 7, "to": 22, "attributes": {"alignment": "left", "fontSize": 19, "fontWeight": "normal", "textColor": "4B4B4B", "lineSpacing": 5}}]}, "tokenTTS": {"tokenTTSCollection": [{"startIndex": 0, "endIndex": 21, "ttsURL": "https://d1vq87e9lcf771.cloudfront.net/danielle/42b154b17186359a30dddccb5c5cedd3"}]}, "hints": {"hints": ["don't park there"], "hintLinks": [{"index": 0, "rangeStart": 0, "rangeEnd": 21}]}}, "subtext": {"styledString": {"text": "Don't park there!", "styling": [{"from": 0, "to": 17, "attributes": {"alignment": "left", "fontSize": 19, "fontWeight": "normal", "textColor": "AFAFAF", "lineSpacing": 5}}]}, "tokenTTS": {"tokenTTSCollection": []}, "hints": {"hints": [], "hintLinks": []}}, "ttsURL": "https://d1vq87e9lcf771.cloudfront.net/danielle/42b154b17186359a30dddccb5c5cedd3"}, "meta": {"autoPlayableTTS": [], "sectionIndex": 6, "backgroundColor": "DDF4FF"}}, {"type": "verticalSpace", "element": 24, "meta": {"autoPlayableTTS": [], "sectionIndex": 7, "backgroundColor": "DDF4FF"}}, {"type": "text", "element": {"styledString": {"text": "For the sentences with te, remember to drop the s on the end of \u2011er verbs like se d\u00e9p\u00eacher.", "styling": [{"from": 0, "to": 23, "attributes": {"alignment": "left", "fontSize": 19, "fontWeight": "normal", "textColor": "4B4B4B", "lineSpacing": 5}}, {"from": 23, "to": 25, "attributes": {"alignment": "left", "fontSize": 19, "fontWeight": "bold", "textColor": "1CB0F6", "lineSpacing": 5}}, {"from": 25, "to": 48, "attributes": {"alignment": "left", "fontSize": 19, "fontWeight": "normal", "textColor": "4B4B4B", "lineSpacing": 5}}, {"from": 48, "to": 49, "attributes": {"alignment": "left", "fontSize": 19, "fontWeight": "bold", "textColor": "4B4B4B", "lineSpacing": 5}}, {"from": 49, "to": 64, "attributes": {"alignment": "left", "fontSize": 19, "fontWeight": "normal", "textColor": "4B4B4B", "lineSpacing": 5}}, {"from": 64, "to": 67, "attributes": {"alignment": "left", "fontSize": 19, "fontWeight": "bold", "textColor": "1CB0F6", "lineSpacing": 5}}, {"from": 67, "to": 79, "attributes": {"alignment": "left", "fontSize": 19, "fontWeight": "normal", "textColor": "4B4B4B", "lineSpacing": 5}}, {"from": 79, "to": 88, "attributes": {"alignment": "left", "fontSize": 19, "fontWeight": "bold", "textColor": "4B4B4B", "lineSpacing": 5}}, {"from": 88, "to": 90, "attributes": {"alignment": "left", "fontSize": 19, "fontWeight": "bold", "textColor": "1CB0F6", "lineSpacing": 5}}, {"from": 90, "to": 91, "attributes": {"alignment": "left", "fontSize": 19, "fontWeight": "normal", "textColor": "4B4B4B", "lineSpacing": 5}}]}, "tokenTTS": {"tokenTTSCollection": [{"startIndex": 23, "endIndex": 24, "ttsURL": "https://d1vq87e9lcf771.cloudfront.net/danielle/8d93634e9088a394591eebdb60b42760"}, {"startIndex": 79, "endIndex": 89, "ttsURL": "https://d1vq87e9lcf771.cloudfront.net/danielle/96cbf9cbbbc9aaf6e422646bd644f059"}]}, "hints": {"hints": ["yourself", "to hurry"], "hintLinks": [{"index": 0, "rangeStart": 23, "rangeEnd": 24}, {"index": 1, "rangeStart": 79, "rangeEnd": 89}]}}, "meta": {"autoPlayableTTS": [], "sectionIndex": 7, "backgroundColor": "DDF4FF"}}, {"type": "verticalSpace", "element": 24, "meta": {"autoPlayableTTS": [], "sectionIndex": 8, "backgroundColor": "DDF4FF"}}, {"type": "exampleCaptionedImage", "element": {"image": {"url": "https://d1btvuu4dwu627.cloudfront.net/598ac97d09b1da377c98ede5fec55587/76e94b082a10a57ff7b0247858700b73/images/9f79dda603f1449c8de387150658df70.pdf"}, "examples": [{"text": {"styledString": {"text": "Ne te d\u00e9p\u00eache pas\u00a0!", "styling": [{"from": 0, "to": 3, "attributes": {"alignment": "left", "fontSize": 19, "fontWeight": "normal", "textColor": "4B4B4B", "lineSpacing": 5}}, {"from": 3, "to": 5, "attributes": {"alignment": "left", "fontSize": 19, "fontWeight": "bold", "textColor": "1CB0F6", "lineSpacing": 8}}, {"from": 5, "to": 19, "attributes": {"alignment": "left", "fontSize": 19, "fontWeight": "normal", "textColor": "4B4B4B", "lineSpacing": 5}}]}, "tokenTTS": {"tokenTTSCollection": [{"startIndex": 0, "endIndex": 18, "ttsURL": "https://d1vq87e9lcf771.cloudfront.net/danielle/24cc06175d61486b26112a404762ca78"}]}, "hints": {"hints": ["don't hurry"], "hintLinks": [{"index": 0, "rangeStart": 0, "rangeEnd": 18}]}}, "subtext": {"styledString": {"text": "Don't hurry!", "styling": [{"from": 0, "to": 12, "attributes": {"alignment": "left", "fontSize": 19, "fontWeight": "normal", "textColor": "AFAFAF", "lineSpacing": 8}}]}, "tokenTTS": {"tokenTTSCollection": []}, "hints": {"hints": [], "hintLinks": []}}, "ttsURL": "https://d1vq87e9lcf771.cloudfront.net/danielle/24cc06175d61486b26112a404762ca78"}], "layout": "narrowImageWithTextToRight"}, "meta": {"autoPlayableTTS": [], "sectionIndex": 8, "backgroundColor": "DDF4FF"}}, {"type": "verticalSpace", "element": 24, "meta": {"autoPlayableTTS": [], "sectionIndex": 0, "backgroundColor": "DDF4FF"}}, {"type": "verticalSpace", "element": 2, "meta": {"autoPlayableTTS": [], "sectionIndex": 0, "backgroundColor": "84D8FF"}}, {"type": "verticalSpace", "element": 24, "meta": {"autoPlayableTTS": [], "sectionIndex": 0, "backgroundColor": "DDF4FF"}}, {"type": "text", "element": {"styledString": {"text": "TIP", "styling": [{"from": 0, "to": 3, "attributes": {"alignment": "left", "fontSize": 17, "fontWeight": "bold", "textColor": "1CB0F6", "lineSpacing": 4}}]}, "tokenTTS": {"tokenTTSCollection": []}}, "meta": {"autoPlayableTTS": [], "sectionIndex": 0, "backgroundColor": "DDF4FF"}}, {"type": "verticalSpace", "element": 8, "meta": {"autoPlayableTTS": [], "sectionIndex": 0, "backgroundColor": "DDF4FF"}}, {"type": "text", "element": {"styledString": {"text": "Changes of state in the past!", "styling": [{"from": 0, "to": 29, "attributes": {"alignment": "left", "fontSize": 25, "fontWeight": "bold", "textColor": "4B4B4B", "lineSpacing": 4}}]}, "tokenTTS": {"tokenTTSCollection": []}, "hints": {"hints": [], "hintLinks": []}}, "meta": {"autoPlayableTTS": [], "sectionIndex": 0, "backgroundColor": "DDF4FF"}}, {"type": "verticalSpace", "element": 12, "meta": {"autoPlayableTTS": [], "sectionIndex": 0, "backgroundColor": "DDF4FF"}}, {"type": "text", "element": {"styledString": {"text": "When talking about the past, verbs that indicate motion or change of state use \u00eatre instead of avoir. If the subject is feminine, add an \u2011e. If the subject is plural, add an \u2011s!", "styling": [{"from": 0, "to": 79, "attributes": {"alignment": "left", "fontSize": 19, "fontWeight": "normal", "textColor": "4B4B4B", "lineSpacing": 5}}, {"from": 79, "to": 83, "attributes": {"alignment": "left", "fontSize": 19, "fontWeight": "bold", "textColor": "4B4B4B", "lineSpacing": 5}}, {"from": 83, "to": 95, "attributes": {"alignment": "left", "fontSize": 19, "fontWeight": "normal", "textColor": "4B4B4B", "lineSpacing": 5}}, {"from": 95, "to": 100, "attributes": {"alignment": "left", "fontSize": 19, "fontWeight": "bold", "textColor": "4B4B4B", "lineSpacing": 5}}, {"from": 100, "to": 137, "attributes": {"alignment": "left", "fontSize": 19, "fontWeight": "normal", "textColor": "4B4B4B", "lineSpacing": 5}}, {"from": 137, "to": 139, "attributes": {"alignment": "left", "fontSize": 19, "fontWeight": "bold", "textColor": "1CB0F6", "lineSpacing": 5}}, {"from": 139, "to": 174, "attributes": {"alignment": "left", "fontSize": 19, "fontWeight": "normal", "textColor": "4B4B4B", "lineSpacing": 5}}, {"from": 174, "to": 176, "attributes": {"alignment": "left", "fontSize": 19, "fontWeight": "bold", "textColor": "1CB0F6", "lineSpacing": 5}}, {"from": 176, "to": 177, "attributes": {"alignment": "left", "fontSize": 19, "fontWeight": "normal", "textColor": "4B4B4B", "lineSpacing": 5}}]}, "tokenTTS": {"tokenTTSCollection": [{"startIndex": 79, "endIndex": 82, "ttsURL": "https://d1vq87e9lcf771.cloudfront.net/danielle/af7348e97b1dbe2196947e97fa52b958"}, {"startIndex": 95, "endIndex": 99, "ttsURL": "https://d1vq87e9lcf771.cloudfront.net/danielle/9cff97e866eaf77c3fb054b9c6f4e4f3"}]}, "hints": {"hints": ["A verb expresses an action (\u201cLuis cooks every day\u201d) or a state of being (\u201cI am sick\u201d).", "to be", "to have", "The subject of a sentence is the person or thing performing the action of the verb. For example, \"I\" in \"I threw the ball.\"", "In French, all nouns are either masculine or feminine, even when they don\u2019t refer to people.", "The subject of a sentence is the person or thing performing the action of the verb. For example, \"I\" in \"I threw the ball.\"", "plural"], "hintLinks": [{"index": 0, "rangeStart": 29, "rangeEnd": 33}, {"index": 1, "rangeStart": 79, "rangeEnd": 82}, {"index": 2, "rangeStart": 95, "rangeEnd": 99}, {"index": 3, "rangeStart": 109, "rangeEnd": 115}, {"index": 4, "rangeStart": 120, "rangeEnd": 127}, {"index": 5, "rangeStart": 148, "rangeEnd": 154}, {"index": 6, "rangeStart": 159, "rangeEnd": 164}]}}, "meta": {"autoPlayableTTS": [], "sectionIndex": 0, "backgroundColor": "DDF4FF"}}, {"type": "verticalSpace", "element": 24, "meta": {"autoPlayableTTS": [], "sectionIndex": 0, "backgroundColor": "DDF4FF"}}, {"type": "table", "element": {"cells": [[{"styledString": {"text": "subject", "styling": [{"from": 0, "to": 7, "attributes": {"alignment": "left", "fontSize": 19, "fontWeight": "bold", "textColor": "4B4B4B", "lineSpacing": 2}}]}, "tokenTTS": {"tokenTTSCollection": []}, "hints": {"hints": ["The subject of a sentence is the person, place, thing, or idea that is doing or being something."], "hintLinks": [{"index": 0, "rangeStart": 0, "rangeEnd": 6}]}}, {"styledString": {"text": "verb (mourir)", "styling": [{"from": 0, "to": 13, "attributes": {"alignment": "left", "fontSize": 19, "fontWeight": "bold", "textColor": "4B4B4B", "lineSpacing": 2}}]}, "tokenTTS": {"tokenTTSCollection": [{"startIndex": 6, "endIndex": 11, "ttsURL": "https://d1vq87e9lcf771.cloudfront.net/danielle/58c2ebe4a0d535d57b8d67777cd6c71e"}]}, "hints": {"hints": ["A verb expresses an action (\u201cLuis cooks every day\u201d) or a state of being (\u201cI am sick\u201d).", "to die"], "hintLinks": [{"index": 0, "rangeStart": 0, "rangeEnd": 3}, {"index": 1, "rangeStart": 6, "rangeEnd": 11}]}}], [{"styledString": {"text": "je", "styling": [{"from": 0, "to": 2, "attributes": {"alignment": "left", "fontSize": 19, "fontWeight": "bold", "textColor": "4B4B4B", "lineSpacing": 5}}]}, "tokenTTS": {"tokenTTSCollection": [{"startIndex": 0, "endIndex": 1, "ttsURL": "https://d1vq87e9lcf771.cloudfront.net/danielle/bc9e4b13acbd7ff5019b443aa471b4de"}]}, "hints": {"hints": ["I"], "hintLinks": [{"index": 0, "rangeStart": 0, "rangeEnd": 1}]}}, {"styledString": {"text": "suis mort(e)", "styling": [{"from": 0, "to": 4, "attributes": {"alignment": "left", "fontSize": 19, "fontWeight": "bold", "textColor": "1CB0F6", "lineSpacing": 5}}, {"from": 4, "to": 5, "attributes": {"alignment": "left", "fontSize": 19, "fontWeight": "normal", "textColor": "4B4B4B", "lineSpacing": 5}}, {"from": 5, "to": 9, "attributes": {"alignment": "left", "fontSize": 19, "fontWeight": "bold", "textColor": "4B4B4B", "lineSpacing": 5}}, {"from": 9, "to": 12, "attributes": {"alignment": "left", "fontSize": 19, "fontWeight": "bold", "textColor": "1CB0F6", "lineSpacing": 5}}]}, "tokenTTS": {"tokenTTSCollection": [{"startIndex": 0, "endIndex": 8, "ttsURL": "https://d1vq87e9lcf771.cloudfront.net/danielle/2e8aca192e89442725849d4213ed5fae"}]}, "hints": {"hints": ["died"], "hintLinks": [{"index": 0, "rangeStart": 0, "rangeEnd": 11}]}}], [{"styledString": {"text": "tu", "styling": [{"from": 0, "to": 2, "attributes": {"alignment": "left", "fontSize": 19, "fontWeight": "bold", "textColor": "4B4B4B", "lineSpacing": 5}}]}, "tokenTTS": {"tokenTTSCollection": [{"startIndex": 0, "endIndex": 1, "ttsURL": "https://d1vq87e9lcf771.cloudfront.net/danielle/108696c9e1fe68d2beb23bb6f937a618"}]}, "hints": {"hints": ["you"], "hintLinks": [{"index": 0, "rangeStart": 0, "rangeEnd": 1}]}}, {"styledString": {"text": "es mort(e)", "styling": [{"from": 0, "to": 2, "attributes": {"alignment": "left", "fontSize": 19, "fontWeight": "bold", "textColor": "1CB0F6", "lineSpacing": 5}}, {"from": 2, "to": 3, "attributes": {"alignment": "left", "fontSize": 19, "fontWeight": "normal", "textColor": "4B4B4B", "lineSpacing": 5}}, {"from": 3, "to": 7, "attributes": {"alignment": "left", "fontSize": 19, "fontWeight": "bold", "textColor": "4B4B4B", "lineSpacing": 5}}, {"from": 7, "to": 10, "attributes": {"alignment": "left", "fontSize": 19, "fontWeight": "bold", "textColor": "1CB0F6", "lineSpacing": 5}}]}, "tokenTTS": {"tokenTTSCollection": [{"startIndex": 0, "endIndex": 6, "ttsURL": "https://d1vq87e9lcf771.cloudfront.net/danielle/31026bfc5b46d3864e87c79d0d5bb02d"}]}, "hints": {"hints": ["died"], "hintLinks": [{"index": 0, "rangeStart": 0, "rangeEnd": 9}]}}], [{"styledString": {"text": "il / elle", "styling": [{"from": 0, "to": 9, "attributes": {"alignment": "left", "fontSize": 19, "fontWeight": "bold", "textColor": "4B4B4B", "lineSpacing": 5}}]}, "tokenTTS": {"tokenTTSCollection": [{"startIndex": 0, "endIndex": 1, "ttsURL": "https://d1vq87e9lcf771.cloudfront.net/danielle/2cc14eeacdf034fdbb20a8fbdb782326"}, {"startIndex": 5, "endIndex": 8, "ttsURL": "https://d1vq87e9lcf771.cloudfront.net/danielle/aff4ce70dd29106f848ee89ba53ece81"}]}, "hints": {"hints": ["he", "she"], "hintLinks": [{"index": 0, "rangeStart": 0, "rangeEnd": 1}, {"index": 1, "rangeStart": 5, "rangeEnd": 8}]}}, {"styledString": {"text": "est mort(e)", "styling": [{"from": 0, "to": 3, "attributes": {"alignment": "left", "fontSize": 19, "fontWeight": "bold", "textColor": "1CB0F6", "lineSpacing": 5}}, {"from": 3, "to": 4, "attributes": {"alignment": "left", "fontSize": 19, "fontWeight": "normal", "textColor": "4B4B4B", "lineSpacing": 5}}, {"from": 4, "to": 8, "attributes": {"alignment": "left", "fontSize": 19, "fontWeight": "bold", "textColor": "4B4B4B", "lineSpacing": 5}}, {"from": 8, "to": 11, "attributes": {"alignment": "left", "fontSize": 19, "fontWeight": "bold", "textColor": "1CB0F6", "lineSpacing": 5}}]}, "tokenTTS": {"tokenTTSCollection": [{"startIndex": 0, "endIndex": 7, "ttsURL": "https://d1vq87e9lcf771.cloudfront.net/danielle/9e1184e8edbb810daeb447836f46be20"}]}, "hints": {"hints": ["died"], "hintLinks": [{"index": 0, "rangeStart": 0, "rangeEnd": 10}]}}], [{"styledString": {"text": "nous", "styling": [{"from": 0, "to": 4, "attributes": {"alignment": "left", "fontSize": 19, "fontWeight": "bold", "textColor": "4B4B4B", "lineSpacing": 5}}]}, "tokenTTS": {"tokenTTSCollection": [{"startIndex": 0, "endIndex": 3, "ttsURL": "https://d1vq87e9lcf771.cloudfront.net/danielle/7f1cf4acbc8ec94bd2a083a118772eb6"}]}, "hints": {"hints": ["we"], "hintLinks": [{"index": 0, "rangeStart": 0, "rangeEnd": 3}]}}, {"styledString": {"text": "sommes mort(e)s", "styling": [{"from": 0, "to": 6, "attributes": {"alignment": "left", "fontSize": 19, "fontWeight": "bold", "textColor": "1CB0F6", "lineSpacing": 5}}, {"from": 6, "to": 7, "attributes": {"alignment": "left", "fontSize": 19, "fontWeight": "normal", "textColor": "4B4B4B", "lineSpacing": 5}}, {"from": 7, "to": 11, "attributes": {"alignment": "left", "fontSize": 19, "fontWeight": "bold", "textColor": "4B4B4B", "lineSpacing": 5}}, {"from": 11, "to": 15, "attributes": {"alignment": "left", "fontSize": 19, "fontWeight": "bold", "textColor": "1CB0F6", "lineSpacing": 5}}]}, "tokenTTS": {"tokenTTSCollection": [{"startIndex": 0, "endIndex": 10, "ttsURL": "https://d1vq87e9lcf771.cloudfront.net/danielle/d25405224f5fb56054fd609f2c10b5f0"}]}, "hints": {"hints": ["died"], "hintLinks": [{"index": 0, "rangeStart": 0, "rangeEnd": 14}]}}], [{"styledString": {"text": "vous", "styling": [{"from": 0, "to": 4, "attributes": {"alignment": "left", "fontSize": 19, "fontWeight": "bold", "textColor": "4B4B4B", "lineSpacing": 5}}]}, "tokenTTS": {"tokenTTSCollection": [{"startIndex": 0, "endIndex": 3, "ttsURL": "https://d1vq87e9lcf771.cloudfront.net/danielle/480892a594f400f082857d91ad80c042"}]}, "hints": {"hints": ["you"], "hintLinks": [{"index": 0, "rangeStart": 0, "rangeEnd": 3}]}}, {"styledString": {"text": "\u00eates mort(e)s", "styling": [{"from": 0, "to": 4, "attributes": {"alignment": "left", "fontSize": 19, "fontWeight": "bold", "textColor": "1CB0F6", "lineSpacing": 5}}, {"from": 4, "to": 5, "attributes": {"alignment": "left", "fontSize": 19, "fontWeight": "normal", "textColor": "4B4B4B", "lineSpacing": 5}}, {"from": 5, "to": 9, "attributes": {"alignment": "left", "fontSize": 19, "fontWeight": "bold", "textColor": "4B4B4B", "lineSpacing": 5}}, {"from": 9, "to": 13, "attributes": {"alignment": "left", "fontSize": 19, "fontWeight": "bold", "textColor": "1CB0F6", "lineSpacing": 5}}]}, "tokenTTS": {"tokenTTSCollection": [{"startIndex": 0, "endIndex": 8, "ttsURL": "https://d1vq87e9lcf771.cloudfront.net/danielle/315f039901a63ac33e3d71926bce65a0"}]}, "hints": {"hints": ["died"], "hintLinks": [{"index": 0, "rangeStart": 0, "rangeEnd": 12}]}}], [{"styledString": {"text": "ils / elles", "styling": [{"from": 0, "to": 11, "attributes": {"alignment": "left", "fontSize": 19, "fontWeight": "bold", "textColor": "4B4B4B", "lineSpacing": 5}}]}, "tokenTTS": {"tokenTTSCollection": [{"startIndex": 0, "endIndex": 2, "ttsURL": "https://d1vq87e9lcf771.cloudfront.net/danielle/fa369075a68fadc733e36d6d7de8e2e9"}, {"startIndex": 6, "endIndex": 10, "ttsURL": "https://d1vq87e9lcf771.cloudfront.net/danielle/cf50091dea53f716dd12e44015edcfc4"}]}, "hints": {"hints": ["they", "they"], "hintLinks": [{"index": 0, "rangeStart": 0, "rangeEnd": 2}, {"index": 1, "rangeStart": 6, "rangeEnd": 10}]}}, {"styledString": {"text": "sont mort(e)s", "styling": [{"from": 0, "to": 4, "attributes": {"alignment": "left", "fontSize": 19, "fontWeight": "bold", "textColor": "1CB0F6", "lineSpacing": 5}}, {"from": 4, "to": 5, "attributes": {"alignment": "left", "fontSize": 19, "fontWeight": "normal", "textColor": "4B4B4B", "lineSpacing": 5}}, {"from": 5, "to": 9, "attributes": {"alignment": "left", "fontSize": 19, "fontWeight": "bold", "textColor": "4B4B4B", "lineSpacing": 5}}, {"from": 9, "to": 13, "attributes": {"alignment": "left", "fontSize": 19, "fontWeight": "bold", "textColor": "1CB0F6", "lineSpacing": 5}}]}, "tokenTTS": {"tokenTTSCollection": [{"startIndex": 0, "endIndex": 8, "ttsURL": "https://d1vq87e9lcf771.cloudfront.net/danielle/00f456d3cb6e7690b5d7471d10bc37c4"}]}, "hints": {"hints": ["died"], "hintLinks": [{"index": 0, "rangeStart": 0, "rangeEnd": 12}]}}]], "hasShadedHeader": true}, "meta": {"autoPlayableTTS": [], "sectionIndex": 0, "backgroundColor": "DDF4FF"}}, {"type": "verticalSpace", "element": 24, "meta": {"autoPlayableTTS": [], "sectionIndex": 0, "backgroundColor": "DDF4FF"}}], "resourcesToPrefetch": [{"required": false, "url": "https://d1vq87e9lcf771.cloudfront.net/danielle/fa369075a68fadc733e36d6d7de8e2e9", "type": "mp3"}, {"required": false, "url": "https://d1vq87e9lcf771.cloudfront.net/danielle/480892a594f400f082857d91ad80c042", "type": "mp3"}, {"required": false, "url": "https://d1vq87e9lcf771.cloudfront.net/danielle/2cc14eeacdf034fdbb20a8fbdb782326", "type": "mp3"}, {"required": true, "url": "https://d1btvuu4dwu627.cloudfront.net/598ac97d09b1da377c98ede5fec55587/76e94b082a10a57ff7b0247858700b73/images/9f79dda603f1449c8de387150658df70.pdf", "type": "pdf"}, {"required": false, "url": "https://d1vq87e9lcf771.cloudfront.net/danielle/24cc06175d61486b26112a404762ca78", "type": "mp3"}, {"required": false, "url": "https://d1vq87e9lcf771.cloudfront.net/danielle/9cff97e866eaf77c3fb054b9c6f4e4f3", "type": "mp3"}, {"required": false, "url": "https://d1vq87e9lcf771.cloudfront.net/danielle/aff4ce70dd29106f848ee89ba53ece81", "type": "mp3"}, {"required": false, "url": "https://d1vq87e9lcf771.cloudfront.net/danielle/00f456d3cb6e7690b5d7471d10bc37c4", "type": "mp3"}, {"required": false, "url": "https://d1vq87e9lcf771.cloudfront.net/danielle/cf50091dea53f716dd12e44015edcfc4", "type": "mp3"}, {"required": false, "url": "https://d1vq87e9lcf771.cloudfront.net/danielle/d3da51d44e676d2ff1b155475303359f", "type": "mp3"}, {"required": false, "url": "https://d1vq87e9lcf771.cloudfront.net/danielle/d25405224f5fb56054fd609f2c10b5f0", "type": "mp3"}, {"required": false, "url": "https://d1vq87e9lcf771.cloudfront.net/danielle/379108dda519a9b3a7d611d7d3f1da9e", "type": "mp3"}, {"required": false, "url": "https://d1vq87e9lcf771.cloudfront.net/danielle/2e8aca192e89442725849d4213ed5fae", "type": "mp3"}, {"required": false, "url": "https://d1vq87e9lcf771.cloudfront.net/danielle/93ca4b2620f8ba79f05b6a7d8cd7af73", "type": "mp3"}, {"required": false, "url": "https://d1vq87e9lcf771.cloudfront.net/danielle/273098ed21ed5415a2f87cf6673c1a4f", "type": "mp3"}, {"required": false, "url": "https://d1vq87e9lcf771.cloudfront.net/danielle/31026bfc5b46d3864e87c79d0d5bb02d", "type": "mp3"}, {"required": false, "url": "https://d1vq87e9lcf771.cloudfront.net/danielle/1eab1ebe5ff891c6026db99af1d625da", "type": "mp3"}, {"required": false, "url": "https://d1vq87e9lcf771.cloudfront.net/danielle/9e1184e8edbb810daeb447836f46be20", "type": "mp3"}, {"required": false, "url": "https://d1vq87e9lcf771.cloudfront.net/danielle/42b154b17186359a30dddccb5c5cedd3", "type": "mp3"}, {"required": false, "url": "https://d1vq87e9lcf771.cloudfront.net/danielle/8952f5b7514d8477df16d9cf6cc291a8", "type": "mp3"}, {"required": false, "url": "https://d1vq87e9lcf771.cloudfront.net/danielle/96cbf9cbbbc9aaf6e422646bd644f059", "type": "mp3"}, {"required": false, "url": "https://d1vq87e9lcf771.cloudfront.net/danielle/7f1cf4acbc8ec94bd2a083a118772eb6", "type": "mp3"}, {"required": false, "url": "https://d1vq87e9lcf771.cloudfront.net/danielle/2c3fc5bc25e3e865fd23b5d04dcc515e", "type": "mp3"}, {"required": false, "url": "https://d1vq87e9lcf771.cloudfront.net/danielle/aa3e287613b7b509ac911ea85d3678d9", "type": "mp3"}, {"required": false, "url": "https://d1vq87e9lcf771.cloudfront.net/danielle/8d93634e9088a394591eebdb60b42760", "type": "mp3"}, {"required": false, "url": "https://d1vq87e9lcf771.cloudfront.net/danielle/caa1d86d89f2a34bd151d80824fb1a8c", "type": "mp3"}, {"required": false, "url": "https://d1vq87e9lcf771.cloudfront.net/danielle/fcbecbebcf742e403587a30e995590d3", "type": "mp3"}, {"required": false, "url": "https://d1vq87e9lcf771.cloudfront.net/danielle/108696c9e1fe68d2beb23bb6f937a618", "type": "mp3"}, {"required": false, "url": "https://d1vq87e9lcf771.cloudfront.net/danielle/bc9e4b13acbd7ff5019b443aa471b4de", "type": "mp3"}, {"required": false, "url": "https://d1vq87e9lcf771.cloudfront.net/danielle/af7348e97b1dbe2196947e97fa52b958", "type": "mp3"}, {"required": false, "url": "https://d1vq87e9lcf771.cloudfront.net/danielle/58c2ebe4a0d535d57b8d67777cd6c71e", "type": "mp3"}, {"required": false, "url": "https://d1vq87e9lcf771.cloudfront.net/danielle/315f039901a63ac33e3d71926bce65a0", "type": "mp3"}]}