{"elements": [{"type": "verticalSpace", "element": 2, "meta": {"autoPlayableTTS": [], "sectionIndex": 0, "backgroundColor": "E5E5E5"}}, {"type": "verticalSpace", "element": 24, "meta": {"autoPlayableTTS": [], "sectionIndex": 0, "backgroundColor": null}}, {"type": "text", "element": {"styledString": {"text": "KEY PHRASES", "styling": [{"from": 0, "to": 11, "attributes": {"alignment": "left", "fontSize": 17, "fontWeight": "bold", "textColor": "1CB0F6", "lineSpacing": 4}}]}, "tokenTTS": {"tokenTTSCollection": []}}, "meta": {"autoPlayableTTS": [], "sectionIndex": 0, "backgroundColor": null}}, {"type": "verticalSpace", "element": 8, "meta": {"autoPlayableTTS": [], "sectionIndex": 0, "backgroundColor": null}}, {"type": "text", "element": {"styledString": {"text": "Blame others", "styling": [{"from": 0, "to": 12, "attributes": {"alignment": "left", "fontSize": 25, "fontWeight": "bold", "textColor": "4B4B4B", "lineSpacing": 4}}]}, "tokenTTS": {"tokenTTSCollection": []}}, "meta": {"autoPlayableTTS": [], "sectionIndex": 0, "backgroundColor": null}}, {"type": "verticalSpace", "element": 16, "meta": {"autoPlayableTTS": [], "sectionIndex": 0, "backgroundColor": null}}, {"type": "dialogue", "element": {"phrases": [{"text": {"styledString": {"text": "Si tu avais \u00e9cout\u00e9, tu aurais d\u00e9j\u00e0 compris.", "styling": [{"from": 0, "to": 43, "attributes": {"alignment": "left", "fontSize": 19, "fontWeight": "normal", "textColor": "4B4B4B", "lineSpacing": 5}}]}, "tokenTTS": {"tokenTTSCollection": []}, "blockHints": [{"value": "Si", "hintTable": {"rows": [[{"hint": "if", "colspan": 1}], [{"hint": "could you", "colspan": 1}], [{"hint": "were you", "colspan": 1}]], "references": []}, "tts": "https://d1vq87e9lcf771.cloudfront.net/danielle/adaac1cb1288e9005d1ab5e2e325063c"}, {"value": " "}, {"value": "tu", "hintTable": {"rows": [[{"hint": "you", "colspan": 1}], [{"hint": "you'll", "colspan": 1}]], "references": []}, "tts": "https://d1vq87e9lcf771.cloudfront.net/danielle/108696c9e1fe68d2beb23bb6f937a618"}, {"value": " "}, {"value": "avais", "hintTable": {"rows": [[{"hint": "had", "colspan": 1}], [{"hint": "have", "colspan": 1}], [{"hint": "used to have", "colspan": 1}]], "references": []}, "tts": "https://d1vq87e9lcf771.cloudfront.net/danielle/01bcd803e1ce7bdbdaa9c0e38b475d39"}, {"value": " "}, {"value": "\u00e9cout\u00e9", "hintTable": {"rows": [[{"hint": "listened", "colspan": 1}], [{"hint": "listened to", "colspan": 1}], [{"hint": "listen", "colspan": 1}]], "references": []}, "tts": "https://d1vq87e9lcf771.cloudfront.net/danielle/9eebfe1ca87309d2f22ee69e8dd5a657"}, {"value": ","}, {"value": " "}, {"value": "tu", "hintTable": {"rows": [[{"hint": "you", "colspan": 1}], [{"hint": "you'll", "colspan": 1}]], "references": []}, "tts": "https://d1vq87e9lcf771.cloudfront.net/danielle/108696c9e1fe68d2beb23bb6f937a618"}, {"value": " "}, {"value": "aurais", "hintTable": {"rows": [[{"hint": "would have", "colspan": 1}], [{"hint": "had", "colspan": 1}]], "references": []}, "tts": "https://d1vq87e9lcf771.cloudfront.net/danielle/1e4753b7a3323c254249f4a0f1b62228"}, {"value": " "}, {"value": "d\u00e9j\u00e0", "hintTable": {"rows": [[{"hint": "already", "colspan": 1}], [{"hint": "ever", "colspan": 1}], [{"hint": "again", "colspan": 1}]], "references": []}, "tts": "https://d1vq87e9lcf771.cloudfront.net/danielle/2bbf6924ce8847d4298b2ce209413e68"}, {"value": " "}, {"value": "compris", "hintTable": {"rows": [[{"hint": "understood", "colspan": 1}], [{"hint": "included", "colspan": 1}], [{"hint": "figuring", "colspan": 1}]], "references": []}, "tts": "https://d1vq87e9lcf771.cloudfront.net/danielle/83efbc49f5ec0f2aa9d56d8a34a05e3e"}, {"value": "."}]}, "subtext": {"styledString": {"text": "If you had listened, you would have already understood.", "styling": [{"from": 0, "to": 55, "attributes": {"alignment": "left", "fontSize": 19, "fontWeight": "normal", "textColor": "AFAFAF", "lineSpacing": 5}}]}, "tokenTTS": {"tokenTTSCollection": []}}, "ttsURL": "https://d1vq87e9lcf771.cloudfront.net/danielle/0d3bd86158db8675fa9c6502ce8252f8"}]}, "meta": {"autoPlayableTTS": [], "sectionIndex": 0, "backgroundColor": null}}, {"type": "verticalSpace", "element": 16, "meta": {"autoPlayableTTS": [], "sectionIndex": 0, "backgroundColor": null}}, {"type": "dialogue", "element": {"phrases": [{"text": {"styledString": {"text": "Si on le lui avait achet\u00e9, il l'aurait d\u00e9j\u00e0 cass\u00e9.", "styling": [{"from": 0, "to": 50, "attributes": {"alignment": "left", "fontSize": 19, "fontWeight": "normal", "textColor": "4B4B4B", "lineSpacing": 5}}]}, "tokenTTS": {"tokenTTSCollection": []}, "blockHints": [{"value": "Si", "hintTable": {"rows": [[{"hint": "if", "colspan": 1}], [{"hint": "was he", "colspan": 1}], [{"hint": "should he", "colspan": 1}]], "references": []}, "tts": "https://d1vq87e9lcf771.cloudfront.net/danielle/adaac1cb1288e9005d1ab5e2e325063c"}, {"value": " "}, {"value": "on", "hintTable": {"rows": [[{"hint": "we", "colspan": 1}], [{"hint": "one", "colspan": 1}], [{"hint": "they", "colspan": 1}]], "references": []}, "tts": "https://d1vq87e9lcf771.cloudfront.net/danielle/d2cbfd71b6f44951b88f87810127a705"}, {"value": " "}, {"value": "le", "hintTable": {"rows": [[{"hint": "him", "colspan": 1}], [{"hint": "it", "colspan": 1}], [{"hint": "her", "colspan": 1}]], "references": []}, "tts": "https://d1vq87e9lcf771.cloudfront.net/danielle/53635582b04179582406de15f6c2a6fa"}, {"value": " "}, {"value": "lui", "hintTable": {"rows": [[{"hint": "it", "colspan": 1}], [{"hint": "him", "colspan": 1}], [{"hint": "he", "colspan": 1}]], "references": []}, "tts": "https://d1vq87e9lcf771.cloudfront.net/danielle/d415a3d2fd96062ffa27d2d47abe31a8"}, {"value": " "}, {"value": "avait", "hintTable": {"rows": [[{"hint": "had", "colspan": 1}], [{"hint": "used to have", "colspan": 1}], [{"hint": "got", "colspan": 1}]], "references": []}, "tts": "https://d1vq87e9lcf771.cloudfront.net/danielle/48f467712d6a1d92c9ef038cada1e89d"}, {"value": " "}, {"value": "achet\u00e9", "hintTable": {"rows": [[{"hint": "bought", "colspan": 1}]], "references": []}, "tts": "https://d1vq87e9lcf771.cloudfront.net/danielle/572bd01b7975f71037d199c4c5bed977"}, {"value": ","}, {"value": " "}, {"value": "il", "hintTable": {"rows": [[{"hint": "him", "colspan": 1}], [{"hint": "it", "colspan": 1}], [{"hint": "he", "colspan": 1}]], "references": []}, "tts": "https://d1vq87e9lcf771.cloudfront.net/danielle/2cc14eeacdf034fdbb20a8fbdb782326"}, {"value": " "}, {"value": "l'", "hintTable": {"rows": [[{"hint": "him", "colspan": 1}], [{"hint": "it", "colspan": 1}], [{"hint": "her", "colspan": 1}]], "references": []}, "tts": "https://d1vq87e9lcf771.cloudfront.net/danielle/a201415fcbb4c30128fee4029161ee1d"}, {"value": "aurait", "hintTable": {"rows": [[{"hint": "would have", "colspan": 1}], [{"hint": "had", "colspan": 1}], [{"hint": "might have", "colspan": 1}]], "references": []}, "tts": "https://d1vq87e9lcf771.cloudfront.net/danielle/d1b1346edff4c958286c344ba9f7958d"}, {"value": " "}, {"value": "d\u00e9j\u00e0", "hintTable": {"rows": [[{"hint": "already", "colspan": 1}], [{"hint": "ever", "colspan": 1}], [{"hint": "again", "colspan": 1}]], "references": []}, "tts": "https://d1vq87e9lcf771.cloudfront.net/danielle/2bbf6924ce8847d4298b2ce209413e68"}, {"value": " "}, {"value": "cass\u00e9", "hintTable": {"rows": [[{"hint": "broken", "colspan": 1}], [{"hint": "broke", "colspan": 1}]], "references": []}, "tts": "https://d1vq87e9lcf771.cloudfront.net/danielle/a81e9797567264f9decdba9272633aaf"}, {"value": "."}]}, "subtext": {"styledString": {"text": "If we had bought it for him, he would have already broken it.", "styling": [{"from": 0, "to": 61, "attributes": {"alignment": "left", "fontSize": 19, "fontWeight": "normal", "textColor": "AFAFAF", "lineSpacing": 5}}]}, "tokenTTS": {"tokenTTSCollection": []}}, "ttsURL": "https://d1vq87e9lcf771.cloudfront.net/danielle/8fa231cde8a0b687a1702f33c1ca9122"}]}, "meta": {"autoPlayableTTS": [], "sectionIndex": 0, "backgroundColor": null}}, {"type": "verticalSpace", "element": 16, "meta": {"autoPlayableTTS": [], "sectionIndex": 0, "backgroundColor": null}}, {"type": "dialogue", "element": {"phrases": [{"text": {"styledString": {"text": "S'ils n'avaient pas oubli\u00e9 la cl\u00e9, ils seraient entr\u00e9s.", "styling": [{"from": 0, "to": 55, "attributes": {"alignment": "left", "fontSize": 19, "fontWeight": "normal", "textColor": "4B4B4B", "lineSpacing": 5}}]}, "tokenTTS": {"tokenTTSCollection": []}, "blockHints": [{"value": "S'", "hintTable": {"rows": [[{"hint": "if", "colspan": 1}], [{"hint": "each other", "colspan": 1}], [{"hint": "themselves", "colspan": 1}]], "references": []}, "tts": "https://d1vq87e9lcf771.cloudfront.net/danielle/6602946c8261e036670d7c0791fad663"}, {"value": "ils", "hintTable": {"rows": [[{"hint": "they", "colspan": 1}], [{"hint": "they're", "colspan": 1}], [{"hint": "they'll", "colspan": 1}]], "references": []}, "tts": "https://d1vq87e9lcf771.cloudfront.net/danielle/fa369075a68fadc733e36d6d7de8e2e9"}, {"value": " "}, {"value": "n'", "hintTable": {"headers": ["n'", "...", "pas"], "rows": [[{"hint": "doesn't", "colspan": 3}], [{"hint": "not", "colspan": 3}], [{"hint": "does not", "colspan": 3}], [{"hint": "not", "colspan": 1}, {"colspan": 1}, {"colspan": 1}], [{"hint": "do not", "colspan": 1}, {"colspan": 1}, {"colspan": 1}], [{"hint": "don't", "colspan": 1}, {"colspan": 1}, {"colspan": 1}]], "references": [4]}, "tts": "https://d1vq87e9lcf771.cloudfront.net/danielle/9689399b2fce8825c17cae9a38ac2700"}, {"value": "avaient", "hintTable": {"rows": [[{"hint": "had", "colspan": 1}], [{"hint": "have", "colspan": 1}], [{"hint": "got", "colspan": 1}]], "references": []}, "tts": "https://d1vq87e9lcf771.cloudfront.net/danielle/cd3a0a4f14d4b2dcb594c933c68ecc23"}, {"value": " "}, {"value": "pas", "hintTable": {"headers": ["n'", "...", "pas"], "rows": [[{"hint": "doesn't", "colspan": 3}], [{"hint": "not", "colspan": 3}], [{"hint": "does not", "colspan": 3}], [{"colspan": 1}, {"colspan": 1}, {"hint": "not", "colspan": 1}], [{"colspan": 1}, {"colspan": 1}, {"hint": "no", "colspan": 1}], [{"colspan": 1}, {"colspan": 1}, {"hint": "steps", "colspan": 1}]], "references": [2]}, "tts": "https://d1vq87e9lcf771.cloudfront.net/danielle/c456a9e187b2f0772875204436cd741c"}, {"value": " "}, {"value": "oubli\u00e9", "hintTable": {"rows": [[{"hint": "forgotten", "colspan": 1}], [{"hint": "forgot", "colspan": 1}]], "references": []}, "tts": "https://d1vq87e9lcf771.cloudfront.net/danielle/63c1cec25800a9c52518d3ce1a1fd3ae"}, {"value": " "}, {"value": "la", "hintTable": {"rows": [[{"hint": "the", "colspan": 1}], [{"hint": "it", "colspan": 1}], [{"hint": "your", "colspan": 1}]], "references": []}, "tts": "https://d1vq87e9lcf771.cloudfront.net/danielle/a3839459c4a22bd261d776fc91b0977e"}, {"value": " "}, {"value": "cl\u00e9", "hintTable": {"rows": [[{"hint": "key", "colspan": 1}]], "references": []}, "tts": "https://d1vq87e9lcf771.cloudfront.net/danielle/60007f3d497a452510f4b36ceada969a"}, {"value": ","}, {"value": " "}, {"value": "ils", "hintTable": {"rows": [[{"hint": "they", "colspan": 1}], [{"hint": "they're", "colspan": 1}], [{"hint": "they'll", "colspan": 1}]], "references": []}, "tts": "https://d1vq87e9lcf771.cloudfront.net/danielle/fa369075a68fadc733e36d6d7de8e2e9"}, {"value": " "}, {"value": "seraient", "hintTable": {"headers": ["seraient", "entr\u00e9s"], "rows": [[{"hint": "would have gone in", "colspan": 2}], [{"hint": "would be", "colspan": 1}, {"colspan": 1}], [{"hint": "were", "colspan": 1}, {"colspan": 1}], [{"hint": "felt", "colspan": 1}, {"colspan": 1}]], "references": [10]}, "tts": "https://d1vq87e9lcf771.cloudfront.net/danielle/e3bcdff1d1ba0f91b471b8bc8d339633"}, {"value": " "}, {"value": "entr\u00e9s", "hintTable": {"headers": ["seraient", "entr\u00e9s"], "rows": [[{"hint": "would have gone in", "colspan": 2}], [{"colspan": 1}, {"hint": "gone in", "colspan": 1}], [{"colspan": 1}, {"hint": "came in", "colspan": 1}], [{"colspan": 1}, {"hint": "brought [something] in", "colspan": 1}]], "references": [9]}, "tts": "https://d1vq87e9lcf771.cloudfront.net/danielle/fe242b13f64ef21f816c9b837e8129c0"}, {"value": "."}]}, "subtext": {"styledString": {"text": "If they hadn't forgotten the key, they would have gone in.", "styling": [{"from": 0, "to": 58, "attributes": {"alignment": "left", "fontSize": 19, "fontWeight": "normal", "textColor": "AFAFAF", "lineSpacing": 5}}]}, "tokenTTS": {"tokenTTSCollection": []}}, "ttsURL": "https://d1vq87e9lcf771.cloudfront.net/danielle/cfff19b341e422922600160676d9c672"}]}, "meta": {"autoPlayableTTS": [], "sectionIndex": 0, "backgroundColor": null}}, {"type": "verticalSpace", "element": 16, "meta": {"autoPlayableTTS": [], "sectionIndex": 0, "backgroundColor": null}}, {"type": "dialogue", "element": {"phrases": [{"text": {"styledString": {"text": "Si vous \u00e9tiez venus, vous auriez eu des macarons.", "styling": [{"from": 0, "to": 49, "attributes": {"alignment": "left", "fontSize": 19, "fontWeight": "normal", "textColor": "4B4B4B", "lineSpacing": 5}}]}, "tokenTTS": {"tokenTTSCollection": []}, "blockHints": [{"value": "Si", "hintTable": {"rows": [[{"hint": "if", "colspan": 1}], [{"hint": "could you", "colspan": 1}], [{"hint": "were you", "colspan": 1}]], "references": []}, "tts": "https://d1vq87e9lcf771.cloudfront.net/danielle/adaac1cb1288e9005d1ab5e2e325063c"}, {"value": " "}, {"value": "vous", "hintTable": {"headers": ["vous", "\u00e9tiez"], "rows": [[{"hint": "there were ... of you", "colspan": 2}], [{"hint": "you", "colspan": 1}, {"colspan": 1}], [{"hint": "for you", "colspan": 1}, {"colspan": 1}], [{"hint": "to you", "colspan": 1}, {"colspan": 1}]], "references": [2]}, "tts": "https://d1vq87e9lcf771.cloudfront.net/danielle/480892a594f400f082857d91ad80c042"}, {"value": " "}, {"value": "\u00e9tiez", "hintTable": {"headers": ["\u00e9tiez", "venus"], "rows": [[{"hint": "had come", "colspan": 2}], [{"hint": "were", "colspan": 1}, {"colspan": 1}]], "references": [1]}, "tts": "https://d1vq87e9lcf771.cloudfront.net/danielle/69651fb11913a06aeaedb35ec5fbf64c"}, {"value": " "}, {"value": "venus", "hintTable": {"headers": ["\u00e9tiez", "venus"], "rows": [[{"hint": "had come", "colspan": 2}], [{"colspan": 1}, {"hint": "came", "colspan": 1}]], "references": [2]}, "tts": "https://d1vq87e9lcf771.cloudfront.net/danielle/75df7703ce41052f1b4abe1f75eefa4d"}, {"value": ","}, {"value": " "}, {"value": "vous", "hintTable": {"rows": [[{"hint": "you", "colspan": 1}], [{"hint": "for you", "colspan": 1}], [{"hint": "to you", "colspan": 1}]], "references": []}, "tts": "https://d1vq87e9lcf771.cloudfront.net/danielle/480892a594f400f082857d91ad80c042"}, {"value": " "}, {"value": "auriez", "hintTable": {"rows": [[{"hint": "would have", "colspan": 1}], [{"hint": "had", "colspan": 1}], [{"hint": "get", "colspan": 1}]], "references": []}, "tts": "https://d1vq87e9lcf771.cloudfront.net/danielle/4a918cab711adc40e5f7b7a6875025cc"}, {"value": " "}, {"value": "eu", "hintTable": {"rows": [[{"hint": "had", "colspan": 1}], [{"hint": "gotten", "colspan": 1}], [{"hint": "got", "colspan": 1}]], "references": []}, "tts": "https://d1vq87e9lcf771.cloudfront.net/danielle/d2a36d5799d4162dcdff7780533534a9"}, {"value": " "}, {"value": "des", "hintTable": {"headers": ["des", "macarons"], "rows": [[{"hint": "macarons", "colspan": 2}], [{"hint": "some", "colspan": 1}, {"colspan": 1}], [{"hint": "the", "colspan": 1}, {"colspan": 1}], [{"hint": "about", "colspan": 1}, {"colspan": 1}]], "references": [8]}, "tts": "https://d1vq87e9lcf771.cloudfront.net/danielle/faa431d60cece297634c78033f5133cb"}, {"value": " "}, {"value": "macarons", "hintTable": {"headers": ["des", "macarons"], "rows": [[{"hint": "macarons", "colspan": 2}], [{"colspan": 1}, {"hint": "macarons", "colspan": 1}]], "references": [7]}, "tts": "https://d1vq87e9lcf771.cloudfront.net/danielle/b5d4d0c7d32557cc6ee7f09c64878bc6"}, {"value": "."}]}, "subtext": {"styledString": {"text": "If you had come, you would have had some macarons.", "styling": [{"from": 0, "to": 50, "attributes": {"alignment": "left", "fontSize": 19, "fontWeight": "normal", "textColor": "AFAFAF", "lineSpacing": 5}}]}, "tokenTTS": {"tokenTTSCollection": []}}, "ttsURL": "https://d1vq87e9lcf771.cloudfront.net/danielle/3aee7c6273a30b98ca8a1feda690e188"}]}, "meta": {"autoPlayableTTS": [], "sectionIndex": 0, "backgroundColor": null}}, {"type": "verticalSpace", "element": 16, "meta": {"autoPlayableTTS": [], "sectionIndex": 0, "backgroundColor": null}}, {"type": "dialogue", "element": {"phrases": [{"text": {"styledString": {"text": "Si vous aviez r\u00e9pondu, on aurait su o\u00f9 vous \u00e9tiez.", "styling": [{"from": 0, "to": 50, "attributes": {"alignment": "left", "fontSize": 19, "fontWeight": "normal", "textColor": "4B4B4B", "lineSpacing": 5}}]}, "tokenTTS": {"tokenTTSCollection": []}, "blockHints": [{"value": "Si", "hintTable": {"rows": [[{"hint": "were you", "colspan": 1}], [{"hint": "were we", "colspan": 1}], [{"hint": "if", "colspan": 1}]], "references": []}, "tts": "https://d1vq87e9lcf771.cloudfront.net/danielle/adaac1cb1288e9005d1ab5e2e325063c"}, {"value": " "}, {"value": "vous", "hintTable": {"rows": [[{"hint": "you", "colspan": 1}], [{"hint": "for you", "colspan": 1}], [{"hint": "to you", "colspan": 1}]], "references": []}, "tts": "https://d1vq87e9lcf771.cloudfront.net/danielle/480892a594f400f082857d91ad80c042"}, {"value": " "}, {"value": "aviez", "hintTable": {"rows": [[{"hint": "had", "colspan": 1}], [{"hint": "have", "colspan": 1}], [{"hint": "got", "colspan": 1}]], "references": []}, "tts": "https://d1vq87e9lcf771.cloudfront.net/danielle/73e1eb55d5efb5135daa03a785d2b161"}, {"value": " "}, {"value": "r\u00e9pondu", "hintTable": {"rows": [[{"hint": "answered", "colspan": 1}], [{"hint": "replied", "colspan": 1}], [{"hint": "answer", "colspan": 1}]], "references": []}, "tts": "https://d1vq87e9lcf771.cloudfront.net/danielle/8fdc62bb490ad180ea96830238a27914"}, {"value": ","}, {"value": " "}, {"value": "on", "hintTable": {"rows": [[{"hint": "we", "colspan": 1}], [{"hint": "you", "colspan": 1}], [{"hint": "one", "colspan": 1}]], "references": []}, "tts": "https://d1vq87e9lcf771.cloudfront.net/danielle/d2cbfd71b6f44951b88f87810127a705"}, {"value": " "}, {"value": "aurait", "hintTable": {"rows": [[{"hint": "would have", "colspan": 1}], [{"hint": "had", "colspan": 1}], [{"hint": "might have", "colspan": 1}]], "references": []}, "tts": "https://d1vq87e9lcf771.cloudfront.net/danielle/d1b1346edff4c958286c344ba9f7958d"}, {"value": " "}, {"value": "su", "hintTable": {"rows": [[{"hint": "known", "colspan": 1}], [{"hint": "known how to", "colspan": 1}], [{"hint": "knew", "colspan": 1}]], "references": []}, "tts": "https://d1vq87e9lcf771.cloudfront.net/danielle/79f5e65a7f2e5d588b8b6f846d190a36"}, {"value": " "}, {"value": "o\u00f9", "hintTable": {"rows": [[{"hint": "where", "colspan": 1}], [{"hint": "when", "colspan": 1}]], "references": []}, "tts": "https://d1vq87e9lcf771.cloudfront.net/danielle/401e30ea830d75ba4d5af7c6198ce268"}, {"value": " "}, {"value": "vous", "hintTable": {"headers": ["vous", "\u00e9tiez"], "rows": [[{"hint": "there were ... of you", "colspan": 2}], [{"hint": "you", "colspan": 1}, {"colspan": 1}], [{"hint": "for you", "colspan": 1}, {"colspan": 1}], [{"hint": "to you", "colspan": 1}, {"colspan": 1}]], "references": [9]}, "tts": "https://d1vq87e9lcf771.cloudfront.net/danielle/480892a594f400f082857d91ad80c042"}, {"value": " "}, {"value": "\u00e9tiez", "hintTable": {"headers": ["vous", "\u00e9tiez"], "rows": [[{"hint": "there were ... of you", "colspan": 2}], [{"colspan": 1}, {"hint": "were", "colspan": 1}]], "references": [8]}, "tts": "https://d1vq87e9lcf771.cloudfront.net/danielle/69651fb11913a06aeaedb35ec5fbf64c"}, {"value": "."}]}, "subtext": {"styledString": {"text": "If you had responded, we would have known where you were.", "styling": [{"from": 0, "to": 57, "attributes": {"alignment": "left", "fontSize": 19, "fontWeight": "normal", "textColor": "AFAFAF", "lineSpacing": 5}}]}, "tokenTTS": {"tokenTTSCollection": []}}, "ttsURL": "https://d1vq87e9lcf771.cloudfront.net/danielle/e1997f6daf82eb4672e5d1a5ae7e6e35"}]}, "meta": {"autoPlayableTTS": [], "sectionIndex": 0, "backgroundColor": null}}, {"type": "verticalSpace", "element": 16, "meta": {"autoPlayableTTS": [], "sectionIndex": 0, "backgroundColor": null}}, {"type": "dialogue", "element": {"phrases": [{"text": {"styledString": {"text": "S'il s'\u00e9tait lev\u00e9 t\u00f4t, il serait arriv\u00e9 \u00e0 l'heure.", "styling": [{"from": 0, "to": 50, "attributes": {"alignment": "left", "fontSize": 19, "fontWeight": "normal", "textColor": "4B4B4B", "lineSpacing": 5}}]}, "tokenTTS": {"tokenTTSCollection": []}, "blockHints": [{"value": "S'", "hintTable": {"rows": [[{"hint": "if", "colspan": 1}], [{"hint": "each other", "colspan": 1}], [{"hint": "themselves", "colspan": 1}]], "references": []}, "tts": "https://d1vq87e9lcf771.cloudfront.net/danielle/6602946c8261e036670d7c0791fad663"}, {"value": "il", "hintTable": {"rows": [[{"hint": "he", "colspan": 1}], [{"hint": "it's", "colspan": 1}], [{"hint": "him", "colspan": 1}]], "references": []}, "tts": "https://d1vq87e9lcf771.cloudfront.net/danielle/2cc14eeacdf034fdbb20a8fbdb782326"}, {"value": " "}, {"value": "s'", "hintTable": {"headers": ["s'", "\u00e9tait", "lev\u00e9"], "rows": [[{"hint": "had gotten up", "colspan": 3}], [{"hint": "had", "colspan": 2}, {"colspan": 1}], [{"hint": "if", "colspan": 1}, {"colspan": 1}, {"colspan": 1}], [{"hint": "each other", "colspan": 1}, {"colspan": 1}, {"colspan": 1}], [{"hint": "themselves", "colspan": 1}, {"colspan": 1}, {"colspan": 1}]], "references": [3]}, "tts": "https://d1vq87e9lcf771.cloudfront.net/danielle/6602946c8261e036670d7c0791fad663"}, {"value": "\u00e9tait", "hintTable": {"headers": ["s'", "\u00e9tait", "lev\u00e9"], "rows": [[{"hint": "had gotten up", "colspan": 3}], [{"hint": "had", "colspan": 2}, {"colspan": 1}], [{"colspan": 1}, {"hint": "used to be", "colspan": 1}, {"colspan": 1}], [{"colspan": 1}, {"hint": "was", "colspan": 1}, {"colspan": 1}], [{"colspan": 1}, {"hint": "were", "colspan": 1}, {"colspan": 1}]], "references": [2]}, "tts": "https://d1vq87e9lcf771.cloudfront.net/danielle/7c9e9821d2c4f8aa94e530ed9cfa9166"}, {"value": " "}, {"value": "lev\u00e9", "hintTable": {"headers": ["s'", "\u00e9tait", "lev\u00e9"], "rows": [[{"hint": "had gotten up", "colspan": 3}], [{"colspan": 1}, {"colspan": 1}, {"hint": "got up", "colspan": 1}], [{"colspan": 1}, {"colspan": 1}, {"hint": "rose", "colspan": 1}]], "references": [2, 3]}, "tts": "https://d1vq87e9lcf771.cloudfront.net/danielle/3e90d774f14fb84604f98dd376ef41f6"}, {"value": " "}, {"value": "t\u00f4t", "hintTable": {"rows": [[{"hint": "early", "colspan": 1}]], "references": []}, "tts": "https://d1vq87e9lcf771.cloudfront.net/danielle/00c9ec43bc6c3e821b3ff16148324d79"}, {"value": ","}, {"value": " "}, {"value": "il", "hintTable": {"rows": [[{"hint": "he", "colspan": 1}], [{"hint": "it's", "colspan": 1}], [{"hint": "him", "colspan": 1}]], "references": []}, "tts": "https://d1vq87e9lcf771.cloudfront.net/danielle/2cc14eeacdf034fdbb20a8fbdb782326"}, {"value": " "}, {"value": "serait", "hintTable": {"headers": ["serait", "arriv\u00e9"], "rows": [[{"hint": "would have arrived", "colspan": 2}], [{"hint": "would be", "colspan": 1}, {"colspan": 1}], [{"hint": "might be", "colspan": 1}, {"colspan": 1}]], "references": [8]}, "tts": "https://d1vq87e9lcf771.cloudfront.net/danielle/da312f10b4c74221b10629433dafaf56"}, {"value": " "}, {"value": "arriv\u00e9", "hintTable": {"headers": ["\u00e9tait", "...", "arriv\u00e9"], "rows": [[{"hint": "had arrived", "colspan": 3}], [{"colspan": 1}, {"hint": "would have arrived", "colspan": 2}], [{"colspan": 1}, {"colspan": 1}, {"hint": "be able to", "colspan": 2}], [{"colspan": 1}, {"colspan": 1}, {"hint": "succeed in", "colspan": 2}]], "references": [9]}, "tts": "https://d1vq87e9lcf771.cloudfront.net/danielle/8f11eb346bcf10ef589d571f0ae8e272"}, {"value": " "}, {"value": "\u00e0", "hintTable": {"headers": ["\u00e0", "l'", "heure"], "rows": [[{"hint": "on time", "colspan": 3}], [{"hint": "at", "colspan": 2}, {"colspan": 1}], [{"hint": "on", "colspan": 1}, {"colspan": 1}, {"colspan": 1}], [{"hint": "of", "colspan": 1}, {"colspan": 1}, {"colspan": 1}], [{"hint": "with", "colspan": 1}, {"colspan": 1}, {"colspan": 1}]], "references": [10]}, "tts": "https://d1vq87e9lcf771.cloudfront.net/danielle/525d3aba641b4330345f33346eb9959d"}, {"value": " "}, {"value": "l'", "hintTable": {"headers": ["\u00e0", "l'", "heure"], "rows": [[{"hint": "on time", "colspan": 3}], [{"hint": "at", "colspan": 2}, {"colspan": 1}], [{"colspan": 1}, {"hint": "with", "colspan": 1}, {"colspan": 1}], [{"colspan": 1}, {"hint": "her", "colspan": 1}, {"colspan": 1}], [{"colspan": 1}, {"hint": "the", "colspan": 1}, {"colspan": 1}]], "references": [9]}, "tts": "https://d1vq87e9lcf771.cloudfront.net/danielle/a201415fcbb4c30128fee4029161ee1d"}, {"value": "heure", "hintTable": {"headers": ["\u00e0", "l'", "heure"], "rows": [[{"hint": "on time", "colspan": 3}], [{"colspan": 1}, {"colspan": 1}, {"hint": "time", "colspan": 1}], [{"colspan": 1}, {"colspan": 1}, {"hint": "hour", "colspan": 1}]], "references": [9, 10]}, "tts": "https://d1vq87e9lcf771.cloudfront.net/danielle/ecc2420647c7bb826dedbf69bfd09214"}, {"value": "."}]}, "subtext": {"styledString": {"text": "If he had gotten up early, he would have arrived on time.", "styling": [{"from": 0, "to": 57, "attributes": {"alignment": "left", "fontSize": 19, "fontWeight": "normal", "textColor": "AFAFAF", "lineSpacing": 5}}]}, "tokenTTS": {"tokenTTSCollection": []}}, "ttsURL": "https://d1vq87e9lcf771.cloudfront.net/danielle/1b90623949182edd7c26e07094db9ce9"}]}, "meta": {"autoPlayableTTS": [], "sectionIndex": 0, "backgroundColor": null}}, {"type": "verticalSpace", "element": 24, "meta": {"autoPlayableTTS": [], "sectionIndex": 0, "backgroundColor": null}}, {"type": "verticalSpace", "element": 24, "meta": {"autoPlayableTTS": [], "sectionIndex": 0, "backgroundColor": "DDF4FF"}}, {"type": "text", "element": {"styledString": {"text": "TIP", "styling": [{"from": 0, "to": 3, "attributes": {"alignment": "left", "fontSize": 17, "fontWeight": "bold", "textColor": "1CB0F6", "lineSpacing": 4}}]}, "tokenTTS": {"tokenTTSCollection": []}}, "meta": {"autoPlayableTTS": [], "sectionIndex": 0, "backgroundColor": "DDF4FF"}}, {"type": "verticalSpace", "element": 8, "meta": {"autoPlayableTTS": [], "sectionIndex": 0, "backgroundColor": "DDF4FF"}}, {"type": "text", "element": {"styledString": {"text": "Let's talk about the conditional!", "styling": [{"from": 0, "to": 33, "attributes": {"alignment": "left", "fontSize": 25, "fontWeight": "bold", "textColor": "4B4B4B", "lineSpacing": 4}}]}, "tokenTTS": {"tokenTTSCollection": []}, "hints": {"hints": [], "hintLinks": []}}, "meta": {"autoPlayableTTS": [], "sectionIndex": 0, "backgroundColor": "DDF4FF"}}, {"type": "verticalSpace", "element": 12, "meta": {"autoPlayableTTS": [], "sectionIndex": 0, "backgroundColor": "DDF4FF"}}, {"type": "text", "element": {"styledString": {"text": "To talk about things you would have done, it's like the pass\u00e9 compos\u00e9 but avoir or \u00eatre are in the conditional form.", "styling": [{"from": 0, "to": 25, "attributes": {"alignment": "left", "fontSize": 19, "fontWeight": "normal", "textColor": "4B4B4B", "lineSpacing": 5}}, {"from": 25, "to": 40, "attributes": {"alignment": "left", "fontSize": 19, "fontWeight": "bold", "textColor": "4B4B4B", "lineSpacing": 5}}, {"from": 40, "to": 74, "attributes": {"alignment": "left", "fontSize": 19, "fontWeight": "normal", "textColor": "4B4B4B", "lineSpacing": 5}}, {"from": 74, "to": 79, "attributes": {"alignment": "left", "fontSize": 19, "fontWeight": "bold", "textColor": "4B4B4B", "lineSpacing": 5}}, {"from": 79, "to": 83, "attributes": {"alignment": "left", "fontSize": 19, "fontWeight": "normal", "textColor": "4B4B4B", "lineSpacing": 5}}, {"from": 83, "to": 87, "attributes": {"alignment": "left", "fontSize": 19, "fontWeight": "bold", "textColor": "4B4B4B", "lineSpacing": 5}}, {"from": 87, "to": 116, "attributes": {"alignment": "left", "fontSize": 19, "fontWeight": "normal", "textColor": "4B4B4B", "lineSpacing": 5}}]}, "tokenTTS": {"tokenTTSCollection": [{"startIndex": 74, "endIndex": 78, "ttsURL": "https://d1vq87e9lcf771.cloudfront.net/danielle/9cff97e866eaf77c3fb054b9c6f4e4f3"}, {"startIndex": 83, "endIndex": 86, "ttsURL": "https://d1vq87e9lcf771.cloudfront.net/danielle/af7348e97b1dbe2196947e97fa52b958"}]}, "hints": {"hints": ["The pass\u00e9 compos\u00e9 describes past actions or events. It uses a form of \"avoir\" or \"\u00eatre\" with a form of the action verb (such as \"mang\u00e9\").", "to have", "to be"], "hintLinks": [{"index": 0, "rangeStart": 56, "rangeEnd": 68}, {"index": 1, "rangeStart": 74, "rangeEnd": 78}, {"index": 2, "rangeStart": 83, "rangeEnd": 86}]}}, "meta": {"autoPlayableTTS": [], "sectionIndex": 0, "backgroundColor": "DDF4FF"}}, {"type": "verticalSpace", "element": 24, "meta": {"autoPlayableTTS": [], "sectionIndex": 0, "backgroundColor": "DDF4FF"}}, {"type": "example", "element": {"text": {"styledString": {"text": "Si tu avais demand\u00e9, j\u2019aurais racont\u00e9 mon histoire.", "styling": [{"from": 0, "to": 23, "attributes": {"alignment": "left", "fontSize": 19, "fontWeight": "normal", "textColor": "4B4B4B", "lineSpacing": 5}}, {"from": 23, "to": 29, "attributes": {"alignment": "left", "fontSize": 19, "fontWeight": "bold", "textColor": "1CB0F6", "lineSpacing": 5}}, {"from": 29, "to": 36, "attributes": {"alignment": "left", "fontSize": 19, "fontWeight": "normal", "textColor": "4B4B4B", "lineSpacing": 5}}, {"from": 36, "to": 37, "attributes": {"alignment": "left", "fontSize": 19, "fontWeight": "bold", "textColor": "1CB0F6", "lineSpacing": 5}}, {"from": 37, "to": 51, "attributes": {"alignment": "left", "fontSize": 19, "fontWeight": "normal", "textColor": "4B4B4B", "lineSpacing": 5}}]}, "tokenTTS": {"tokenTTSCollection": [{"startIndex": 0, "endIndex": 50, "ttsURL": "https://d1vq87e9lcf771.cloudfront.net/danielle/d72dc5c49c8cb43c15786e447ef70835"}]}, "hints": {"hints": ["if you had asked, I would have told my story"], "hintLinks": [{"index": 0, "rangeStart": 0, "rangeEnd": 50}]}}, "subtext": {"styledString": {"text": "If you had asked, I would have told my story.", "styling": [{"from": 0, "to": 45, "attributes": {"alignment": "left", "fontSize": 19, "fontWeight": "normal", "textColor": "AFAFAF", "lineSpacing": 5}}]}, "tokenTTS": {"tokenTTSCollection": []}, "hints": {"hints": [], "hintLinks": []}}, "ttsURL": "https://d1vq87e9lcf771.cloudfront.net/danielle/d72dc5c49c8cb43c15786e447ef70835"}, "meta": {"autoPlayableTTS": [], "sectionIndex": 0, "backgroundColor": "DDF4FF"}}, {"type": "verticalSpace", "element": 12, "meta": {"autoPlayableTTS": [], "sectionIndex": 0, "backgroundColor": "DDF4FF"}}, {"type": "example", "element": {"text": {"styledString": {"text": "Si vous aviez voulu, nous aurions achet\u00e9 des fleurs.", "styling": [{"from": 0, "to": 26, "attributes": {"alignment": "left", "fontSize": 19, "fontWeight": "normal", "textColor": "4B4B4B", "lineSpacing": 5}}, {"from": 26, "to": 33, "attributes": {"alignment": "left", "fontSize": 19, "fontWeight": "bold", "textColor": "1CB0F6", "lineSpacing": 5}}, {"from": 33, "to": 39, "attributes": {"alignment": "left", "fontSize": 19, "fontWeight": "normal", "textColor": "4B4B4B", "lineSpacing": 5}}, {"from": 39, "to": 40, "attributes": {"alignment": "left", "fontSize": 19, "fontWeight": "bold", "textColor": "1CB0F6", "lineSpacing": 5}}, {"from": 40, "to": 52, "attributes": {"alignment": "left", "fontSize": 19, "fontWeight": "normal", "textColor": "4B4B4B", "lineSpacing": 5}}]}, "tokenTTS": {"tokenTTSCollection": [{"startIndex": 0, "endIndex": 51, "ttsURL": "https://d1vq87e9lcf771.cloudfront.net/danielle/3f2eda89531c1260a00651f1d066351e"}]}, "hints": {"hints": ["if you had wanted, we would have bought flowers"], "hintLinks": [{"index": 0, "rangeStart": 0, "rangeEnd": 51}]}}, "subtext": {"styledString": {"text": "If you had wanted, we would have bought flowers.", "styling": [{"from": 0, "to": 48, "attributes": {"alignment": "left", "fontSize": 19, "fontWeight": "normal", "textColor": "AFAFAF", "lineSpacing": 5}}]}, "tokenTTS": {"tokenTTSCollection": []}, "hints": {"hints": [], "hintLinks": []}}, "ttsURL": "https://d1vq87e9lcf771.cloudfront.net/danielle/3f2eda89531c1260a00651f1d066351e"}, "meta": {"autoPlayableTTS": [], "sectionIndex": 0, "backgroundColor": "DDF4FF"}}, {"type": "verticalSpace", "element": 24, "meta": {"autoPlayableTTS": [], "sectionIndex": 0, "backgroundColor": "DDF4FF"}}, {"type": "text", "element": {"styledString": {"text": "Verbs of motion or change of state use \u00eatre instead of avoir in phrases like I would have gone.", "styling": [{"from": 0, "to": 39, "attributes": {"alignment": "left", "fontSize": 19, "fontWeight": "normal", "textColor": "4B4B4B", "lineSpacing": 5}}, {"from": 39, "to": 43, "attributes": {"alignment": "left", "fontSize": 19, "fontWeight": "bold", "textColor": "4B4B4B", "lineSpacing": 5}}, {"from": 43, "to": 55, "attributes": {"alignment": "left", "fontSize": 19, "fontWeight": "normal", "textColor": "4B4B4B", "lineSpacing": 5}}, {"from": 55, "to": 60, "attributes": {"alignment": "left", "fontSize": 19, "fontWeight": "bold", "textColor": "4B4B4B", "lineSpacing": 5}}, {"from": 60, "to": 77, "attributes": {"alignment": "left", "fontSize": 19, "fontWeight": "normal", "textColor": "4B4B4B", "lineSpacing": 5}}, {"from": 77, "to": 94, "attributes": {"alignment": "left", "fontSize": 19, "fontWeight": "bold", "textColor": "4B4B4B", "lineSpacing": 5}}, {"from": 94, "to": 95, "attributes": {"alignment": "left", "fontSize": 19, "fontWeight": "normal", "textColor": "4B4B4B", "lineSpacing": 5}}]}, "tokenTTS": {"tokenTTSCollection": [{"startIndex": 39, "endIndex": 42, "ttsURL": "https://d1vq87e9lcf771.cloudfront.net/danielle/af7348e97b1dbe2196947e97fa52b958"}, {"startIndex": 55, "endIndex": 59, "ttsURL": "https://d1vq87e9lcf771.cloudfront.net/danielle/9cff97e866eaf77c3fb054b9c6f4e4f3"}]}, "hints": {"hints": ["A verb expresses an action (\u201cLuis cooks every day\u201d) or a state of being (\u201cI am sick\u201d).", "to be", "to have"], "hintLinks": [{"index": 0, "rangeStart": 0, "rangeEnd": 4}, {"index": 1, "rangeStart": 39, "rangeEnd": 42}, {"index": 2, "rangeStart": 55, "rangeEnd": 59}]}}, "meta": {"autoPlayableTTS": [], "sectionIndex": 0, "backgroundColor": "DDF4FF"}}, {"type": "verticalSpace", "element": 24, "meta": {"autoPlayableTTS": [], "sectionIndex": 0, "backgroundColor": "DDF4FF"}}, {"type": "example", "element": {"text": {"styledString": {"text": "Si elle avait su, elle serait arriv\u00e9e plus t\u00f4t.", "styling": [{"from": 0, "to": 23, "attributes": {"alignment": "left", "fontSize": 19, "fontWeight": "normal", "textColor": "4B4B4B", "lineSpacing": 5}}, {"from": 23, "to": 29, "attributes": {"alignment": "left", "fontSize": 19, "fontWeight": "bold", "textColor": "1CB0F6", "lineSpacing": 5}}, {"from": 29, "to": 35, "attributes": {"alignment": "left", "fontSize": 19, "fontWeight": "normal", "textColor": "4B4B4B", "lineSpacing": 5}}, {"from": 35, "to": 37, "attributes": {"alignment": "left", "fontSize": 19, "fontWeight": "bold", "textColor": "1CB0F6", "lineSpacing": 5}}, {"from": 37, "to": 47, "attributes": {"alignment": "left", "fontSize": 19, "fontWeight": "normal", "textColor": "4B4B4B", "lineSpacing": 5}}]}, "tokenTTS": {"tokenTTSCollection": [{"startIndex": 0, "endIndex": 46, "ttsURL": "https://d1vq87e9lcf771.cloudfront.net/danielle/965c69c370f6d389a50a189cc6774855"}]}, "hints": {"hints": ["if she had known, she would have arrived earlier"], "hintLinks": [{"index": 0, "rangeStart": 0, "rangeEnd": 46}]}}, "subtext": {"styledString": {"text": "If she had known, she would have arrived earlier.", "styling": [{"from": 0, "to": 49, "attributes": {"alignment": "left", "fontSize": 19, "fontWeight": "normal", "textColor": "AFAFAF", "lineSpacing": 5}}]}, "tokenTTS": {"tokenTTSCollection": []}, "hints": {"hints": [], "hintLinks": []}}, "ttsURL": "https://d1vq87e9lcf771.cloudfront.net/danielle/965c69c370f6d389a50a189cc6774855"}, "meta": {"autoPlayableTTS": [], "sectionIndex": 0, "backgroundColor": "DDF4FF"}}, {"type": "verticalSpace", "element": 12, "meta": {"autoPlayableTTS": [], "sectionIndex": 0, "backgroundColor": "DDF4FF"}}, {"type": "example", "element": {"text": {"styledString": {"text": "S\u2019il avaient appel\u00e9, nous serions all\u00e9s avec lui.", "styling": [{"from": 0, "to": 26, "attributes": {"alignment": "left", "fontSize": 19, "fontWeight": "normal", "textColor": "4B4B4B", "lineSpacing": 5}}, {"from": 26, "to": 33, "attributes": {"alignment": "left", "fontSize": 19, "fontWeight": "bold", "textColor": "1CB0F6", "lineSpacing": 5}}, {"from": 33, "to": 37, "attributes": {"alignment": "left", "fontSize": 19, "fontWeight": "normal", "textColor": "4B4B4B", "lineSpacing": 5}}, {"from": 37, "to": 39, "attributes": {"alignment": "left", "fontSize": 19, "fontWeight": "bold", "textColor": "1CB0F6", "lineSpacing": 5}}, {"from": 39, "to": 49, "attributes": {"alignment": "left", "fontSize": 19, "fontWeight": "normal", "textColor": "4B4B4B", "lineSpacing": 5}}]}, "tokenTTS": {"tokenTTSCollection": [{"startIndex": 0, "endIndex": 48, "ttsURL": "https://d1vq87e9lcf771.cloudfront.net/danielle/6c5272102c8a0eeb58fa9a73fcaff3da"}]}, "hints": {"hints": ["if he had called, she would have gone with him"], "hintLinks": [{"index": 0, "rangeStart": 0, "rangeEnd": 48}]}}, "subtext": {"styledString": {"text": "If he had called, she would have gone with him.", "styling": [{"from": 0, "to": 47, "attributes": {"alignment": "left", "fontSize": 19, "fontWeight": "normal", "textColor": "AFAFAF", "lineSpacing": 5}}]}, "tokenTTS": {"tokenTTSCollection": []}, "hints": {"hints": [], "hintLinks": []}}, "ttsURL": "https://d1vq87e9lcf771.cloudfront.net/danielle/6c5272102c8a0eeb58fa9a73fcaff3da"}, "meta": {"autoPlayableTTS": [], "sectionIndex": 0, "backgroundColor": "DDF4FF"}}, {"type": "verticalSpace", "element": 24, "meta": {"autoPlayableTTS": [], "sectionIndex": 0, "backgroundColor": "DDF4FF"}}], "resourcesToPrefetch": [{"required": false, "url": "https://d1vq87e9lcf771.cloudfront.net/danielle/9cff97e866eaf77c3fb054b9c6f4e4f3", "type": "mp3"}, {"required": false, "url": "https://d1vq87e9lcf771.cloudfront.net/danielle/965c69c370f6d389a50a189cc6774855", "type": "mp3"}, {"required": false, "url": "https://d1vq87e9lcf771.cloudfront.net/danielle/8fa231cde8a0b687a1702f33c1ca9122", "type": "mp3"}, {"required": false, "url": "https://d1vq87e9lcf771.cloudfront.net/danielle/0d3bd86158db8675fa9c6502ce8252f8", "type": "mp3"}, {"required": false, "url": "https://d1vq87e9lcf771.cloudfront.net/danielle/d72dc5c49c8cb43c15786e447ef70835", "type": "mp3"}, {"required": false, "url": "https://d1vq87e9lcf771.cloudfront.net/danielle/1b90623949182edd7c26e07094db9ce9", "type": "mp3"}, {"required": false, "url": "https://d1vq87e9lcf771.cloudfront.net/danielle/af7348e97b1dbe2196947e97fa52b958", "type": "mp3"}, {"required": false, "url": "https://d1vq87e9lcf771.cloudfront.net/danielle/3f2eda89531c1260a00651f1d066351e", "type": "mp3"}, {"required": false, "url": "https://d1vq87e9lcf771.cloudfront.net/danielle/e1997f6daf82eb4672e5d1a5ae7e6e35", "type": "mp3"}, {"required": false, "url": "https://d1vq87e9lcf771.cloudfront.net/danielle/6c5272102c8a0eeb58fa9a73fcaff3da", "type": "mp3"}, {"required": false, "url": "https://d1vq87e9lcf771.cloudfront.net/danielle/3aee7c6273a30b98ca8a1feda690e188", "type": "mp3"}, {"required": false, "url": "https://d1vq87e9lcf771.cloudfront.net/danielle/cfff19b341e422922600160676d9c672", "type": "mp3"}]}