{"elements": [{"type": "verticalSpace", "element": 2, "meta": {"autoPlayableTTS": [], "sectionIndex": 0, "backgroundColor": "E5E5E5"}}, {"type": "verticalSpace", "element": 24, "meta": {"autoPlayableTTS": [], "sectionIndex": 0, "backgroundColor": null}}, {"type": "text", "element": {"styledString": {"text": "KEY PHRASES", "styling": [{"from": 0, "to": 11, "attributes": {"alignment": "left", "fontSize": 17, "fontWeight": "bold", "textColor": "1CB0F6", "lineSpacing": 4}}]}, "tokenTTS": {"tokenTTSCollection": []}}, "meta": {"autoPlayableTTS": [], "sectionIndex": 0, "backgroundColor": null}}, {"type": "verticalSpace", "element": 8, "meta": {"autoPlayableTTS": [], "sectionIndex": 0, "backgroundColor": null}}, {"type": "text", "element": {"styledString": {"text": "Describe your weekend", "styling": [{"from": 0, "to": 21, "attributes": {"alignment": "left", "fontSize": 25, "fontWeight": "bold", "textColor": "4B4B4B", "lineSpacing": 4}}]}, "tokenTTS": {"tokenTTSCollection": []}}, "meta": {"autoPlayableTTS": [], "sectionIndex": 0, "backgroundColor": null}}, {"type": "verticalSpace", "element": 16, "meta": {"autoPlayableTTS": [], "sectionIndex": 0, "backgroundColor": null}}, {"type": "dialogue", "element": {"phrases": [{"text": {"styledString": {"text": "Vous avez pass\u00e9 le week-end ensemble ?", "styling": [{"from": 0, "to": 38, "attributes": {"alignment": "left", "fontSize": 19, "fontWeight": "normal", "textColor": "4B4B4B", "lineSpacing": 5}}]}, "tokenTTS": {"tokenTTSCollection": []}, "blockHints": [{"value": "Vous", "hintTable": {"rows": [[{"hint": "you", "colspan": 1}], [{"hint": "for you", "colspan": 1}], [{"hint": "to you", "colspan": 1}]], "references": []}, "tts": "https://d1vq87e9lcf771.cloudfront.net/danielle/480892a594f400f082857d91ad80c042"}, {"value": " "}, {"value": "avez", "hintTable": {"headers": ["avez", "pass\u00e9"], "rows": [[{"hint": "spent", "colspan": 2}], [{"hint": "have", "colspan": 1}, {"colspan": 1}], [{"hint": "get", "colspan": 1}, {"colspan": 1}]], "references": [2]}, "tts": "https://d1vq87e9lcf771.cloudfront.net/danielle/fa00bb62b5483fcf906f12a2433cbd7e"}, {"value": " "}, {"value": "pass\u00e9", "hintTable": {"headers": ["avez", "pass\u00e9"], "rows": [[{"hint": "spent", "colspan": 2}], [{"colspan": 1}, {"hint": "spent", "colspan": 1}], [{"colspan": 1}, {"hint": "passed", "colspan": 1}], [{"colspan": 1}, {"hint": "shown", "colspan": 1}]], "references": [1]}, "tts": "https://d1vq87e9lcf771.cloudfront.net/danielle/d445d0dd237d3024057da20c84b93c84"}, {"value": " "}, {"value": "le", "hintTable": {"headers": ["le", "week", "-", "end"], "rows": [[{"hint": "on the weekends", "colspan": 3}], [{"hint": "the", "colspan": 1}, {"colspan": 1}, {"colspan": 1}], [{"hint": "on the", "colspan": 1}, {"colspan": 1}, {"colspan": 1}], [{"hint": "one", "colspan": 1}, {"colspan": 1}, {"colspan": 1}]], "references": [4, 5]}, "tts": "https://d1vq87e9lcf771.cloudfront.net/danielle/53635582b04179582406de15f6c2a6fa"}, {"value": " "}, {"value": "week", "hintTable": {"headers": ["le", "week", "-", "end"], "rows": [[{"hint": "on the weekends", "colspan": 3}], [{"colspan": 1}, {"hint": "weekend", "colspan": 2}]], "references": [5]}, "tts": "https://d1vq87e9lcf771.cloudfront.net/danielle/710dc180dc599e2ee8776fe2d881b6df"}, {"value": "-"}, {"value": "end", "hintTable": {"headers": ["le", "week", "-", "end"], "rows": [[{"hint": "on the weekends", "colspan": 3}], [{"colspan": 1}, {"hint": "weekend", "colspan": 2}]], "references": [4]}, "tts": "https://d1vq87e9lcf771.cloudfront.net/danielle/bc37c18be272b531ee57276e08b23d31"}, {"value": " "}, {"value": "ensemble", "hintTable": {"rows": [[{"hint": "together", "colspan": 1}]], "references": []}, "tts": "https://d1vq87e9lcf771.cloudfront.net/danielle/21f292e458afc1d6311aa9addc03c9ab"}, {"value": " "}, {"value": "?"}]}, "subtext": {"styledString": {"text": "Did you spend the weekend together?", "styling": [{"from": 0, "to": 35, "attributes": {"alignment": "left", "fontSize": 19, "fontWeight": "normal", "textColor": "AFAFAF", "lineSpacing": 5}}]}, "tokenTTS": {"tokenTTSCollection": []}}, "ttsURL": "https://d1vq87e9lcf771.cloudfront.net/danielle/1ba832348e2a792922f406a5d1cd8a93"}, {"text": {"styledString": {"text": "Oui, nous avons pass\u00e9 le week-end dans une maison pr\u00e8s de la mer.", "styling": [{"from": 0, "to": 65, "attributes": {"alignment": "left", "fontSize": 19, "fontWeight": "normal", "textColor": "4B4B4B", "lineSpacing": 5}}]}, "tokenTTS": {"tokenTTSCollection": []}, "blockHints": [{"value": "Oui", "hintTable": {"rows": [[{"hint": "yes", "colspan": 1}]], "references": []}, "tts": "https://d1vq87e9lcf771.cloudfront.net/danielle/18b92825cd15e502daa75a0d64f3cdd4"}, {"value": ","}, {"value": " "}, {"value": "nous", "hintTable": {"rows": [[{"hint": "we", "colspan": 1}], [{"hint": "us", "colspan": 1}], [{"hint": "to each other", "colspan": 1}]], "references": []}, "tts": "https://d1vq87e9lcf771.cloudfront.net/danielle/7f1cf4acbc8ec94bd2a083a118772eb6"}, {"value": " "}, {"value": "avons", "hintTable": {"headers": ["avons", "pass\u00e9"], "rows": [[{"hint": "had", "colspan": 2}], [{"hint": "spent", "colspan": 2}], [{"hint": "get", "colspan": 1}, {"colspan": 1}], [{"hint": "have", "colspan": 1}, {"colspan": 1}]], "references": [3]}, "tts": "https://d1vq87e9lcf771.cloudfront.net/danielle/7f4bf7388fef299b60a17b7f9da22ba2"}, {"value": " "}, {"value": "pass\u00e9", "hintTable": {"headers": ["avons", "pass\u00e9"], "rows": [[{"hint": "had", "colspan": 2}], [{"hint": "spent", "colspan": 2}], [{"colspan": 1}, {"hint": "spent", "colspan": 1}], [{"colspan": 1}, {"hint": "shown", "colspan": 1}], [{"colspan": 1}, {"hint": "past", "colspan": 1}]], "references": [2]}, "tts": "https://d1vq87e9lcf771.cloudfront.net/danielle/d445d0dd237d3024057da20c84b93c84"}, {"value": " "}, {"value": "le", "hintTable": {"headers": ["le", "week", "-", "end"], "rows": [[{"hint": "on the weekends", "colspan": 3}], [{"hint": "your", "colspan": 1}, {"colspan": 1}, {"colspan": 1}], [{"hint": "her", "colspan": 1}, {"colspan": 1}, {"colspan": 1}], [{"hint": "the", "colspan": 1}, {"colspan": 1}, {"colspan": 1}]], "references": [5, 6]}, "tts": "https://d1vq87e9lcf771.cloudfront.net/danielle/53635582b04179582406de15f6c2a6fa"}, {"value": " "}, {"value": "week", "hintTable": {"headers": ["le", "week", "-", "end"], "rows": [[{"hint": "on the weekends", "colspan": 3}], [{"colspan": 1}, {"hint": "weekend", "colspan": 2}]], "references": [6]}, "tts": "https://d1vq87e9lcf771.cloudfront.net/danielle/710dc180dc599e2ee8776fe2d881b6df"}, {"value": "-"}, {"value": "end", "hintTable": {"headers": ["le", "week", "-", "end"], "rows": [[{"hint": "on the weekends", "colspan": 3}], [{"colspan": 1}, {"hint": "weekend", "colspan": 2}]], "references": [5]}, "tts": "https://d1vq87e9lcf771.cloudfront.net/danielle/bc37c18be272b531ee57276e08b23d31"}, {"value": " "}, {"value": "dans", "hintTable": {"rows": [[{"hint": "into", "colspan": 1}], [{"hint": "at", "colspan": 1}], [{"hint": "on", "colspan": 1}]], "references": []}, "tts": "https://d1vq87e9lcf771.cloudfront.net/danielle/c4232879fe12ea9d37d2fda9eb1704bb"}, {"value": " "}, {"value": "une", "hintTable": {"rows": [[{"hint": "an", "colspan": 1}], [{"hint": "a", "colspan": 1}], [{"hint": "one", "colspan": 1}]], "references": []}, "tts": "https://d1vq87e9lcf771.cloudfront.net/danielle/e7e3e3622f063aced37c857e372d01a5"}, {"value": " "}, {"value": "maison", "hintTable": {"rows": [[{"hint": "house", "colspan": 1}], [{"hint": "home", "colspan": 1}]], "references": []}, "tts": "https://d1vq87e9lcf771.cloudfront.net/danielle/ce53ec9b89831642e3a2956009833cfa"}, {"value": " "}, {"value": "pr\u00e8s", "hintTable": {"headers": ["pr\u00e8s", "de"], "rows": [[{"hint": "near", "colspan": 2}], [{"hint": "next to", "colspan": 2}], [{"hint": "close", "colspan": 1}, {"colspan": 1}], [{"hint": "near", "colspan": 1}, {"colspan": 1}]], "references": [11]}, "tts": "https://d1vq87e9lcf771.cloudfront.net/danielle/030b0cd00e4982150925dafe1d25a75a"}, {"value": " "}, {"value": "de", "hintTable": {"headers": ["pr\u00e8s", "de"], "rows": [[{"hint": "near", "colspan": 2}], [{"hint": "next to", "colspan": 2}], [{"colspan": 1}, {"hint": "of the", "colspan": 2}], [{"colspan": 1}, {"hint": "for the", "colspan": 2}], [{"colspan": 1}, {"hint": "'s", "colspan": 2}]], "references": [12]}, "tts": "https://d1vq87e9lcf771.cloudfront.net/danielle/440a31450593e609451ea2168f76e988"}, {"value": " "}, {"value": "la", "hintTable": {"headers": ["de", "la"], "rows": [[{"hint": "of the", "colspan": 2}], [{"hint": "for the", "colspan": 2}], [{"hint": "'s", "colspan": 2}], [{"colspan": 1}, {"hint": "the", "colspan": 1}], [{"colspan": 1}, {"hint": "it", "colspan": 1}], [{"colspan": 1}, {"hint": "your", "colspan": 1}]], "references": [11]}, "tts": "https://d1vq87e9lcf771.cloudfront.net/danielle/a3839459c4a22bd261d776fc91b0977e"}, {"value": " "}, {"value": "mer", "hintTable": {"rows": [[{"hint": "sea", "colspan": 1}]], "references": []}, "tts": "https://d1vq87e9lcf771.cloudfront.net/danielle/00375e82c5991240167e9a47cc1357a5"}, {"value": "."}]}, "subtext": {"styledString": {"text": "Yes, we spent the weekend in a house near the sea.", "styling": [{"from": 0, "to": 50, "attributes": {"alignment": "left", "fontSize": 19, "fontWeight": "normal", "textColor": "AFAFAF", "lineSpacing": 5}}]}, "tokenTTS": {"tokenTTSCollection": []}}, "ttsURL": "https://d1vq87e9lcf771.cloudfront.net/danielle/74537eb6922b3a633fd3e8924bab800f"}]}, "meta": {"autoPlayableTTS": [], "sectionIndex": 0, "backgroundColor": null}}, {"type": "verticalSpace", "element": 16, "meta": {"autoPlayableTTS": [], "sectionIndex": 0, "backgroundColor": null}}, {"type": "dialogue", "element": {"phrases": [{"text": {"styledString": {"text": "Vous avez invit\u00e9 qui ?", "styling": [{"from": 0, "to": 22, "attributes": {"alignment": "left", "fontSize": 19, "fontWeight": "normal", "textColor": "4B4B4B", "lineSpacing": 5}}]}, "tokenTTS": {"tokenTTSCollection": []}, "blockHints": [{"value": "Vous", "hintTable": {"rows": [[{"hint": "you", "colspan": 1}], [{"hint": "for you", "colspan": 1}], [{"hint": "to you", "colspan": 1}]], "references": []}, "tts": "https://d1vq87e9lcf771.cloudfront.net/danielle/480892a594f400f082857d91ad80c042"}, {"value": " "}, {"value": "avez", "hintTable": {"headers": ["avez", "invit\u00e9"], "rows": [[{"hint": "invited", "colspan": 2}], [{"hint": "have", "colspan": 1}, {"colspan": 1}], [{"hint": "get", "colspan": 1}, {"colspan": 1}]], "references": [2]}, "tts": "https://d1vq87e9lcf771.cloudfront.net/danielle/fa00bb62b5483fcf906f12a2433cbd7e"}, {"value": " "}, {"value": "invit\u00e9", "hintTable": {"headers": ["avez", "invit\u00e9"], "rows": [[{"hint": "invited", "colspan": 2}], [{"colspan": 1}, {"hint": "invite", "colspan": 1}], [{"colspan": 1}, {"hint": "invited", "colspan": 1}], [{"colspan": 1}, {"hint": "guest", "colspan": 1}]], "references": [1]}, "tts": "https://d1vq87e9lcf771.cloudfront.net/danielle/206afb8b95ff9695d980ba28815d2294"}, {"value": " "}, {"value": "qui", "hintTable": {"rows": [[{"hint": "who", "colspan": 1}], [{"hint": "whom", "colspan": 1}], [{"hint": "that", "colspan": 1}]], "references": []}, "tts": "https://d1vq87e9lcf771.cloudfront.net/danielle/61bfa62229ad557283c6bdcf256e213f"}, {"value": " "}, {"value": "?"}]}, "subtext": {"styledString": {"text": "Who did you invite?", "styling": [{"from": 0, "to": 19, "attributes": {"alignment": "left", "fontSize": 19, "fontWeight": "normal", "textColor": "AFAFAF", "lineSpacing": 5}}]}, "tokenTTS": {"tokenTTSCollection": []}}, "ttsURL": "https://d1vq87e9lcf771.cloudfront.net/danielle/1c50bed25a6154a1a79c87179b8fa1f3"}, {"text": {"styledString": {"text": "Nous avons invit\u00e9 nos amis.", "styling": [{"from": 0, "to": 27, "attributes": {"alignment": "left", "fontSize": 19, "fontWeight": "normal", "textColor": "4B4B4B", "lineSpacing": 5}}]}, "tokenTTS": {"tokenTTSCollection": []}, "blockHints": [{"value": "Nous", "hintTable": {"rows": [[{"hint": "we", "colspan": 1}], [{"hint": "us", "colspan": 1}], [{"hint": "to each other", "colspan": 1}]], "references": []}, "tts": "https://d1vq87e9lcf771.cloudfront.net/danielle/7f1cf4acbc8ec94bd2a083a118772eb6"}, {"value": " "}, {"value": "avons", "hintTable": {"headers": ["avons", "invit\u00e9"], "rows": [[{"hint": "invited", "colspan": 2}], [{"hint": "have", "colspan": 1}, {"colspan": 1}], [{"hint": "get", "colspan": 1}, {"colspan": 1}]], "references": [2]}, "tts": "https://d1vq87e9lcf771.cloudfront.net/danielle/7f4bf7388fef299b60a17b7f9da22ba2"}, {"value": " "}, {"value": "invit\u00e9", "hintTable": {"headers": ["avons", "invit\u00e9"], "rows": [[{"hint": "invited", "colspan": 2}], [{"colspan": 1}, {"hint": "invited", "colspan": 1}], [{"colspan": 1}, {"hint": "invite", "colspan": 1}], [{"colspan": 1}, {"hint": "guest", "colspan": 1}]], "references": [1]}, "tts": "https://d1vq87e9lcf771.cloudfront.net/danielle/206afb8b95ff9695d980ba28815d2294"}, {"value": " "}, {"value": "nos", "hintTable": {"rows": [[{"hint": "our", "colspan": 1}]], "references": []}, "tts": "https://d1vq87e9lcf771.cloudfront.net/danielle/8790e3608958571714e24e33a29d67d1"}, {"value": " "}, {"value": "amis", "hintTable": {"rows": [[{"hint": "friends", "colspan": 1}]], "references": []}, "tts": "https://d1vq87e9lcf771.cloudfront.net/danielle/bc45f3c08126b664f579c3bf98bda2b6"}, {"value": "."}]}, "subtext": {"styledString": {"text": "We invited our friends.", "styling": [{"from": 0, "to": 23, "attributes": {"alignment": "left", "fontSize": 19, "fontWeight": "normal", "textColor": "AFAFAF", "lineSpacing": 5}}]}, "tokenTTS": {"tokenTTSCollection": []}}, "ttsURL": "https://d1vq87e9lcf771.cloudfront.net/danielle/4b314088e1a32f886fa6fe8e1d7b10e9"}]}, "meta": {"autoPlayableTTS": [], "sectionIndex": 0, "backgroundColor": null}}, {"type": "verticalSpace", "element": 16, "meta": {"autoPlayableTTS": [], "sectionIndex": 0, "backgroundColor": null}}, {"type": "dialogue", "element": {"phrases": [{"text": {"styledString": {"text": "Vous avez nag\u00e9 ?", "styling": [{"from": 0, "to": 16, "attributes": {"alignment": "left", "fontSize": 19, "fontWeight": "normal", "textColor": "4B4B4B", "lineSpacing": 5}}]}, "tokenTTS": {"tokenTTSCollection": []}, "blockHints": [{"value": "Vous", "hintTable": {"rows": [[{"hint": "you", "colspan": 1}], [{"hint": "for you", "colspan": 1}], [{"hint": "to you", "colspan": 1}]], "references": []}, "tts": "https://d1vq87e9lcf771.cloudfront.net/danielle/480892a594f400f082857d91ad80c042"}, {"value": " "}, {"value": "avez", "hintTable": {"headers": ["avez", "nag\u00e9"], "rows": [[{"hint": "swam", "colspan": 2}], [{"hint": "have", "colspan": 1}, {"colspan": 1}], [{"hint": "get", "colspan": 1}, {"colspan": 1}]], "references": [2]}, "tts": "https://d1vq87e9lcf771.cloudfront.net/danielle/fa00bb62b5483fcf906f12a2433cbd7e"}, {"value": " "}, {"value": "nag\u00e9", "hintTable": {"headers": ["avez", "nag\u00e9"], "rows": [[{"hint": "swam", "colspan": 2}], [{"colspan": 1}, {"hint": "swam", "colspan": 1}]], "references": [1]}, "tts": "https://d1vq87e9lcf771.cloudfront.net/danielle/a0177a5e289c34f6e123dfb09dc5f9f4"}, {"value": " "}, {"value": "?"}]}, "subtext": {"styledString": {"text": "Did you swim?", "styling": [{"from": 0, "to": 13, "attributes": {"alignment": "left", "fontSize": 19, "fontWeight": "normal", "textColor": "AFAFAF", "lineSpacing": 5}}]}, "tokenTTS": {"tokenTTSCollection": []}}, "ttsURL": "https://d1vq87e9lcf771.cloudfront.net/danielle/c95626008c5ea19f70ae1f65cd21a333"}, {"text": {"styledString": {"text": "Oui, j'ai nag\u00e9 dans ma piscine.", "styling": [{"from": 0, "to": 31, "attributes": {"alignment": "left", "fontSize": 19, "fontWeight": "normal", "textColor": "4B4B4B", "lineSpacing": 5}}]}, "tokenTTS": {"tokenTTSCollection": []}, "blockHints": [{"value": "Oui", "hintTable": {"rows": [[{"hint": "yes", "colspan": 1}]], "references": []}, "tts": "https://d1vq87e9lcf771.cloudfront.net/danielle/18b92825cd15e502daa75a0d64f3cdd4"}, {"value": ","}, {"value": " "}, {"value": "j'", "hintTable": {"headers": ["j'", "ai"], "rows": [[{"hint": "I'm", "colspan": 2}], [{"hint": "I've", "colspan": 2}], [{"hint": "I", "colspan": 1}, {"colspan": 1}]], "references": [2]}, "tts": "https://d1vq87e9lcf771.cloudfront.net/danielle/c839fdc2ccbaf9f6fe27b78659f801f2"}, {"value": "ai", "hintTable": {"headers": ["ai", "nag\u00e9"], "rows": [[{"hint": "swam", "colspan": 2}], [{"hint": "have", "colspan": 1}, {"colspan": 1}], [{"hint": "feel", "colspan": 1}, {"colspan": 1}]], "references": [1]}, "tts": "https://d1vq87e9lcf771.cloudfront.net/danielle/945704840e035e2ea1325d5250fe6554"}, {"value": " "}, {"value": "nag\u00e9", "hintTable": {"headers": ["ai", "nag\u00e9"], "rows": [[{"hint": "swam", "colspan": 2}], [{"colspan": 1}, {"hint": "swam", "colspan": 1}]], "references": [2]}, "tts": "https://d1vq87e9lcf771.cloudfront.net/danielle/a0177a5e289c34f6e123dfb09dc5f9f4"}, {"value": " "}, {"value": "dans", "hintTable": {"rows": [[{"hint": "into", "colspan": 1}], [{"hint": "at", "colspan": 1}], [{"hint": "on", "colspan": 1}]], "references": []}, "tts": "https://d1vq87e9lcf771.cloudfront.net/danielle/c4232879fe12ea9d37d2fda9eb1704bb"}, {"value": " "}, {"value": "ma", "hintTable": {"rows": [[{"hint": "my", "colspan": 1}]], "references": []}, "tts": "https://d1vq87e9lcf771.cloudfront.net/danielle/ff1624cb6f44b6c361e834c032a1db4e"}, {"value": " "}, {"value": "piscine", "hintTable": {"rows": [[{"hint": "pool", "colspan": 1}], [{"hint": "swimming pool", "colspan": 1}]], "references": []}, "tts": "https://d1vq87e9lcf771.cloudfront.net/danielle/2fd855a801364e5d28091c7f9831fc02"}, {"value": "."}]}, "subtext": {"styledString": {"text": "Yes, I swam in my pool.", "styling": [{"from": 0, "to": 23, "attributes": {"alignment": "left", "fontSize": 19, "fontWeight": "normal", "textColor": "AFAFAF", "lineSpacing": 5}}]}, "tokenTTS": {"tokenTTSCollection": []}}, "ttsURL": "https://d1vq87e9lcf771.cloudfront.net/danielle/7301866065d33b90a0b326e0da0f69da"}]}, "meta": {"autoPlayableTTS": [], "sectionIndex": 0, "backgroundColor": null}}, {"type": "verticalSpace", "element": 24, "meta": {"autoPlayableTTS": [], "sectionIndex": 0, "backgroundColor": null}}, {"type": "verticalSpace", "element": 24, "meta": {"autoPlayableTTS": [], "sectionIndex": 0, "backgroundColor": "DDF4FF"}}, {"type": "text", "element": {"styledString": {"text": "TIP", "styling": [{"from": 0, "to": 3, "attributes": {"alignment": "left", "fontSize": 17, "fontWeight": "bold", "textColor": "1CB0F6", "lineSpacing": 4}}]}, "tokenTTS": {"tokenTTSCollection": []}}, "meta": {"autoPlayableTTS": [], "sectionIndex": 0, "backgroundColor": "DDF4FF"}}, {"type": "verticalSpace", "element": 8, "meta": {"autoPlayableTTS": [], "sectionIndex": 0, "backgroundColor": "DDF4FF"}}, {"type": "text", "element": {"styledString": {"text": "Je marche jusqu'\u00e0 la plage", "styling": [{"from": 0, "to": 26, "attributes": {"alignment": "left", "fontSize": 25, "fontWeight": "bold", "textColor": "4B4B4B", "lineSpacing": 4}}]}, "tokenTTS": {"tokenTTSCollection": []}, "hints": {"hints": [], "hintLinks": []}}, "meta": {"autoPlayableTTS": [], "sectionIndex": 6, "backgroundColor": "DDF4FF"}}, {"type": "verticalSpace", "element": 12, "meta": {"autoPlayableTTS": [], "sectionIndex": 6, "backgroundColor": "DDF4FF"}}, {"type": "text", "element": {"styledString": {"text": "To say that you went up to a place but didn't go inside, use jusqu'\u00e0. When you want to say that you went to a place and then went inside, use \u00e0.", "styling": [{"from": 0, "to": 21, "attributes": {"alignment": "left", "fontSize": 19, "fontWeight": "normal", "textColor": "4B4B4B", "lineSpacing": 5}}, {"from": 21, "to": 26, "attributes": {"alignment": "left", "fontSize": 19, "fontWeight": "bold", "textColor": "4B4B4B", "lineSpacing": 5}}, {"from": 26, "to": 61, "attributes": {"alignment": "left", "fontSize": 19, "fontWeight": "normal", "textColor": "4B4B4B", "lineSpacing": 5}}, {"from": 61, "to": 68, "attributes": {"alignment": "left", "fontSize": 19, "fontWeight": "bold", "textColor": "1CB0F6", "lineSpacing": 5}}, {"from": 68, "to": 142, "attributes": {"alignment": "left", "fontSize": 19, "fontWeight": "normal", "textColor": "4B4B4B", "lineSpacing": 5}}, {"from": 142, "to": 143, "attributes": {"alignment": "left", "fontSize": 19, "fontWeight": "bold", "textColor": "1CB0F6", "lineSpacing": 5}}, {"from": 143, "to": 144, "attributes": {"alignment": "left", "fontSize": 19, "fontWeight": "normal", "textColor": "4B4B4B", "lineSpacing": 5}}]}, "tokenTTS": {"tokenTTSCollection": [{"startIndex": 61, "endIndex": 67, "ttsURL": "https://d1vq87e9lcf771.cloudfront.net/danielle/9e890bb11fe8c3086e2ec7b5d7de5259"}, {"startIndex": 142, "endIndex": 142, "ttsURL": "https://d1vq87e9lcf771.cloudfront.net/danielle/525d3aba641b4330345f33346eb9959d"}]}, "hints": {"hints": ["to", "to"], "hintLinks": [{"index": 0, "rangeStart": 61, "rangeEnd": 67}, {"index": 1, "rangeStart": 142, "rangeEnd": 142}]}}, "meta": {"autoPlayableTTS": [], "sectionIndex": 6, "backgroundColor": "DDF4FF"}}, {"type": "verticalSpace", "element": 24, "meta": {"autoPlayableTTS": [], "sectionIndex": 7, "backgroundColor": "DDF4FF"}}, {"type": "exampleCaptionedImage", "element": {"image": {"url": "https://d1btvuu4dwu627.cloudfront.net/1f60d8d2d272c091355d7141846c9740/62c43ee6864191160615f79ad2bf3045/images/fbcac50a5ce0432aa3481391d16adfec.pdf"}, "examples": [{"text": {"styledString": {"text": "J'ai march\u00e9 jusqu'au restaurant.", "styling": [{"from": 0, "to": 12, "attributes": {"alignment": "center", "fontSize": 19, "fontWeight": "normal", "textColor": "4B4B4B", "lineSpacing": 5}}, {"from": 12, "to": 20, "attributes": {"alignment": "center", "fontSize": 19, "fontWeight": "bold", "textColor": "1CB0F6", "lineSpacing": 8}}, {"from": 20, "to": 32, "attributes": {"alignment": "center", "fontSize": 19, "fontWeight": "normal", "textColor": "4B4B4B", "lineSpacing": 5}}]}, "tokenTTS": {"tokenTTSCollection": [{"startIndex": 0, "endIndex": 31, "ttsURL": "https://d1vq87e9lcf771.cloudfront.net/danielle/b6eb52b304afd413053388d13605ef61"}]}, "hints": {"hints": ["I walked to the restaurant (but didn\u2019t go in)"], "hintLinks": [{"index": 0, "rangeStart": 0, "rangeEnd": 31}]}}, "subtext": {"styledString": {"text": "I walked to the restaurant (but didn't go in).", "styling": [{"from": 0, "to": 46, "attributes": {"alignment": "center", "fontSize": 19, "fontWeight": "normal", "textColor": "AFAFAF", "lineSpacing": 8}}]}, "tokenTTS": {"tokenTTSCollection": []}, "hints": {"hints": [], "hintLinks": []}}, "ttsURL": "https://d1vq87e9lcf771.cloudfront.net/danielle/b6eb52b304afd413053388d13605ef61"}], "layout": "wideImageWithTextBelow"}, "meta": {"autoPlayableTTS": [], "sectionIndex": 7, "backgroundColor": "DDF4FF"}}, {"type": "verticalSpace", "element": 24, "meta": {"autoPlayableTTS": [], "sectionIndex": 8, "backgroundColor": "DDF4FF"}}, {"type": "exampleCaptionedImage", "element": {"image": {"url": "https://d1btvuu4dwu627.cloudfront.net/1f60d8d2d272c091355d7141846c9740/62c43ee6864191160615f79ad2bf3045/images/f78add4a1f994a5985ad1b57e66e53c9.pdf"}, "examples": [{"text": {"styledString": {"text": "Je suis all\u00e9 au restaurant.", "styling": [{"from": 0, "to": 13, "attributes": {"alignment": "center", "fontSize": 19, "fontWeight": "normal", "textColor": "4B4B4B", "lineSpacing": 5}}, {"from": 13, "to": 15, "attributes": {"alignment": "center", "fontSize": 19, "fontWeight": "bold", "textColor": "1CB0F6", "lineSpacing": 8}}, {"from": 15, "to": 27, "attributes": {"alignment": "center", "fontSize": 19, "fontWeight": "normal", "textColor": "4B4B4B", "lineSpacing": 5}}]}, "tokenTTS": {"tokenTTSCollection": [{"startIndex": 0, "endIndex": 26, "ttsURL": "https://d1vq87e9lcf771.cloudfront.net/danielle/ec6587a75eaa33dcd87092a097c437d6"}]}, "hints": {"hints": ["I went to the restaurant (and had a meal!)"], "hintLinks": [{"index": 0, "rangeStart": 0, "rangeEnd": 26}]}}, "subtext": {"styledString": {"text": "I went to the restaurant (and had a meal!).", "styling": [{"from": 0, "to": 43, "attributes": {"alignment": "center", "fontSize": 19, "fontWeight": "normal", "textColor": "AFAFAF", "lineSpacing": 8}}]}, "tokenTTS": {"tokenTTSCollection": []}, "hints": {"hints": [], "hintLinks": []}}, "ttsURL": "https://d1vq87e9lcf771.cloudfront.net/danielle/ec6587a75eaa33dcd87092a097c437d6"}], "layout": "wideImageWithTextBelow"}, "meta": {"autoPlayableTTS": [], "sectionIndex": 8, "backgroundColor": "DDF4FF"}}, {"type": "verticalSpace", "element": 24, "meta": {"autoPlayableTTS": [], "sectionIndex": 0, "backgroundColor": "DDF4FF"}}, {"type": "verticalSpace", "element": 2, "meta": {"autoPlayableTTS": [], "sectionIndex": 0, "backgroundColor": "84D8FF"}}, {"type": "verticalSpace", "element": 24, "meta": {"autoPlayableTTS": [], "sectionIndex": 0, "backgroundColor": "DDF4FF"}}, {"type": "text", "element": {"styledString": {"text": "TIP", "styling": [{"from": 0, "to": 3, "attributes": {"alignment": "left", "fontSize": 17, "fontWeight": "bold", "textColor": "1CB0F6", "lineSpacing": 4}}]}, "tokenTTS": {"tokenTTSCollection": []}}, "meta": {"autoPlayableTTS": [], "sectionIndex": 0, "backgroundColor": "DDF4FF"}}, {"type": "verticalSpace", "element": 8, "meta": {"autoPlayableTTS": [], "sectionIndex": 0, "backgroundColor": "DDF4FF"}}, {"type": "text", "element": {"styledString": {"text": "Let\u2019s talk about Past Tense!", "styling": [{"from": 0, "to": 28, "attributes": {"alignment": "left", "fontSize": 25, "fontWeight": "bold", "textColor": "4B4B4B", "lineSpacing": 4}}]}, "tokenTTS": {"tokenTTSCollection": []}, "hints": {"hints": [], "hintLinks": []}}, "meta": {"autoPlayableTTS": [], "sectionIndex": 0, "backgroundColor": "DDF4FF"}}, {"type": "verticalSpace", "element": 12, "meta": {"autoPlayableTTS": [], "sectionIndex": 0, "backgroundColor": "DDF4FF"}}, {"type": "text", "element": {"styledString": {"text": "To talk about past actions and say things like I talked, follow this pattern:", "styling": [{"from": 0, "to": 47, "attributes": {"alignment": "left", "fontSize": 19, "fontWeight": "normal", "textColor": "4B4B4B", "lineSpacing": 5}}, {"from": 47, "to": 55, "attributes": {"alignment": "left", "fontSize": 19, "fontWeight": "bold", "textColor": "4B4B4B", "lineSpacing": 5}}, {"from": 55, "to": 77, "attributes": {"alignment": "left", "fontSize": 19, "fontWeight": "normal", "textColor": "4B4B4B", "lineSpacing": 5}}]}, "tokenTTS": {"tokenTTSCollection": []}, "hints": {"hints": [], "hintLinks": []}}, "meta": {"autoPlayableTTS": [], "sectionIndex": 0, "backgroundColor": "DDF4FF"}}, {"type": "verticalSpace", "element": 24, "meta": {"autoPlayableTTS": [], "sectionIndex": 1, "backgroundColor": "DDF4FF"}}, {"type": "table", "element": {"cells": [[{"styledString": {"text": "subject", "styling": [{"from": 0, "to": 7, "attributes": {"alignment": "left", "fontSize": 19, "fontWeight": "bold", "textColor": "4B4B4B", "lineSpacing": 2}}]}, "tokenTTS": {"tokenTTSCollection": []}, "hints": {"hints": ["The subject of a sentence is the person, place, thing, or idea that is doing or being something."], "hintLinks": [{"index": 0, "rangeStart": 0, "rangeEnd": 6}]}}, {"styledString": {"text": "verb (parler)", "styling": [{"from": 0, "to": 13, "attributes": {"alignment": "left", "fontSize": 19, "fontWeight": "bold", "textColor": "4B4B4B", "lineSpacing": 2}}]}, "tokenTTS": {"tokenTTSCollection": [{"startIndex": 6, "endIndex": 11, "ttsURL": "https://d1vq87e9lcf771.cloudfront.net/danielle/65b3829a88800fa708f85e0747ddd3f7"}]}, "hints": {"hints": ["A verb expresses an action (\u201cLuis cooks every day\u201d) or a state of being (\u201cI am sick\u201d).", "to talk"], "hintLinks": [{"index": 0, "rangeStart": 0, "rangeEnd": 3}, {"index": 1, "rangeStart": 6, "rangeEnd": 11}]}}], [{"styledString": {"text": "j'", "styling": [{"from": 0, "to": 2, "attributes": {"alignment": "left", "fontSize": 19, "fontWeight": "bold", "textColor": "4B4B4B", "lineSpacing": 5}}]}, "tokenTTS": {"tokenTTSCollection": [{"startIndex": 0, "endIndex": 1, "ttsURL": "https://d1vq87e9lcf771.cloudfront.net/danielle/c839fdc2ccbaf9f6fe27b78659f801f2"}]}, "hints": {"hints": ["I"], "hintLinks": [{"index": 0, "rangeStart": 0, "rangeEnd": 1}]}}, {"styledString": {"text": "ai parl\u00e9", "styling": [{"from": 0, "to": 2, "attributes": {"alignment": "left", "fontSize": 19, "fontWeight": "bold", "textColor": "1CB0F6", "lineSpacing": 5}}, {"from": 2, "to": 3, "attributes": {"alignment": "left", "fontSize": 19, "fontWeight": "normal", "textColor": "4B4B4B", "lineSpacing": 5}}, {"from": 3, "to": 7, "attributes": {"alignment": "left", "fontSize": 19, "fontWeight": "bold", "textColor": "4B4B4B", "lineSpacing": 5}}, {"from": 7, "to": 8, "attributes": {"alignment": "left", "fontSize": 19, "fontWeight": "bold", "textColor": "1CB0F6", "lineSpacing": 5}}]}, "tokenTTS": {"tokenTTSCollection": [{"startIndex": 0, "endIndex": 7, "ttsURL": "https://d1vq87e9lcf771.cloudfront.net/danielle/3444c70463fe2c8043d0a08c107d9ccb"}]}, "hints": {"hints": ["talked"], "hintLinks": [{"index": 0, "rangeStart": 0, "rangeEnd": 7}]}}], [{"styledString": {"text": "tu", "styling": [{"from": 0, "to": 2, "attributes": {"alignment": "left", "fontSize": 19, "fontWeight": "bold", "textColor": "4B4B4B", "lineSpacing": 5}}]}, "tokenTTS": {"tokenTTSCollection": [{"startIndex": 0, "endIndex": 1, "ttsURL": "https://d1vq87e9lcf771.cloudfront.net/danielle/108696c9e1fe68d2beb23bb6f937a618"}]}, "hints": {"hints": ["you"], "hintLinks": [{"index": 0, "rangeStart": 0, "rangeEnd": 1}]}}, {"styledString": {"text": "as parl\u00e9", "styling": [{"from": 0, "to": 2, "attributes": {"alignment": "left", "fontSize": 19, "fontWeight": "bold", "textColor": "1CB0F6", "lineSpacing": 5}}, {"from": 2, "to": 3, "attributes": {"alignment": "left", "fontSize": 19, "fontWeight": "normal", "textColor": "4B4B4B", "lineSpacing": 5}}, {"from": 3, "to": 7, "attributes": {"alignment": "left", "fontSize": 19, "fontWeight": "bold", "textColor": "4B4B4B", "lineSpacing": 5}}, {"from": 7, "to": 8, "attributes": {"alignment": "left", "fontSize": 19, "fontWeight": "bold", "textColor": "1CB0F6", "lineSpacing": 5}}]}, "tokenTTS": {"tokenTTSCollection": [{"startIndex": 0, "endIndex": 7, "ttsURL": "https://d1vq87e9lcf771.cloudfront.net/danielle/d7439475f8673cbf3802bc1f43667303"}]}, "hints": {"hints": ["talked"], "hintLinks": [{"index": 0, "rangeStart": 0, "rangeEnd": 7}]}}], [{"styledString": {"text": "il / elle", "styling": [{"from": 0, "to": 9, "attributes": {"alignment": "left", "fontSize": 19, "fontWeight": "bold", "textColor": "4B4B4B", "lineSpacing": 5}}]}, "tokenTTS": {"tokenTTSCollection": [{"startIndex": 0, "endIndex": 1, "ttsURL": "https://d1vq87e9lcf771.cloudfront.net/danielle/2cc14eeacdf034fdbb20a8fbdb782326"}, {"startIndex": 5, "endIndex": 8, "ttsURL": "https://d1vq87e9lcf771.cloudfront.net/danielle/aff4ce70dd29106f848ee89ba53ece81"}]}, "hints": {"hints": ["he", "she"], "hintLinks": [{"index": 0, "rangeStart": 0, "rangeEnd": 1}, {"index": 1, "rangeStart": 5, "rangeEnd": 8}]}}, {"styledString": {"text": "a parl\u00e9", "styling": [{"from": 0, "to": 1, "attributes": {"alignment": "left", "fontSize": 19, "fontWeight": "bold", "textColor": "1CB0F6", "lineSpacing": 5}}, {"from": 1, "to": 2, "attributes": {"alignment": "left", "fontSize": 19, "fontWeight": "normal", "textColor": "4B4B4B", "lineSpacing": 5}}, {"from": 2, "to": 6, "attributes": {"alignment": "left", "fontSize": 19, "fontWeight": "bold", "textColor": "4B4B4B", "lineSpacing": 5}}, {"from": 6, "to": 7, "attributes": {"alignment": "left", "fontSize": 19, "fontWeight": "bold", "textColor": "1CB0F6", "lineSpacing": 5}}]}, "tokenTTS": {"tokenTTSCollection": [{"startIndex": 0, "endIndex": 6, "ttsURL": "https://d1vq87e9lcf771.cloudfront.net/danielle/5733b390d26760dbdc068547f2bdc501"}]}, "hints": {"hints": ["talked"], "hintLinks": [{"index": 0, "rangeStart": 0, "rangeEnd": 6}]}}], [{"styledString": {"text": "nous", "styling": [{"from": 0, "to": 4, "attributes": {"alignment": "left", "fontSize": 19, "fontWeight": "bold", "textColor": "4B4B4B", "lineSpacing": 5}}]}, "tokenTTS": {"tokenTTSCollection": [{"startIndex": 0, "endIndex": 3, "ttsURL": "https://d1vq87e9lcf771.cloudfront.net/danielle/7f1cf4acbc8ec94bd2a083a118772eb6"}]}, "hints": {"hints": ["we"], "hintLinks": [{"index": 0, "rangeStart": 0, "rangeEnd": 3}]}}, {"styledString": {"text": "avons parl\u00e9", "styling": [{"from": 0, "to": 5, "attributes": {"alignment": "left", "fontSize": 19, "fontWeight": "bold", "textColor": "1CB0F6", "lineSpacing": 5}}, {"from": 5, "to": 6, "attributes": {"alignment": "left", "fontSize": 19, "fontWeight": "normal", "textColor": "4B4B4B", "lineSpacing": 5}}, {"from": 6, "to": 10, "attributes": {"alignment": "left", "fontSize": 19, "fontWeight": "bold", "textColor": "4B4B4B", "lineSpacing": 5}}, {"from": 10, "to": 11, "attributes": {"alignment": "left", "fontSize": 19, "fontWeight": "bold", "textColor": "1CB0F6", "lineSpacing": 5}}]}, "tokenTTS": {"tokenTTSCollection": [{"startIndex": 0, "endIndex": 10, "ttsURL": "https://d1vq87e9lcf771.cloudfront.net/danielle/bdb12ac7f7a58ebf0823470cd55513ac"}]}, "hints": {"hints": ["talked"], "hintLinks": [{"index": 0, "rangeStart": 0, "rangeEnd": 10}]}}], [{"styledString": {"text": "vous", "styling": [{"from": 0, "to": 4, "attributes": {"alignment": "left", "fontSize": 19, "fontWeight": "bold", "textColor": "4B4B4B", "lineSpacing": 5}}]}, "tokenTTS": {"tokenTTSCollection": [{"startIndex": 0, "endIndex": 3, "ttsURL": "https://d1vq87e9lcf771.cloudfront.net/danielle/480892a594f400f082857d91ad80c042"}]}, "hints": {"hints": ["you"], "hintLinks": [{"index": 0, "rangeStart": 0, "rangeEnd": 3}]}}, {"styledString": {"text": "avez parl\u00e9", "styling": [{"from": 0, "to": 4, "attributes": {"alignment": "left", "fontSize": 19, "fontWeight": "bold", "textColor": "1CB0F6", "lineSpacing": 5}}, {"from": 4, "to": 5, "attributes": {"alignment": "left", "fontSize": 19, "fontWeight": "normal", "textColor": "4B4B4B", "lineSpacing": 5}}, {"from": 5, "to": 9, "attributes": {"alignment": "left", "fontSize": 19, "fontWeight": "bold", "textColor": "4B4B4B", "lineSpacing": 5}}, {"from": 9, "to": 10, "attributes": {"alignment": "left", "fontSize": 19, "fontWeight": "bold", "textColor": "1CB0F6", "lineSpacing": 5}}]}, "tokenTTS": {"tokenTTSCollection": [{"startIndex": 0, "endIndex": 9, "ttsURL": "https://d1vq87e9lcf771.cloudfront.net/danielle/e66d72827f34ff3c34af5eb7c3e73b75"}]}, "hints": {"hints": ["talked"], "hintLinks": [{"index": 0, "rangeStart": 0, "rangeEnd": 9}]}}], [{"styledString": {"text": "ils / elles", "styling": [{"from": 0, "to": 11, "attributes": {"alignment": "left", "fontSize": 19, "fontWeight": "bold", "textColor": "4B4B4B", "lineSpacing": 5}}]}, "tokenTTS": {"tokenTTSCollection": [{"startIndex": 0, "endIndex": 2, "ttsURL": "https://d1vq87e9lcf771.cloudfront.net/danielle/fa369075a68fadc733e36d6d7de8e2e9"}, {"startIndex": 6, "endIndex": 10, "ttsURL": "https://d1vq87e9lcf771.cloudfront.net/danielle/cf50091dea53f716dd12e44015edcfc4"}]}, "hints": {"hints": ["they", "they"], "hintLinks": [{"index": 0, "rangeStart": 0, "rangeEnd": 2}, {"index": 1, "rangeStart": 6, "rangeEnd": 10}]}}, {"styledString": {"text": "ont parl\u00e9", "styling": [{"from": 0, "to": 3, "attributes": {"alignment": "left", "fontSize": 19, "fontWeight": "bold", "textColor": "1CB0F6", "lineSpacing": 5}}, {"from": 3, "to": 4, "attributes": {"alignment": "left", "fontSize": 19, "fontWeight": "normal", "textColor": "4B4B4B", "lineSpacing": 5}}, {"from": 4, "to": 8, "attributes": {"alignment": "left", "fontSize": 19, "fontWeight": "bold", "textColor": "4B4B4B", "lineSpacing": 5}}, {"from": 8, "to": 9, "attributes": {"alignment": "left", "fontSize": 19, "fontWeight": "bold", "textColor": "1CB0F6", "lineSpacing": 5}}]}, "tokenTTS": {"tokenTTSCollection": [{"startIndex": 0, "endIndex": 8, "ttsURL": "https://d1vq87e9lcf771.cloudfront.net/danielle/0559ec3245d6ac125aa2f73083b6662a"}]}, "hints": {"hints": ["talked"], "hintLinks": [{"index": 0, "rangeStart": 0, "rangeEnd": 8}]}}]], "hasShadedHeader": true}, "meta": {"autoPlayableTTS": [], "sectionIndex": 1, "backgroundColor": "DDF4FF"}}, {"type": "verticalSpace", "element": 24, "meta": {"autoPlayableTTS": [], "sectionIndex": 0, "backgroundColor": "DDF4FF"}}], "resourcesToPrefetch": [{"required": false, "url": "https://d1vq87e9lcf771.cloudfront.net/danielle/cf50091dea53f716dd12e44015edcfc4", "type": "mp3"}, {"required": false, "url": "https://d1vq87e9lcf771.cloudfront.net/danielle/7301866065d33b90a0b326e0da0f69da", "type": "mp3"}, {"required": false, "url": "https://d1vq87e9lcf771.cloudfront.net/danielle/e66d72827f34ff3c34af5eb7c3e73b75", "type": "mp3"}, {"required": false, "url": "https://d1vq87e9lcf771.cloudfront.net/danielle/c95626008c5ea19f70ae1f65cd21a333", "type": "mp3"}, {"required": false, "url": "https://d1vq87e9lcf771.cloudfront.net/danielle/0559ec3245d6ac125aa2f73083b6662a", "type": "mp3"}, {"required": false, "url": "https://d1vq87e9lcf771.cloudfront.net/danielle/fa369075a68fadc733e36d6d7de8e2e9", "type": "mp3"}, {"required": false, "url": "https://d1vq87e9lcf771.cloudfront.net/danielle/9e890bb11fe8c3086e2ec7b5d7de5259", "type": "mp3"}, {"required": false, "url": "https://d1vq87e9lcf771.cloudfront.net/danielle/108696c9e1fe68d2beb23bb6f937a618", "type": "mp3"}, {"required": true, "url": "https://d1btvuu4dwu627.cloudfront.net/1f60d8d2d272c091355d7141846c9740/62c43ee6864191160615f79ad2bf3045/images/f78add4a1f994a5985ad1b57e66e53c9.pdf", "type": "pdf"}, {"required": false, "url": "https://d1vq87e9lcf771.cloudfront.net/danielle/3444c70463fe2c8043d0a08c107d9ccb", "type": "mp3"}, {"required": false, "url": "https://d1vq87e9lcf771.cloudfront.net/danielle/2cc14eeacdf034fdbb20a8fbdb782326", "type": "mp3"}, {"required": false, "url": "https://d1vq87e9lcf771.cloudfront.net/danielle/74537eb6922b3a633fd3e8924bab800f", "type": "mp3"}, {"required": false, "url": "https://d1vq87e9lcf771.cloudfront.net/danielle/1c50bed25a6154a1a79c87179b8fa1f3", "type": "mp3"}, {"required": false, "url": "https://d1vq87e9lcf771.cloudfront.net/danielle/7f1cf4acbc8ec94bd2a083a118772eb6", "type": "mp3"}, {"required": false, "url": "https://d1vq87e9lcf771.cloudfront.net/danielle/4b314088e1a32f886fa6fe8e1d7b10e9", "type": "mp3"}, {"required": false, "url": "https://d1vq87e9lcf771.cloudfront.net/danielle/1ba832348e2a792922f406a5d1cd8a93", "type": "mp3"}, {"required": false, "url": "https://d1vq87e9lcf771.cloudfront.net/danielle/480892a594f400f082857d91ad80c042", "type": "mp3"}, {"required": false, "url": "https://d1vq87e9lcf771.cloudfront.net/danielle/ec6587a75eaa33dcd87092a097c437d6", "type": "mp3"}, {"required": false, "url": "https://d1vq87e9lcf771.cloudfront.net/danielle/bdb12ac7f7a58ebf0823470cd55513ac", "type": "mp3"}, {"required": false, "url": "https://d1vq87e9lcf771.cloudfront.net/danielle/525d3aba641b4330345f33346eb9959d", "type": "mp3"}, {"required": false, "url": "https://d1vq87e9lcf771.cloudfront.net/danielle/aff4ce70dd29106f848ee89ba53ece81", "type": "mp3"}, {"required": false, "url": "https://d1vq87e9lcf771.cloudfront.net/danielle/c839fdc2ccbaf9f6fe27b78659f801f2", "type": "mp3"}, {"required": false, "url": "https://d1vq87e9lcf771.cloudfront.net/danielle/5733b390d26760dbdc068547f2bdc501", "type": "mp3"}, {"required": false, "url": "https://d1vq87e9lcf771.cloudfront.net/danielle/b6eb52b304afd413053388d13605ef61", "type": "mp3"}, {"required": true, "url": "https://d1btvuu4dwu627.cloudfront.net/1f60d8d2d272c091355d7141846c9740/62c43ee6864191160615f79ad2bf3045/images/fbcac50a5ce0432aa3481391d16adfec.pdf", "type": "pdf"}, {"required": false, "url": "https://d1vq87e9lcf771.cloudfront.net/danielle/65b3829a88800fa708f85e0747ddd3f7", "type": "mp3"}, {"required": false, "url": "https://d1vq87e9lcf771.cloudfront.net/danielle/d7439475f8673cbf3802bc1f43667303", "type": "mp3"}]}