{"elements": [{"type": "verticalSpace", "element": 2, "meta": {"autoPlayableTTS": [], "sectionIndex": 0, "backgroundColor": "E5E5E5"}}, {"type": "verticalSpace", "element": 24, "meta": {"autoPlayableTTS": [], "sectionIndex": 0, "backgroundColor": null}}, {"type": "text", "element": {"styledString": {"text": "KEY PHRASES", "styling": [{"from": 0, "to": 11, "attributes": {"alignment": "left", "fontSize": 17, "fontWeight": "bold", "textColor": "1CB0F6", "lineSpacing": 4}}]}, "tokenTTS": {"tokenTTSCollection": []}}, "meta": {"autoPlayableTTS": [], "sectionIndex": 0, "backgroundColor": null}}, {"type": "verticalSpace", "element": 8, "meta": {"autoPlayableTTS": [], "sectionIndex": 0, "backgroundColor": null}}, {"type": "text", "element": {"styledString": {"text": "Communicate with coworkers", "styling": [{"from": 0, "to": 26, "attributes": {"alignment": "left", "fontSize": 25, "fontWeight": "bold", "textColor": "4B4B4B", "lineSpacing": 4}}]}, "tokenTTS": {"tokenTTSCollection": []}}, "meta": {"autoPlayableTTS": [], "sectionIndex": 0, "backgroundColor": null}}, {"type": "verticalSpace", "element": 16, "meta": {"autoPlayableTTS": [], "sectionIndex": 0, "backgroundColor": null}}, {"type": "dialogue", "element": {"phrases": [{"text": {"styledString": {"text": "Vous \u00e9crivez \u00e0 votre chef ?", "styling": [{"from": 0, "to": 27, "attributes": {"alignment": "left", "fontSize": 19, "fontWeight": "normal", "textColor": "4B4B4B", "lineSpacing": 5}}]}, "tokenTTS": {"tokenTTSCollection": []}, "blockHints": [{"value": "Vous", "hintTable": {"rows": [[{"hint": "to you", "colspan": 1}], [{"hint": "you", "colspan": 1}], [{"hint": "for you", "colspan": 1}]], "references": []}, "tts": "https://d1vq87e9lcf771.cloudfront.net/danielle/480892a594f400f082857d91ad80c042"}, {"value": " "}, {"value": "\u00e9crivez", "hintTable": {"rows": [[{"hint": "are writing", "colspan": 1}], [{"hint": "writing", "colspan": 1}], [{"hint": "write", "colspan": 1}]], "references": []}, "tts": "https://d1vq87e9lcf771.cloudfront.net/danielle/29edca1dd73cfc1a73273c05b81eb4ed"}, {"value": " "}, {"value": "\u00e0", "hintTable": {"rows": [[{"hint": "to", "colspan": 1}], [{"hint": "see you", "colspan": 1}], [{"hint": "on", "colspan": 1}]], "references": []}, "tts": "https://d1vq87e9lcf771.cloudfront.net/danielle/525d3aba641b4330345f33346eb9959d"}, {"value": " "}, {"value": "votre", "hintTable": {"rows": [[{"hint": "your", "colspan": 1}]], "references": []}, "tts": "https://d1vq87e9lcf771.cloudfront.net/danielle/cb8e2f29cbd1daa23d02edb8ae911389"}, {"value": " "}, {"value": "chef", "hintTable": {"rows": [[{"hint": "boss", "colspan": 1}], [{"hint": "chef", "colspan": 1}]], "references": []}, "tts": "https://d1vq87e9lcf771.cloudfront.net/danielle/76d707d4285961d3bd72c3085b5bd4b5"}, {"value": " "}, {"value": "?"}]}, "subtext": {"styledString": {"text": "Are you writing to your boss?", "styling": [{"from": 0, "to": 29, "attributes": {"alignment": "left", "fontSize": 19, "fontWeight": "normal", "textColor": "AFAFAF", "lineSpacing": 5}}]}, "tokenTTS": {"tokenTTSCollection": []}}, "ttsURL": "https://d1vq87e9lcf771.cloudfront.net/danielle/1acf66194475fdbb6f18a676e2546c0f"}, {"text": {"styledString": {"text": "Oui, je demande un nouvel ordinateur.", "styling": [{"from": 0, "to": 37, "attributes": {"alignment": "left", "fontSize": 19, "fontWeight": "normal", "textColor": "4B4B4B", "lineSpacing": 5}}]}, "tokenTTS": {"tokenTTSCollection": []}, "blockHints": [{"value": "Oui", "hintTable": {"rows": [[{"hint": "yes", "colspan": 1}]], "references": []}, "tts": "https://d1vq87e9lcf771.cloudfront.net/danielle/18b92825cd15e502daa75a0d64f3cdd4"}, {"value": ","}, {"value": " "}, {"value": "je", "hintTable": {"rows": [[{"hint": "I", "colspan": 1}], [{"hint": "me", "colspan": 1}]], "references": []}, "tts": "https://d1vq87e9lcf771.cloudfront.net/danielle/bc9e4b13acbd7ff5019b443aa471b4de"}, {"value": " "}, {"value": "demande", "hintTable": {"rows": [[{"hint": "ask for", "colspan": 1}], [{"hint": "are asking", "colspan": 1}], [{"hint": "ask", "colspan": 1}]], "references": []}, "tts": "https://d1vq87e9lcf771.cloudfront.net/danielle/47e092e1344aa7c3e1fd85614290ae86"}, {"value": " "}, {"value": "un", "hintTable": {"rows": [[{"hint": "an", "colspan": 1}], [{"hint": "a", "colspan": 1}], [{"hint": "one", "colspan": 1}]], "references": []}, "tts": "https://d1vq87e9lcf771.cloudfront.net/danielle/848ed0134fe5035cc26127d08f5412fe"}, {"value": " "}, {"value": "nouvel", "hintTable": {"rows": [[{"hint": "new", "colspan": 1}]], "references": []}, "tts": "https://d1vq87e9lcf771.cloudfront.net/danielle/8225c714a6f393ec7c7b6d14d26d4524"}, {"value": " "}, {"value": "ordinateur", "hintTable": {"rows": [[{"hint": "computer", "colspan": 1}]], "references": []}, "tts": "https://d1vq87e9lcf771.cloudfront.net/danielle/142eeff9c2c4fc9a1194dae74899af55"}, {"value": "."}]}, "subtext": {"styledString": {"text": "Yes, I'm asking for a new computer.", "styling": [{"from": 0, "to": 35, "attributes": {"alignment": "left", "fontSize": 19, "fontWeight": "normal", "textColor": "AFAFAF", "lineSpacing": 5}}]}, "tokenTTS": {"tokenTTSCollection": []}}, "ttsURL": "https://d1vq87e9lcf771.cloudfront.net/danielle/86920189f6e52b9488842cda226242d2"}]}, "meta": {"autoPlayableTTS": [], "sectionIndex": 0, "backgroundColor": null}}, {"type": "verticalSpace", "element": 16, "meta": {"autoPlayableTTS": [], "sectionIndex": 0, "backgroundColor": null}}, {"type": "dialogue", "element": {"phrases": [{"text": {"styledString": {"text": "Je r\u00e9ponds \u00e0 cet e-mail parce qu'il est important.", "styling": [{"from": 0, "to": 50, "attributes": {"alignment": "left", "fontSize": 19, "fontWeight": "normal", "textColor": "4B4B4B", "lineSpacing": 5}}]}, "tokenTTS": {"tokenTTSCollection": []}, "blockHints": [{"value": "Je", "hintTable": {"rows": [[{"hint": "I", "colspan": 1}], [{"hint": "me", "colspan": 1}]], "references": []}, "tts": "https://d1vq87e9lcf771.cloudfront.net/danielle/bc9e4b13acbd7ff5019b443aa471b4de"}, {"value": " "}, {"value": "r\u00e9ponds", "hintTable": {"headers": ["r\u00e9ponds", "\u00e0"], "rows": [[{"hint": "answer", "colspan": 2}], [{"hint": "am replying", "colspan": 1}, {"colspan": 1}], [{"hint": "are replying", "colspan": 1}, {"colspan": 1}], [{"hint": "answer", "colspan": 1}, {"colspan": 1}]], "references": [2]}, "tts": "https://d1vq87e9lcf771.cloudfront.net/danielle/bff1ec7ff88e3c45f975e168c5b03de5"}, {"value": " "}, {"value": "\u00e0", "hintTable": {"headers": ["r\u00e9ponds", "\u00e0"], "rows": [[{"hint": "answer", "colspan": 2}], [{"colspan": 1}, {"hint": "to", "colspan": 1}], [{"colspan": 1}, {"hint": "on", "colspan": 1}], [{"colspan": 1}, {"hint": "with", "colspan": 1}]], "references": [1]}, "tts": "https://d1vq87e9lcf771.cloudfront.net/danielle/525d3aba641b4330345f33346eb9959d"}, {"value": " "}, {"value": "cet", "hintTable": {"rows": [[{"hint": "this", "colspan": 1}], [{"hint": "that", "colspan": 1}]], "references": []}, "tts": "https://d1vq87e9lcf771.cloudfront.net/danielle/acfd70b1b377963057f89cd269d0ace6"}, {"value": " "}, {"value": "e-mail", "hintTable": {"rows": [[{"hint": "email", "colspan": 1}]], "references": []}, "tts": "https://d1vq87e9lcf771.cloudfront.net/danielle/de330669a8da8714563dab7ea0042193"}, {"value": " "}, {"value": "parce", "hintTable": {"headers": ["parce", "qu'"], "rows": [[{"hint": "because", "colspan": 2}]], "references": [6]}, "tts": "https://d1vq87e9lcf771.cloudfront.net/danielle/a3f463e13a6a94abb2f2268489f56a27"}, {"value": " "}, {"value": "qu'", "hintTable": {"headers": ["parce", "qu'"], "rows": [[{"hint": "because", "colspan": 2}], [{"colspan": 1}, {"hint": "that", "colspan": 1}], [{"colspan": 1}, {"hint": "as", "colspan": 1}], [{"colspan": 1}, {"hint": "only", "colspan": 1}]], "references": [5]}, "tts": "https://d1vq87e9lcf771.cloudfront.net/danielle/4b617eb072e829480cac0f6a39d33d3e"}, {"value": "il", "hintTable": {"headers": ["il", "est"], "rows": [[{"hint": "it's", "colspan": 2}], [{"hint": "he's", "colspan": 2}], [{"hint": "it's", "colspan": 1}, {"colspan": 1}], [{"hint": "it", "colspan": 1}, {"colspan": 1}], [{"hint": "him", "colspan": 1}, {"colspan": 1}]], "references": [8]}, "tts": "https://d1vq87e9lcf771.cloudfront.net/danielle/2cc14eeacdf034fdbb20a8fbdb782326"}, {"value": " "}, {"value": "est", "hintTable": {"headers": ["il", "est"], "rows": [[{"hint": "it's", "colspan": 2}], [{"hint": "he's", "colspan": 2}], [{"colspan": 1}, {"hint": "is", "colspan": 1}], [{"colspan": 1}, {"hint": "east", "colspan": 1}], [{"colspan": 1}, {"hint": "feel", "colspan": 1}]], "references": [7]}, "tts": "https://d1vq87e9lcf771.cloudfront.net/beafr/878a35a874ca5ef63f6af2af92a1a0a4"}, {"value": " "}, {"value": "important", "hintTable": {"rows": [[{"hint": "important", "colspan": 1}]], "references": []}, "tts": "https://d1vq87e9lcf771.cloudfront.net/danielle/c9309434f29552185462b2c3ad8e0aa3"}, {"value": "."}]}, "subtext": {"styledString": {"text": "I am replying to this email because it's important.", "styling": [{"from": 0, "to": 51, "attributes": {"alignment": "left", "fontSize": 19, "fontWeight": "normal", "textColor": "AFAFAF", "lineSpacing": 5}}]}, "tokenTTS": {"tokenTTSCollection": []}}, "ttsURL": "https://d1vq87e9lcf771.cloudfront.net/danielle/7a713037cba86bb54a4f17c454a8c6c6"}]}, "meta": {"autoPlayableTTS": [], "sectionIndex": 0, "backgroundColor": null}}, {"type": "verticalSpace", "element": 16, "meta": {"autoPlayableTTS": [], "sectionIndex": 0, "backgroundColor": null}}, {"type": "dialogue", "element": {"phrases": [{"text": {"styledString": {"text": "J'attends sa r\u00e9ponse.", "styling": [{"from": 0, "to": 21, "attributes": {"alignment": "left", "fontSize": 19, "fontWeight": "normal", "textColor": "4B4B4B", "lineSpacing": 5}}]}, "tokenTTS": {"tokenTTSCollection": []}, "blockHints": [{"value": "J'", "hintTable": {"rows": [[{"hint": "I", "colspan": 1}]], "references": []}, "tts": "https://d1vq87e9lcf771.cloudfront.net/danielle/c839fdc2ccbaf9f6fe27b78659f801f2"}, {"value": "attends", "hintTable": {"rows": [[{"hint": "am waiting for", "colspan": 1}], [{"hint": "am waiting", "colspan": 1}], [{"hint": "waiting", "colspan": 1}]], "references": []}, "tts": "https://d1vq87e9lcf771.cloudfront.net/danielle/c779a5d72451e8d62406001a4b28661d"}, {"value": " "}, {"value": "sa", "hintTable": {"rows": [[{"hint": "her", "colspan": 1}], [{"hint": "his", "colspan": 1}], [{"hint": "their", "colspan": 1}]], "references": []}, "tts": "https://d1vq87e9lcf771.cloudfront.net/danielle/e0b0aa9495b0e74a10d199d85b8076ec"}, {"value": " "}, {"value": "r\u00e9ponse", "hintTable": {"rows": [[{"hint": "reply", "colspan": 1}], [{"hint": "answer", "colspan": 1}]], "references": []}, "tts": "https://d1vq87e9lcf771.cloudfront.net/danielle/7918ef8e4b6659d5674d5db61b39299f"}, {"value": "."}]}, "subtext": {"styledString": {"text": "I am waiting for her reply.", "styling": [{"from": 0, "to": 27, "attributes": {"alignment": "left", "fontSize": 19, "fontWeight": "normal", "textColor": "AFAFAF", "lineSpacing": 5}}]}, "tokenTTS": {"tokenTTSCollection": []}}, "ttsURL": "https://d1vq87e9lcf771.cloudfront.net/danielle/9ec34636e2cfc7c45007602ef09cb12b"}]}, "meta": {"autoPlayableTTS": [], "sectionIndex": 0, "backgroundColor": null}}, {"type": "verticalSpace", "element": 16, "meta": {"autoPlayableTTS": [], "sectionIndex": 0, "backgroundColor": null}}, {"type": "dialogue", "element": {"phrases": [{"text": {"styledString": {"text": "Je pense que la r\u00e9union va commencer \u00e0 l'heure.", "styling": [{"from": 0, "to": 47, "attributes": {"alignment": "left", "fontSize": 19, "fontWeight": "normal", "textColor": "4B4B4B", "lineSpacing": 5}}]}, "tokenTTS": {"tokenTTSCollection": []}, "blockHints": [{"value": "Je", "hintTable": {"rows": [[{"hint": "I", "colspan": 1}], [{"hint": "me", "colspan": 1}]], "references": []}, "tts": "https://d1vq87e9lcf771.cloudfront.net/danielle/bc9e4b13acbd7ff5019b443aa471b4de"}, {"value": " "}, {"value": "pense", "hintTable": {"rows": [[{"hint": "think", "colspan": 1}], [{"hint": "is thinking of", "colspan": 1}], [{"hint": "is thinking", "colspan": 1}]], "references": []}, "tts": "https://d1vq87e9lcf771.cloudfront.net/danielle/ff6153eef1bfe9115ccbf81c31ad8b9b"}, {"value": " "}, {"value": "que", "hintTable": {"headers": ["que", "la"], "rows": [[{"hint": "than", "colspan": 2}], [{"hint": "that", "colspan": 1}, {"colspan": 1}], [{"hint": "than", "colspan": 1}, {"colspan": 1}], [{"hint": "those", "colspan": 1}, {"colspan": 1}]], "references": [3]}, "tts": "https://d1vq87e9lcf771.cloudfront.net/danielle/f7a988c9818f00f37039ade65f8d6b1c"}, {"value": " "}, {"value": "la", "hintTable": {"headers": ["que", "la"], "rows": [[{"hint": "than", "colspan": 2}], [{"colspan": 1}, {"hint": "the", "colspan": 1}], [{"colspan": 1}, {"hint": "it", "colspan": 1}], [{"colspan": 1}, {"hint": "your", "colspan": 1}]], "references": [2]}, "tts": "https://d1vq87e9lcf771.cloudfront.net/danielle/a3839459c4a22bd261d776fc91b0977e"}, {"value": " "}, {"value": "r\u00e9union", "hintTable": {"rows": [[{"hint": "meeting", "colspan": 1}], [{"hint": "R\u00e9union (island)", "colspan": 1}]], "references": []}, "tts": "https://d1vq87e9lcf771.cloudfront.net/danielle/dae209436a252f5b6d6ab1442915fd4d"}, {"value": " "}, {"value": "va", "hintTable": {"rows": [[{"hint": "is going", "colspan": 1}], [{"hint": "going", "colspan": 1}], [{"hint": "will", "colspan": 1}]], "references": []}, "tts": "https://d1vq87e9lcf771.cloudfront.net/danielle/7f1186315dd7902408941711dc0166cf"}, {"value": " "}, {"value": "commencer", "hintTable": {"headers": ["commencer", "\u00e0"], "rows": [[{"hint": "start", "colspan": 2}], [{"hint": "start", "colspan": 1}, {"colspan": 1}], [{"hint": "to begin", "colspan": 1}, {"colspan": 1}], [{"hint": "starting", "colspan": 1}, {"colspan": 1}]], "references": [7]}, "tts": "https://d1vq87e9lcf771.cloudfront.net/danielle/9d8a29ef7fa278b416fd6ebc169c918b"}, {"value": " "}, {"value": "\u00e0", "hintTable": {"headers": ["\u00e0", "l'", "heure"], "rows": [[{"hint": "on time", "colspan": 3}], [{"hint": "at", "colspan": 2}, {"colspan": 1}], [{"hint": "on", "colspan": 1}, {"colspan": 1}, {"colspan": 1}], [{"hint": "to", "colspan": 1}, {"colspan": 1}, {"colspan": 1}], [{"hint": "'s", "colspan": 1}, {"colspan": 1}, {"colspan": 1}]], "references": [6]}, "tts": "https://d1vq87e9lcf771.cloudfront.net/danielle/525d3aba641b4330345f33346eb9959d"}, {"value": " "}, {"value": "l'", "hintTable": {"headers": ["\u00e0", "l'", "heure"], "rows": [[{"hint": "on time", "colspan": 3}], [{"hint": "at", "colspan": 2}, {"colspan": 1}], [{"colspan": 1}, {"hint": "the", "colspan": 1}, {"colspan": 1}], [{"colspan": 1}, {"hint": "that", "colspan": 1}, {"colspan": 1}], [{"colspan": 1}, {"hint": "with", "colspan": 1}, {"colspan": 1}]], "references": [7]}, "tts": "https://d1vq87e9lcf771.cloudfront.net/danielle/a201415fcbb4c30128fee4029161ee1d"}, {"value": "heure", "hintTable": {"headers": ["\u00e0", "l'", "heure"], "rows": [[{"hint": "on time", "colspan": 3}], [{"colspan": 1}, {"colspan": 1}, {"hint": "time", "colspan": 1}], [{"colspan": 1}, {"colspan": 1}, {"hint": "hour", "colspan": 1}]], "references": [7, 8]}, "tts": "https://d1vq87e9lcf771.cloudfront.net/danielle/ecc2420647c7bb826dedbf69bfd09214"}, {"value": "."}]}, "subtext": {"styledString": {"text": "I think that the meeting is going to start on time.", "styling": [{"from": 0, "to": 51, "attributes": {"alignment": "left", "fontSize": 19, "fontWeight": "normal", "textColor": "AFAFAF", "lineSpacing": 5}}]}, "tokenTTS": {"tokenTTSCollection": []}}, "ttsURL": "https://d1vq87e9lcf771.cloudfront.net/danielle/7f44ae3c45410373707b9013a051a982"}]}, "meta": {"autoPlayableTTS": [], "sectionIndex": 0, "backgroundColor": null}}, {"type": "verticalSpace", "element": 16, "meta": {"autoPlayableTTS": [], "sectionIndex": 0, "backgroundColor": null}}, {"type": "dialogue", "element": {"phrases": [{"text": {"styledString": {"text": "Enchant\u00e9, moi je m'appelle Marc.", "styling": [{"from": 0, "to": 32, "attributes": {"alignment": "left", "fontSize": 19, "fontWeight": "normal", "textColor": "4B4B4B", "lineSpacing": 5}}]}, "tokenTTS": {"tokenTTSCollection": []}, "blockHints": [{"value": "Enchant\u00e9", "hintTable": {"rows": [[{"hint": "nice to meet you", "colspan": 1}], [{"hint": "delighted", "colspan": 1}]], "references": []}, "tts": "https://d1vq87e9lcf771.cloudfront.net/danielle/96b7ca61d1b545b67e79ab9933c8977f"}, {"value": ","}, {"value": " "}, {"value": "moi", "hintTable": {"rows": [[{"hint": "to me", "colspan": 1}], [{"hint": "me", "colspan": 1}], [{"hint": "myself", "colspan": 1}]], "references": []}, "tts": "https://d1vq87e9lcf771.cloudfront.net/danielle/bbedfc056261bb7c715d936ed9541463"}, {"value": " "}, {"value": "je", "hintTable": {"headers": ["je", "m'", "appelle"], "rows": [[{"hint": "my name is", "colspan": 3}], [{"hint": "I", "colspan": 1}, {"colspan": 1}, {"colspan": 1}], [{"hint": "me", "colspan": 1}, {"colspan": 1}, {"colspan": 1}]], "references": [3, 4]}, "tts": "https://d1vq87e9lcf771.cloudfront.net/danielle/bc9e4b13acbd7ff5019b443aa471b4de"}, {"value": " "}, {"value": "m'", "hintTable": {"headers": ["je", "m'", "appelle"], "rows": [[{"hint": "my name is", "colspan": 3}], [{"colspan": 1}, {"hint": "to me", "colspan": 1}, {"colspan": 1}], [{"colspan": 1}, {"hint": "me", "colspan": 1}, {"colspan": 1}], [{"colspan": 1}, {"hint": "for me", "colspan": 1}, {"colspan": 1}]], "references": [2, 4]}, "tts": "https://d1vq87e9lcf771.cloudfront.net/danielle/f57b1d6a722676910082420de2240c44"}, {"value": "appelle", "hintTable": {"headers": ["je", "m'", "appelle"], "rows": [[{"hint": "my name is", "colspan": 3}], [{"colspan": 1}, {"colspan": 1}, {"hint": "is calling", "colspan": 1}], [{"colspan": 1}, {"colspan": 1}, {"hint": "am calling", "colspan": 1}], [{"colspan": 1}, {"colspan": 1}, {"hint": "call", "colspan": 1}]], "references": [2, 3]}, "tts": "https://d1vq87e9lcf771.cloudfront.net/danielle/4c7ea383b5e738bdfa418f9231cac536"}, {"value": " "}, {"value": "Marc", "hintTable": {"rows": [[{"hint": "Marc", "colspan": 1}]], "references": []}, "tts": "https://d1vq87e9lcf771.cloudfront.net/danielle/1d60fe2fb411db8912f78297b16f6f72"}, {"value": "."}]}, "subtext": {"styledString": {"text": "Nice to meet you, my name is Marc.", "styling": [{"from": 0, "to": 34, "attributes": {"alignment": "left", "fontSize": 19, "fontWeight": "normal", "textColor": "AFAFAF", "lineSpacing": 5}}]}, "tokenTTS": {"tokenTTSCollection": []}}, "ttsURL": "https://d1vq87e9lcf771.cloudfront.net/victor/04d0e81838355fed0907238d202eb186"}]}, "meta": {"autoPlayableTTS": [], "sectionIndex": 0, "backgroundColor": null}}, {"type": "verticalSpace", "element": 24, "meta": {"autoPlayableTTS": [], "sectionIndex": 0, "backgroundColor": null}}, {"type": "verticalSpace", "element": 24, "meta": {"autoPlayableTTS": [], "sectionIndex": 0, "backgroundColor": "DDF4FF"}}, {"type": "text", "element": {"styledString": {"text": "TIP", "styling": [{"from": 0, "to": 3, "attributes": {"alignment": "left", "fontSize": 17, "fontWeight": "bold", "textColor": "1CB0F6", "lineSpacing": 4}}]}, "tokenTTS": {"tokenTTSCollection": []}}, "meta": {"autoPlayableTTS": [], "sectionIndex": 0, "backgroundColor": "DDF4FF"}}, {"type": "verticalSpace", "element": 8, "meta": {"autoPlayableTTS": [], "sectionIndex": 0, "backgroundColor": "DDF4FF"}}, {"type": "text", "element": {"styledString": {"text": "I just said that!", "styling": [{"from": 0, "to": 17, "attributes": {"alignment": "left", "fontSize": 25, "fontWeight": "bold", "textColor": "4B4B4B", "lineSpacing": 4}}]}, "tokenTTS": {"tokenTTSCollection": []}, "hints": {"hints": [], "hintLinks": []}}, "meta": {"autoPlayableTTS": [], "sectionIndex": 0, "backgroundColor": "DDF4FF"}}, {"type": "verticalSpace", "element": 12, "meta": {"autoPlayableTTS": [], "sectionIndex": 0, "backgroundColor": "DDF4FF"}}, {"type": "text", "element": {"styledString": {"text": "To say that something just happened use venir de before the infinitive form of the verb.", "styling": [{"from": 0, "to": 22, "attributes": {"alignment": "left", "fontSize": 19, "fontWeight": "normal", "textColor": "4B4B4B", "lineSpacing": 5}}, {"from": 22, "to": 26, "attributes": {"alignment": "left", "fontSize": 19, "fontWeight": "bold", "textColor": "4B4B4B", "lineSpacing": 5}}, {"from": 26, "to": 40, "attributes": {"alignment": "left", "fontSize": 19, "fontWeight": "normal", "textColor": "4B4B4B", "lineSpacing": 5}}, {"from": 40, "to": 48, "attributes": {"alignment": "left", "fontSize": 19, "fontWeight": "bold", "textColor": "1CB0F6", "lineSpacing": 5}}, {"from": 48, "to": 88, "attributes": {"alignment": "left", "fontSize": 19, "fontWeight": "normal", "textColor": "4B4B4B", "lineSpacing": 5}}]}, "tokenTTS": {"tokenTTSCollection": [{"startIndex": 40, "endIndex": 47, "ttsURL": "https://d1vq87e9lcf771.cloudfront.net/danielle/3bdbe5b7be830d54f61faf6c702bdcae"}]}, "hints": {"hints": ["have just", "An infinitive is the basic form of a verb. In French, infinitives end with \"-er\" (\"manger\"), \"-ir\" (\"finir\"), or \"-re\" (\"prendre\").", "A verb expresses an action (\u201cLuis cooks every day\u201d) or a state of being (\u201cI am sick\u201d)."], "hintLinks": [{"index": 0, "rangeStart": 40, "rangeEnd": 47}, {"index": 1, "rangeStart": 60, "rangeEnd": 69}, {"index": 2, "rangeStart": 83, "rangeEnd": 86}]}}, "meta": {"autoPlayableTTS": [], "sectionIndex": 0, "backgroundColor": "DDF4FF"}}, {"type": "verticalSpace", "element": 24, "meta": {"autoPlayableTTS": [], "sectionIndex": 0, "backgroundColor": "DDF4FF"}}, {"type": "example", "element": {"text": {"styledString": {"text": "Nous venons de manger.", "styling": [{"from": 0, "to": 5, "attributes": {"alignment": "left", "fontSize": 19, "fontWeight": "normal", "textColor": "4B4B4B", "lineSpacing": 5}}, {"from": 5, "to": 14, "attributes": {"alignment": "left", "fontSize": 19, "fontWeight": "bold", "textColor": "1CB0F6", "lineSpacing": 5}}, {"from": 14, "to": 22, "attributes": {"alignment": "left", "fontSize": 19, "fontWeight": "normal", "textColor": "4B4B4B", "lineSpacing": 5}}]}, "tokenTTS": {"tokenTTSCollection": [{"startIndex": 0, "endIndex": 21, "ttsURL": "https://d1vq87e9lcf771.cloudfront.net/danielle/7936016934a15cce8f425ae7e4ae3259"}]}, "hints": {"hints": ["we just ate"], "hintLinks": [{"index": 0, "rangeStart": 0, "rangeEnd": 21}]}}, "subtext": {"styledString": {"text": "We just ate.", "styling": [{"from": 0, "to": 2, "attributes": {"alignment": "left", "fontSize": 19, "fontWeight": "normal", "textColor": "AFAFAF", "lineSpacing": 5}}, {"from": 2, "to": 3, "attributes": {"alignment": "left", "fontSize": 19, "fontWeight": "normal", "textColor": "4B4B4B", "lineSpacing": 5}}, {"from": 3, "to": 7, "attributes": {"alignment": "left", "fontSize": 19, "fontWeight": "bold", "textColor": "AFAFAF", "lineSpacing": 5}}, {"from": 7, "to": 8, "attributes": {"alignment": "left", "fontSize": 19, "fontWeight": "normal", "textColor": "4B4B4B", "lineSpacing": 5}}, {"from": 8, "to": 12, "attributes": {"alignment": "left", "fontSize": 19, "fontWeight": "normal", "textColor": "AFAFAF", "lineSpacing": 5}}]}, "tokenTTS": {"tokenTTSCollection": []}, "hints": {"hints": [], "hintLinks": []}}, "ttsURL": "https://d1vq87e9lcf771.cloudfront.net/danielle/7936016934a15cce8f425ae7e4ae3259"}, "meta": {"autoPlayableTTS": [], "sectionIndex": 0, "backgroundColor": "DDF4FF"}}, {"type": "verticalSpace", "element": 12, "meta": {"autoPlayableTTS": [], "sectionIndex": 0, "backgroundColor": "DDF4FF"}}, {"type": "example", "element": {"text": {"styledString": {"text": "Ils viennent de faire un g\u00e2teau.", "styling": [{"from": 0, "to": 4, "attributes": {"alignment": "left", "fontSize": 19, "fontWeight": "normal", "textColor": "4B4B4B", "lineSpacing": 5}}, {"from": 4, "to": 15, "attributes": {"alignment": "left", "fontSize": 19, "fontWeight": "bold", "textColor": "1CB0F6", "lineSpacing": 5}}, {"from": 15, "to": 32, "attributes": {"alignment": "left", "fontSize": 19, "fontWeight": "normal", "textColor": "4B4B4B", "lineSpacing": 5}}]}, "tokenTTS": {"tokenTTSCollection": [{"startIndex": 0, "endIndex": 31, "ttsURL": "https://d1vq87e9lcf771.cloudfront.net/danielle/47436e49b07953c581bba30edc28444c"}]}, "hints": {"hints": ["they just made a cake"], "hintLinks": [{"index": 0, "rangeStart": 0, "rangeEnd": 31}]}}, "subtext": {"styledString": {"text": "They just made a cake.", "styling": [{"from": 0, "to": 4, "attributes": {"alignment": "left", "fontSize": 19, "fontWeight": "normal", "textColor": "AFAFAF", "lineSpacing": 5}}, {"from": 4, "to": 5, "attributes": {"alignment": "left", "fontSize": 19, "fontWeight": "normal", "textColor": "4B4B4B", "lineSpacing": 5}}, {"from": 5, "to": 9, "attributes": {"alignment": "left", "fontSize": 19, "fontWeight": "bold", "textColor": "AFAFAF", "lineSpacing": 5}}, {"from": 9, "to": 10, "attributes": {"alignment": "left", "fontSize": 19, "fontWeight": "normal", "textColor": "4B4B4B", "lineSpacing": 5}}, {"from": 10, "to": 22, "attributes": {"alignment": "left", "fontSize": 19, "fontWeight": "normal", "textColor": "AFAFAF", "lineSpacing": 5}}]}, "tokenTTS": {"tokenTTSCollection": []}, "hints": {"hints": [], "hintLinks": []}}, "ttsURL": "https://d1vq87e9lcf771.cloudfront.net/danielle/47436e49b07953c581bba30edc28444c"}, "meta": {"autoPlayableTTS": [], "sectionIndex": 0, "backgroundColor": "DDF4FF"}}, {"type": "verticalSpace", "element": 24, "meta": {"autoPlayableTTS": [], "sectionIndex": 0, "backgroundColor": "DDF4FF"}}, {"type": "exampleCaptionedImage", "element": {"image": {"url": "https://d1btvuu4dwu627.cloudfront.net/598ac97d09b1da377c98ede5fec55587/d1534c0e746f2f12d774fb94ee6a9d46/images/068c7ff52fa141bfb930b2d146247ded.pdf"}, "examples": [{"text": {"styledString": {"text": "Elle vient de se r\u00e9veiller.", "styling": [{"from": 0, "to": 5, "attributes": {"alignment": "center", "fontSize": 19, "fontWeight": "normal", "textColor": "4B4B4B", "lineSpacing": 5}}, {"from": 5, "to": 13, "attributes": {"alignment": "center", "fontSize": 19, "fontWeight": "bold", "textColor": "1CB0F6", "lineSpacing": 8}}, {"from": 13, "to": 27, "attributes": {"alignment": "center", "fontSize": 19, "fontWeight": "normal", "textColor": "4B4B4B", "lineSpacing": 5}}]}, "tokenTTS": {"tokenTTSCollection": [{"startIndex": 0, "endIndex": 26, "ttsURL": "https://d1vq87e9lcf771.cloudfront.net/danielle/8587e9e244814f89eaba19174d501b4d"}]}, "hints": {"hints": ["she just woke up"], "hintLinks": [{"index": 0, "rangeStart": 0, "rangeEnd": 26}]}}, "subtext": {"styledString": {"text": "She just woke up.", "styling": [{"from": 0, "to": 3, "attributes": {"alignment": "center", "fontSize": 19, "fontWeight": "normal", "textColor": "AFAFAF", "lineSpacing": 8}}, {"from": 3, "to": 4, "attributes": {"alignment": "center", "fontSize": 19, "fontWeight": "normal", "textColor": "4B4B4B", "lineSpacing": 5}}, {"from": 4, "to": 8, "attributes": {"alignment": "center", "fontSize": 19, "fontWeight": "bold", "textColor": "AFAFAF", "lineSpacing": 5}}, {"from": 8, "to": 9, "attributes": {"alignment": "center", "fontSize": 19, "fontWeight": "normal", "textColor": "4B4B4B", "lineSpacing": 5}}, {"from": 9, "to": 17, "attributes": {"alignment": "center", "fontSize": 19, "fontWeight": "normal", "textColor": "AFAFAF", "lineSpacing": 8}}]}, "tokenTTS": {"tokenTTSCollection": []}, "hints": {"hints": [], "hintLinks": []}}, "ttsURL": "https://d1vq87e9lcf771.cloudfront.net/danielle/8587e9e244814f89eaba19174d501b4d"}], "layout": "wideImageWithTextBelow"}, "meta": {"autoPlayableTTS": [], "sectionIndex": 0, "backgroundColor": "DDF4FF"}}, {"type": "verticalSpace", "element": 24, "meta": {"autoPlayableTTS": [], "sectionIndex": 0, "backgroundColor": "DDF4FF"}}], "resourcesToPrefetch": [{"required": false, "url": "https://d1vq87e9lcf771.cloudfront.net/danielle/7a713037cba86bb54a4f17c454a8c6c6", "type": "mp3"}, {"required": false, "url": "https://d1vq87e9lcf771.cloudfront.net/danielle/47436e49b07953c581bba30edc28444c", "type": "mp3"}, {"required": false, "url": "https://d1vq87e9lcf771.cloudfront.net/danielle/7936016934a15cce8f425ae7e4ae3259", "type": "mp3"}, {"required": false, "url": "https://d1vq87e9lcf771.cloudfront.net/danielle/9ec34636e2cfc7c45007602ef09cb12b", "type": "mp3"}, {"required": true, "url": "https://d1btvuu4dwu627.cloudfront.net/598ac97d09b1da377c98ede5fec55587/d1534c0e746f2f12d774fb94ee6a9d46/images/068c7ff52fa141bfb930b2d146247ded.pdf", "type": "pdf"}, {"required": false, "url": "https://d1vq87e9lcf771.cloudfront.net/danielle/7f44ae3c45410373707b9013a051a982", "type": "mp3"}, {"required": false, "url": "https://d1vq87e9lcf771.cloudfront.net/danielle/8587e9e244814f89eaba19174d501b4d", "type": "mp3"}, {"required": false, "url": "https://d1vq87e9lcf771.cloudfront.net/danielle/3bdbe5b7be830d54f61faf6c702bdcae", "type": "mp3"}, {"required": false, "url": "https://d1vq87e9lcf771.cloudfront.net/victor/04d0e81838355fed0907238d202eb186", "type": "mp3"}, {"required": false, "url": "https://d1vq87e9lcf771.cloudfront.net/danielle/1acf66194475fdbb6f18a676e2546c0f", "type": "mp3"}, {"required": false, "url": "https://d1vq87e9lcf771.cloudfront.net/danielle/86920189f6e52b9488842cda226242d2", "type": "mp3"}]}