{"elements": [{"type": "verticalSpace", "element": 2, "meta": {"autoPlayableTTS": [], "sectionIndex": 0, "backgroundColor": "E5E5E5"}}, {"type": "verticalSpace", "element": 24, "meta": {"autoPlayableTTS": [], "sectionIndex": 0, "backgroundColor": null}}, {"type": "text", "element": {"styledString": {"text": "KEY PHRASES", "styling": [{"from": 0, "to": 11, "attributes": {"alignment": "left", "fontSize": 17, "fontWeight": "bold", "textColor": "1CB0F6", "lineSpacing": 4}}]}, "tokenTTS": {"tokenTTSCollection": []}}, "meta": {"autoPlayableTTS": [], "sectionIndex": 0, "backgroundColor": null}}, {"type": "verticalSpace", "element": 8, "meta": {"autoPlayableTTS": [], "sectionIndex": 0, "backgroundColor": null}}, {"type": "text", "element": {"styledString": {"text": "Describe past events", "styling": [{"from": 0, "to": 20, "attributes": {"alignment": "left", "fontSize": 25, "fontWeight": "bold", "textColor": "4B4B4B", "lineSpacing": 4}}]}, "tokenTTS": {"tokenTTSCollection": []}}, "meta": {"autoPlayableTTS": [], "sectionIndex": 0, "backgroundColor": null}}, {"type": "verticalSpace", "element": 16, "meta": {"autoPlayableTTS": [], "sectionIndex": 0, "backgroundColor": null}}, {"type": "dialogue", "element": {"phrases": [{"text": {"styledString": {"text": "Pedro recibi\u00f3 un diploma de la escuela.", "styling": [{"from": 0, "to": 39, "attributes": {"alignment": "left", "fontSize": 19, "fontWeight": "normal", "textColor": "4B4B4B", "lineSpacing": 5}}]}, "tokenTTS": {"tokenTTSCollection": []}, "blockHints": [{"value": "Pedro", "hintTable": {"rows": [[{"hint": "Pedro", "colspan": 1}]], "references": []}, "tts": "https://d1vq87e9lcf771.cloudfront.net/miguel/c76e553ef2c84f3526637f024ff67015"}, {"value": " "}, {"value": "recibi\u00f3", "hintTable": {"rows": [[{"hint": "received", "colspan": 1}], [{"hint": "got", "colspan": 1}], [{"hint": "did she receive", "colspan": 1}]], "references": []}, "tts": "https://d1vq87e9lcf771.cloudfront.net/miguel/1a9f3d01759ecf11d16c5503ace71a43"}, {"value": " "}, {"value": "un", "hintTable": {"rows": [[{"hint": "a", "colspan": 1}], [{"hint": "one", "colspan": 1}], [{"hint": "an", "colspan": 1}]], "references": []}, "tts": "https://d1vq87e9lcf771.cloudfront.net/miguel/77f436e44094f0912fa76368e873f996"}, {"value": " "}, {"value": "diploma", "hintTable": {"rows": [[{"hint": "diploma", "colspan": 1}], [{"hint": "certificate", "colspan": 1}], [{"hint": "degree", "colspan": 1}]], "references": []}, "tts": "https://d1vq87e9lcf771.cloudfront.net/miguel/527f3dad601f777da8ce8156c3705378"}, {"value": " "}, {"value": "de", "hintTable": {"headers": ["de", "la"], "rows": [[{"hint": "'s", "colspan": 2}], [{"hint": "from", "colspan": 1}, {"colspan": 1}], [{"hint": "the", "colspan": 1}, {"colspan": 1}], [{"hint": "with", "colspan": 1}, {"colspan": 1}]], "references": [5]}, "tts": "https://d1vq87e9lcf771.cloudfront.net/miguel/7c3dc4295f4bfedec518e38299ea8dc5"}, {"value": " "}, {"value": "la", "hintTable": {"headers": ["de", "la"], "rows": [[{"hint": "'s", "colspan": 2}], [{"colspan": 1}, {"hint": "school", "colspan": 2}], [{"colspan": 1}, {"hint": "the", "colspan": 1}], [{"colspan": 1}, {"hint": "one", "colspan": 1}]], "references": [6]}, "tts": "https://d1vq87e9lcf771.cloudfront.net/miguel/e9ea010281921357dd4b130d51e7488b"}, {"value": " "}, {"value": "escuela", "hintTable": {"headers": ["la", "escuela"], "rows": [[{"hint": "school", "colspan": 2}], [{"colspan": 1}, {"hint": "school", "colspan": 1}], [{"colspan": 1}, {"hint": "schools", "colspan": 1}]], "references": [5]}, "tts": "https://d1vq87e9lcf771.cloudfront.net/miguel/7ee43470e1279954b8d19578073801f4"}, {"value": "."}]}, "subtext": {"styledString": {"text": "Pedro received a diploma from school.", "styling": [{"from": 0, "to": 37, "attributes": {"alignment": "left", "fontSize": 19, "fontWeight": "normal", "textColor": "AFAFAF", "lineSpacing": 5}}]}, "tokenTTS": {"tokenTTSCollection": []}}, "ttsURL": "https://d1vq87e9lcf771.cloudfront.net/miguel/90d2fd8882ef204d853d6e2b4c7f8478"}, {"text": {"styledString": {"text": "\u00bfTienes una foto de ese momento?", "styling": [{"from": 0, "to": 32, "attributes": {"alignment": "left", "fontSize": 19, "fontWeight": "normal", "textColor": "4B4B4B", "lineSpacing": 5}}]}, "tokenTTS": {"tokenTTSCollection": []}, "blockHints": [{"value": "\u00bf"}, {"value": "Tienes", "hintTable": {"rows": [[{"hint": "you have", "colspan": 1}], [{"hint": "have", "colspan": 1}], [{"hint": "are", "colspan": 1}]], "references": []}, "tts": "https://d1vq87e9lcf771.cloudfront.net/miguel/4c53c46b4421ab04864e9a3e789ab651"}, {"value": " "}, {"value": "una", "hintTable": {"rows": [[{"hint": "a", "colspan": 1}], [{"hint": "an", "colspan": 1}], [{"hint": "one", "colspan": 1}]], "references": []}, "tts": "https://d1vq87e9lcf771.cloudfront.net/miguel/9f4116cf1d768fa9eb00e290f9285cc7"}, {"value": " "}, {"value": "foto", "hintTable": {"rows": [[{"hint": "photo", "colspan": 1}], [{"hint": "picture", "colspan": 1}], [{"hint": "photos", "colspan": 1}]], "references": []}, "tts": "https://d1vq87e9lcf771.cloudfront.net/miguel/63c1506951e4b63951ecc39f7ef2e963"}, {"value": " "}, {"value": "de", "hintTable": {"rows": [[{"hint": "of", "colspan": 1}], [{"hint": "made of", "colspan": 1}], [{"hint": "from", "colspan": 1}]], "references": []}, "tts": "https://d1vq87e9lcf771.cloudfront.net/miguel/7c3dc4295f4bfedec518e38299ea8dc5"}, {"value": " "}, {"value": "ese", "hintTable": {"rows": [[{"hint": "that", "colspan": 1}], [{"hint": "the", "colspan": 1}]], "references": []}, "tts": "https://d1vq87e9lcf771.cloudfront.net/miguel/da66116e2742533c54f0d39ea9e668be"}, {"value": " "}, {"value": "momento", "hintTable": {"rows": [[{"hint": "moment", "colspan": 1}], [{"hint": "time", "colspan": 1}], [{"hint": "timing", "colspan": 1}]], "references": []}, "tts": "https://d1vq87e9lcf771.cloudfront.net/miguel/01f8ba4e22b958699059710497c29c69"}, {"value": "?"}]}, "subtext": {"styledString": {"text": "Do you have a photo of that moment?", "styling": [{"from": 0, "to": 35, "attributes": {"alignment": "left", "fontSize": 19, "fontWeight": "normal", "textColor": "AFAFAF", "lineSpacing": 5}}]}, "tokenTTS": {"tokenTTSCollection": []}}, "ttsURL": "https://d1vq87e9lcf771.cloudfront.net/miguel/cab778f89961b66e565f66bf448da406"}]}, "meta": {"autoPlayableTTS": [], "sectionIndex": 0, "backgroundColor": null}}, {"type": "verticalSpace", "element": 16, "meta": {"autoPlayableTTS": [], "sectionIndex": 0, "backgroundColor": null}}, {"type": "dialogue", "element": {"phrases": [{"text": {"styledString": {"text": "\u00a1T\u00fa no me dijiste eso!", "styling": [{"from": 0, "to": 22, "attributes": {"alignment": "left", "fontSize": 19, "fontWeight": "normal", "textColor": "4B4B4B", "lineSpacing": 5}}]}, "tokenTTS": {"tokenTTSCollection": []}, "blockHints": [{"value": "\u00a1"}, {"value": "T\u00fa", "hintTable": {"rows": [[{"hint": "you", "colspan": 1}], [{"hint": "you'll", "colspan": 1}]], "references": []}, "tts": "https://d1vq87e9lcf771.cloudfront.net/miguel/2e717e2fe5783a547e2995fe3699350a"}, {"value": " "}, {"value": "no", "hintTable": {"headers": ["no", "me", "dijiste"], "rows": [[{"hint": "(you) did not tell me", "colspan": 3}], [{"hint": "didn't", "colspan": 1}, {"colspan": 1}, {"colspan": 1}], [{"hint": "n't", "colspan": 1}, {"colspan": 1}, {"colspan": 1}], [{"hint": "wasn't", "colspan": 1}, {"colspan": 1}, {"colspan": 1}]], "references": [2, 3]}, "tts": "https://d1vq87e9lcf771.cloudfront.net/miguel/e56dc9c59b5e999bbe4a986911a59034"}, {"value": " "}, {"value": "me", "hintTable": {"headers": ["no", "me", "dijiste"], "rows": [[{"hint": "(you) did not tell me", "colspan": 3}], [{"colspan": 1}, {"hint": "(you) told me", "colspan": 2}], [{"colspan": 1}, {"hint": "told", "colspan": 2}], [{"colspan": 1}, {"hint": "me", "colspan": 1}, {"colspan": 1}]], "references": [3]}, "tts": "https://d1vq87e9lcf771.cloudfront.net/miguel/e0523aab2519a0650d3b9410064d0876"}, {"value": " "}, {"value": "dijiste", "hintTable": {"headers": ["no", "me", "dijiste"], "rows": [[{"hint": "(you) did not tell me", "colspan": 3}], [{"colspan": 1}, {"hint": "(you) told me", "colspan": 2}], [{"colspan": 1}, {"hint": "told", "colspan": 2}], [{"colspan": 1}, {"colspan": 1}, {"hint": "(?) did you tell", "colspan": 1}]], "references": [2]}, "tts": "https://d1vq87e9lcf771.cloudfront.net/miguel/8b0e2aa8ddddac22c9d0c46257c54ddf"}, {"value": " "}, {"value": "eso", "hintTable": {"rows": [[{"hint": "that", "colspan": 1}], [{"hint": "it", "colspan": 1}], [{"hint": "it'll", "colspan": 1}]], "references": []}, "tts": "https://d1vq87e9lcf771.cloudfront.net/miguel/35190957a4979fb4556106db664f3744"}, {"value": "!"}]}, "subtext": {"styledString": {"text": "You didn't tell me that!", "styling": [{"from": 0, "to": 24, "attributes": {"alignment": "left", "fontSize": 19, "fontWeight": "normal", "textColor": "AFAFAF", "lineSpacing": 5}}]}, "tokenTTS": {"tokenTTSCollection": []}}, "ttsURL": "https://d1vq87e9lcf771.cloudfront.net/miguel/6d5ac4e4573cfc354b094d59e46f9559"}, {"text": {"styledString": {"text": "S\u00ed, te dije eso hace un mes.", "styling": [{"from": 0, "to": 28, "attributes": {"alignment": "left", "fontSize": 19, "fontWeight": "normal", "textColor": "4B4B4B", "lineSpacing": 5}}]}, "tokenTTS": {"tokenTTSCollection": []}, "blockHints": [{"value": "S\u00ed", "hintTable": {"rows": [[{"hint": "we do", "colspan": 1}], [{"hint": "yeah", "colspan": 1}], [{"hint": "I do", "colspan": 1}]], "references": []}, "tts": "https://d1vq87e9lcf771.cloudfront.net/miguel/04b793f812f070e10d57115925381be8"}, {"value": ","}, {"value": " "}, {"value": "te", "hintTable": {"rows": [[{"hint": "your", "colspan": 1}], [{"hint": "you", "colspan": 1}], [{"hint": "yourself", "colspan": 1}]], "references": []}, "tts": "https://d1vq87e9lcf771.cloudfront.net/miguel/d7cd39e9a857d0b69e8da9436b0441c3"}, {"value": " "}, {"value": "dije", "hintTable": {"rows": [[{"hint": "said", "colspan": 1}], [{"hint": "(I) said", "colspan": 1}], [{"hint": "(I) told", "colspan": 1}]], "references": []}, "tts": "https://d1vq87e9lcf771.cloudfront.net/miguel/e883aa187fff2c121bd317925f123c39"}, {"value": " "}, {"value": "eso", "hintTable": {"rows": [[{"hint": "that", "colspan": 1}], [{"hint": "it", "colspan": 1}], [{"hint": "it'll", "colspan": 1}]], "references": []}, "tts": "https://d1vq87e9lcf771.cloudfront.net/miguel/35190957a4979fb4556106db664f3744"}, {"value": " "}, {"value": "hace", "hintTable": {"rows": [[{"hint": "is", "colspan": 1}], [{"hint": "(you) make", "colspan": 1}], [{"hint": "makes", "colspan": 1}]], "references": []}, "tts": "https://d1vq87e9lcf771.cloudfront.net/miguel/9e2ddcd9e94f3dafefb4bdeaad2b5e22"}, {"value": " "}, {"value": "un", "hintTable": {"rows": [[{"hint": "a", "colspan": 1}], [{"hint": "an", "colspan": 1}], [{"hint": "one", "colspan": 1}]], "references": []}, "tts": "https://d1vq87e9lcf771.cloudfront.net/miguel/77f436e44094f0912fa76368e873f996"}, {"value": " "}, {"value": "mes", "hintTable": {"rows": [[{"hint": "month", "colspan": 1}]], "references": []}, "tts": "https://d1vq87e9lcf771.cloudfront.net/miguel/d4a7e4fb2c0d0406ecbbbf5664897fd3"}, {"value": "."}]}, "subtext": {"styledString": {"text": "Yes, I told you that a month ago.", "styling": [{"from": 0, "to": 33, "attributes": {"alignment": "left", "fontSize": 19, "fontWeight": "normal", "textColor": "AFAFAF", "lineSpacing": 5}}]}, "tokenTTS": {"tokenTTSCollection": []}}, "ttsURL": "https://d1vq87e9lcf771.cloudfront.net/miguel/4cd4cf387dbc661ac42692a767d0da47"}]}, "meta": {"autoPlayableTTS": [], "sectionIndex": 0, "backgroundColor": null}}, {"type": "verticalSpace", "element": 16, "meta": {"autoPlayableTTS": [], "sectionIndex": 0, "backgroundColor": null}}, {"type": "dialogue", "element": {"phrases": [{"text": {"styledString": {"text": "\u00bfQui\u00e9n trajo este \u00e1lbum?", "styling": [{"from": 0, "to": 24, "attributes": {"alignment": "left", "fontSize": 19, "fontWeight": "normal", "textColor": "4B4B4B", "lineSpacing": 5}}]}, "tokenTTS": {"tokenTTSCollection": []}, "blockHints": [{"value": "\u00bf"}, {"value": "Qui\u00e9n", "hintTable": {"rows": [[{"hint": "who", "colspan": 1}], [{"hint": "whom", "colspan": 1}]], "references": []}, "tts": "https://d1vq87e9lcf771.cloudfront.net/miguel/8899b43271da9c77d4e347ec8993d905"}, {"value": " "}, {"value": "trajo", "hintTable": {"rows": [[{"hint": "(he) brought", "colspan": 1}], [{"hint": "(she) brought", "colspan": 1}], [{"hint": "(?) did you bring", "colspan": 1}]], "references": []}, "tts": "https://d1vq87e9lcf771.cloudfront.net/miguel/9061effaad1dcba0041210a30eb856f5"}, {"value": " "}, {"value": "este", "hintTable": {"rows": [[{"hint": "this", "colspan": 1}], [{"hint": "this one", "colspan": 1}], [{"hint": "east", "colspan": 1}]], "references": []}, "tts": "https://d1vq87e9lcf771.cloudfront.net/penelope/17a49ff00fa9ba4fa313e03028290005"}, {"value": " "}, {"value": "\u00e1lbum", "hintTable": {"rows": [[{"hint": "album", "colspan": 1}]], "references": []}, "tts": "https://d1vq87e9lcf771.cloudfront.net/miguel/64ba5c2265469d28bd859a861e73203a"}, {"value": "?"}]}, "subtext": {"styledString": {"text": "Who brought this album?", "styling": [{"from": 0, "to": 23, "attributes": {"alignment": "left", "fontSize": 19, "fontWeight": "normal", "textColor": "AFAFAF", "lineSpacing": 5}}]}, "tokenTTS": {"tokenTTSCollection": []}}, "ttsURL": "https://d1vq87e9lcf771.cloudfront.net/miguel/8b77ce025e4c562a2c52d586395a6664"}]}, "meta": {"autoPlayableTTS": [], "sectionIndex": 0, "backgroundColor": null}}, {"type": "verticalSpace", "element": 16, "meta": {"autoPlayableTTS": [], "sectionIndex": 0, "backgroundColor": null}}, {"type": "dialogue", "element": {"phrases": [{"text": {"styledString": {"text": "Nos acordamos de mam\u00e1 ayer en su cumplea\u00f1os.", "styling": [{"from": 0, "to": 44, "attributes": {"alignment": "left", "fontSize": 19, "fontWeight": "normal", "textColor": "4B4B4B", "lineSpacing": 5}}]}, "tokenTTS": {"tokenTTSCollection": []}, "blockHints": [{"value": "Nos", "hintTable": {"headers": ["nos", "acordamos"], "rows": [[{"hint": "(we) remembered", "colspan": 2}], [{"hint": "(we) remember", "colspan": 2}], [{"hint": "remember", "colspan": 2}], [{"hint": "we", "colspan": 1}, {"colspan": 1}], [{"hint": "our", "colspan": 1}, {"colspan": 1}], [{"hint": "for us", "colspan": 1}, {"colspan": 1}]], "references": [1]}, "tts": "https://d1vq87e9lcf771.cloudfront.net/miguel/3086923da928a5f1e76aee61c55ff0b0"}, {"value": " "}, {"value": "acordamos", "hintTable": {"headers": ["nos", "acordamos"], "rows": [[{"hint": "(we) remembered", "colspan": 2}], [{"hint": "(we) remember", "colspan": 2}], [{"hint": "remember", "colspan": 2}], [{"colspan": 1}, {"hint": "(we) remember", "colspan": 1}]], "references": [0]}, "tts": "https://d1vq87e9lcf771.cloudfront.net/miguel/014cfc29b7d47bb0c3a3adf0b924c71f"}, {"value": " "}, {"value": "de", "hintTable": {"rows": [[{"hint": "on", "colspan": 1}], [{"hint": "his", "colspan": 1}], [{"hint": "with", "colspan": 1}]], "references": []}, "tts": "https://d1vq87e9lcf771.cloudfront.net/miguel/7c3dc4295f4bfedec518e38299ea8dc5"}, {"value": " "}, {"value": "mam\u00e1", "hintTable": {"rows": [[{"hint": "mom", "colspan": 1}], [{"hint": "mother", "colspan": 1}]], "references": []}, "tts": "https://d1vq87e9lcf771.cloudfront.net/miguel/fc1de63db007df54a806256d6bfbbff3"}, {"value": " "}, {"value": "ayer", "hintTable": {"rows": [[{"hint": "yesterday", "colspan": 1}]], "references": []}, "tts": "https://d1vq87e9lcf771.cloudfront.net/miguel/ad52383bacc330110b3b2935ce459555"}, {"value": " "}, {"value": "en", "hintTable": {"headers": ["en", "su"], "rows": [[{"hint": "his", "colspan": 2}], [{"hint": "on", "colspan": 1}, {"colspan": 1}], [{"hint": "under", "colspan": 1}, {"colspan": 1}], [{"hint": "with", "colspan": 1}, {"colspan": 1}]], "references": [6]}, "tts": "https://d1vq87e9lcf771.cloudfront.net/miguel/953baa0ff97009a5374e3a2695ce7f5c"}, {"value": " "}, {"value": "su", "hintTable": {"headers": ["en", "su"], "rows": [[{"hint": "his", "colspan": 2}], [{"colspan": 1}, {"hint": "her", "colspan": 1}], [{"colspan": 1}, {"hint": "your", "colspan": 1}], [{"colspan": 1}, {"hint": "their", "colspan": 1}]], "references": [5]}, "tts": "https://d1vq87e9lcf771.cloudfront.net/miguel/84ac4eee161ef292a0f03e85344833df"}, {"value": " "}, {"value": "cumplea\u00f1os", "hintTable": {"rows": [[{"hint": "birthday", "colspan": 1}], [{"hint": "birthdays", "colspan": 1}]], "references": []}, "tts": "https://d1vq87e9lcf771.cloudfront.net/miguel/4248ed11f811c115a71988fd1ff7bb3f"}, {"value": "."}]}, "subtext": {"styledString": {"text": "We remembered Mom yesterday on her birthday.", "styling": [{"from": 0, "to": 44, "attributes": {"alignment": "left", "fontSize": 19, "fontWeight": "normal", "textColor": "AFAFAF", "lineSpacing": 5}}]}, "tokenTTS": {"tokenTTSCollection": []}}, "ttsURL": "https://d1vq87e9lcf771.cloudfront.net/miguel/6ca0ecc5bfc63287c2ccf45e7cafa2ac"}]}, "meta": {"autoPlayableTTS": [], "sectionIndex": 0, "backgroundColor": null}}, {"type": "verticalSpace", "element": 24, "meta": {"autoPlayableTTS": [], "sectionIndex": 0, "backgroundColor": null}}, {"type": "verticalSpace", "element": 24, "meta": {"autoPlayableTTS": [], "sectionIndex": 0, "backgroundColor": "DDF4FF"}}, {"type": "text", "element": {"styledString": {"text": "TIP", "styling": [{"from": 0, "to": 3, "attributes": {"alignment": "left", "fontSize": 17, "fontWeight": "bold", "textColor": "1CB0F6", "lineSpacing": 4}}]}, "tokenTTS": {"tokenTTSCollection": []}}, "meta": {"autoPlayableTTS": [], "sectionIndex": 0, "backgroundColor": "DDF4FF"}}, {"type": "verticalSpace", "element": 8, "meta": {"autoPlayableTTS": [], "sectionIndex": 0, "backgroundColor": "DDF4FF"}}, {"type": "text", "element": {"styledString": {"text": "Yo no dije nada", "styling": [{"from": 0, "to": 15, "attributes": {"alignment": "left", "fontSize": 25, "fontWeight": "bold", "textColor": "4B4B4B", "lineSpacing": 4}}]}, "tokenTTS": {"tokenTTSCollection": []}, "hints": {"hints": [], "hintLinks": []}}, "meta": {"autoPlayableTTS": [], "sectionIndex": 0, "backgroundColor": "DDF4FF"}}, {"type": "verticalSpace", "element": 12, "meta": {"autoPlayableTTS": [], "sectionIndex": 0, "backgroundColor": "DDF4FF"}}, {"type": "text", "element": {"styledString": {"text": "Have you ever noticed how it\u2019s the really common, basic verbs that have the annoying weird forms? Well, here are a couple more! Traer, tener, and decir have special forms in the preterite.", "styling": [{"from": 0, "to": 128, "attributes": {"alignment": "left", "fontSize": 19, "fontWeight": "normal", "textColor": "4B4B4B", "lineSpacing": 5}}, {"from": 128, "to": 133, "attributes": {"alignment": "left", "fontSize": 19, "fontWeight": "bold", "textColor": "4B4B4B", "lineSpacing": 5}}, {"from": 133, "to": 135, "attributes": {"alignment": "left", "fontSize": 19, "fontWeight": "normal", "textColor": "4B4B4B", "lineSpacing": 5}}, {"from": 135, "to": 140, "attributes": {"alignment": "left", "fontSize": 19, "fontWeight": "bold", "textColor": "4B4B4B", "lineSpacing": 5}}, {"from": 140, "to": 146, "attributes": {"alignment": "left", "fontSize": 19, "fontWeight": "normal", "textColor": "4B4B4B", "lineSpacing": 5}}, {"from": 146, "to": 151, "attributes": {"alignment": "left", "fontSize": 19, "fontWeight": "bold", "textColor": "4B4B4B", "lineSpacing": 5}}, {"from": 151, "to": 188, "attributes": {"alignment": "left", "fontSize": 19, "fontWeight": "normal", "textColor": "4B4B4B", "lineSpacing": 5}}]}, "tokenTTS": {"tokenTTSCollection": [{"startIndex": 128, "endIndex": 132, "ttsURL": "https://d1vq87e9lcf771.cloudfront.net/miguel/aa667a98981e6bb2b4708b7aaceb299c"}, {"startIndex": 135, "endIndex": 139, "ttsURL": "https://d1vq87e9lcf771.cloudfront.net/miguel/1f4579af9319bb5baf407dce8f703e36"}, {"startIndex": 146, "endIndex": 150, "ttsURL": "https://d1vq87e9lcf771.cloudfront.net/miguel/9c90bf67c906d552424245afc1daf313"}]}, "hints": {"hints": ["A verb expresses an action (\u201cLuis cooks every day\u201d) or a state of being (\u201cI am sick\u201d).", "to bring", "to have", "to say / to tell", "a verb form used to describe actions or events in the past"], "hintLinks": [{"index": 0, "rangeStart": 56, "rangeEnd": 60}, {"index": 1, "rangeStart": 128, "rangeEnd": 132}, {"index": 2, "rangeStart": 135, "rangeEnd": 139}, {"index": 3, "rangeStart": 146, "rangeEnd": 150}, {"index": 4, "rangeStart": 178, "rangeEnd": 186}]}}, "meta": {"autoPlayableTTS": [], "sectionIndex": 0, "backgroundColor": "DDF4FF"}}, {"type": "verticalSpace", "element": 24, "meta": {"autoPlayableTTS": [], "sectionIndex": 0, "backgroundColor": "DDF4FF"}}, {"type": "table", "element": {"cells": [[{"styledString": {"text": "subject", "styling": [{"from": 0, "to": 7, "attributes": {"alignment": "left", "fontSize": 19, "fontWeight": "bold", "textColor": "4B4B4B", "lineSpacing": 2}}]}, "tokenTTS": {"tokenTTSCollection": []}, "hints": {"hints": ["The subject of a sentence is the person or thing performing the action of the verb. For example, \"I\" in \"I threw the ball.\""], "hintLinks": [{"index": 0, "rangeStart": 0, "rangeEnd": 6}]}}, {"styledString": {"text": "verb (traer)", "styling": [{"from": 0, "to": 12, "attributes": {"alignment": "left", "fontSize": 19, "fontWeight": "bold", "textColor": "4B4B4B", "lineSpacing": 2}}]}, "tokenTTS": {"tokenTTSCollection": [{"startIndex": 6, "endIndex": 10, "ttsURL": "https://d1vq87e9lcf771.cloudfront.net/miguel/bc76687c86a7c57fd6f9a79a69248173"}]}, "hints": {"hints": ["A verb expresses an action (\u201cLuis cooks every day\u201d) or a state of being (\u201cI am sick\u201d).", "to bring"], "hintLinks": [{"index": 0, "rangeStart": 0, "rangeEnd": 3}, {"index": 1, "rangeStart": 6, "rangeEnd": 10}]}}], [{"styledString": {"text": "yo", "styling": [{"from": 0, "to": 2, "attributes": {"alignment": "left", "fontSize": 19, "fontWeight": "bold", "textColor": "4B4B4B", "lineSpacing": 5}}]}, "tokenTTS": {"tokenTTSCollection": [{"startIndex": 0, "endIndex": 1, "ttsURL": "https://d1vq87e9lcf771.cloudfront.net/miguel/aa0ff446f41920bd854cbcfe38a476e2"}]}, "hints": {"hints": ["I"], "hintLinks": [{"index": 0, "rangeStart": 0, "rangeEnd": 1}]}}, {"styledString": {"text": "traje", "styling": [{"from": 0, "to": 3, "attributes": {"alignment": "left", "fontSize": 19, "fontWeight": "bold", "textColor": "4B4B4B", "lineSpacing": 5}}, {"from": 3, "to": 4, "attributes": {"alignment": "left", "fontSize": 19, "fontWeight": "bold", "textColor": "1CB0F6", "lineSpacing": 5}}, {"from": 4, "to": 5, "attributes": {"alignment": "left", "fontSize": 19, "fontWeight": "bold", "textColor": "4B4B4B", "lineSpacing": 5}}]}, "tokenTTS": {"tokenTTSCollection": [{"startIndex": 0, "endIndex": 4, "ttsURL": "https://d1vq87e9lcf771.cloudfront.net/miguel/6cf16e3b4e1b88d93b7ae07a420fe727"}]}, "hints": {"hints": ["I brought"], "hintLinks": [{"index": 0, "rangeStart": 0, "rangeEnd": 4}]}}], [{"styledString": {"text": "t\u00fa", "styling": [{"from": 0, "to": 2, "attributes": {"alignment": "left", "fontSize": 19, "fontWeight": "bold", "textColor": "4B4B4B", "lineSpacing": 5}}]}, "tokenTTS": {"tokenTTSCollection": [{"startIndex": 0, "endIndex": 1, "ttsURL": "https://d1vq87e9lcf771.cloudfront.net/miguel/2e717e2fe5783a547e2995fe3699350a"}]}, "hints": {"hints": ["you (informal)"], "hintLinks": [{"index": 0, "rangeStart": 0, "rangeEnd": 1}]}}, {"styledString": {"text": "trajiste", "styling": [{"from": 0, "to": 3, "attributes": {"alignment": "left", "fontSize": 19, "fontWeight": "bold", "textColor": "4B4B4B", "lineSpacing": 5}}, {"from": 3, "to": 4, "attributes": {"alignment": "left", "fontSize": 19, "fontWeight": "bold", "textColor": "1CB0F6", "lineSpacing": 5}}, {"from": 4, "to": 8, "attributes": {"alignment": "left", "fontSize": 19, "fontWeight": "bold", "textColor": "4B4B4B", "lineSpacing": 5}}]}, "tokenTTS": {"tokenTTSCollection": [{"startIndex": 0, "endIndex": 7, "ttsURL": "https://d1vq87e9lcf771.cloudfront.net/miguel/6d65de419001892e317ffc6c84eb52ee"}]}, "hints": {"hints": ["you brought"], "hintLinks": [{"index": 0, "rangeStart": 0, "rangeEnd": 7}]}}], [{"styledString": {"text": "\u00e9l / ella\u200b / usted", "styling": [{"from": 0, "to": 2, "attributes": {"alignment": "left", "fontSize": 19, "fontWeight": "bold", "textColor": "4B4B4B", "lineSpacing": 5}}, {"from": 2, "to": 5, "attributes": {"alignment": "left", "fontSize": 19, "fontWeight": "normal", "textColor": "4B4B4B", "lineSpacing": 5}}, {"from": 5, "to": 9, "attributes": {"alignment": "left", "fontSize": 19, "fontWeight": "bold", "textColor": "4B4B4B", "lineSpacing": 5}}, {"from": 9, "to": 13, "attributes": {"alignment": "left", "fontSize": 19, "fontWeight": "normal", "textColor": "4B4B4B", "lineSpacing": 5}}, {"from": 13, "to": 18, "attributes": {"alignment": "left", "fontSize": 19, "fontWeight": "bold", "textColor": "4B4B4B", "lineSpacing": 5}}]}, "tokenTTS": {"tokenTTSCollection": [{"startIndex": 0, "endIndex": 1, "ttsURL": "https://d1vq87e9lcf771.cloudfront.net/miguel/eb6fb864f3757379acec898fb9018d30"}, {"startIndex": 5, "endIndex": 8, "ttsURL": "https://d1vq87e9lcf771.cloudfront.net/miguel/7ba0a4fe127b1af95b81af18714bbbbb"}, {"startIndex": 13, "endIndex": 17, "ttsURL": "https://d1vq87e9lcf771.cloudfront.net/miguel/3160e30c83ba5403b1bf949dbafd83db"}]}, "hints": {"hints": ["he", "she", "you (formal)"], "hintLinks": [{"index": 0, "rangeStart": 0, "rangeEnd": 1}, {"index": 1, "rangeStart": 5, "rangeEnd": 8}, {"index": 2, "rangeStart": 13, "rangeEnd": 17}]}}, {"styledString": {"text": "trajo", "styling": [{"from": 0, "to": 3, "attributes": {"alignment": "left", "fontSize": 19, "fontWeight": "bold", "textColor": "4B4B4B", "lineSpacing": 5}}, {"from": 3, "to": 4, "attributes": {"alignment": "left", "fontSize": 19, "fontWeight": "bold", "textColor": "1CB0F6", "lineSpacing": 5}}, {"from": 4, "to": 5, "attributes": {"alignment": "left", "fontSize": 19, "fontWeight": "bold", "textColor": "4B4B4B", "lineSpacing": 5}}]}, "tokenTTS": {"tokenTTSCollection": [{"startIndex": 0, "endIndex": 4, "ttsURL": "https://d1vq87e9lcf771.cloudfront.net/miguel/9061effaad1dcba0041210a30eb856f5"}]}, "hints": {"hints": ["he/she/you (formal) brought"], "hintLinks": [{"index": 0, "rangeStart": 0, "rangeEnd": 4}]}}]], "hasShadedHeader": true}, "meta": {"autoPlayableTTS": [], "sectionIndex": 0, "backgroundColor": "DDF4FF"}}, {"type": "verticalSpace", "element": 24, "meta": {"autoPlayableTTS": [], "sectionIndex": 0, "backgroundColor": "DDF4FF"}}, {"type": "table", "element": {"cells": [[{"styledString": {"text": "subject", "styling": [{"from": 0, "to": 7, "attributes": {"alignment": "left", "fontSize": 19, "fontWeight": "bold", "textColor": "4B4B4B", "lineSpacing": 2}}]}, "tokenTTS": {"tokenTTSCollection": []}, "hints": {"hints": ["The subject of a sentence is the person or thing performing the action of the verb. For example, \"I\" in \"I threw the ball.\""], "hintLinks": [{"index": 0, "rangeStart": 0, "rangeEnd": 6}]}}, {"styledString": {"text": "verb (decir)", "styling": [{"from": 0, "to": 12, "attributes": {"alignment": "left", "fontSize": 19, "fontWeight": "bold", "textColor": "4B4B4B", "lineSpacing": 2}}]}, "tokenTTS": {"tokenTTSCollection": [{"startIndex": 6, "endIndex": 10, "ttsURL": "https://d1vq87e9lcf771.cloudfront.net/miguel/9c90bf67c906d552424245afc1daf313"}]}, "hints": {"hints": ["A verb expresses an action (\u201cLuis cooks every day\u201d) or a state of being (\u201cI am sick\u201d).", "to say / to tell"], "hintLinks": [{"index": 0, "rangeStart": 0, "rangeEnd": 3}, {"index": 1, "rangeStart": 6, "rangeEnd": 10}]}}], [{"styledString": {"text": "yo", "styling": [{"from": 0, "to": 2, "attributes": {"alignment": "left", "fontSize": 19, "fontWeight": "bold", "textColor": "4B4B4B", "lineSpacing": 5}}]}, "tokenTTS": {"tokenTTSCollection": [{"startIndex": 0, "endIndex": 1, "ttsURL": "https://d1vq87e9lcf771.cloudfront.net/miguel/aa0ff446f41920bd854cbcfe38a476e2"}]}, "hints": {"hints": ["I"], "hintLinks": [{"index": 0, "rangeStart": 0, "rangeEnd": 1}]}}, {"styledString": {"text": "dije", "styling": [{"from": 0, "to": 1, "attributes": {"alignment": "left", "fontSize": 19, "fontWeight": "bold", "textColor": "4B4B4B", "lineSpacing": 5}}, {"from": 1, "to": 3, "attributes": {"alignment": "left", "fontSize": 19, "fontWeight": "bold", "textColor": "1CB0F6", "lineSpacing": 5}}, {"from": 3, "to": 4, "attributes": {"alignment": "left", "fontSize": 19, "fontWeight": "bold", "textColor": "4B4B4B", "lineSpacing": 5}}]}, "tokenTTS": {"tokenTTSCollection": [{"startIndex": 0, "endIndex": 3, "ttsURL": "https://d1vq87e9lcf771.cloudfront.net/miguel/e883aa187fff2c121bd317925f123c39"}]}, "hints": {"hints": ["I said / I told"], "hintLinks": [{"index": 0, "rangeStart": 0, "rangeEnd": 3}]}}], [{"styledString": {"text": "t\u00fa", "styling": [{"from": 0, "to": 2, "attributes": {"alignment": "left", "fontSize": 19, "fontWeight": "bold", "textColor": "4B4B4B", "lineSpacing": 5}}]}, "tokenTTS": {"tokenTTSCollection": [{"startIndex": 0, "endIndex": 1, "ttsURL": "https://d1vq87e9lcf771.cloudfront.net/miguel/2e717e2fe5783a547e2995fe3699350a"}]}, "hints": {"hints": ["you (informal)"], "hintLinks": [{"index": 0, "rangeStart": 0, "rangeEnd": 1}]}}, {"styledString": {"text": "dijiste", "styling": [{"from": 0, "to": 1, "attributes": {"alignment": "left", "fontSize": 19, "fontWeight": "bold", "textColor": "4B4B4B", "lineSpacing": 5}}, {"from": 1, "to": 3, "attributes": {"alignment": "left", "fontSize": 19, "fontWeight": "bold", "textColor": "1CB0F6", "lineSpacing": 5}}, {"from": 3, "to": 7, "attributes": {"alignment": "left", "fontSize": 19, "fontWeight": "bold", "textColor": "4B4B4B", "lineSpacing": 5}}]}, "tokenTTS": {"tokenTTSCollection": [{"startIndex": 0, "endIndex": 6, "ttsURL": "https://d1vq87e9lcf771.cloudfront.net/miguel/8b0e2aa8ddddac22c9d0c46257c54ddf"}]}, "hints": {"hints": ["you said / you told"], "hintLinks": [{"index": 0, "rangeStart": 0, "rangeEnd": 6}]}}], [{"styledString": {"text": "\u00e9l / ella / usted", "styling": [{"from": 0, "to": 2, "attributes": {"alignment": "left", "fontSize": 19, "fontWeight": "bold", "textColor": "4B4B4B", "lineSpacing": 5}}, {"from": 2, "to": 5, "attributes": {"alignment": "left", "fontSize": 19, "fontWeight": "normal", "textColor": "4B4B4B", "lineSpacing": 5}}, {"from": 5, "to": 9, "attributes": {"alignment": "left", "fontSize": 19, "fontWeight": "bold", "textColor": "4B4B4B", "lineSpacing": 5}}, {"from": 9, "to": 12, "attributes": {"alignment": "left", "fontSize": 19, "fontWeight": "normal", "textColor": "4B4B4B", "lineSpacing": 5}}, {"from": 12, "to": 17, "attributes": {"alignment": "left", "fontSize": 19, "fontWeight": "bold", "textColor": "4B4B4B", "lineSpacing": 5}}]}, "tokenTTS": {"tokenTTSCollection": [{"startIndex": 0, "endIndex": 1, "ttsURL": "https://d1vq87e9lcf771.cloudfront.net/miguel/eb6fb864f3757379acec898fb9018d30"}, {"startIndex": 5, "endIndex": 8, "ttsURL": "https://d1vq87e9lcf771.cloudfront.net/miguel/7ba0a4fe127b1af95b81af18714bbbbb"}, {"startIndex": 12, "endIndex": 16, "ttsURL": "https://d1vq87e9lcf771.cloudfront.net/miguel/3160e30c83ba5403b1bf949dbafd83db"}]}, "hints": {"hints": ["he", "she", "you (formal)"], "hintLinks": [{"index": 0, "rangeStart": 0, "rangeEnd": 1}, {"index": 1, "rangeStart": 5, "rangeEnd": 8}, {"index": 2, "rangeStart": 12, "rangeEnd": 16}]}}, {"styledString": {"text": "dijo", "styling": [{"from": 0, "to": 1, "attributes": {"alignment": "left", "fontSize": 19, "fontWeight": "bold", "textColor": "4B4B4B", "lineSpacing": 5}}, {"from": 1, "to": 3, "attributes": {"alignment": "left", "fontSize": 19, "fontWeight": "bold", "textColor": "1CB0F6", "lineSpacing": 5}}, {"from": 3, "to": 4, "attributes": {"alignment": "left", "fontSize": 19, "fontWeight": "bold", "textColor": "4B4B4B", "lineSpacing": 5}}]}, "tokenTTS": {"tokenTTSCollection": [{"startIndex": 0, "endIndex": 3, "ttsURL": "https://d1vq87e9lcf771.cloudfront.net/miguel/087938a03f92f5bd87b3547b75d74b59"}]}, "hints": {"hints": ["he/she/you (formal) said, he/she/you (formal) told"], "hintLinks": [{"index": 0, "rangeStart": 0, "rangeEnd": 3}]}}]], "hasShadedHeader": true}, "meta": {"autoPlayableTTS": [], "sectionIndex": 0, "backgroundColor": "DDF4FF"}}, {"type": "verticalSpace", "element": 24, "meta": {"autoPlayableTTS": [], "sectionIndex": 0, "backgroundColor": "DDF4FF"}}, {"type": "table", "element": {"cells": [[{"styledString": {"text": "subject", "styling": [{"from": 0, "to": 7, "attributes": {"alignment": "left", "fontSize": 19, "fontWeight": "bold", "textColor": "4B4B4B", "lineSpacing": 2}}]}, "tokenTTS": {"tokenTTSCollection": []}, "hints": {"hints": ["The subject of a sentence is the person or thing performing the action of the verb. For example, \"I\" in \"I threw the ball.\""], "hintLinks": [{"index": 0, "rangeStart": 0, "rangeEnd": 6}]}}, {"styledString": {"text": "verb (tener)", "styling": [{"from": 0, "to": 12, "attributes": {"alignment": "left", "fontSize": 19, "fontWeight": "bold", "textColor": "4B4B4B", "lineSpacing": 2}}]}, "tokenTTS": {"tokenTTSCollection": [{"startIndex": 6, "endIndex": 10, "ttsURL": "https://d1vq87e9lcf771.cloudfront.net/miguel/1f4579af9319bb5baf407dce8f703e36"}]}, "hints": {"hints": ["A verb expresses an action (\u201cLuis cooks every day\u201d) or a state of being (\u201cI am sick\u201d).", "to have"], "hintLinks": [{"index": 0, "rangeStart": 0, "rangeEnd": 3}, {"index": 1, "rangeStart": 6, "rangeEnd": 10}]}}], [{"styledString": {"text": "yo", "styling": [{"from": 0, "to": 2, "attributes": {"alignment": "left", "fontSize": 19, "fontWeight": "bold", "textColor": "4B4B4B", "lineSpacing": 5}}]}, "tokenTTS": {"tokenTTSCollection": [{"startIndex": 0, "endIndex": 1, "ttsURL": "https://d1vq87e9lcf771.cloudfront.net/miguel/aa0ff446f41920bd854cbcfe38a476e2"}]}, "hints": {"hints": ["I"], "hintLinks": [{"index": 0, "rangeStart": 0, "rangeEnd": 1}]}}, {"styledString": {"text": "tuve", "styling": [{"from": 0, "to": 1, "attributes": {"alignment": "left", "fontSize": 19, "fontWeight": "bold", "textColor": "4B4B4B", "lineSpacing": 5}}, {"from": 1, "to": 3, "attributes": {"alignment": "left", "fontSize": 19, "fontWeight": "bold", "textColor": "1CB0F6", "lineSpacing": 5}}, {"from": 3, "to": 4, "attributes": {"alignment": "left", "fontSize": 19, "fontWeight": "bold", "textColor": "4B4B4B", "lineSpacing": 5}}]}, "tokenTTS": {"tokenTTSCollection": [{"startIndex": 0, "endIndex": 3, "ttsURL": "https://d1vq87e9lcf771.cloudfront.net/miguel/b7384d35446803668f712607b4686954"}]}, "hints": {"hints": ["I had"], "hintLinks": [{"index": 0, "rangeStart": 0, "rangeEnd": 3}]}}], [{"styledString": {"text": "t\u00fa", "styling": [{"from": 0, "to": 2, "attributes": {"alignment": "left", "fontSize": 19, "fontWeight": "bold", "textColor": "4B4B4B", "lineSpacing": 5}}]}, "tokenTTS": {"tokenTTSCollection": [{"startIndex": 0, "endIndex": 1, "ttsURL": "https://d1vq87e9lcf771.cloudfront.net/miguel/2e717e2fe5783a547e2995fe3699350a"}]}, "hints": {"hints": ["you (informal)"], "hintLinks": [{"index": 0, "rangeStart": 0, "rangeEnd": 1}]}}, {"styledString": {"text": "tuviste", "styling": [{"from": 0, "to": 1, "attributes": {"alignment": "left", "fontSize": 19, "fontWeight": "bold", "textColor": "4B4B4B", "lineSpacing": 5}}, {"from": 1, "to": 3, "attributes": {"alignment": "left", "fontSize": 19, "fontWeight": "bold", "textColor": "1CB0F6", "lineSpacing": 5}}, {"from": 3, "to": 7, "attributes": {"alignment": "left", "fontSize": 19, "fontWeight": "bold", "textColor": "4B4B4B", "lineSpacing": 5}}]}, "tokenTTS": {"tokenTTSCollection": [{"startIndex": 0, "endIndex": 6, "ttsURL": "https://d1vq87e9lcf771.cloudfront.net/miguel/cd4712c53da25c44d296e7a30506d451"}]}, "hints": {"hints": ["you had"], "hintLinks": [{"index": 0, "rangeStart": 0, "rangeEnd": 6}]}}], [{"styledString": {"text": "\u00e9l / ella\u200b / usted", "styling": [{"from": 0, "to": 2, "attributes": {"alignment": "left", "fontSize": 19, "fontWeight": "bold", "textColor": "4B4B4B", "lineSpacing": 5}}, {"from": 2, "to": 5, "attributes": {"alignment": "left", "fontSize": 19, "fontWeight": "normal", "textColor": "4B4B4B", "lineSpacing": 5}}, {"from": 5, "to": 9, "attributes": {"alignment": "left", "fontSize": 19, "fontWeight": "bold", "textColor": "4B4B4B", "lineSpacing": 5}}, {"from": 9, "to": 13, "attributes": {"alignment": "left", "fontSize": 19, "fontWeight": "normal", "textColor": "4B4B4B", "lineSpacing": 5}}, {"from": 13, "to": 18, "attributes": {"alignment": "left", "fontSize": 19, "fontWeight": "bold", "textColor": "4B4B4B", "lineSpacing": 5}}]}, "tokenTTS": {"tokenTTSCollection": [{"startIndex": 0, "endIndex": 1, "ttsURL": "https://d1vq87e9lcf771.cloudfront.net/miguel/eb6fb864f3757379acec898fb9018d30"}, {"startIndex": 5, "endIndex": 8, "ttsURL": "https://d1vq87e9lcf771.cloudfront.net/miguel/7ba0a4fe127b1af95b81af18714bbbbb"}, {"startIndex": 13, "endIndex": 17, "ttsURL": "https://d1vq87e9lcf771.cloudfront.net/miguel/3160e30c83ba5403b1bf949dbafd83db"}]}, "hints": {"hints": ["he", "she", "you (formal)"], "hintLinks": [{"index": 0, "rangeStart": 0, "rangeEnd": 1}, {"index": 1, "rangeStart": 5, "rangeEnd": 8}, {"index": 2, "rangeStart": 13, "rangeEnd": 17}]}}, {"styledString": {"text": "tuvo", "styling": [{"from": 0, "to": 1, "attributes": {"alignment": "left", "fontSize": 19, "fontWeight": "bold", "textColor": "4B4B4B", "lineSpacing": 5}}, {"from": 1, "to": 3, "attributes": {"alignment": "left", "fontSize": 19, "fontWeight": "bold", "textColor": "1CB0F6", "lineSpacing": 5}}, {"from": 3, "to": 4, "attributes": {"alignment": "left", "fontSize": 19, "fontWeight": "bold", "textColor": "4B4B4B", "lineSpacing": 5}}]}, "tokenTTS": {"tokenTTSCollection": [{"startIndex": 0, "endIndex": 3, "ttsURL": "https://d1vq87e9lcf771.cloudfront.net/miguel/85e8f1a724e3e75c5c652f03967cc2b2"}]}, "hints": {"hints": ["he/she/you (formal) had"], "hintLinks": [{"index": 0, "rangeStart": 0, "rangeEnd": 3}]}}]], "hasShadedHeader": true}, "meta": {"autoPlayableTTS": [], "sectionIndex": 0, "backgroundColor": "DDF4FF"}}, {"type": "verticalSpace", "element": 24, "meta": {"autoPlayableTTS": [], "sectionIndex": 0, "backgroundColor": "DDF4FF"}}, {"type": "exampleCaptionedImage", "element": {"image": {"url": "https://d1btvuu4dwu627.cloudfront.net/1935260bb45227d2abc8062355f5ce9f/60cc23ce096dc44bd2f25e7602e59281/images/90b55c041d6649aeb16fa6d1729af34a.pdf"}, "examples": [{"text": {"styledString": {"text": "Yo traje dos maletas al aeropuerto.\u200b", "styling": [{"from": 0, "to": 6, "attributes": {"alignment": "center", "fontSize": 19, "fontWeight": "normal", "textColor": "4B4B4B", "lineSpacing": 5}}, {"from": 6, "to": 7, "attributes": {"alignment": "center", "fontSize": 19, "fontWeight": "bold", "textColor": "1CB0F6", "lineSpacing": 8}}, {"from": 7, "to": 36, "attributes": {"alignment": "center", "fontSize": 19, "fontWeight": "normal", "textColor": "4B4B4B", "lineSpacing": 5}}]}, "tokenTTS": {"tokenTTSCollection": [{"startIndex": 0, "endIndex": 34, "ttsURL": "https://d1vq87e9lcf771.cloudfront.net/miguel/27a326acc107439bccff607e8c7eb8d7"}]}, "hints": {"hints": ["I brought two suitcases to the airport"], "hintLinks": [{"index": 0, "rangeStart": 0, "rangeEnd": 34}]}}, "subtext": {"styledString": {"text": "I brought two suitcases to the airport.\u200b", "styling": [{"from": 0, "to": 40, "attributes": {"alignment": "center", "fontSize": 19, "fontWeight": "normal", "textColor": "AFAFAF", "lineSpacing": 8}}]}, "tokenTTS": {"tokenTTSCollection": []}, "hints": {"hints": [], "hintLinks": []}}, "ttsURL": "https://d1vq87e9lcf771.cloudfront.net/miguel/27a326acc107439bccff607e8c7eb8d7"}], "layout": "wideImageWithTextBelow"}, "meta": {"autoPlayableTTS": [], "sectionIndex": 0, "backgroundColor": "DDF4FF"}}, {"type": "verticalSpace", "element": 24, "meta": {"autoPlayableTTS": [], "sectionIndex": 0, "backgroundColor": "DDF4FF"}}, {"type": "exampleCaptionedImage", "element": {"image": {"url": "https://d1btvuu4dwu627.cloudfront.net/1935260bb45227d2abc8062355f5ce9f/60cc23ce096dc44bd2f25e7602e59281/images/c6309762b264451aa7dde2ddf66906a9.pdf"}, "examples": [{"text": {"styledString": {"text": "\u00bfT\u00fa tuviste la clase de ingl\u00e9s ayer?\u200b", "styling": [{"from": 0, "to": 5, "attributes": {"alignment": "center", "fontSize": 19, "fontWeight": "normal", "textColor": "4B4B4B", "lineSpacing": 5}}, {"from": 5, "to": 7, "attributes": {"alignment": "center", "fontSize": 19, "fontWeight": "bold", "textColor": "1CB0F6", "lineSpacing": 8}}, {"from": 7, "to": 37, "attributes": {"alignment": "center", "fontSize": 19, "fontWeight": "normal", "textColor": "4B4B4B", "lineSpacing": 5}}]}, "tokenTTS": {"tokenTTSCollection": [{"startIndex": 0, "endIndex": 35, "ttsURL": "https://d1vq87e9lcf771.cloudfront.net/miguel/e367a9f3236a0f025811041ffdf59dcb"}]}, "hints": {"hints": ["did you have the English lesson yesterday"], "hintLinks": [{"index": 0, "rangeStart": 0, "rangeEnd": 35}]}}, "subtext": {"styledString": {"text": "Did you have the English lesson yesterday?\u200b", "styling": [{"from": 0, "to": 43, "attributes": {"alignment": "center", "fontSize": 19, "fontWeight": "normal", "textColor": "AFAFAF", "lineSpacing": 8}}]}, "tokenTTS": {"tokenTTSCollection": []}, "hints": {"hints": [], "hintLinks": []}}, "ttsURL": "https://d1vq87e9lcf771.cloudfront.net/miguel/e367a9f3236a0f025811041ffdf59dcb"}], "layout": "wideImageWithTextBelow"}, "meta": {"autoPlayableTTS": [], "sectionIndex": 0, "backgroundColor": "DDF4FF"}}, {"type": "verticalSpace", "element": 24, "meta": {"autoPlayableTTS": [], "sectionIndex": 0, "backgroundColor": "DDF4FF"}}], "resourcesToPrefetch": [{"required": false, "url": "https://d1vq87e9lcf771.cloudfront.net/miguel/b7384d35446803668f712607b4686954", "type": "mp3"}, {"required": false, "url": "https://d1vq87e9lcf771.cloudfront.net/miguel/bc76687c86a7c57fd6f9a79a69248173", "type": "mp3"}, {"required": false, "url": "https://d1vq87e9lcf771.cloudfront.net/miguel/8b77ce025e4c562a2c52d586395a6664", "type": "mp3"}, {"required": false, "url": "https://d1vq87e9lcf771.cloudfront.net/miguel/27a326acc107439bccff607e8c7eb8d7", "type": "mp3"}, {"required": false, "url": "https://d1vq87e9lcf771.cloudfront.net/miguel/6cf16e3b4e1b88d93b7ae07a420fe727", "type": "mp3"}, {"required": false, "url": "https://d1vq87e9lcf771.cloudfront.net/miguel/90d2fd8882ef204d853d6e2b4c7f8478", "type": "mp3"}, {"required": false, "url": "https://d1vq87e9lcf771.cloudfront.net/miguel/aa667a98981e6bb2b4708b7aaceb299c", "type": "mp3"}, {"required": false, "url": "https://d1vq87e9lcf771.cloudfront.net/miguel/e883aa187fff2c121bd317925f123c39", "type": "mp3"}, {"required": false, "url": "https://d1vq87e9lcf771.cloudfront.net/miguel/e367a9f3236a0f025811041ffdf59dcb", "type": "mp3"}, {"required": false, "url": "https://d1vq87e9lcf771.cloudfront.net/miguel/eb6fb864f3757379acec898fb9018d30", "type": "mp3"}, {"required": false, "url": "https://d1vq87e9lcf771.cloudfront.net/miguel/6d5ac4e4573cfc354b094d59e46f9559", "type": "mp3"}, {"required": false, "url": "https://d1vq87e9lcf771.cloudfront.net/miguel/9061effaad1dcba0041210a30eb856f5", "type": "mp3"}, {"required": false, "url": "https://d1vq87e9lcf771.cloudfront.net/miguel/7ba0a4fe127b1af95b81af18714bbbbb", "type": "mp3"}, {"required": true, "url": "https://d1btvuu4dwu627.cloudfront.net/1935260bb45227d2abc8062355f5ce9f/60cc23ce096dc44bd2f25e7602e59281/images/c6309762b264451aa7dde2ddf66906a9.pdf", "type": "pdf"}, {"required": false, "url": "https://d1vq87e9lcf771.cloudfront.net/miguel/6d65de419001892e317ffc6c84eb52ee", "type": "mp3"}, {"required": false, "url": "https://d1vq87e9lcf771.cloudfront.net/miguel/4cd4cf387dbc661ac42692a767d0da47", "type": "mp3"}, {"required": false, "url": "https://d1vq87e9lcf771.cloudfront.net/miguel/3160e30c83ba5403b1bf949dbafd83db", "type": "mp3"}, {"required": false, "url": "https://d1vq87e9lcf771.cloudfront.net/miguel/6ca0ecc5bfc63287c2ccf45e7cafa2ac", "type": "mp3"}, {"required": false, "url": "https://d1vq87e9lcf771.cloudfront.net/miguel/aa0ff446f41920bd854cbcfe38a476e2", "type": "mp3"}, {"required": false, "url": "https://d1vq87e9lcf771.cloudfront.net/miguel/1f4579af9319bb5baf407dce8f703e36", "type": "mp3"}, {"required": false, "url": "https://d1vq87e9lcf771.cloudfront.net/miguel/9c90bf67c906d552424245afc1daf313", "type": "mp3"}, {"required": true, "url": "https://d1btvuu4dwu627.cloudfront.net/1935260bb45227d2abc8062355f5ce9f/60cc23ce096dc44bd2f25e7602e59281/images/90b55c041d6649aeb16fa6d1729af34a.pdf", "type": "pdf"}, {"required": false, "url": "https://d1vq87e9lcf771.cloudfront.net/miguel/087938a03f92f5bd87b3547b75d74b59", "type": "mp3"}, {"required": false, "url": "https://d1vq87e9lcf771.cloudfront.net/miguel/8b0e2aa8ddddac22c9d0c46257c54ddf", "type": "mp3"}, {"required": false, "url": "https://d1vq87e9lcf771.cloudfront.net/miguel/cd4712c53da25c44d296e7a30506d451", "type": "mp3"}, {"required": false, "url": "https://d1vq87e9lcf771.cloudfront.net/miguel/2e717e2fe5783a547e2995fe3699350a", "type": "mp3"}, {"required": false, "url": "https://d1vq87e9lcf771.cloudfront.net/miguel/cab778f89961b66e565f66bf448da406", "type": "mp3"}, {"required": false, "url": "https://d1vq87e9lcf771.cloudfront.net/miguel/85e8f1a724e3e75c5c652f03967cc2b2", "type": "mp3"}]}