{"elements": [{"type": "verticalSpace", "element": 2, "meta": {"autoPlayableTTS": [], "sectionIndex": 0, "backgroundColor": "E5E5E5"}}, {"type": "verticalSpace", "element": 24, "meta": {"autoPlayableTTS": [], "sectionIndex": 0, "backgroundColor": null}}, {"type": "text", "element": {"styledString": {"text": "KEY PHRASES", "styling": [{"from": 0, "to": 11, "attributes": {"alignment": "left", "fontSize": 17, "fontWeight": "bold", "textColor": "1CB0F6", "lineSpacing": 4}}]}, "tokenTTS": {"tokenTTSCollection": []}}, "meta": {"autoPlayableTTS": [], "sectionIndex": 0, "backgroundColor": null}}, {"type": "verticalSpace", "element": 8, "meta": {"autoPlayableTTS": [], "sectionIndex": 0, "backgroundColor": null}}, {"type": "text", "element": {"styledString": {"text": "Express disappointment", "styling": [{"from": 0, "to": 22, "attributes": {"alignment": "left", "fontSize": 25, "fontWeight": "bold", "textColor": "4B4B4B", "lineSpacing": 4}}]}, "tokenTTS": {"tokenTTSCollection": []}}, "meta": {"autoPlayableTTS": [], "sectionIndex": 0, "backgroundColor": null}}, {"type": "verticalSpace", "element": 16, "meta": {"autoPlayableTTS": [], "sectionIndex": 0, "backgroundColor": null}}, {"type": "dialogue", "element": {"phrases": [{"text": {"styledString": {"text": "Esa ubicaci\u00f3n es mala porque hay ruido todo el d\u00eda.", "styling": [{"from": 0, "to": 51, "attributes": {"alignment": "left", "fontSize": 19, "fontWeight": "normal", "textColor": "4B4B4B", "lineSpacing": 5}}]}, "tokenTTS": {"tokenTTSCollection": []}, "blockHints": [{"value": "Esa", "hintTable": {"rows": [[{"hint": "that", "colspan": 1}], [{"hint": "that one", "colspan": 1}], [{"hint": "those", "colspan": 1}]], "references": []}, "tts": "https://d1vq87e9lcf771.cloudfront.net/miguel/158211501bbdacb919de50824c696f4e"}, {"value": " "}, {"value": "ubicaci\u00f3n", "hintTable": {"rows": [[{"hint": "location", "colspan": 1}], [{"hint": "position", "colspan": 1}]], "references": []}, "tts": "https://d1vq87e9lcf771.cloudfront.net/miguel/b82d5b103ec48136a40c7bede8b3c1dc"}, {"value": " "}, {"value": "es", "hintTable": {"rows": [[{"hint": "is", "colspan": 1}], [{"hint": "(it) is", "colspan": 1}], [{"hint": "(she) is", "colspan": 1}]], "references": []}, "tts": "https://d1vq87e9lcf771.cloudfront.net/miguel/88bcf53446c728520f69b8a164c6e011"}, {"value": " "}, {"value": "mala", "hintTable": {"rows": [[{"hint": "bad", "colspan": 1}], [{"hint": "wrong", "colspan": 1}], [{"hint": "poor", "colspan": 1}]], "references": []}, "tts": "https://d1vq87e9lcf771.cloudfront.net/miguel/58121de66561fb5b15962c5cb13dc437"}, {"value": " "}, {"value": "porque", "hintTable": {"rows": [[{"hint": "because", "colspan": 1}], [{"hint": "that", "colspan": 1}], [{"hint": "since", "colspan": 1}]], "references": []}, "tts": "https://d1vq87e9lcf771.cloudfront.net/miguel/91b6dda819648cb66499d3ba579671e8"}, {"value": " "}, {"value": "hay", "hintTable": {"rows": [[{"hint": "is", "colspan": 1}], [{"hint": "there's", "colspan": 1}], [{"hint": "there is", "colspan": 1}]], "references": []}, "tts": "https://d1vq87e9lcf771.cloudfront.net/miguel/1d9ea3c65d14851be46d5babf4f8b9e7"}, {"value": " "}, {"value": "ruido", "hintTable": {"rows": [[{"hint": "noise", "colspan": 1}], [{"hint": "noisy", "colspan": 1}], [{"hint": "sound", "colspan": 1}]], "references": []}, "tts": "https://d1vq87e9lcf771.cloudfront.net/miguel/e2f25588cb73bd0d832711d6855df0c8"}, {"value": " "}, {"value": "todo", "hintTable": {"rows": [[{"hint": "all", "colspan": 1}], [{"hint": "whole", "colspan": 1}], [{"hint": "entire", "colspan": 1}]], "references": []}, "tts": "https://d1vq87e9lcf771.cloudfront.net/miguel/0762f052a7702a70446bc257cd3a8a29"}, {"value": " "}, {"value": "el", "hintTable": {"rows": [[{"hint": "the", "colspan": 1}], [{"hint": "your", "colspan": 1}], [{"hint": "her", "colspan": 1}]], "references": []}, "tts": "https://d1vq87e9lcf771.cloudfront.net/penelope/b47f0c6243dc0dd607abd744189eec05"}, {"value": " "}, {"value": "d\u00eda", "hintTable": {"rows": [[{"hint": "day", "colspan": 1}]], "references": []}, "tts": "https://d1vq87e9lcf771.cloudfront.net/miguel/fa27b6757238681c4b0a81bd5b6d1e68"}, {"value": "."}]}, "subtext": {"styledString": {"text": "That location is bad because there's noise all day.", "styling": [{"from": 0, "to": 51, "attributes": {"alignment": "left", "fontSize": 19, "fontWeight": "normal", "textColor": "AFAFAF", "lineSpacing": 5}}]}, "tokenTTS": {"tokenTTSCollection": []}}, "ttsURL": "https://d1vq87e9lcf771.cloudfront.net/miguel/caeba6da19df80c5af13e91358cbaa73"}, {"text": {"styledString": {"text": "S\u00ed, un apartamento en la avenida siempre es ruidoso.", "styling": [{"from": 0, "to": 52, "attributes": {"alignment": "left", "fontSize": 19, "fontWeight": "normal", "textColor": "4B4B4B", "lineSpacing": 5}}]}, "tokenTTS": {"tokenTTSCollection": []}, "blockHints": [{"value": "S\u00ed", "hintTable": {"rows": [[{"hint": "we do", "colspan": 1}], [{"hint": "yeah", "colspan": 1}], [{"hint": "I do", "colspan": 1}]], "references": []}, "tts": "https://d1vq87e9lcf771.cloudfront.net/miguel/04b793f812f070e10d57115925381be8"}, {"value": ","}, {"value": " "}, {"value": "un", "hintTable": {"rows": [[{"hint": "a", "colspan": 1}], [{"hint": "an", "colspan": 1}], [{"hint": "one", "colspan": 1}]], "references": []}, "tts": "https://d1vq87e9lcf771.cloudfront.net/miguel/77f436e44094f0912fa76368e873f996"}, {"value": " "}, {"value": "apartamento", "hintTable": {"rows": [[{"hint": "apartment", "colspan": 1}]], "references": []}, "tts": "https://d1vq87e9lcf771.cloudfront.net/miguel/c7c616ca8ea440c9314e4531def3d681"}, {"value": " "}, {"value": "en", "hintTable": {"headers": ["en", "la"], "rows": [[{"hint": "to", "colspan": 2}], [{"hint": "under", "colspan": 1}, {"colspan": 1}], [{"hint": "with", "colspan": 1}, {"colspan": 1}], [{"hint": "a", "colspan": 1}, {"colspan": 1}]], "references": [4]}, "tts": "https://d1vq87e9lcf771.cloudfront.net/miguel/953baa0ff97009a5374e3a2695ce7f5c"}, {"value": " "}, {"value": "la", "hintTable": {"headers": ["en", "la"], "rows": [[{"hint": "to", "colspan": 2}], [{"colspan": 1}, {"hint": "the", "colspan": 1}], [{"colspan": 1}, {"hint": "your", "colspan": 1}], [{"colspan": 1}, {"hint": "her", "colspan": 1}]], "references": [3]}, "tts": "https://d1vq87e9lcf771.cloudfront.net/miguel/e9ea010281921357dd4b130d51e7488b"}, {"value": " "}, {"value": "avenida", "hintTable": {"rows": [[{"hint": "drive", "colspan": 1}], [{"hint": "boulevard", "colspan": 1}], [{"hint": "reconciled", "colspan": 1}]], "references": []}, "tts": "https://d1vq87e9lcf771.cloudfront.net/miguel/63b5a8bafb886562e398de13021f103d"}, {"value": " "}, {"value": "siempre", "hintTable": {"rows": [[{"hint": "always", "colspan": 1}], [{"hint": "forever", "colspan": 1}], [{"hint": "ever", "colspan": 1}]], "references": []}, "tts": "https://d1vq87e9lcf771.cloudfront.net/miguel/e06789c21057e74b0947ee54e94651a2"}, {"value": " "}, {"value": "es", "hintTable": {"rows": [[{"hint": "is", "colspan": 1}], [{"hint": "are you", "colspan": 1}], [{"hint": "it's", "colspan": 1}]], "references": []}, "tts": "https://d1vq87e9lcf771.cloudfront.net/miguel/88bcf53446c728520f69b8a164c6e011"}, {"value": " "}, {"value": "ruidoso", "hintTable": {"rows": [[{"hint": "noisy", "colspan": 1}], [{"hint": "much talked-about", "colspan": 1}], [{"hint": "loud", "colspan": 1}]], "references": []}, "tts": "https://d1vq87e9lcf771.cloudfront.net/miguel/9c2b2514ec9b100b84ceb3559036885c"}, {"value": "."}]}, "subtext": {"styledString": {"text": "Yes, an apartment on the avenue is always noisy.", "styling": [{"from": 0, "to": 48, "attributes": {"alignment": "left", "fontSize": 19, "fontWeight": "normal", "textColor": "AFAFAF", "lineSpacing": 5}}]}, "tokenTTS": {"tokenTTSCollection": []}}, "ttsURL": "https://d1vq87e9lcf771.cloudfront.net/miguel/8de76060bef0d45071bf4583b9126863"}]}, "meta": {"autoPlayableTTS": [], "sectionIndex": 0, "backgroundColor": null}}, {"type": "verticalSpace", "element": 16, "meta": {"autoPlayableTTS": [], "sectionIndex": 0, "backgroundColor": null}}, {"type": "dialogue", "element": {"phrases": [{"text": {"styledString": {"text": "Esperaba que no vieras las manchas en la pared.", "styling": [{"from": 0, "to": 47, "attributes": {"alignment": "left", "fontSize": 19, "fontWeight": "normal", "textColor": "4B4B4B", "lineSpacing": 5}}]}, "tokenTTS": {"tokenTTSCollection": []}, "blockHints": [{"value": "Esperaba", "hintTable": {"headers": ["esperaba", "que"], "rows": [[{"hint": "hoped", "colspan": 2}], [{"hint": "(I/he/she/it/you) hoped", "colspan": 1}, {"colspan": 1}], [{"hint": "hoped", "colspan": 1}, {"colspan": 1}], [{"hint": "(I/he/she/it/you) used to hold on", "colspan": 1}, {"colspan": 1}]], "references": [1]}, "tts": "https://d1vq87e9lcf771.cloudfront.net/miguel/297fd1d4351ca698a7610cf794e447da"}, {"value": " "}, {"value": "que", "hintTable": {"headers": ["esperaba", "que"], "rows": [[{"hint": "hoped", "colspan": 2}], [{"colspan": 1}, {"hint": "that", "colspan": 1}], [{"colspan": 1}, {"hint": "because", "colspan": 1}], [{"colspan": 1}, {"hint": "I hope", "colspan": 1}]], "references": [0]}, "tts": "https://d1vq87e9lcf771.cloudfront.net/miguel/a1ac789b0b8d37cb82d476eff39cdd67"}, {"value": " "}, {"value": "no", "hintTable": {"rows": [[{"hint": "didn't", "colspan": 1}], [{"hint": "n't", "colspan": 1}], [{"hint": "wasn't", "colspan": 1}]], "references": []}, "tts": "https://d1vq87e9lcf771.cloudfront.net/miguel/e56dc9c59b5e999bbe4a986911a59034"}, {"value": " "}, {"value": "vieras", "hintTable": {"rows": [[{"hint": "(you) see", "colspan": 1}], [{"hint": "see", "colspan": 1}], [{"hint": "(you) see oneself", "colspan": 1}]], "references": []}, "tts": "https://d1vq87e9lcf771.cloudfront.net/miguel/18ccdb942de8b6acbdb664470f745b0e"}, {"value": " "}, {"value": "las", "hintTable": {"rows": [[{"hint": "the", "colspan": 1}], [{"hint": "your", "colspan": 1}], [{"hint": "their", "colspan": 1}]], "references": []}, "tts": "https://d1vq87e9lcf771.cloudfront.net/miguel/091132295dc9ca2d2c6c7bec077b625b"}, {"value": " "}, {"value": "manchas", "hintTable": {"rows": [[{"hint": "stains", "colspan": 1}]], "references": []}, "tts": "https://d1vq87e9lcf771.cloudfront.net/miguel/ba1eb4320c523d3907ddeadcab9d46c2"}, {"value": " "}, {"value": "en", "hintTable": {"headers": ["en", "la"], "rows": [[{"hint": "to", "colspan": 2}], [{"hint": "on", "colspan": 1}, {"colspan": 1}], [{"hint": "at", "colspan": 1}, {"colspan": 1}], [{"hint": "under", "colspan": 1}, {"colspan": 1}]], "references": [7]}, "tts": "https://d1vq87e9lcf771.cloudfront.net/miguel/953baa0ff97009a5374e3a2695ce7f5c"}, {"value": " "}, {"value": "la", "hintTable": {"headers": ["en", "la"], "rows": [[{"hint": "to", "colspan": 2}], [{"colspan": 1}, {"hint": "the", "colspan": 1}], [{"colspan": 1}, {"hint": "your", "colspan": 1}], [{"colspan": 1}, {"hint": "her", "colspan": 1}]], "references": [6]}, "tts": "https://d1vq87e9lcf771.cloudfront.net/miguel/e9ea010281921357dd4b130d51e7488b"}, {"value": " "}, {"value": "pared", "hintTable": {"rows": [[{"hint": "wall", "colspan": 1}]], "references": []}, "tts": "https://d1vq87e9lcf771.cloudfront.net/miguel/153e844242833f11cb4b875f912bac75"}, {"value": "."}]}, "subtext": {"styledString": {"text": "She hoped that you didn't see the stains on the wall.", "styling": [{"from": 0, "to": 53, "attributes": {"alignment": "left", "fontSize": 19, "fontWeight": "normal", "textColor": "AFAFAF", "lineSpacing": 5}}]}, "tokenTTS": {"tokenTTSCollection": []}}, "ttsURL": "https://d1vq87e9lcf771.cloudfront.net/miguel/9faf1e997973178a31c9591375908a69"}]}, "meta": {"autoPlayableTTS": [], "sectionIndex": 0, "backgroundColor": null}}, {"type": "verticalSpace", "element": 16, "meta": {"autoPlayableTTS": [], "sectionIndex": 0, "backgroundColor": null}}, {"type": "dialogue", "element": {"phrases": [{"text": {"styledString": {"text": "\u00bfAl menos arreglaron el timbre?", "styling": [{"from": 0, "to": 31, "attributes": {"alignment": "left", "fontSize": 19, "fontWeight": "normal", "textColor": "4B4B4B", "lineSpacing": 5}}]}, "tokenTTS": {"tokenTTSCollection": []}, "blockHints": [{"value": "\u00bf"}, {"value": "Al", "hintTable": {"headers": ["al", "menos"], "rows": [[{"hint": "at least", "colspan": 2}], [{"hint": "anyway", "colspan": 2}], [{"hint": "the", "colspan": 1}, {"colspan": 1}], [{"hint": "at", "colspan": 1}, {"colspan": 1}], [{"hint": "to the", "colspan": 1}, {"colspan": 1}]], "references": [1]}, "tts": "https://d1vq87e9lcf771.cloudfront.net/miguel/96cab1b14b78e988600b8ec5432007c6"}, {"value": " "}, {"value": "menos", "hintTable": {"headers": ["al", "menos"], "rows": [[{"hint": "at least", "colspan": 2}], [{"hint": "anyway", "colspan": 2}], [{"colspan": 1}, {"hint": "least", "colspan": 1}], [{"colspan": 1}, {"hint": "minus", "colspan": 1}], [{"colspan": 1}, {"hint": "fewer", "colspan": 1}]], "references": [0]}, "tts": "https://d1vq87e9lcf771.cloudfront.net/miguel/72c526327bc72510084378d5e89f86df"}, {"value": " "}, {"value": "arreglaron", "hintTable": {"rows": [[{"hint": "(?) did they fix", "colspan": 1}], [{"hint": "fix", "colspan": 1}], [{"hint": "fixed", "colspan": 1}]], "references": []}, "tts": "https://d1vq87e9lcf771.cloudfront.net/miguel/6709cf0162642ccd48d367e370ec59fb"}, {"value": " "}, {"value": "el", "hintTable": {"rows": [[{"hint": "the", "colspan": 1}], [{"hint": "your", "colspan": 1}], [{"hint": "their", "colspan": 1}]], "references": []}, "tts": "https://d1vq87e9lcf771.cloudfront.net/penelope/b47f0c6243dc0dd607abd744189eec05"}, {"value": " "}, {"value": "timbre", "hintTable": {"rows": [[{"hint": "doorbell", "colspan": 1}], [{"hint": "ringing", "colspan": 1}]], "references": []}, "tts": "https://d1vq87e9lcf771.cloudfront.net/miguel/7cea7178a3ac236056bd92e35bde3d5e"}, {"value": "?"}]}, "subtext": {"styledString": {"text": "Did they at least fix the doorbell?", "styling": [{"from": 0, "to": 35, "attributes": {"alignment": "left", "fontSize": 19, "fontWeight": "normal", "textColor": "AFAFAF", "lineSpacing": 5}}]}, "tokenTTS": {"tokenTTSCollection": []}}, "ttsURL": "https://d1vq87e9lcf771.cloudfront.net/miguel/d68c3f8882386687745a091fffd3053e"}, {"text": {"styledString": {"text": "No, el propietario dijo que el timbre no suena.", "styling": [{"from": 0, "to": 47, "attributes": {"alignment": "left", "fontSize": 19, "fontWeight": "normal", "textColor": "4B4B4B", "lineSpacing": 5}}]}, "tokenTTS": {"tokenTTSCollection": []}, "blockHints": [{"value": "No", "hintTable": {"rows": [[{"hint": "do not", "colspan": 1}], [{"hint": "wasn't", "colspan": 1}], [{"hint": "n't", "colspan": 1}]], "references": []}, "tts": "https://d1vq87e9lcf771.cloudfront.net/miguel/e56dc9c59b5e999bbe4a986911a59034"}, {"value": ","}, {"value": " "}, {"value": "el", "hintTable": {"rows": [[{"hint": "the", "colspan": 1}], [{"hint": "your", "colspan": 1}], [{"hint": "her", "colspan": 1}]], "references": []}, "tts": "https://d1vq87e9lcf771.cloudfront.net/penelope/b47f0c6243dc0dd607abd744189eec05"}, {"value": " "}, {"value": "propietario", "hintTable": {"rows": [[{"hint": "owner", "colspan": 1}], [{"hint": "proprietor", "colspan": 1}], [{"hint": "landowner", "colspan": 1}]], "references": []}, "tts": "https://d1vq87e9lcf771.cloudfront.net/miguel/b9f5c317aac93c6e8bed8921848e4644"}, {"value": " "}, {"value": "dijo", "hintTable": {"rows": [[{"hint": "(he) said", "colspan": 1}], [{"hint": "(he) told", "colspan": 1}], [{"hint": "said", "colspan": 1}]], "references": []}, "tts": "https://d1vq87e9lcf771.cloudfront.net/miguel/087938a03f92f5bd87b3547b75d74b59"}, {"value": " "}, {"value": "que", "hintTable": {"rows": [[{"hint": "because", "colspan": 1}], [{"hint": "that", "colspan": 1}], [{"hint": "I hope", "colspan": 1}]], "references": []}, "tts": "https://d1vq87e9lcf771.cloudfront.net/miguel/a1ac789b0b8d37cb82d476eff39cdd67"}, {"value": " "}, {"value": "el", "hintTable": {"rows": [[{"hint": "the", "colspan": 1}], [{"hint": "your", "colspan": 1}], [{"hint": "her", "colspan": 1}]], "references": []}, "tts": "https://d1vq87e9lcf771.cloudfront.net/penelope/b47f0c6243dc0dd607abd744189eec05"}, {"value": " "}, {"value": "timbre", "hintTable": {"rows": [[{"hint": "doorbell", "colspan": 1}], [{"hint": "ringing", "colspan": 1}]], "references": []}, "tts": "https://d1vq87e9lcf771.cloudfront.net/miguel/7cea7178a3ac236056bd92e35bde3d5e"}, {"value": " "}, {"value": "no", "hintTable": {"rows": [[{"hint": "do not", "colspan": 1}], [{"hint": "wasn't", "colspan": 1}], [{"hint": "n't", "colspan": 1}]], "references": []}, "tts": "https://d1vq87e9lcf771.cloudfront.net/miguel/e56dc9c59b5e999bbe4a986911a59034"}, {"value": " "}, {"value": "suena", "hintTable": {"rows": [[{"hint": "(it) is ringing", "colspan": 1}], [{"hint": "(it) sounds", "colspan": 1}], [{"hint": "sound", "colspan": 1}]], "references": []}, "tts": "https://d1vq87e9lcf771.cloudfront.net/miguel/94d456084d9a8e6306ffa328727b39dd"}, {"value": "."}]}, "subtext": {"styledString": {"text": "No, the owner said that the doorbell doesn't ring.", "styling": [{"from": 0, "to": 50, "attributes": {"alignment": "left", "fontSize": 19, "fontWeight": "normal", "textColor": "AFAFAF", "lineSpacing": 5}}]}, "tokenTTS": {"tokenTTSCollection": []}}, "ttsURL": "https://d1vq87e9lcf771.cloudfront.net/miguel/609efb804b779bf97f36a32e914d3f0a"}]}, "meta": {"autoPlayableTTS": [], "sectionIndex": 0, "backgroundColor": null}}, {"type": "verticalSpace", "element": 24, "meta": {"autoPlayableTTS": [], "sectionIndex": 0, "backgroundColor": null}}], "resourcesToPrefetch": [{"required": false, "url": "https://d1vq87e9lcf771.cloudfront.net/miguel/8de76060bef0d45071bf4583b9126863", "type": "mp3"}, {"required": false, "url": "https://d1vq87e9lcf771.cloudfront.net/miguel/609efb804b779bf97f36a32e914d3f0a", "type": "mp3"}, {"required": false, "url": "https://d1vq87e9lcf771.cloudfront.net/miguel/d68c3f8882386687745a091fffd3053e", "type": "mp3"}, {"required": false, "url": "https://d1vq87e9lcf771.cloudfront.net/miguel/caeba6da19df80c5af13e91358cbaa73", "type": "mp3"}, {"required": false, "url": "https://d1vq87e9lcf771.cloudfront.net/miguel/9faf1e997973178a31c9591375908a69", "type": "mp3"}]}