{"elements": [{"type": "verticalSpace", "element": 2, "meta": {"autoPlayableTTS": [], "sectionIndex": 0, "backgroundColor": "E5E5E5"}}, {"type": "verticalSpace", "element": 24, "meta": {"autoPlayableTTS": [], "sectionIndex": 0, "backgroundColor": null}}, {"type": "text", "element": {"styledString": {"text": "KEY PHRASES", "styling": [{"from": 0, "to": 11, "attributes": {"alignment": "left", "fontSize": 17, "fontWeight": "bold", "textColor": "1CB0F6", "lineSpacing": 4}}]}, "tokenTTS": {"tokenTTSCollection": []}}, "meta": {"autoPlayableTTS": [], "sectionIndex": 0, "backgroundColor": null}}, {"type": "verticalSpace", "element": 8, "meta": {"autoPlayableTTS": [], "sectionIndex": 0, "backgroundColor": null}}, {"type": "text", "element": {"styledString": {"text": "Request a refund", "styling": [{"from": 0, "to": 16, "attributes": {"alignment": "left", "fontSize": 25, "fontWeight": "bold", "textColor": "4B4B4B", "lineSpacing": 4}}]}, "tokenTTS": {"tokenTTSCollection": []}}, "meta": {"autoPlayableTTS": [], "sectionIndex": 0, "backgroundColor": null}}, {"type": "verticalSpace", "element": 16, "meta": {"autoPlayableTTS": [], "sectionIndex": 0, "backgroundColor": null}}, {"type": "dialogue", "element": {"phrases": [{"text": {"styledString": {"text": "Est-il possible de retourner ces articles ?", "styling": [{"from": 0, "to": 43, "attributes": {"alignment": "left", "fontSize": 19, "fontWeight": "normal", "textColor": "4B4B4B", "lineSpacing": 5}}]}, "tokenTTS": {"tokenTTSCollection": []}, "blockHints": [{"value": "Est", "hintTable": {"headers": ["est", "-", "il"], "rows": [[{"hint": "is it", "colspan": 2}], [{"hint": "is", "colspan": 2}], [{"hint": "is he", "colspan": 2}], [{"hint": "is", "colspan": 1}, {"colspan": 1}], [{"hint": "'s", "colspan": 1}, {"colspan": 1}], [{"hint": "east", "colspan": 1}, {"colspan": 1}]], "references": [1]}, "tts": "https://d1vq87e9lcf771.cloudfront.net/beafr/878a35a874ca5ef63f6af2af92a1a0a4"}, {"value": "-"}, {"value": "il", "hintTable": {"headers": ["est", "-", "il"], "rows": [[{"hint": "is it", "colspan": 2}], [{"hint": "is", "colspan": 2}], [{"hint": "is he", "colspan": 2}], [{"colspan": 1}, {"hint": "it", "colspan": 1}], [{"colspan": 1}, {"hint": "him", "colspan": 1}], [{"colspan": 1}, {"hint": "he", "colspan": 1}]], "references": [0]}, "tts": "https://d1vq87e9lcf771.cloudfront.net/danielle/2cc14eeacdf034fdbb20a8fbdb782326"}, {"value": " "}, {"value": "possible", "hintTable": {"rows": [[{"hint": "possible", "colspan": 1}]], "references": []}, "tts": "https://d1vq87e9lcf771.cloudfront.net/danielle/134b9e53c09504a90278e853e65b4a81"}, {"value": " "}, {"value": "de", "hintTable": {"rows": [[{"hint": "to", "colspan": 1}], [{"hint": "'s", "colspan": 1}], [{"hint": "any", "colspan": 1}]], "references": []}, "tts": "https://d1vq87e9lcf771.cloudfront.net/danielle/440a31450593e609451ea2168f76e988"}, {"value": " "}, {"value": "retourner", "hintTable": {"rows": [[{"hint": "return", "colspan": 1}], [{"hint": "to go back", "colspan": 1}], [{"hint": "go back", "colspan": 1}]], "references": []}, "tts": "https://d1vq87e9lcf771.cloudfront.net/danielle/dbea703258bda4c565aff8ab80d3bb39"}, {"value": " "}, {"value": "ces", "hintTable": {"rows": [[{"hint": "these", "colspan": 1}], [{"hint": "those", "colspan": 1}], [{"hint": "this", "colspan": 1}]], "references": []}, "tts": "https://d1vq87e9lcf771.cloudfront.net/danielle/ef450df7df84305c73316c2e5fc80399"}, {"value": " "}, {"value": "articles", "hintTable": {"rows": [[{"hint": "items", "colspan": 1}], [{"hint": "articles", "colspan": 1}]], "references": []}, "tts": "https://d1vq87e9lcf771.cloudfront.net/danielle/a1da90d6607c54d34618c9edb44e5e50"}, {"value": " "}, {"value": "?"}]}, "subtext": {"styledString": {"text": "Is it possible to return these items?", "styling": [{"from": 0, "to": 37, "attributes": {"alignment": "left", "fontSize": 19, "fontWeight": "normal", "textColor": "AFAFAF", "lineSpacing": 5}}]}, "tokenTTS": {"tokenTTSCollection": []}}, "ttsURL": "https://d1vq87e9lcf771.cloudfront.net/danielle/f9e24cf36bbb55eaef50ec8a20e09ece"}, {"text": {"styledString": {"text": "Oui bien s\u00fbr, vous pr\u00e9f\u00e9rez un remboursement ou un avoir ?", "styling": [{"from": 0, "to": 58, "attributes": {"alignment": "left", "fontSize": 19, "fontWeight": "normal", "textColor": "4B4B4B", "lineSpacing": 5}}]}, "tokenTTS": {"tokenTTSCollection": []}, "blockHints": [{"value": "Oui", "hintTable": {"rows": [[{"hint": "yes", "colspan": 1}]], "references": []}, "tts": "https://d1vq87e9lcf771.cloudfront.net/danielle/18b92825cd15e502daa75a0d64f3cdd4"}, {"value": " "}, {"value": "bien", "hintTable": {"headers": ["bien", "s\u00fbr"], "rows": [[{"hint": "of course", "colspan": 2}], [{"hint": "certainly", "colspan": 2}], [{"hint": "OK", "colspan": 1}, {"colspan": 1}], [{"hint": "good", "colspan": 1}, {"colspan": 1}], [{"hint": "well", "colspan": 1}, {"colspan": 1}]], "references": [2]}, "tts": "https://d1vq87e9lcf771.cloudfront.net/danielle/862755892c14d73cf0363168fb742d70"}, {"value": " "}, {"value": "s\u00fbr", "hintTable": {"headers": ["bien", "s\u00fbr"], "rows": [[{"hint": "of course", "colspan": 2}], [{"hint": "certainly", "colspan": 2}], [{"colspan": 1}, {"hint": "safe", "colspan": 1}], [{"colspan": 1}, {"hint": "sure", "colspan": 1}]], "references": [1]}, "tts": "https://d1vq87e9lcf771.cloudfront.net/danielle/591d386553aa3874274397447ba83628"}, {"value": ","}, {"value": " "}, {"value": "vous", "hintTable": {"rows": [[{"hint": "for you", "colspan": 1}], [{"hint": "you", "colspan": 1}], [{"hint": "yourself", "colspan": 1}]], "references": []}, "tts": "https://d1vq87e9lcf771.cloudfront.net/danielle/480892a594f400f082857d91ad80c042"}, {"value": " "}, {"value": "pr\u00e9f\u00e9rez", "hintTable": {"rows": [[{"hint": "prefer", "colspan": 1}]], "references": []}, "tts": "https://d1vq87e9lcf771.cloudfront.net/danielle/be87accfdf9a6ec036a95dd95dbfa356"}, {"value": " "}, {"value": "un", "hintTable": {"rows": [[{"hint": "an", "colspan": 1}], [{"hint": "a", "colspan": 1}], [{"hint": "one", "colspan": 1}]], "references": []}, "tts": "https://d1vq87e9lcf771.cloudfront.net/danielle/848ed0134fe5035cc26127d08f5412fe"}, {"value": " "}, {"value": "remboursement", "hintTable": {"rows": [[{"hint": "refund", "colspan": 1}]], "references": []}, "tts": "https://d1vq87e9lcf771.cloudfront.net/danielle/be088683453f1aea35f01e2edd294a56"}, {"value": " "}, {"value": "ou", "hintTable": {"rows": [[{"hint": "or", "colspan": 1}], [{"hint": "either", "colspan": 1}]], "references": []}, "tts": "https://d1vq87e9lcf771.cloudfront.net/danielle/c5e16e5904b8f6cc2ce522ed97695d21"}, {"value": " "}, {"value": "un", "hintTable": {"rows": [[{"hint": "an", "colspan": 1}], [{"hint": "a", "colspan": 1}], [{"hint": "one", "colspan": 1}]], "references": []}, "tts": "https://d1vq87e9lcf771.cloudfront.net/danielle/848ed0134fe5035cc26127d08f5412fe"}, {"value": " "}, {"value": "avoir", "hintTable": {"rows": [[{"hint": "getting", "colspan": 1}], [{"hint": "get", "colspan": 1}], [{"hint": "having", "colspan": 1}]], "references": []}, "tts": "https://d1vq87e9lcf771.cloudfront.net/danielle/9cff97e866eaf77c3fb054b9c6f4e4f3"}, {"value": " "}, {"value": "?"}]}, "subtext": {"styledString": {"text": "Yes of course, do you prefer a refund or store credit?", "styling": [{"from": 0, "to": 54, "attributes": {"alignment": "left", "fontSize": 19, "fontWeight": "normal", "textColor": "AFAFAF", "lineSpacing": 5}}]}, "tokenTTS": {"tokenTTSCollection": []}}, "ttsURL": "https://d1vq87e9lcf771.cloudfront.net/danielle/2a88dbbd4ccc53dfbc73b8de039ea8c1"}]}, "meta": {"autoPlayableTTS": [], "sectionIndex": 0, "backgroundColor": null}}, {"type": "verticalSpace", "element": 16, "meta": {"autoPlayableTTS": [], "sectionIndex": 0, "backgroundColor": null}}, {"type": "dialogue", "element": {"phrases": [{"text": {"styledString": {"text": "Nous allons trouver une fa\u00e7on de nous mettre d'accord.", "styling": [{"from": 0, "to": 54, "attributes": {"alignment": "left", "fontSize": 19, "fontWeight": "normal", "textColor": "4B4B4B", "lineSpacing": 5}}]}, "tokenTTS": {"tokenTTSCollection": []}, "blockHints": [{"value": "Nous", "hintTable": {"rows": [[{"hint": "we", "colspan": 1}], [{"hint": "to each other", "colspan": 1}], [{"hint": "to us", "colspan": 1}]], "references": []}, "tts": "https://d1vq87e9lcf771.cloudfront.net/danielle/7f1cf4acbc8ec94bd2a083a118772eb6"}, {"value": " "}, {"value": "allons", "hintTable": {"headers": ["allons", "trouver"], "rows": [[{"hint": "(we are) going to find", "colspan": 2}], [{"hint": "going", "colspan": 1}, {"colspan": 1}], [{"hint": "are going to", "colspan": 1}, {"colspan": 1}], [{"hint": "are going", "colspan": 1}, {"colspan": 1}]], "references": [2]}, "tts": "https://d1vq87e9lcf771.cloudfront.net/danielle/70990a1e689543f91c3283ab54f77f9a"}, {"value": " "}, {"value": "trouver", "hintTable": {"headers": ["allons", "trouver"], "rows": [[{"hint": "(we are) going to find", "colspan": 2}], [{"colspan": 1}, {"hint": "to find", "colspan": 1}], [{"colspan": 1}, {"hint": "find", "colspan": 1}], [{"colspan": 1}, {"hint": "finding", "colspan": 1}]], "references": [1]}, "tts": "https://d1vq87e9lcf771.cloudfront.net/danielle/ff73380d27846a50e7e3dc2f15b7ac07"}, {"value": " "}, {"value": "une", "hintTable": {"rows": [[{"hint": "an", "colspan": 1}], [{"hint": "a", "colspan": 1}], [{"hint": "one", "colspan": 1}]], "references": []}, "tts": "https://d1vq87e9lcf771.cloudfront.net/danielle/e7e3e3622f063aced37c857e372d01a5"}, {"value": " "}, {"value": "fa\u00e7on", "hintTable": {"rows": [[{"hint": "way", "colspan": 1}]], "references": []}, "tts": "https://d1vq87e9lcf771.cloudfront.net/danielle/e152c1ef7c3522f7c8ac9dc5efa91cc7"}, {"value": " "}, {"value": "de", "hintTable": {"rows": [[{"hint": "to", "colspan": 1}], [{"hint": "a", "colspan": 1}], [{"hint": "of", "colspan": 1}]], "references": []}, "tts": "https://d1vq87e9lcf771.cloudfront.net/danielle/440a31450593e609451ea2168f76e988"}, {"value": " "}, {"value": "nous", "hintTable": {"headers": ["nous", "mettre", "d'accord"], "rows": [[{"hint": "come to an agreement", "colspan": 3}], [{"hint": "coming to an agreement", "colspan": 3}], [{"hint": "we", "colspan": 1}, {"colspan": 1}, {"colspan": 1}], [{"hint": "to each other", "colspan": 1}, {"colspan": 1}, {"colspan": 1}], [{"hint": "to us", "colspan": 1}, {"colspan": 1}, {"colspan": 1}]], "references": [7, 8]}, "tts": "https://d1vq87e9lcf771.cloudfront.net/danielle/7f1cf4acbc8ec94bd2a083a118772eb6"}, {"value": " "}, {"value": "mettre", "hintTable": {"headers": ["nous", "mettre", "d'accord"], "rows": [[{"hint": "come to an agreement", "colspan": 3}], [{"hint": "coming to an agreement", "colspan": 3}], [{"colspan": 1}, {"hint": "to wear", "colspan": 1}, {"colspan": 1}], [{"colspan": 1}, {"hint": "putting on", "colspan": 1}, {"colspan": 1}], [{"colspan": 1}, {"hint": "put", "colspan": 1}, {"colspan": 1}]], "references": [6, 8]}, "tts": "https://d1vq87e9lcf771.cloudfront.net/danielle/50102ce29e2dba316083f06194ec4a0d"}, {"value": " "}, {"value": "d'accord", "hintTable": {"headers": ["nous", "mettre", "d'accord"], "rows": [[{"hint": "come to an agreement", "colspan": 3}], [{"hint": "coming to an agreement", "colspan": 3}], [{"colspan": 1}, {"colspan": 1}, {"hint": "OK", "colspan": 1}], [{"colspan": 1}, {"colspan": 1}, {"hint": "okay", "colspan": 1}], [{"colspan": 1}, {"colspan": 1}, {"hint": "agree", "colspan": 1}]], "references": [6, 7]}, "tts": "https://d1vq87e9lcf771.cloudfront.net/danielle/58acc7b7e38f82056711d738898109da"}, {"value": "."}]}, "subtext": {"styledString": {"text": "We're going to find a way to come to an agreement.", "styling": [{"from": 0, "to": 50, "attributes": {"alignment": "left", "fontSize": 19, "fontWeight": "normal", "textColor": "AFAFAF", "lineSpacing": 5}}]}, "tokenTTS": {"tokenTTSCollection": []}}, "ttsURL": "https://d1vq87e9lcf771.cloudfront.net/danielle/9794d7c32cf15f7aee7900107af591a2"}]}, "meta": {"autoPlayableTTS": [], "sectionIndex": 0, "backgroundColor": null}}, {"type": "verticalSpace", "element": 16, "meta": {"autoPlayableTTS": [], "sectionIndex": 0, "backgroundColor": null}}, {"type": "dialogue", "element": {"phrases": [{"text": {"styledString": {"text": "Je peux vous proposer un geste commercial.", "styling": [{"from": 0, "to": 42, "attributes": {"alignment": "left", "fontSize": 19, "fontWeight": "normal", "textColor": "4B4B4B", "lineSpacing": 5}}]}, "tokenTTS": {"tokenTTSCollection": []}, "blockHints": [{"value": "Je", "hintTable": {"rows": [[{"hint": "I", "colspan": 1}], [{"hint": "me", "colspan": 1}]], "references": []}, "tts": "https://d1vq87e9lcf771.cloudfront.net/danielle/bc9e4b13acbd7ff5019b443aa471b4de"}, {"value": " "}, {"value": "peux", "hintTable": {"rows": [[{"hint": "can", "colspan": 1}], [{"hint": "am able to", "colspan": 1}], [{"hint": "are able to", "colspan": 1}]], "references": []}, "tts": "https://d1vq87e9lcf771.cloudfront.net/danielle/33f3d5f623bba8a33b29c603e2b579aa"}, {"value": " "}, {"value": "vous", "hintTable": {"rows": [[{"hint": "you", "colspan": 1}], [{"hint": "for you", "colspan": 1}], [{"hint": "to you", "colspan": 1}]], "references": []}, "tts": "https://d1vq87e9lcf771.cloudfront.net/danielle/480892a594f400f082857d91ad80c042"}, {"value": " "}, {"value": "proposer", "hintTable": {"rows": [[{"hint": "offer", "colspan": 1}], [{"hint": "propose", "colspan": 1}], [{"hint": "proposing", "colspan": 1}]], "references": []}, "tts": "https://d1vq87e9lcf771.cloudfront.net/danielle/5f3b1fd93a70028a0c14435839b264d7"}, {"value": " "}, {"value": "un", "hintTable": {"rows": [[{"hint": "a", "colspan": 1}], [{"hint": "an", "colspan": 1}], [{"hint": "one", "colspan": 1}]], "references": []}, "tts": "https://d1vq87e9lcf771.cloudfront.net/danielle/848ed0134fe5035cc26127d08f5412fe"}, {"value": " "}, {"value": "geste", "hintTable": {"headers": ["geste", "commercial"], "rows": [[{"hint": "goodwill gesture", "colspan": 2}], [{"hint": "gesture", "colspan": 1}, {"colspan": 1}], [{"hint": "act", "colspan": 1}, {"colspan": 1}], [{"hint": "movement", "colspan": 1}, {"colspan": 1}]], "references": [6]}, "tts": "https://d1vq87e9lcf771.cloudfront.net/danielle/47ec92877a27d73d309cf49faf8b50ea"}, {"value": " "}, {"value": "commercial", "hintTable": {"headers": ["geste", "commercial"], "rows": [[{"hint": "goodwill gesture", "colspan": 2}]], "references": [5]}, "tts": "https://d1vq87e9lcf771.cloudfront.net/danielle/04c8262600eb2e8e1890d27261d09262"}, {"value": "."}]}, "subtext": {"styledString": {"text": "I can offer you a goodwill gesture.", "styling": [{"from": 0, "to": 35, "attributes": {"alignment": "left", "fontSize": 19, "fontWeight": "normal", "textColor": "AFAFAF", "lineSpacing": 5}}]}, "tokenTTS": {"tokenTTSCollection": []}}, "ttsURL": "https://d1vq87e9lcf771.cloudfront.net/danielle/cd3f3a8a4eac8efd563c4e016749e5ca"}]}, "meta": {"autoPlayableTTS": [], "sectionIndex": 0, "backgroundColor": null}}, {"type": "verticalSpace", "element": 16, "meta": {"autoPlayableTTS": [], "sectionIndex": 0, "backgroundColor": null}}, {"type": "dialogue", "element": {"phrases": [{"text": {"styledString": {"text": "Patientez jusqu'\u00e0 ce que nous trouvions une solution.", "styling": [{"from": 0, "to": 53, "attributes": {"alignment": "left", "fontSize": 19, "fontWeight": "normal", "textColor": "4B4B4B", "lineSpacing": 5}}]}, "tokenTTS": {"tokenTTSCollection": []}, "blockHints": [{"value": "Patientez", "hintTable": {"rows": [[{"hint": "wait", "colspan": 1}]], "references": []}, "tts": "https://d1vq87e9lcf771.cloudfront.net/danielle/c838b0332193596d37d33b6c71ddcc42"}, {"value": " "}, {"value": "jusqu'\u00e0", "hintTable": {"headers": ["jusqu'\u00e0", "ce", "que"], "rows": [[{"hint": "until", "colspan": 3}], [{"hint": "until", "colspan": 1}, {"colspan": 1}, {"colspan": 1}], [{"hint": "to", "colspan": 1}, {"colspan": 1}, {"colspan": 1}], [{"hint": "up to", "colspan": 1}, {"colspan": 1}, {"colspan": 1}]], "references": [2, 3]}, "tts": "https://d1vq87e9lcf771.cloudfront.net/danielle/9e890bb11fe8c3086e2ec7b5d7de5259"}, {"value": " "}, {"value": "ce", "hintTable": {"headers": ["jusqu'\u00e0", "ce", "que"], "rows": [[{"hint": "until", "colspan": 3}], [{"colspan": 1}, {"hint": "what", "colspan": 2}], [{"colspan": 1}, {"hint": "which", "colspan": 2}], [{"colspan": 1}, {"hint": "it", "colspan": 1}, {"colspan": 1}]], "references": [3]}, "tts": "https://d1vq87e9lcf771.cloudfront.net/danielle/7a1b56deded82e10d0dbe21416f241bb"}, {"value": " "}, {"value": "que", "hintTable": {"headers": ["jusqu'\u00e0", "ce", "que"], "rows": [[{"hint": "until", "colspan": 3}], [{"colspan": 1}, {"hint": "what", "colspan": 2}], [{"colspan": 1}, {"hint": "which", "colspan": 2}], [{"colspan": 1}, {"colspan": 1}, {"hint": "for us", "colspan": 2}]], "references": [4]}, "tts": "https://d1vq87e9lcf771.cloudfront.net/danielle/f7a988c9818f00f37039ade65f8d6b1c"}, {"value": " "}, {"value": "nous", "hintTable": {"headers": ["que", "nous"], "rows": [[{"hint": "for us", "colspan": 2}], [{"colspan": 1}, {"hint": "we", "colspan": 1}], [{"colspan": 1}, {"hint": "us", "colspan": 1}], [{"colspan": 1}, {"hint": "to us", "colspan": 1}]], "references": [3]}, "tts": "https://d1vq87e9lcf771.cloudfront.net/danielle/7f1cf4acbc8ec94bd2a083a118772eb6"}, {"value": " "}, {"value": "trouvions", "hintTable": {"rows": [[{"hint": "find", "colspan": 1}], [{"hint": "found", "colspan": 1}]], "references": []}, "tts": "https://d1vq87e9lcf771.cloudfront.net/danielle/adac34e329ed2bbcc2fe82afd43351e0"}, {"value": " "}, {"value": "une", "hintTable": {"rows": [[{"hint": "a", "colspan": 1}], [{"hint": "an", "colspan": 1}], [{"hint": "one", "colspan": 1}]], "references": []}, "tts": "https://d1vq87e9lcf771.cloudfront.net/danielle/e7e3e3622f063aced37c857e372d01a5"}, {"value": " "}, {"value": "solution", "hintTable": {"rows": [[{"hint": "solution", "colspan": 1}]], "references": []}, "tts": "https://d1vq87e9lcf771.cloudfront.net/danielle/95cfddb8a9d54d875cffd5b6290478e0"}, {"value": "."}]}, "subtext": {"styledString": {"text": "Wait until we find a solution.", "styling": [{"from": 0, "to": 30, "attributes": {"alignment": "left", "fontSize": 19, "fontWeight": "normal", "textColor": "AFAFAF", "lineSpacing": 5}}]}, "tokenTTS": {"tokenTTSCollection": []}}, "ttsURL": "https://d1vq87e9lcf771.cloudfront.net/danielle/59c898b4822d54c313375978f9219f95"}]}, "meta": {"autoPlayableTTS": [], "sectionIndex": 0, "backgroundColor": null}}, {"type": "verticalSpace", "element": 16, "meta": {"autoPlayableTTS": [], "sectionIndex": 0, "backgroundColor": null}}, {"type": "dialogue", "element": {"phrases": [{"text": {"styledString": {"text": "On fera tout notre possible pour que vous soyez content.", "styling": [{"from": 0, "to": 56, "attributes": {"alignment": "left", "fontSize": 19, "fontWeight": "normal", "textColor": "4B4B4B", "lineSpacing": 5}}]}, "tokenTTS": {"tokenTTSCollection": []}, "blockHints": [{"value": "On", "hintTable": {"rows": [[{"hint": "you", "colspan": 1}], [{"hint": "we", "colspan": 1}], [{"hint": "one", "colspan": 1}]], "references": []}, "tts": "https://d1vq87e9lcf771.cloudfront.net/danielle/d2cbfd71b6f44951b88f87810127a705"}, {"value": " "}, {"value": "fera", "hintTable": {"rows": [[{"hint": "will do", "colspan": 1}], [{"hint": "will have", "colspan": 1}], [{"hint": "make", "colspan": 1}]], "references": []}, "tts": "https://d1vq87e9lcf771.cloudfront.net/danielle/2f3672e2d0f3bf3705077ff80f1455b7"}, {"value": " "}, {"value": "tout", "hintTable": {"rows": [[{"hint": "everything", "colspan": 1}], [{"hint": "so", "colspan": 1}], [{"hint": "all", "colspan": 1}]], "references": []}, "tts": "https://d1vq87e9lcf771.cloudfront.net/danielle/71131532950192f488af03eb4ee32486"}, {"value": " "}, {"value": "notre", "hintTable": {"rows": [[{"hint": "our", "colspan": 1}]], "references": []}, "tts": "https://d1vq87e9lcf771.cloudfront.net/danielle/99c9a25acd75d22bbdbb02ba548e5f97"}, {"value": " "}, {"value": "possible", "hintTable": {"rows": [[{"hint": "possible", "colspan": 1}]], "references": []}, "tts": "https://d1vq87e9lcf771.cloudfront.net/danielle/134b9e53c09504a90278e853e65b4a81"}, {"value": " "}, {"value": "pour", "hintTable": {"headers": ["pour", "que"], "rows": [[{"hint": "so that", "colspan": 2}], [{"hint": "in order", "colspan": 1}, {"colspan": 1}], [{"hint": "for", "colspan": 1}, {"colspan": 1}], [{"hint": "to", "colspan": 1}, {"colspan": 1}]], "references": [6]}, "tts": "https://d1vq87e9lcf771.cloudfront.net/danielle/295003fd4af02f22731e4534126a4c47"}, {"value": " "}, {"value": "que", "hintTable": {"headers": ["pour", "que"], "rows": [[{"hint": "so that", "colspan": 2}], [{"colspan": 1}, {"hint": "that", "colspan": 1}], [{"colspan": 1}, {"hint": "than", "colspan": 1}], [{"colspan": 1}, {"hint": "those", "colspan": 1}]], "references": [5]}, "tts": "https://d1vq87e9lcf771.cloudfront.net/danielle/f7a988c9818f00f37039ade65f8d6b1c"}, {"value": " "}, {"value": "vous", "hintTable": {"rows": [[{"hint": "you", "colspan": 1}], [{"hint": "for you", "colspan": 1}], [{"hint": "to you", "colspan": 1}]], "references": []}, "tts": "https://d1vq87e9lcf771.cloudfront.net/danielle/480892a594f400f082857d91ad80c042"}, {"value": " "}, {"value": "soyez", "hintTable": {"rows": [[{"hint": "be", "colspan": 1}], [{"hint": "are", "colspan": 1}]], "references": []}, "tts": "https://d1vq87e9lcf771.cloudfront.net/danielle/4e1bbe1fab8e6a3d38922c41c2edf8f3"}, {"value": " "}, {"value": "content", "hintTable": {"rows": [[{"hint": "happy", "colspan": 1}], [{"hint": "pleased", "colspan": 1}], [{"hint": "glad", "colspan": 1}]], "references": []}, "tts": "https://d1vq87e9lcf771.cloudfront.net/danielle/1be67cd011061727059109d67ebb4cae"}, {"value": "."}]}, "subtext": {"styledString": {"text": "We'll do everything possible so that you're happy.", "styling": [{"from": 0, "to": 50, "attributes": {"alignment": "left", "fontSize": 19, "fontWeight": "normal", "textColor": "AFAFAF", "lineSpacing": 5}}]}, "tokenTTS": {"tokenTTSCollection": []}}, "ttsURL": "https://d1vq87e9lcf771.cloudfront.net/danielle/925a9a2eb95bda755b0b73e9c4208fd5"}]}, "meta": {"autoPlayableTTS": [], "sectionIndex": 0, "backgroundColor": null}}, {"type": "verticalSpace", "element": 24, "meta": {"autoPlayableTTS": [], "sectionIndex": 0, "backgroundColor": null}}], "resourcesToPrefetch": [{"required": false, "url": "https://d1vq87e9lcf771.cloudfront.net/danielle/cd3f3a8a4eac8efd563c4e016749e5ca", "type": "mp3"}, {"required": false, "url": "https://d1vq87e9lcf771.cloudfront.net/danielle/925a9a2eb95bda755b0b73e9c4208fd5", "type": "mp3"}, {"required": false, "url": "https://d1vq87e9lcf771.cloudfront.net/danielle/59c898b4822d54c313375978f9219f95", "type": "mp3"}, {"required": false, "url": "https://d1vq87e9lcf771.cloudfront.net/danielle/f9e24cf36bbb55eaef50ec8a20e09ece", "type": "mp3"}, {"required": false, "url": "https://d1vq87e9lcf771.cloudfront.net/danielle/2a88dbbd4ccc53dfbc73b8de039ea8c1", "type": "mp3"}, {"required": false, "url": "https://d1vq87e9lcf771.cloudfront.net/danielle/9794d7c32cf15f7aee7900107af591a2", "type": "mp3"}]}