{"elements": [{"type": "verticalSpace", "element": 2, "meta": {"autoPlayableTTS": [], "sectionIndex": 0, "backgroundColor": "E5E5E5"}}, {"type": "verticalSpace", "element": 24, "meta": {"autoPlayableTTS": [], "sectionIndex": 0, "backgroundColor": null}}, {"type": "text", "element": {"styledString": {"text": "KEY PHRASES", "styling": [{"from": 0, "to": 11, "attributes": {"alignment": "left", "fontSize": 17, "fontWeight": "bold", "textColor": "1CB0F6", "lineSpacing": 4}}]}, "tokenTTS": {"tokenTTSCollection": []}}, "meta": {"autoPlayableTTS": [], "sectionIndex": 0, "backgroundColor": null}}, {"type": "verticalSpace", "element": 8, "meta": {"autoPlayableTTS": [], "sectionIndex": 0, "backgroundColor": null}}, {"type": "text", "element": {"styledString": {"text": "Talk about sports", "styling": [{"from": 0, "to": 17, "attributes": {"alignment": "left", "fontSize": 25, "fontWeight": "bold", "textColor": "4B4B4B", "lineSpacing": 4}}]}, "tokenTTS": {"tokenTTSCollection": []}}, "meta": {"autoPlayableTTS": [], "sectionIndex": 0, "backgroundColor": null}}, {"type": "verticalSpace", "element": 16, "meta": {"autoPlayableTTS": [], "sectionIndex": 0, "backgroundColor": null}}, {"type": "dialogue", "element": {"phrases": [{"text": {"styledString": {"text": "Los ni\u00f1os se juntaron para jugar al f\u00fatbol.", "styling": [{"from": 0, "to": 43, "attributes": {"alignment": "left", "fontSize": 19, "fontWeight": "normal", "textColor": "4B4B4B", "lineSpacing": 5}}]}, "tokenTTS": {"tokenTTSCollection": []}, "blockHints": [{"value": "Los", "hintTable": {"rows": [[{"hint": "the", "colspan": 1}], [{"hint": "their", "colspan": 1}], [{"hint": "your", "colspan": 1}]], "references": []}, "tts": "https://d1vq87e9lcf771.cloudfront.net/miguel/d863d8aa552c7c1c67edddbdd43fc33f"}, {"value": " "}, {"value": "ni\u00f1os", "hintTable": {"rows": [[{"hint": "kids", "colspan": 1}], [{"hint": "children", "colspan": 1}], [{"hint": "boys", "colspan": 1}]], "references": []}, "tts": "https://d1vq87e9lcf771.cloudfront.net/miguel/187a28775828097baf06400d09c8576b"}, {"value": " "}, {"value": "se", "hintTable": {"rows": [[{"hint": "she", "colspan": 1}], [{"hint": "is", "colspan": 1}], [{"hint": "hers", "colspan": 1}]], "references": []}, "tts": "https://d1vq87e9lcf771.cloudfront.net/penelope/50bf590e9131f900980801ba11e0d871"}, {"value": " "}, {"value": "juntaron", "hintTable": {"rows": [[{"hint": "got together", "colspan": 1}], [{"hint": "joined", "colspan": 1}]], "references": []}, "tts": "https://d1vq87e9lcf771.cloudfront.net/miguel/9d790c4911aa75eb5836803db2c552fa"}, {"value": " "}, {"value": "para", "hintTable": {"rows": [[{"hint": "to", "colspan": 1}], [{"hint": "in order to", "colspan": 1}], [{"hint": "have", "colspan": 1}]], "references": []}, "tts": "https://d1vq87e9lcf771.cloudfront.net/miguel/6f3d0512a9245756279b8c3ebecaae1b"}, {"value": " "}, {"value": "jugar", "hintTable": {"rows": [[{"hint": "(to) play", "colspan": 1}], [{"hint": "play", "colspan": 1}], [{"hint": "playing", "colspan": 1}]], "references": []}, "tts": "https://d1vq87e9lcf771.cloudfront.net/miguel/a4356b13500bd17388be64abcea6ffd6"}, {"value": " "}, {"value": "al", "hintTable": {"rows": [[{"hint": "to the", "colspan": 1}], [{"hint": "the", "colspan": 1}], [{"hint": "to", "colspan": 1}]], "references": []}, "tts": "https://d1vq87e9lcf771.cloudfront.net/miguel/96cab1b14b78e988600b8ec5432007c6"}, {"value": " "}, {"value": "f\u00fatbol", "hintTable": {"rows": [[{"hint": "soccer", "colspan": 1}], [{"hint": "football", "colspan": 1}]], "references": []}, "tts": "https://d1vq87e9lcf771.cloudfront.net/miguel/add35ef0f08a610527d32747beffcd5f"}, {"value": "."}]}, "subtext": {"styledString": {"text": "The kids got together to play soccer.", "styling": [{"from": 0, "to": 37, "attributes": {"alignment": "left", "fontSize": 19, "fontWeight": "normal", "textColor": "AFAFAF", "lineSpacing": 5}}]}, "tokenTTS": {"tokenTTSCollection": []}}, "ttsURL": "https://d1vq87e9lcf771.cloudfront.net/miguel/56699a77be7201f34a897df804938972"}]}, "meta": {"autoPlayableTTS": [], "sectionIndex": 0, "backgroundColor": null}}, {"type": "verticalSpace", "element": 16, "meta": {"autoPlayableTTS": [], "sectionIndex": 0, "backgroundColor": null}}, {"type": "dialogue", "element": {"phrases": [{"text": {"styledString": {"text": "Laura y yo nos abrazamos en el entrenamiento.", "styling": [{"from": 0, "to": 45, "attributes": {"alignment": "left", "fontSize": 19, "fontWeight": "normal", "textColor": "4B4B4B", "lineSpacing": 5}}]}, "tokenTTS": {"tokenTTSCollection": []}, "blockHints": [{"value": "Laura", "hintTable": {"rows": [[{"hint": "Laura", "colspan": 1}]], "references": []}, "tts": "https://d1vq87e9lcf771.cloudfront.net/miguel/e728219fa5b987a302b3e63b2c6f45ec"}, {"value": " "}, {"value": "y", "hintTable": {"rows": [[{"hint": "and", "colspan": 1}]], "references": []}, "tts": "https://d1vq87e9lcf771.cloudfront.net/miguel/05e3848edd76360dcc4340e158ad7843"}, {"value": " "}, {"value": "yo", "hintTable": {"rows": [[{"hint": "I", "colspan": 1}], [{"hint": "me", "colspan": 1}], [{"hint": "i'd", "colspan": 1}]], "references": []}, "tts": "https://d1vq87e9lcf771.cloudfront.net/miguel/aa0ff446f41920bd854cbcfe38a476e2"}, {"value": " "}, {"value": "nos", "hintTable": {"headers": ["nos", "abrazamos"], "rows": [[{"hint": "hugged each other", "colspan": 2}], [{"hint": "each other", "colspan": 1}, {"colspan": 1}], [{"hint": "our", "colspan": 1}, {"colspan": 1}], [{"hint": "we", "colspan": 1}, {"colspan": 1}]], "references": [4]}, "tts": "https://d1vq87e9lcf771.cloudfront.net/miguel/3086923da928a5f1e76aee61c55ff0b0"}, {"value": " "}, {"value": "abrazamos", "hintTable": {"headers": ["nos", "abrazamos"], "rows": [[{"hint": "hugged each other", "colspan": 2}], [{"colspan": 1}, {"hint": "hugged", "colspan": 1}], [{"colspan": 1}, {"hint": "(we) hug", "colspan": 1}], [{"colspan": 1}, {"hint": "hug", "colspan": 1}]], "references": [3]}, "tts": "https://d1vq87e9lcf771.cloudfront.net/miguel/5bc91911caab2197d36ce9c5ec55d6ae"}, {"value": " "}, {"value": "en", "hintTable": {"rows": [[{"hint": "at", "colspan": 1}], [{"hint": "a", "colspan": 1}], [{"hint": "to", "colspan": 1}]], "references": []}, "tts": "https://d1vq87e9lcf771.cloudfront.net/miguel/953baa0ff97009a5374e3a2695ce7f5c"}, {"value": " "}, {"value": "el", "hintTable": {"rows": [[{"hint": "the", "colspan": 1}], [{"hint": "our", "colspan": 1}], [{"hint": "your", "colspan": 1}]], "references": []}, "tts": "https://d1vq87e9lcf771.cloudfront.net/penelope/b47f0c6243dc0dd607abd744189eec05"}, {"value": " "}, {"value": "entrenamiento", "hintTable": {"rows": [[{"hint": "practice", "colspan": 1}], [{"hint": "training", "colspan": 1}], [{"hint": "training session", "colspan": 1}]], "references": []}, "tts": "https://d1vq87e9lcf771.cloudfront.net/miguel/25db2daf057e24b92a3c0ada2236dde0"}, {"value": "."}]}, "subtext": {"styledString": {"text": "Laura and I hugged each other at practice.", "styling": [{"from": 0, "to": 42, "attributes": {"alignment": "left", "fontSize": 19, "fontWeight": "normal", "textColor": "AFAFAF", "lineSpacing": 5}}]}, "tokenTTS": {"tokenTTSCollection": []}}, "ttsURL": "https://d1vq87e9lcf771.cloudfront.net/miguel/e3194405475283205e44c2768a49832b"}]}, "meta": {"autoPlayableTTS": [], "sectionIndex": 0, "backgroundColor": null}}, {"type": "verticalSpace", "element": 16, "meta": {"autoPlayableTTS": [], "sectionIndex": 0, "backgroundColor": null}}, {"type": "dialogue", "element": {"phrases": [{"text": {"styledString": {"text": "\u00bfLos dos equipos se saludaron cuando el partido empez\u00f3?", "styling": [{"from": 0, "to": 55, "attributes": {"alignment": "left", "fontSize": 19, "fontWeight": "normal", "textColor": "4B4B4B", "lineSpacing": 5}}]}, "tokenTTS": {"tokenTTSCollection": []}, "blockHints": [{"value": "\u00bf"}, {"value": "Los", "hintTable": {"rows": [[{"hint": "the", "colspan": 1}], [{"hint": "their", "colspan": 1}], [{"hint": "your", "colspan": 1}]], "references": []}, "tts": "https://d1vq87e9lcf771.cloudfront.net/miguel/d863d8aa552c7c1c67edddbdd43fc33f"}, {"value": " "}, {"value": "dos", "hintTable": {"rows": [[{"hint": "two", "colspan": 1}], [{"hint": "2", "colspan": 1}], [{"hint": "second", "colspan": 1}]], "references": []}, "tts": "https://d1vq87e9lcf771.cloudfront.net/miguel/2139e14c4d528990b8b9d3d857cea59f"}, {"value": " "}, {"value": "equipos", "hintTable": {"rows": [[{"hint": "teams", "colspan": 1}], [{"hint": "equipment", "colspan": 1}], [{"hint": "teams'", "colspan": 1}]], "references": []}, "tts": "https://d1vq87e9lcf771.cloudfront.net/miguel/8fc3512fa99ca65f33b518ab900e38e4"}, {"value": " "}, {"value": "se", "hintTable": {"headers": ["se", "saludaron"], "rows": [[{"hint": "greet each other", "colspan": 2}], [{"hint": "greeted each other", "colspan": 2}], [{"hint": "she", "colspan": 1}, {"colspan": 1}], [{"hint": "is", "colspan": 1}, {"colspan": 1}], [{"hint": "hers", "colspan": 1}, {"colspan": 1}]], "references": [4]}, "tts": "https://d1vq87e9lcf771.cloudfront.net/penelope/50bf590e9131f900980801ba11e0d871"}, {"value": " "}, {"value": "saludaron", "hintTable": {"headers": ["se", "saludaron"], "rows": [[{"hint": "greet each other", "colspan": 2}], [{"hint": "greeted each other", "colspan": 2}], [{"colspan": 1}, {"hint": "greet", "colspan": 1}]], "references": [3]}, "tts": "https://d1vq87e9lcf771.cloudfront.net/miguel/bea5a5f0e830fa0eb5675d154bd730fe"}, {"value": " "}, {"value": "cuando", "hintTable": {"rows": [[{"hint": "while", "colspan": 1}], [{"hint": "as", "colspan": 1}], [{"hint": "by the time", "colspan": 1}]], "references": []}, "tts": "https://d1vq87e9lcf771.cloudfront.net/miguel/e4104e82741c212285868a163c377ad6"}, {"value": " "}, {"value": "el", "hintTable": {"rows": [[{"hint": "the", "colspan": 1}], [{"hint": "your", "colspan": 1}], [{"hint": "her", "colspan": 1}]], "references": []}, "tts": "https://d1vq87e9lcf771.cloudfront.net/penelope/b47f0c6243dc0dd607abd744189eec05"}, {"value": " "}, {"value": "partido", "hintTable": {"rows": [[{"hint": "match", "colspan": 1}], [{"hint": "game", "colspan": 1}], [{"hint": "departed", "colspan": 1}]], "references": []}, "tts": "https://d1vq87e9lcf771.cloudfront.net/miguel/da896c02045e043c21520ffc39097199"}, {"value": " "}, {"value": "empez\u00f3", "hintTable": {"rows": [[{"hint": "(he) began", "colspan": 1}], [{"hint": "(?) did it start", "colspan": 1}], [{"hint": "(she) started", "colspan": 1}]], "references": []}, "tts": "https://d1vq87e9lcf771.cloudfront.net/miguel/1580d54f1038d75a1e0678f09da4b748"}, {"value": "?"}]}, "subtext": {"styledString": {"text": "Did the two teams greet each other when the game started?", "styling": [{"from": 0, "to": 57, "attributes": {"alignment": "left", "fontSize": 19, "fontWeight": "normal", "textColor": "AFAFAF", "lineSpacing": 5}}]}, "tokenTTS": {"tokenTTSCollection": []}}, "ttsURL": "https://d1vq87e9lcf771.cloudfront.net/miguel/3078a56c4c81938960904296d34f1a09"}, {"text": {"styledString": {"text": "S\u00ed, y se dieron la mano cuando recibieron los premios.", "styling": [{"from": 0, "to": 54, "attributes": {"alignment": "left", "fontSize": 19, "fontWeight": "normal", "textColor": "4B4B4B", "lineSpacing": 5}}]}, "tokenTTS": {"tokenTTSCollection": []}, "blockHints": [{"value": "S\u00ed", "hintTable": {"rows": [[{"hint": "we do", "colspan": 1}], [{"hint": "yeah", "colspan": 1}], [{"hint": "I do", "colspan": 1}]], "references": []}, "tts": "https://d1vq87e9lcf771.cloudfront.net/miguel/04b793f812f070e10d57115925381be8"}, {"value": ","}, {"value": " "}, {"value": "y", "hintTable": {"rows": [[{"hint": "and", "colspan": 1}]], "references": []}, "tts": "https://d1vq87e9lcf771.cloudfront.net/miguel/05e3848edd76360dcc4340e158ad7843"}, {"value": " "}, {"value": "se", "hintTable": {"headers": ["se", "dieron", "la", "mano"], "rows": [[{"hint": "shook their hand", "colspan": 4}], [{"hint": "shook hands", "colspan": 4}], [{"hint": "she", "colspan": 1}, {"colspan": 1}, {"colspan": 1}, {"colspan": 1}], [{"hint": "is", "colspan": 1}, {"colspan": 1}, {"colspan": 1}, {"colspan": 1}], [{"hint": "hers", "colspan": 1}, {"colspan": 1}, {"colspan": 1}, {"colspan": 1}]], "references": [3, 4, 5]}, "tts": "https://d1vq87e9lcf771.cloudfront.net/penelope/50bf590e9131f900980801ba11e0d871"}, {"value": " "}, {"value": "dieron", "hintTable": {"headers": ["se", "dieron", "la", "mano"], "rows": [[{"hint": "shook their hand", "colspan": 4}], [{"hint": "shook hands", "colspan": 4}], [{"colspan": 1}, {"hint": "made", "colspan": 1}, {"colspan": 1}, {"colspan": 1}], [{"colspan": 1}, {"hint": "performed", "colspan": 1}, {"colspan": 1}, {"colspan": 1}], [{"colspan": 1}, {"hint": "(they) gave", "colspan": 1}, {"colspan": 1}, {"colspan": 1}]], "references": [2, 4, 5]}, "tts": "https://d1vq87e9lcf771.cloudfront.net/miguel/fb99b167fa93c0af37df149f5ebd2460"}, {"value": " "}, {"value": "la", "hintTable": {"headers": ["se", "dieron", "la", "mano"], "rows": [[{"hint": "shook their hand", "colspan": 4}], [{"hint": "shook hands", "colspan": 4}], [{"colspan": 1}, {"colspan": 1}, {"hint": "the", "colspan": 1}, {"colspan": 1}], [{"colspan": 1}, {"colspan": 1}, {"hint": "your", "colspan": 1}, {"colspan": 1}], [{"colspan": 1}, {"colspan": 1}, {"hint": "her", "colspan": 1}, {"colspan": 1}]], "references": [2, 3, 5]}, "tts": "https://d1vq87e9lcf771.cloudfront.net/miguel/e9ea010281921357dd4b130d51e7488b"}, {"value": " "}, {"value": "mano", "hintTable": {"headers": ["se", "dieron", "la", "mano"], "rows": [[{"hint": "shook their hand", "colspan": 4}], [{"hint": "shook hands", "colspan": 4}], [{"colspan": 1}, {"colspan": 1}, {"colspan": 1}, {"hint": "hand", "colspan": 1}]], "references": [2, 3, 4]}, "tts": "https://d1vq87e9lcf771.cloudfront.net/miguel/ce123cc3456107dc538a9bcce73f881e"}, {"value": " "}, {"value": "cuando", "hintTable": {"rows": [[{"hint": "while", "colspan": 1}], [{"hint": "as", "colspan": 1}], [{"hint": "by the time", "colspan": 1}]], "references": []}, "tts": "https://d1vq87e9lcf771.cloudfront.net/miguel/e4104e82741c212285868a163c377ad6"}, {"value": " "}, {"value": "recibieron", "hintTable": {"rows": [[{"hint": "(?) did you receive", "colspan": 1}], [{"hint": "received", "colspan": 1}], [{"hint": "(they) got", "colspan": 1}]], "references": []}, "tts": "https://d1vq87e9lcf771.cloudfront.net/miguel/5b1af8ab0ffe45f8d9b51e3ed6c4e7bf"}, {"value": " "}, {"value": "los", "hintTable": {"rows": [[{"hint": "the", "colspan": 1}], [{"hint": "their", "colspan": 1}], [{"hint": "your", "colspan": 1}]], "references": []}, "tts": "https://d1vq87e9lcf771.cloudfront.net/miguel/d863d8aa552c7c1c67edddbdd43fc33f"}, {"value": " "}, {"value": "premios", "hintTable": {"rows": [[{"hint": "prizes", "colspan": 1}], [{"hint": "awards", "colspan": 1}]], "references": []}, "tts": "https://d1vq87e9lcf771.cloudfront.net/miguel/318114362288dffc3e35cd44b199b398"}, {"value": "."}]}, "subtext": {"styledString": {"text": "Yes, and they shook each other's hand when they received the prizes.", "styling": [{"from": 0, "to": 68, "attributes": {"alignment": "left", "fontSize": 19, "fontWeight": "normal", "textColor": "AFAFAF", "lineSpacing": 5}}]}, "tokenTTS": {"tokenTTSCollection": []}}, "ttsURL": "https://d1vq87e9lcf771.cloudfront.net/miguel/7f9b4da7b84562f6fbe0dc79b711dc16"}]}, "meta": {"autoPlayableTTS": [], "sectionIndex": 0, "backgroundColor": null}}, {"type": "verticalSpace", "element": 16, "meta": {"autoPlayableTTS": [], "sectionIndex": 0, "backgroundColor": null}}, {"type": "dialogue", "element": {"phrases": [{"text": {"styledString": {"text": "\u00bfPor qu\u00e9 los competidores no se saludaron?", "styling": [{"from": 0, "to": 42, "attributes": {"alignment": "left", "fontSize": 19, "fontWeight": "normal", "textColor": "4B4B4B", "lineSpacing": 5}}]}, "tokenTTS": {"tokenTTSCollection": []}, "blockHints": [{"value": "\u00bf"}, {"value": "Por", "hintTable": {"headers": ["por", "qu\u00e9"], "rows": [[{"hint": "why", "colspan": 2}], [{"hint": "reason", "colspan": 2}], [{"hint": "to", "colspan": 1}, {"colspan": 1}], [{"hint": "at", "colspan": 1}, {"colspan": 1}], [{"hint": "because", "colspan": 1}, {"colspan": 1}]], "references": [1]}, "tts": "https://d1vq87e9lcf771.cloudfront.net/miguel/e339e0bfe581d755bb02344cc04edecc"}, {"value": " "}, {"value": "qu\u00e9", "hintTable": {"headers": ["por", "qu\u00e9"], "rows": [[{"hint": "why", "colspan": 2}], [{"hint": "reason", "colspan": 2}], [{"colspan": 1}, {"hint": "what an", "colspan": 1}], [{"colspan": 1}, {"hint": "what a", "colspan": 1}], [{"colspan": 1}, {"hint": "so", "colspan": 1}]], "references": [0]}, "tts": "https://d1vq87e9lcf771.cloudfront.net/miguel/10cae84a9e87a16bf1d6dce8af8406b3"}, {"value": " "}, {"value": "los", "hintTable": {"rows": [[{"hint": "the", "colspan": 1}], [{"hint": "their", "colspan": 1}], [{"hint": "your", "colspan": 1}]], "references": []}, "tts": "https://d1vq87e9lcf771.cloudfront.net/miguel/d863d8aa552c7c1c67edddbdd43fc33f"}, {"value": " "}, {"value": "competidores", "hintTable": {"rows": [[{"hint": "competitors", "colspan": 1}]], "references": []}, "tts": "https://d1vq87e9lcf771.cloudfront.net/miguel/e98808d02f65055aa40265f59900104d"}, {"value": " "}, {"value": "no", "hintTable": {"headers": ["no", "se"], "rows": [[{"hint": "aren't", "colspan": 2}], [{"hint": "isn't", "colspan": 2}], [{"hint": "didn't", "colspan": 1}, {"colspan": 1}], [{"hint": "n't", "colspan": 1}, {"colspan": 1}], [{"hint": "wasn't", "colspan": 1}, {"colspan": 1}]], "references": [5]}, "tts": "https://d1vq87e9lcf771.cloudfront.net/miguel/e56dc9c59b5e999bbe4a986911a59034"}, {"value": " "}, {"value": "se", "hintTable": {"headers": ["se", "saludaron"], "rows": [[{"hint": "greet each other", "colspan": 2}], [{"hint": "greeted each other", "colspan": 2}], [{"hint": "each other", "colspan": 1}, {"colspan": 1}], [{"hint": "she", "colspan": 1}, {"colspan": 1}], [{"hint": "is", "colspan": 1}, {"colspan": 1}]], "references": [4]}, "tts": "https://d1vq87e9lcf771.cloudfront.net/penelope/50bf590e9131f900980801ba11e0d871"}, {"value": " "}, {"value": "saludaron", "hintTable": {"headers": ["se", "saludaron"], "rows": [[{"hint": "greet each other", "colspan": 2}], [{"hint": "greeted each other", "colspan": 2}], [{"colspan": 1}, {"hint": "greet", "colspan": 1}]], "references": [5]}, "tts": "https://d1vq87e9lcf771.cloudfront.net/miguel/bea5a5f0e830fa0eb5675d154bd730fe"}, {"value": "?"}]}, "subtext": {"styledString": {"text": "Why didn't the competitors greet each other?", "styling": [{"from": 0, "to": 44, "attributes": {"alignment": "left", "fontSize": 19, "fontWeight": "normal", "textColor": "AFAFAF", "lineSpacing": 5}}]}, "tokenTTS": {"tokenTTSCollection": []}}, "ttsURL": "https://d1vq87e9lcf771.cloudfront.net/miguel/f596cb79de6f55294eacda28a53d41a9"}, {"text": {"styledString": {"text": "Se gritaron en el estadio porque estaban enojados.", "styling": [{"from": 0, "to": 50, "attributes": {"alignment": "left", "fontSize": 19, "fontWeight": "normal", "textColor": "4B4B4B", "lineSpacing": 5}}]}, "tokenTTS": {"tokenTTSCollection": []}, "blockHints": [{"value": "Se", "hintTable": {"rows": [[{"hint": "each other", "colspan": 1}], [{"hint": "they", "colspan": 1}], [{"hint": "you", "colspan": 1}]], "references": []}, "tts": "https://d1vq87e9lcf771.cloudfront.net/penelope/50bf590e9131f900980801ba11e0d871"}, {"value": " "}, {"value": "gritaron", "hintTable": {"rows": [[{"hint": "shouted", "colspan": 1}], [{"hint": "(?) did they scream", "colspan": 1}], [{"hint": "screamed", "colspan": 1}]], "references": []}, "tts": "https://d1vq87e9lcf771.cloudfront.net/miguel/759c307f24c4650bc033850cc0e45695"}, {"value": " "}, {"value": "en", "hintTable": {"rows": [[{"hint": "at", "colspan": 1}], [{"hint": "in", "colspan": 1}], [{"hint": "as", "colspan": 1}]], "references": []}, "tts": "https://d1vq87e9lcf771.cloudfront.net/miguel/953baa0ff97009a5374e3a2695ce7f5c"}, {"value": " "}, {"value": "el", "hintTable": {"rows": [[{"hint": "the", "colspan": 1}], [{"hint": "your", "colspan": 1}], [{"hint": "her", "colspan": 1}]], "references": []}, "tts": "https://d1vq87e9lcf771.cloudfront.net/penelope/b47f0c6243dc0dd607abd744189eec05"}, {"value": " "}, {"value": "estadio", "hintTable": {"rows": [[{"hint": "stadium", "colspan": 1}], [{"hint": "parked", "colspan": 1}]], "references": []}, "tts": "https://d1vq87e9lcf771.cloudfront.net/miguel/ee3c4e07282dca3e133e96b3b7582414"}, {"value": " "}, {"value": "porque", "hintTable": {"rows": [[{"hint": "because", "colspan": 1}], [{"hint": "since", "colspan": 1}], [{"hint": "that", "colspan": 1}]], "references": []}, "tts": "https://d1vq87e9lcf771.cloudfront.net/miguel/91b6dda819648cb66499d3ba579671e8"}, {"value": " "}, {"value": "estaban", "hintTable": {"rows": [[{"hint": "(they) were", "colspan": 1}], [{"hint": "were", "colspan": 1}], [{"hint": "lay", "colspan": 1}]], "references": []}, "tts": "https://d1vq87e9lcf771.cloudfront.net/miguel/645839bc0945e9664fce8a81a62bf40c"}, {"value": " "}, {"value": "enojados", "hintTable": {"rows": [[{"hint": "angry", "colspan": 1}], [{"hint": "mad", "colspan": 1}], [{"hint": "annoyed", "colspan": 1}]], "references": []}, "tts": "https://d1vq87e9lcf771.cloudfront.net/miguel/6c777db03cdbcb3e6cf48c5d74204331"}, {"value": "."}]}, "subtext": {"styledString": {"text": "They shouted at each other in the stadium because they were angry.", "styling": [{"from": 0, "to": 66, "attributes": {"alignment": "left", "fontSize": 19, "fontWeight": "normal", "textColor": "AFAFAF", "lineSpacing": 5}}]}, "tokenTTS": {"tokenTTSCollection": []}}, "ttsURL": "https://d1vq87e9lcf771.cloudfront.net/miguel/c982839308b0cbed8ee1383c14a3a36c"}]}, "meta": {"autoPlayableTTS": [], "sectionIndex": 0, "backgroundColor": null}}, {"type": "verticalSpace", "element": 24, "meta": {"autoPlayableTTS": [], "sectionIndex": 0, "backgroundColor": null}}], "resourcesToPrefetch": [{"required": false, "url": "https://d1vq87e9lcf771.cloudfront.net/miguel/7f9b4da7b84562f6fbe0dc79b711dc16", "type": "mp3"}, {"required": false, "url": "https://d1vq87e9lcf771.cloudfront.net/miguel/c982839308b0cbed8ee1383c14a3a36c", "type": "mp3"}, {"required": false, "url": "https://d1vq87e9lcf771.cloudfront.net/miguel/3078a56c4c81938960904296d34f1a09", "type": "mp3"}, {"required": false, "url": "https://d1vq87e9lcf771.cloudfront.net/miguel/56699a77be7201f34a897df804938972", "type": "mp3"}, {"required": false, "url": "https://d1vq87e9lcf771.cloudfront.net/miguel/e3194405475283205e44c2768a49832b", "type": "mp3"}, {"required": false, "url": "https://d1vq87e9lcf771.cloudfront.net/miguel/f596cb79de6f55294eacda28a53d41a9", "type": "mp3"}]}