{"elements": [{"type": "verticalSpace", "element": 2, "meta": {"autoPlayableTTS": [], "sectionIndex": 0, "backgroundColor": "E5E5E5"}}, {"type": "verticalSpace", "element": 24, "meta": {"autoPlayableTTS": [], "sectionIndex": 0, "backgroundColor": null}}, {"type": "text", "element": {"styledString": {"text": "KEY PHRASES", "styling": [{"from": 0, "to": 11, "attributes": {"alignment": "left", "fontSize": 17, "fontWeight": "bold", "textColor": "1CB0F6", "lineSpacing": 4}}]}, "tokenTTS": {"tokenTTSCollection": []}}, "meta": {"autoPlayableTTS": [], "sectionIndex": 0, "backgroundColor": null}}, {"type": "verticalSpace", "element": 8, "meta": {"autoPlayableTTS": [], "sectionIndex": 0, "backgroundColor": null}}, {"type": "text", "element": {"styledString": {"text": "Talk about weather", "styling": [{"from": 0, "to": 18, "attributes": {"alignment": "left", "fontSize": 25, "fontWeight": "bold", "textColor": "4B4B4B", "lineSpacing": 4}}]}, "tokenTTS": {"tokenTTSCollection": []}}, "meta": {"autoPlayableTTS": [], "sectionIndex": 0, "backgroundColor": null}}, {"type": "verticalSpace", "element": 16, "meta": {"autoPlayableTTS": [], "sectionIndex": 0, "backgroundColor": null}}, {"type": "dialogue", "element": {"phrases": [{"text": {"styledString": {"text": "\u00bfC\u00f3mo est\u00e1 el tiempo hoy?", "styling": [{"from": 0, "to": 25, "attributes": {"alignment": "left", "fontSize": 19, "fontWeight": "normal", "textColor": "4B4B4B", "lineSpacing": 5}}]}, "tokenTTS": {"tokenTTSCollection": []}, "blockHints": [{"value": "\u00bf"}, {"value": "C\u00f3mo", "hintTable": {"headers": ["c\u00f3mo", "est\u00e1", "el", "tiempo"], "rows": [[{"hint": "how's the weather", "colspan": 4}], [{"hint": "how's", "colspan": 2}, {"colspan": 1}, {"colspan": 1}], [{"hint": "what", "colspan": 1}, {"colspan": 1}, {"colspan": 1}, {"colspan": 1}], [{"hint": "like", "colspan": 1}, {"colspan": 1}, {"colspan": 1}, {"colspan": 1}], [{"hint": "how's", "colspan": 1}, {"colspan": 1}, {"colspan": 1}, {"colspan": 1}]], "references": [1]}, "tts": "https://d1vq87e9lcf771.cloudfront.net/miguel/9100f51141747855b51686944c2ad166"}, {"value": " "}, {"value": "est\u00e1", "hintTable": {"headers": ["c\u00f3mo", "est\u00e1", "el", "tiempo"], "rows": [[{"hint": "how's the weather", "colspan": 4}], [{"hint": "how's", "colspan": 2}, {"colspan": 1}, {"colspan": 1}], [{"colspan": 1}, {"hint": "is", "colspan": 1}, {"colspan": 1}, {"colspan": 1}], [{"colspan": 1}, {"hint": "(it) is", "colspan": 1}, {"colspan": 1}, {"colspan": 1}], [{"colspan": 1}, {"hint": "(she) is", "colspan": 1}, {"colspan": 1}, {"colspan": 1}]], "references": [0]}, "tts": "https://d1vq87e9lcf771.cloudfront.net/miguel/23737857dcae6a6dae5bd490d7a5d54b"}, {"value": " "}, {"value": "el", "hintTable": {"headers": ["c\u00f3mo", "est\u00e1", "el", "tiempo"], "rows": [[{"hint": "how's the weather", "colspan": 4}], [{"colspan": 1}, {"colspan": 1}, {"hint": "the", "colspan": 1}, {"colspan": 1}], [{"colspan": 1}, {"colspan": 1}, {"hint": "your", "colspan": 1}, {"colspan": 1}], [{"colspan": 1}, {"colspan": 1}, {"hint": "her", "colspan": 1}, {"colspan": 1}]], "references": [0, 1, 3]}, "tts": "https://d1vq87e9lcf771.cloudfront.net/penelope/b47f0c6243dc0dd607abd744189eec05"}, {"value": " "}, {"value": "tiempo", "hintTable": {"headers": ["c\u00f3mo", "est\u00e1", "el", "tiempo"], "rows": [[{"hint": "how's the weather", "colspan": 4}], [{"colspan": 1}, {"colspan": 1}, {"colspan": 1}, {"hint": "weather", "colspan": 1}], [{"colspan": 1}, {"colspan": 1}, {"colspan": 1}, {"hint": "tense", "colspan": 1}], [{"colspan": 1}, {"colspan": 1}, {"colspan": 1}, {"hint": "long", "colspan": 1}]], "references": [0, 1, 2]}, "tts": "https://d1vq87e9lcf771.cloudfront.net/miguel/15e965074da252c5492bf64adbf7b868"}, {"value": " "}, {"value": "hoy", "hintTable": {"rows": [[{"hint": "today", "colspan": 1}]], "references": []}, "tts": "https://d1vq87e9lcf771.cloudfront.net/miguel/690ebfd1ed7b5899a47c023f30e97cfe"}, {"value": "?"}]}, "subtext": {"styledString": {"text": "What is the weather like today?", "styling": [{"from": 0, "to": 31, "attributes": {"alignment": "left", "fontSize": 19, "fontWeight": "normal", "textColor": "AFAFAF", "lineSpacing": 5}}]}, "tokenTTS": {"tokenTTSCollection": []}}, "ttsURL": "https://d1vq87e9lcf771.cloudfront.net/miguel/e60c440e83357fe1a50472109a54ac11"}, {"text": {"styledString": {"text": "Est\u00e1 muy nublado.", "styling": [{"from": 0, "to": 17, "attributes": {"alignment": "left", "fontSize": 19, "fontWeight": "normal", "textColor": "4B4B4B", "lineSpacing": 5}}]}, "tokenTTS": {"tokenTTSCollection": []}, "blockHints": [{"value": "Est\u00e1", "hintTable": {"rows": [[{"hint": "it's", "colspan": 1}], [{"hint": "(it) is", "colspan": 1}], [{"hint": "is", "colspan": 1}]], "references": []}, "tts": "https://d1vq87e9lcf771.cloudfront.net/miguel/23737857dcae6a6dae5bd490d7a5d54b"}, {"value": " "}, {"value": "muy", "hintTable": {"rows": [[{"hint": "very", "colspan": 1}], [{"hint": "so", "colspan": 1}], [{"hint": "really", "colspan": 1}]], "references": []}, "tts": "https://d1vq87e9lcf771.cloudfront.net/miguel/c0486c2ad2d37a42897436a25be629eb"}, {"value": " "}, {"value": "nublado", "hintTable": {"rows": [[{"hint": "cloudy", "colspan": 1}]], "references": []}, "tts": "https://d1vq87e9lcf771.cloudfront.net/miguel/5eea8fed202bc490e081f502b070ec3b"}, {"value": "."}]}, "subtext": {"styledString": {"text": "It's very cloudy.", "styling": [{"from": 0, "to": 17, "attributes": {"alignment": "left", "fontSize": 19, "fontWeight": "normal", "textColor": "AFAFAF", "lineSpacing": 5}}]}, "tokenTTS": {"tokenTTSCollection": []}}, "ttsURL": "https://d1vq87e9lcf771.cloudfront.net/miguel/0b4126febfee980c41572bcc058e6308"}]}, "meta": {"autoPlayableTTS": [], "sectionIndex": 0, "backgroundColor": null}}, {"type": "verticalSpace", "element": 16, "meta": {"autoPlayableTTS": [], "sectionIndex": 0, "backgroundColor": null}}, {"type": "dialogue", "element": {"phrases": [{"text": {"styledString": {"text": "Hace calor en M\u00e9xico ahora.", "styling": [{"from": 0, "to": 27, "attributes": {"alignment": "left", "fontSize": 19, "fontWeight": "normal", "textColor": "4B4B4B", "lineSpacing": 5}}]}, "tokenTTS": {"tokenTTSCollection": []}, "blockHints": [{"value": "Hace", "hintTable": {"rows": [[{"hint": "it's", "colspan": 1}], [{"hint": "it's been", "colspan": 1}], [{"hint": "(it) is", "colspan": 1}]], "references": []}, "tts": "https://d1vq87e9lcf771.cloudfront.net/miguel/9e2ddcd9e94f3dafefb4bdeaad2b5e22"}, {"value": " "}, {"value": "calor", "hintTable": {"rows": [[{"hint": "hot", "colspan": 1}], [{"hint": "warm", "colspan": 1}], [{"hint": "heat", "colspan": 1}]], "references": []}, "tts": "https://d1vq87e9lcf771.cloudfront.net/miguel/f6af09b81752ca7de94d7259f6bdb5f9"}, {"value": " "}, {"value": "en", "hintTable": {"rows": [[{"hint": "in", "colspan": 1}], [{"hint": "at", "colspan": 1}], [{"hint": "under", "colspan": 1}]], "references": []}, "tts": "https://d1vq87e9lcf771.cloudfront.net/miguel/953baa0ff97009a5374e3a2695ce7f5c"}, {"value": " "}, {"value": "M\u00e9xico", "hintTable": {"rows": [[{"hint": "Mexico", "colspan": 1}]], "references": []}, "tts": "https://d1vq87e9lcf771.cloudfront.net/miguel/db6c0adb9bd2747ae0b256e6f6046f7e"}, {"value": " "}, {"value": "ahora", "hintTable": {"rows": [[{"hint": "now", "colspan": 1}]], "references": []}, "tts": "https://d1vq87e9lcf771.cloudfront.net/penelope/efd6bfc26918067a7b214dee7d71b4bc"}, {"value": "."}]}, "subtext": {"styledString": {"text": "It's hot in Mexico now.", "styling": [{"from": 0, "to": 23, "attributes": {"alignment": "left", "fontSize": 19, "fontWeight": "normal", "textColor": "AFAFAF", "lineSpacing": 5}}]}, "tokenTTS": {"tokenTTSCollection": []}}, "ttsURL": "https://d1vq87e9lcf771.cloudfront.net/miguel/41353bd824cdf9291992cf6565b249c2"}]}, "meta": {"autoPlayableTTS": [], "sectionIndex": 0, "backgroundColor": null}}, {"type": "verticalSpace", "element": 16, "meta": {"autoPlayableTTS": [], "sectionIndex": 0, "backgroundColor": null}}, {"type": "dialogue", "element": {"phrases": [{"text": {"styledString": {"text": "\u00bfQu\u00e9 tiempo hace en Boston?", "styling": [{"from": 0, "to": 27, "attributes": {"alignment": "left", "fontSize": 19, "fontWeight": "normal", "textColor": "4B4B4B", "lineSpacing": 5}}]}, "tokenTTS": {"tokenTTSCollection": []}, "blockHints": [{"value": "\u00bf"}, {"value": "Qu\u00e9", "hintTable": {"headers": ["qu\u00e9", "tiempo", "hace"], "rows": [[{"hint": "what's the weather like", "colspan": 3}], [{"hint": "what", "colspan": 1}, {"colspan": 1}, {"colspan": 1}], [{"hint": "how", "colspan": 1}, {"colspan": 1}, {"colspan": 1}], [{"hint": "what an", "colspan": 1}, {"colspan": 1}, {"colspan": 1}]], "references": [1, 2]}, "tts": "https://d1vq87e9lcf771.cloudfront.net/miguel/10cae84a9e87a16bf1d6dce8af8406b3"}, {"value": " "}, {"value": "tiempo", "hintTable": {"headers": ["qu\u00e9", "tiempo", "hace"], "rows": [[{"hint": "what's the weather like", "colspan": 3}], [{"colspan": 1}, {"hint": "weather", "colspan": 1}, {"colspan": 1}], [{"colspan": 1}, {"hint": "tense", "colspan": 1}, {"colspan": 1}], [{"colspan": 1}, {"hint": "long", "colspan": 1}, {"colspan": 1}]], "references": [0, 2]}, "tts": "https://d1vq87e9lcf771.cloudfront.net/miguel/15e965074da252c5492bf64adbf7b868"}, {"value": " "}, {"value": "hace", "hintTable": {"headers": ["qu\u00e9", "tiempo", "hace"], "rows": [[{"hint": "what's the weather like", "colspan": 3}], [{"colspan": 1}, {"colspan": 1}, {"hint": "is", "colspan": 1}], [{"colspan": 1}, {"colspan": 1}, {"hint": "(it) is", "colspan": 1}], [{"colspan": 1}, {"colspan": 1}, {"hint": "doing", "colspan": 1}]], "references": [0, 1]}, "tts": "https://d1vq87e9lcf771.cloudfront.net/miguel/9e2ddcd9e94f3dafefb4bdeaad2b5e22"}, {"value": " "}, {"value": "en", "hintTable": {"rows": [[{"hint": "in", "colspan": 1}], [{"hint": "under", "colspan": 1}], [{"hint": "with", "colspan": 1}]], "references": []}, "tts": "https://d1vq87e9lcf771.cloudfront.net/miguel/953baa0ff97009a5374e3a2695ce7f5c"}, {"value": " "}, {"value": "Boston", "hintTable": {"rows": [[{"hint": "Boston", "colspan": 1}]], "references": []}, "tts": "https://d1vq87e9lcf771.cloudfront.net/miguel/33759c8dd69ee778b203e51b40328945"}, {"value": "?"}]}, "subtext": {"styledString": {"text": "What's the weather like in Boston?", "styling": [{"from": 0, "to": 34, "attributes": {"alignment": "left", "fontSize": 19, "fontWeight": "normal", "textColor": "AFAFAF", "lineSpacing": 5}}]}, "tokenTTS": {"tokenTTSCollection": []}}, "ttsURL": "https://d1vq87e9lcf771.cloudfront.net/miguel/0aa22c99848d0c6bd513cc80b7200988"}, {"text": {"styledString": {"text": "Hace mucho fr\u00edo en el invierno.", "styling": [{"from": 0, "to": 31, "attributes": {"alignment": "left", "fontSize": 19, "fontWeight": "normal", "textColor": "4B4B4B", "lineSpacing": 5}}]}, "tokenTTS": {"tokenTTSCollection": []}, "blockHints": [{"value": "Hace", "hintTable": {"rows": [[{"hint": "it's", "colspan": 1}], [{"hint": "it's been", "colspan": 1}], [{"hint": "(it) is", "colspan": 1}]], "references": []}, "tts": "https://d1vq87e9lcf771.cloudfront.net/miguel/9e2ddcd9e94f3dafefb4bdeaad2b5e22"}, {"value": " "}, {"value": "mucho", "hintTable": {"rows": [[{"hint": "really", "colspan": 1}], [{"hint": "very", "colspan": 1}], [{"hint": "lots of", "colspan": 1}]], "references": []}, "tts": "https://d1vq87e9lcf771.cloudfront.net/penelope/caadf9e19061cdbcccfdc8d286125db2"}, {"value": " "}, {"value": "fr\u00edo", "hintTable": {"rows": [[{"hint": "cold", "colspan": 1}], [{"hint": "cold weather", "colspan": 1}], [{"hint": "cool", "colspan": 1}]], "references": []}, "tts": "https://d1vq87e9lcf771.cloudfront.net/miguel/8d4dcca93b80273f5d94429a3a61d2e6"}, {"value": " "}, {"value": "en", "hintTable": {"rows": [[{"hint": "in", "colspan": 1}], [{"hint": "under", "colspan": 1}], [{"hint": "with", "colspan": 1}]], "references": []}, "tts": "https://d1vq87e9lcf771.cloudfront.net/miguel/953baa0ff97009a5374e3a2695ce7f5c"}, {"value": " "}, {"value": "el", "hintTable": {"rows": [[{"hint": "the", "colspan": 1}], [{"hint": "your", "colspan": 1}], [{"hint": "her", "colspan": 1}]], "references": []}, "tts": "https://d1vq87e9lcf771.cloudfront.net/penelope/b47f0c6243dc0dd607abd744189eec05"}, {"value": " "}, {"value": "invierno", "hintTable": {"rows": [[{"hint": "winter", "colspan": 1}]], "references": []}, "tts": "https://d1vq87e9lcf771.cloudfront.net/miguel/4fbff721054c8aa95503ddd5499a86c8"}, {"value": "."}]}, "subtext": {"styledString": {"text": "It's really cold in the winter.", "styling": [{"from": 0, "to": 31, "attributes": {"alignment": "left", "fontSize": 19, "fontWeight": "normal", "textColor": "AFAFAF", "lineSpacing": 5}}]}, "tokenTTS": {"tokenTTSCollection": []}}, "ttsURL": "https://d1vq87e9lcf771.cloudfront.net/miguel/0723dab35600abb8513ade05b62ab224"}]}, "meta": {"autoPlayableTTS": [], "sectionIndex": 0, "backgroundColor": null}}, {"type": "verticalSpace", "element": 16, "meta": {"autoPlayableTTS": [], "sectionIndex": 0, "backgroundColor": null}}, {"type": "dialogue", "element": {"phrases": [{"text": {"styledString": {"text": "Llueve mucho en mayo.", "styling": [{"from": 0, "to": 21, "attributes": {"alignment": "left", "fontSize": 19, "fontWeight": "normal", "textColor": "4B4B4B", "lineSpacing": 5}}]}, "tokenTTS": {"tokenTTSCollection": []}, "blockHints": [{"value": "Llueve", "hintTable": {"rows": [[{"hint": "(it) rains", "colspan": 1}], [{"hint": "(?) does it rain", "colspan": 1}], [{"hint": "raining", "colspan": 1}]], "references": []}, "tts": "https://d1vq87e9lcf771.cloudfront.net/miguel/1f2e9dfe43023ab774d85b7821efc790"}, {"value": " "}, {"value": "mucho", "hintTable": {"rows": [[{"hint": "a lot", "colspan": 1}], [{"hint": "a lot of", "colspan": 1}], [{"hint": "lots of", "colspan": 1}]], "references": []}, "tts": "https://d1vq87e9lcf771.cloudfront.net/penelope/caadf9e19061cdbcccfdc8d286125db2"}, {"value": " "}, {"value": "en", "hintTable": {"rows": [[{"hint": "a", "colspan": 1}], [{"hint": "in", "colspan": 1}], [{"hint": "under", "colspan": 1}]], "references": []}, "tts": "https://d1vq87e9lcf771.cloudfront.net/miguel/953baa0ff97009a5374e3a2695ce7f5c"}, {"value": " "}, {"value": "mayo", "hintTable": {"rows": [[{"hint": "May", "colspan": 1}]], "references": []}, "tts": "https://d1vq87e9lcf771.cloudfront.net/miguel/368b326e3d3af8eedda4764f49c037d6"}, {"value": "."}]}, "subtext": {"styledString": {"text": "It rains a lot in May.", "styling": [{"from": 0, "to": 22, "attributes": {"alignment": "left", "fontSize": 19, "fontWeight": "normal", "textColor": "AFAFAF", "lineSpacing": 5}}]}, "tokenTTS": {"tokenTTSCollection": []}}, "ttsURL": "https://d1vq87e9lcf771.cloudfront.net/miguel/a37232169d222bbc4fa797005bd733fa"}]}, "meta": {"autoPlayableTTS": [], "sectionIndex": 0, "backgroundColor": null}}, {"type": "verticalSpace", "element": 24, "meta": {"autoPlayableTTS": [], "sectionIndex": 0, "backgroundColor": null}}, {"type": "verticalSpace", "element": 24, "meta": {"autoPlayableTTS": [], "sectionIndex": 0, "backgroundColor": "DDF4FF"}}, {"type": "text", "element": {"styledString": {"text": "TIP", "styling": [{"from": 0, "to": 3, "attributes": {"alignment": "left", "fontSize": 17, "fontWeight": "bold", "textColor": "1CB0F6", "lineSpacing": 4}}]}, "tokenTTS": {"tokenTTSCollection": []}}, "meta": {"autoPlayableTTS": [], "sectionIndex": 0, "backgroundColor": "DDF4FF"}}, {"type": "verticalSpace", "element": 8, "meta": {"autoPlayableTTS": [], "sectionIndex": 0, "backgroundColor": "DDF4FF"}}, {"type": "text", "element": {"styledString": {"text": "\u00bfQu\u00e9 tiempo hace?", "styling": [{"from": 0, "to": 17, "attributes": {"alignment": "left", "fontSize": 25, "fontWeight": "bold", "textColor": "4B4B4B", "lineSpacing": 4}}]}, "tokenTTS": {"tokenTTSCollection": []}, "hints": {"hints": [], "hintLinks": []}}, "meta": {"autoPlayableTTS": [], "sectionIndex": 0, "backgroundColor": "DDF4FF"}}, {"type": "verticalSpace", "element": 12, "meta": {"autoPlayableTTS": [], "sectionIndex": 0, "backgroundColor": "DDF4FF"}}, {"type": "text", "element": {"styledString": {"text": "To talk about the weather in English, we usually say It's hot or It's windy. In Spanish, you don't need words like it!", "styling": [{"from": 0, "to": 53, "attributes": {"alignment": "left", "fontSize": 19, "fontWeight": "normal", "textColor": "4B4B4B", "lineSpacing": 5}}, {"from": 53, "to": 61, "attributes": {"alignment": "left", "fontSize": 19, "fontWeight": "bold", "textColor": "4B4B4B", "lineSpacing": 5}}, {"from": 61, "to": 65, "attributes": {"alignment": "left", "fontSize": 19, "fontWeight": "normal", "textColor": "4B4B4B", "lineSpacing": 5}}, {"from": 65, "to": 75, "attributes": {"alignment": "left", "fontSize": 19, "fontWeight": "bold", "textColor": "4B4B4B", "lineSpacing": 5}}, {"from": 75, "to": 115, "attributes": {"alignment": "left", "fontSize": 19, "fontWeight": "normal", "textColor": "4B4B4B", "lineSpacing": 5}}, {"from": 115, "to": 117, "attributes": {"alignment": "left", "fontSize": 19, "fontWeight": "bold", "textColor": "4B4B4B", "lineSpacing": 5}}, {"from": 117, "to": 118, "attributes": {"alignment": "left", "fontSize": 19, "fontWeight": "normal", "textColor": "4B4B4B", "lineSpacing": 5}}]}, "tokenTTS": {"tokenTTSCollection": []}, "hints": {"hints": [], "hintLinks": []}}, "meta": {"autoPlayableTTS": [], "sectionIndex": 0, "backgroundColor": "DDF4FF"}}, {"type": "verticalSpace", "element": 24, "meta": {"autoPlayableTTS": [], "sectionIndex": 1, "backgroundColor": "DDF4FF"}}, {"type": "exampleCaptionedImage", "element": {"image": {"url": "https://d1btvuu4dwu627.cloudfront.net/1935260bb45227d2abc8062355f5ce9f/7579b8f0692a785646a1f7152bdb0daf/images/047bdc9a0b1e4374a076ccac0f4706ca.pdf"}, "examples": [{"text": {"styledString": {"text": "Nieva mucho en enero.", "styling": [{"from": 0, "to": 21, "attributes": {"alignment": "center", "fontSize": 19, "fontWeight": "normal", "textColor": "4B4B4B", "lineSpacing": 5}}]}, "tokenTTS": {"tokenTTSCollection": [{"startIndex": 0, "endIndex": 20, "ttsURL": "https://d1vq87e9lcf771.cloudfront.net/miguel/8c52f0dca9c2a3699d52977f2a05e46a"}]}, "hints": {"hints": ["it snows a lot in January"], "hintLinks": [{"index": 0, "rangeStart": 0, "rangeEnd": 20}]}}, "subtext": {"styledString": {"text": "It snows a lot in January.", "styling": [{"from": 0, "to": 26, "attributes": {"alignment": "center", "fontSize": 19, "fontWeight": "normal", "textColor": "AFAFAF", "lineSpacing": 8}}]}, "tokenTTS": {"tokenTTSCollection": []}, "hints": {"hints": [], "hintLinks": []}}, "ttsURL": "https://d1vq87e9lcf771.cloudfront.net/miguel/8c52f0dca9c2a3699d52977f2a05e46a"}], "layout": "wideImageWithTextBelow"}, "meta": {"autoPlayableTTS": [], "sectionIndex": 1, "backgroundColor": "DDF4FF"}}, {"type": "verticalSpace", "element": 24, "meta": {"autoPlayableTTS": [], "sectionIndex": 2, "backgroundColor": "DDF4FF"}}, {"type": "exampleCaptionedImage", "element": {"image": {"url": "https://d1btvuu4dwu627.cloudfront.net/1935260bb45227d2abc8062355f5ce9f/7579b8f0692a785646a1f7152bdb0daf/images/baf439db7030421c8a5cf470e6a5b85c.pdf"}, "examples": [{"text": {"styledString": {"text": "Llueve mucho hoy.", "styling": [{"from": 0, "to": 17, "attributes": {"alignment": "center", "fontSize": 19, "fontWeight": "normal", "textColor": "4B4B4B", "lineSpacing": 5}}]}, "tokenTTS": {"tokenTTSCollection": [{"startIndex": 0, "endIndex": 16, "ttsURL": "https://d1vq87e9lcf771.cloudfront.net/miguel/21d0f23d98dee573707c5cb6540d6444"}]}, "hints": {"hints": ["it's raining a lot today"], "hintLinks": [{"index": 0, "rangeStart": 0, "rangeEnd": 16}]}}, "subtext": {"styledString": {"text": "It's raining a lot today.", "styling": [{"from": 0, "to": 25, "attributes": {"alignment": "center", "fontSize": 19, "fontWeight": "normal", "textColor": "AFAFAF", "lineSpacing": 8}}]}, "tokenTTS": {"tokenTTSCollection": []}, "hints": {"hints": [], "hintLinks": []}}, "ttsURL": "https://d1vq87e9lcf771.cloudfront.net/miguel/21d0f23d98dee573707c5cb6540d6444"}], "layout": "wideImageWithTextBelow"}, "meta": {"autoPlayableTTS": [], "sectionIndex": 2, "backgroundColor": "DDF4FF"}}, {"type": "verticalSpace", "element": 24, "meta": {"autoPlayableTTS": [], "sectionIndex": 3, "backgroundColor": "DDF4FF"}}, {"type": "text", "element": {"styledString": {"text": "A lot of weather phrases begin with hace.\u200b", "styling": [{"from": 0, "to": 36, "attributes": {"alignment": "left", "fontSize": 19, "fontWeight": "normal", "textColor": "4B4B4B", "lineSpacing": 5}}, {"from": 36, "to": 40, "attributes": {"alignment": "left", "fontSize": 19, "fontWeight": "bold", "textColor": "4B4B4B", "lineSpacing": 5}}, {"from": 40, "to": 42, "attributes": {"alignment": "left", "fontSize": 19, "fontWeight": "normal", "textColor": "4B4B4B", "lineSpacing": 5}}]}, "tokenTTS": {"tokenTTSCollection": [{"startIndex": 36, "endIndex": 39, "ttsURL": "https://d1vq87e9lcf771.cloudfront.net/miguel/9e2ddcd9e94f3dafefb4bdeaad2b5e22"}]}, "hints": {"hints": ["he / she does, you (formal) do, he / she makes, you (formal) make"], "hintLinks": [{"index": 0, "rangeStart": 36, "rangeEnd": 39}]}}, "meta": {"autoPlayableTTS": [], "sectionIndex": 3, "backgroundColor": "DDF4FF"}}, {"type": "verticalSpace", "element": 24, "meta": {"autoPlayableTTS": [], "sectionIndex": 4, "backgroundColor": "DDF4FF"}}, {"type": "example", "element": {"text": {"styledString": {"text": "Hace fr\u00edo.", "styling": [{"from": 0, "to": 10, "attributes": {"alignment": "left", "fontSize": 19, "fontWeight": "normal", "textColor": "4B4B4B", "lineSpacing": 5}}]}, "tokenTTS": {"tokenTTSCollection": [{"startIndex": 0, "endIndex": 9, "ttsURL": "https://d1vq87e9lcf771.cloudfront.net/miguel/49fdc3b56bcc4b23221b8990d73a495d"}]}, "hints": {"hints": ["it's cold"], "hintLinks": [{"index": 0, "rangeStart": 0, "rangeEnd": 9}]}}, "subtext": {"styledString": {"text": "It's cold.", "styling": [{"from": 0, "to": 10, "attributes": {"alignment": "left", "fontSize": 19, "fontWeight": "normal", "textColor": "AFAFAF", "lineSpacing": 5}}]}, "tokenTTS": {"tokenTTSCollection": []}, "hints": {"hints": [], "hintLinks": []}}, "ttsURL": "https://d1vq87e9lcf771.cloudfront.net/miguel/49fdc3b56bcc4b23221b8990d73a495d"}, "meta": {"autoPlayableTTS": [], "sectionIndex": 4, "backgroundColor": "DDF4FF"}}, {"type": "verticalSpace", "element": 12, "meta": {"autoPlayableTTS": [], "sectionIndex": 5, "backgroundColor": "DDF4FF"}}, {"type": "example", "element": {"text": {"styledString": {"text": "Hace calor.", "styling": [{"from": 0, "to": 11, "attributes": {"alignment": "left", "fontSize": 19, "fontWeight": "normal", "textColor": "4B4B4B", "lineSpacing": 5}}]}, "tokenTTS": {"tokenTTSCollection": [{"startIndex": 0, "endIndex": 10, "ttsURL": "https://d1vq87e9lcf771.cloudfront.net/miguel/b86ccd7f1a3216c981069e3e5099a275"}]}, "hints": {"hints": ["it's hot"], "hintLinks": [{"index": 0, "rangeStart": 0, "rangeEnd": 10}]}}, "subtext": {"styledString": {"text": "It's hot.", "styling": [{"from": 0, "to": 9, "attributes": {"alignment": "left", "fontSize": 19, "fontWeight": "normal", "textColor": "AFAFAF", "lineSpacing": 5}}]}, "tokenTTS": {"tokenTTSCollection": []}, "hints": {"hints": [], "hintLinks": []}}, "ttsURL": "https://d1vq87e9lcf771.cloudfront.net/miguel/b86ccd7f1a3216c981069e3e5099a275"}, "meta": {"autoPlayableTTS": [], "sectionIndex": 5, "backgroundColor": "DDF4FF"}}, {"type": "verticalSpace", "element": 12, "meta": {"autoPlayableTTS": [], "sectionIndex": 6, "backgroundColor": "DDF4FF"}}, {"type": "example", "element": {"text": {"styledString": {"text": "Hace sol.", "styling": [{"from": 0, "to": 9, "attributes": {"alignment": "left", "fontSize": 19, "fontWeight": "normal", "textColor": "4B4B4B", "lineSpacing": 5}}]}, "tokenTTS": {"tokenTTSCollection": [{"startIndex": 0, "endIndex": 8, "ttsURL": "https://d1vq87e9lcf771.cloudfront.net/miguel/df031b1be872f71075bed495f01e514c"}]}, "hints": {"hints": ["it's sunny"], "hintLinks": [{"index": 0, "rangeStart": 0, "rangeEnd": 8}]}}, "subtext": {"styledString": {"text": "It's sunny.", "styling": [{"from": 0, "to": 11, "attributes": {"alignment": "left", "fontSize": 19, "fontWeight": "normal", "textColor": "AFAFAF", "lineSpacing": 5}}]}, "tokenTTS": {"tokenTTSCollection": []}, "hints": {"hints": [], "hintLinks": []}}, "ttsURL": "https://d1vq87e9lcf771.cloudfront.net/miguel/df031b1be872f71075bed495f01e514c"}, "meta": {"autoPlayableTTS": [], "sectionIndex": 6, "backgroundColor": "DDF4FF"}}, {"type": "verticalSpace", "element": 12, "meta": {"autoPlayableTTS": [], "sectionIndex": 7, "backgroundColor": "DDF4FF"}}, {"type": "example", "element": {"text": {"styledString": {"text": "Hace viento.", "styling": [{"from": 0, "to": 12, "attributes": {"alignment": "left", "fontSize": 19, "fontWeight": "normal", "textColor": "4B4B4B", "lineSpacing": 5}}]}, "tokenTTS": {"tokenTTSCollection": [{"startIndex": 0, "endIndex": 11, "ttsURL": "https://d1vq87e9lcf771.cloudfront.net/miguel/235e31d58df4e1b1649051da83748553"}]}, "hints": {"hints": ["it's windy"], "hintLinks": [{"index": 0, "rangeStart": 0, "rangeEnd": 11}]}}, "subtext": {"styledString": {"text": "It's windy.", "styling": [{"from": 0, "to": 11, "attributes": {"alignment": "left", "fontSize": 19, "fontWeight": "normal", "textColor": "AFAFAF", "lineSpacing": 5}}]}, "tokenTTS": {"tokenTTSCollection": []}, "hints": {"hints": [], "hintLinks": []}}, "ttsURL": "https://d1vq87e9lcf771.cloudfront.net/miguel/235e31d58df4e1b1649051da83748553"}, "meta": {"autoPlayableTTS": [], "sectionIndex": 7, "backgroundColor": "DDF4FF"}}, {"type": "verticalSpace", "element": 24, "meta": {"autoPlayableTTS": [], "sectionIndex": 0, "backgroundColor": "DDF4FF"}}, {"type": "verticalSpace", "element": 2, "meta": {"autoPlayableTTS": [], "sectionIndex": 0, "backgroundColor": "84D8FF"}}, {"type": "verticalSpace", "element": 24, "meta": {"autoPlayableTTS": [], "sectionIndex": 0, "backgroundColor": "DDF4FF"}}, {"type": "text", "element": {"styledString": {"text": "TIP", "styling": [{"from": 0, "to": 3, "attributes": {"alignment": "left", "fontSize": 17, "fontWeight": "bold", "textColor": "1CB0F6", "lineSpacing": 4}}]}, "tokenTTS": {"tokenTTSCollection": []}}, "meta": {"autoPlayableTTS": [], "sectionIndex": 0, "backgroundColor": "DDF4FF"}}, {"type": "verticalSpace", "element": 8, "meta": {"autoPlayableTTS": [], "sectionIndex": 0, "backgroundColor": "DDF4FF"}}, {"type": "text", "element": {"styledString": {"text": "Let\u2019s talk about Stem Changing Verbs!\u200b", "styling": [{"from": 0, "to": 38, "attributes": {"alignment": "left", "fontSize": 25, "fontWeight": "bold", "textColor": "4B4B4B", "lineSpacing": 4}}]}, "tokenTTS": {"tokenTTSCollection": []}, "hints": {"hints": [], "hintLinks": []}}, "meta": {"autoPlayableTTS": [], "sectionIndex": 0, "backgroundColor": "DDF4FF"}}, {"type": "verticalSpace", "element": 12, "meta": {"autoPlayableTTS": [], "sectionIndex": 0, "backgroundColor": "DDF4FF"}}, {"type": "text", "element": {"styledString": {"text": "Some verbs use the regular endings, but have a vowel change (except in the nosotros form). For example, o changes to ue, or e changes to ie.\u200b", "styling": [{"from": 0, "to": 75, "attributes": {"alignment": "left", "fontSize": 19, "fontWeight": "normal", "textColor": "4B4B4B", "lineSpacing": 5}}, {"from": 75, "to": 83, "attributes": {"alignment": "left", "fontSize": 19, "fontWeight": "bold", "textColor": "4B4B4B", "lineSpacing": 5}}, {"from": 83, "to": 104, "attributes": {"alignment": "left", "fontSize": 19, "fontWeight": "normal", "textColor": "4B4B4B", "lineSpacing": 5}}, {"from": 104, "to": 105, "attributes": {"alignment": "left", "fontSize": 19, "fontWeight": "bold", "textColor": "4B4B4B", "lineSpacing": 5}}, {"from": 105, "to": 117, "attributes": {"alignment": "left", "fontSize": 19, "fontWeight": "normal", "textColor": "4B4B4B", "lineSpacing": 5}}, {"from": 117, "to": 119, "attributes": {"alignment": "left", "fontSize": 19, "fontWeight": "bold", "textColor": "4B4B4B", "lineSpacing": 5}}, {"from": 119, "to": 124, "attributes": {"alignment": "left", "fontSize": 19, "fontWeight": "normal", "textColor": "4B4B4B", "lineSpacing": 5}}, {"from": 124, "to": 125, "attributes": {"alignment": "left", "fontSize": 19, "fontWeight": "bold", "textColor": "4B4B4B", "lineSpacing": 5}}, {"from": 125, "to": 137, "attributes": {"alignment": "left", "fontSize": 19, "fontWeight": "normal", "textColor": "4B4B4B", "lineSpacing": 5}}, {"from": 137, "to": 139, "attributes": {"alignment": "left", "fontSize": 19, "fontWeight": "bold", "textColor": "4B4B4B", "lineSpacing": 5}}, {"from": 139, "to": 141, "attributes": {"alignment": "left", "fontSize": 19, "fontWeight": "normal", "textColor": "4B4B4B", "lineSpacing": 5}}]}, "tokenTTS": {"tokenTTSCollection": [{"startIndex": 75, "endIndex": 82, "ttsURL": "https://d1vq87e9lcf771.cloudfront.net/miguel/a624405f3a9f9478a2bdb7ea193ca619"}]}, "hints": {"hints": ["A verb expresses an action (\u201cLuis cooks every day\u201d) or a state of being (\u201cI am sick\u201d).", "Vowels are sounds like \"a,\" \"e,\" or \"i.\" They are pronounced with air flowing freely through your mouth.", "we"], "hintLinks": [{"index": 0, "rangeStart": 5, "rangeEnd": 9}, {"index": 1, "rangeStart": 47, "rangeEnd": 51}, {"index": 2, "rangeStart": 75, "rangeEnd": 82}]}}, "meta": {"autoPlayableTTS": [], "sectionIndex": 0, "backgroundColor": "DDF4FF"}}, {"type": "verticalSpace", "element": 24, "meta": {"autoPlayableTTS": [], "sectionIndex": 0, "backgroundColor": "DDF4FF"}}, {"type": "table", "element": {"cells": [[{"styledString": {"text": "subject", "styling": [{"from": 0, "to": 7, "attributes": {"alignment": "left", "fontSize": 19, "fontWeight": "bold", "textColor": "4B4B4B", "lineSpacing": 2}}]}, "tokenTTS": {"tokenTTSCollection": []}, "hints": {"hints": ["The subject of a sentence is the person, place, thing, or idea that is doing or being something."], "hintLinks": [{"index": 0, "rangeStart": 0, "rangeEnd": 6}]}}, {"styledString": {"text": "verb (poder)", "styling": [{"from": 0, "to": 12, "attributes": {"alignment": "left", "fontSize": 19, "fontWeight": "bold", "textColor": "4B4B4B", "lineSpacing": 2}}]}, "tokenTTS": {"tokenTTSCollection": [{"startIndex": 6, "endIndex": 10, "ttsURL": "https://d1vq87e9lcf771.cloudfront.net/miguel/d7301c76d5521705bf714281407b6c18"}]}, "hints": {"hints": ["A verb expresses an action (\u201cLuis cooks every day\u201d) or a state of being (\u201cI am sick\u201d).", "to be able to"], "hintLinks": [{"index": 0, "rangeStart": 0, "rangeEnd": 3}, {"index": 1, "rangeStart": 6, "rangeEnd": 10}]}}], [{"styledString": {"text": "yo", "styling": [{"from": 0, "to": 2, "attributes": {"alignment": "left", "fontSize": 19, "fontWeight": "normal", "textColor": "4B4B4B", "lineSpacing": 5}}]}, "tokenTTS": {"tokenTTSCollection": [{"startIndex": 0, "endIndex": 1, "ttsURL": "https://d1vq87e9lcf771.cloudfront.net/miguel/aa0ff446f41920bd854cbcfe38a476e2"}]}, "hints": {"hints": ["I"], "hintLinks": [{"index": 0, "rangeStart": 0, "rangeEnd": 1}]}}, {"styledString": {"text": "puedo", "styling": [{"from": 0, "to": 1, "attributes": {"alignment": "left", "fontSize": 19, "fontWeight": "normal", "textColor": "4B4B4B", "lineSpacing": 5}}, {"from": 1, "to": 3, "attributes": {"alignment": "left", "fontSize": 19, "fontWeight": "bold", "textColor": "1CB0F6", "lineSpacing": 5}}, {"from": 3, "to": 5, "attributes": {"alignment": "left", "fontSize": 19, "fontWeight": "normal", "textColor": "4B4B4B", "lineSpacing": 5}}]}, "tokenTTS": {"tokenTTSCollection": [{"startIndex": 0, "endIndex": 4, "ttsURL": "https://d1vq87e9lcf771.cloudfront.net/miguel/a99172ac632f6958de41d6640a6ee779"}]}, "hints": {"hints": ["can"], "hintLinks": [{"index": 0, "rangeStart": 0, "rangeEnd": 4}]}}], [{"styledString": {"text": "t\u00fa", "styling": [{"from": 0, "to": 2, "attributes": {"alignment": "left", "fontSize": 19, "fontWeight": "normal", "textColor": "4B4B4B", "lineSpacing": 5}}]}, "tokenTTS": {"tokenTTSCollection": [{"startIndex": 0, "endIndex": 1, "ttsURL": "https://d1vq87e9lcf771.cloudfront.net/miguel/2e717e2fe5783a547e2995fe3699350a"}]}, "hints": {"hints": ["you"], "hintLinks": [{"index": 0, "rangeStart": 0, "rangeEnd": 1}]}}, {"styledString": {"text": "puedes", "styling": [{"from": 0, "to": 1, "attributes": {"alignment": "left", "fontSize": 19, "fontWeight": "normal", "textColor": "4B4B4B", "lineSpacing": 5}}, {"from": 1, "to": 3, "attributes": {"alignment": "left", "fontSize": 19, "fontWeight": "bold", "textColor": "1CB0F6", "lineSpacing": 5}}, {"from": 3, "to": 6, "attributes": {"alignment": "left", "fontSize": 19, "fontWeight": "normal", "textColor": "4B4B4B", "lineSpacing": 5}}]}, "tokenTTS": {"tokenTTSCollection": [{"startIndex": 0, "endIndex": 5, "ttsURL": "https://d1vq87e9lcf771.cloudfront.net/miguel/048d15c08e54c564da7fb83875d2ea25"}]}, "hints": {"hints": ["can"], "hintLinks": [{"index": 0, "rangeStart": 0, "rangeEnd": 5}]}}], [{"styledString": {"text": "\u00e9l / ella / usted", "styling": [{"from": 0, "to": 17, "attributes": {"alignment": "left", "fontSize": 19, "fontWeight": "normal", "textColor": "4B4B4B", "lineSpacing": 5}}]}, "tokenTTS": {"tokenTTSCollection": [{"startIndex": 0, "endIndex": 1, "ttsURL": "https://d1vq87e9lcf771.cloudfront.net/miguel/eb6fb864f3757379acec898fb9018d30"}, {"startIndex": 5, "endIndex": 8, "ttsURL": "https://d1vq87e9lcf771.cloudfront.net/miguel/7ba0a4fe127b1af95b81af18714bbbbb"}, {"startIndex": 12, "endIndex": 16, "ttsURL": "https://d1vq87e9lcf771.cloudfront.net/miguel/3160e30c83ba5403b1bf949dbafd83db"}]}, "hints": {"hints": ["he", "she", "you"], "hintLinks": [{"index": 0, "rangeStart": 0, "rangeEnd": 1}, {"index": 1, "rangeStart": 5, "rangeEnd": 8}, {"index": 2, "rangeStart": 12, "rangeEnd": 16}]}}, {"styledString": {"text": "puede", "styling": [{"from": 0, "to": 1, "attributes": {"alignment": "left", "fontSize": 19, "fontWeight": "normal", "textColor": "4B4B4B", "lineSpacing": 5}}, {"from": 1, "to": 3, "attributes": {"alignment": "left", "fontSize": 19, "fontWeight": "bold", "textColor": "1CB0F6", "lineSpacing": 5}}, {"from": 3, "to": 5, "attributes": {"alignment": "left", "fontSize": 19, "fontWeight": "normal", "textColor": "4B4B4B", "lineSpacing": 5}}]}, "tokenTTS": {"tokenTTSCollection": [{"startIndex": 0, "endIndex": 4, "ttsURL": "https://d1vq87e9lcf771.cloudfront.net/miguel/f8d7addbe362d12f5a5f15a65a5e6c98"}]}, "hints": {"hints": ["can"], "hintLinks": [{"index": 0, "rangeStart": 0, "rangeEnd": 4}]}}], [{"styledString": {"text": "nosotros / nosotras", "styling": [{"from": 0, "to": 19, "attributes": {"alignment": "left", "fontSize": 19, "fontWeight": "normal", "textColor": "4B4B4B", "lineSpacing": 5}}]}, "tokenTTS": {"tokenTTSCollection": [{"startIndex": 0, "endIndex": 7, "ttsURL": "https://d1vq87e9lcf771.cloudfront.net/miguel/a624405f3a9f9478a2bdb7ea193ca619"}, {"startIndex": 11, "endIndex": 18, "ttsURL": "https://d1vq87e9lcf771.cloudfront.net/miguel/1fa59319dfeea3fc7bc267a1e0dfc644"}]}, "hints": {"hints": ["we", "we"], "hintLinks": [{"index": 0, "rangeStart": 0, "rangeEnd": 7}, {"index": 1, "rangeStart": 11, "rangeEnd": 18}]}}, {"styledString": {"text": "podemos", "styling": [{"from": 0, "to": 7, "attributes": {"alignment": "left", "fontSize": 19, "fontWeight": "normal", "textColor": "4B4B4B", "lineSpacing": 5}}]}, "tokenTTS": {"tokenTTSCollection": [{"startIndex": 0, "endIndex": 6, "ttsURL": "https://d1vq87e9lcf771.cloudfront.net/miguel/d9aca461e5663e704b6e6e388797e5cf"}]}, "hints": {"hints": ["can"], "hintLinks": [{"index": 0, "rangeStart": 0, "rangeEnd": 6}]}}], [{"styledString": {"text": "ellos / ellas / ustedes", "styling": [{"from": 0, "to": 23, "attributes": {"alignment": "left", "fontSize": 19, "fontWeight": "normal", "textColor": "4B4B4B", "lineSpacing": 5}}]}, "tokenTTS": {"tokenTTSCollection": [{"startIndex": 0, "endIndex": 4, "ttsURL": "https://d1vq87e9lcf771.cloudfront.net/miguel/4881d6e90516a1bca7871cfae5ef97f7"}, {"startIndex": 8, "endIndex": 12, "ttsURL": "https://d1vq87e9lcf771.cloudfront.net/miguel/a5ad1c36b3c049bc1da655b309cf1269"}, {"startIndex": 16, "endIndex": 22, "ttsURL": "https://d1vq87e9lcf771.cloudfront.net/miguel/adaff35042eaa60b1635593807ea3e15"}]}, "hints": {"hints": ["they", "they", "you"], "hintLinks": [{"index": 0, "rangeStart": 0, "rangeEnd": 4}, {"index": 1, "rangeStart": 8, "rangeEnd": 12}, {"index": 2, "rangeStart": 16, "rangeEnd": 22}]}}, {"styledString": {"text": "pueden", "styling": [{"from": 0, "to": 1, "attributes": {"alignment": "left", "fontSize": 19, "fontWeight": "normal", "textColor": "4B4B4B", "lineSpacing": 5}}, {"from": 1, "to": 3, "attributes": {"alignment": "left", "fontSize": 19, "fontWeight": "bold", "textColor": "1CB0F6", "lineSpacing": 5}}, {"from": 3, "to": 6, "attributes": {"alignment": "left", "fontSize": 19, "fontWeight": "normal", "textColor": "4B4B4B", "lineSpacing": 5}}]}, "tokenTTS": {"tokenTTSCollection": [{"startIndex": 0, "endIndex": 5, "ttsURL": "https://d1vq87e9lcf771.cloudfront.net/miguel/186dfcef1ad46a9e9f18d39bd76bf8f4"}]}, "hints": {"hints": ["can"], "hintLinks": [{"index": 0, "rangeStart": 0, "rangeEnd": 5}]}}]], "hasShadedHeader": true}, "meta": {"autoPlayableTTS": [], "sectionIndex": 0, "backgroundColor": "DDF4FF"}}, {"type": "verticalSpace", "element": 24, "meta": {"autoPlayableTTS": [], "sectionIndex": 0, "backgroundColor": "DDF4FF"}}, {"type": "table", "element": {"cells": [[{"styledString": {"text": "subject", "styling": [{"from": 0, "to": 7, "attributes": {"alignment": "left", "fontSize": 19, "fontWeight": "bold", "textColor": "4B4B4B", "lineSpacing": 2}}]}, "tokenTTS": {"tokenTTSCollection": []}, "hints": {"hints": ["The subject of a sentence is the person, place, thing, or idea that is doing or being something."], "hintLinks": [{"index": 0, "rangeStart": 0, "rangeEnd": 6}]}}, {"styledString": {"text": "verb (perder)", "styling": [{"from": 0, "to": 13, "attributes": {"alignment": "left", "fontSize": 19, "fontWeight": "bold", "textColor": "4B4B4B", "lineSpacing": 2}}]}, "tokenTTS": {"tokenTTSCollection": [{"startIndex": 6, "endIndex": 11, "ttsURL": "https://d1vq87e9lcf771.cloudfront.net/miguel/177a9cbe64d7a6b7243f96a54f0d891a"}]}, "hints": {"hints": ["A verb expresses an action (\u201cLuis cooks every day\u201d) or a state of being (\u201cI am sick\u201d).", "to lose"], "hintLinks": [{"index": 0, "rangeStart": 0, "rangeEnd": 3}, {"index": 1, "rangeStart": 6, "rangeEnd": 11}]}}], [{"styledString": {"text": "yo", "styling": [{"from": 0, "to": 2, "attributes": {"alignment": "left", "fontSize": 19, "fontWeight": "normal", "textColor": "4B4B4B", "lineSpacing": 5}}]}, "tokenTTS": {"tokenTTSCollection": [{"startIndex": 0, "endIndex": 1, "ttsURL": "https://d1vq87e9lcf771.cloudfront.net/miguel/aa0ff446f41920bd854cbcfe38a476e2"}]}, "hints": {"hints": ["I"], "hintLinks": [{"index": 0, "rangeStart": 0, "rangeEnd": 1}]}}, {"styledString": {"text": "pierdo", "styling": [{"from": 0, "to": 1, "attributes": {"alignment": "left", "fontSize": 19, "fontWeight": "normal", "textColor": "4B4B4B", "lineSpacing": 5}}, {"from": 1, "to": 3, "attributes": {"alignment": "left", "fontSize": 19, "fontWeight": "bold", "textColor": "1CB0F6", "lineSpacing": 5}}, {"from": 3, "to": 6, "attributes": {"alignment": "left", "fontSize": 19, "fontWeight": "normal", "textColor": "4B4B4B", "lineSpacing": 5}}]}, "tokenTTS": {"tokenTTSCollection": [{"startIndex": 0, "endIndex": 5, "ttsURL": "https://d1vq87e9lcf771.cloudfront.net/miguel/29bfbcb23503f446ae8c904758923f3d"}]}, "hints": {"hints": ["lose"], "hintLinks": [{"index": 0, "rangeStart": 0, "rangeEnd": 5}]}}], [{"styledString": {"text": "t\u00fa", "styling": [{"from": 0, "to": 2, "attributes": {"alignment": "left", "fontSize": 19, "fontWeight": "normal", "textColor": "4B4B4B", "lineSpacing": 5}}]}, "tokenTTS": {"tokenTTSCollection": [{"startIndex": 0, "endIndex": 1, "ttsURL": "https://d1vq87e9lcf771.cloudfront.net/miguel/2e717e2fe5783a547e2995fe3699350a"}]}, "hints": {"hints": ["you"], "hintLinks": [{"index": 0, "rangeStart": 0, "rangeEnd": 1}]}}, {"styledString": {"text": "pierdes", "styling": [{"from": 0, "to": 1, "attributes": {"alignment": "left", "fontSize": 19, "fontWeight": "normal", "textColor": "4B4B4B", "lineSpacing": 5}}, {"from": 1, "to": 3, "attributes": {"alignment": "left", "fontSize": 19, "fontWeight": "bold", "textColor": "1CB0F6", "lineSpacing": 5}}, {"from": 3, "to": 7, "attributes": {"alignment": "left", "fontSize": 19, "fontWeight": "normal", "textColor": "4B4B4B", "lineSpacing": 5}}]}, "tokenTTS": {"tokenTTSCollection": [{"startIndex": 0, "endIndex": 6, "ttsURL": "https://d1vq87e9lcf771.cloudfront.net/miguel/2ace8cfee7e1685a319ba0ea61be810d"}]}, "hints": {"hints": ["lose"], "hintLinks": [{"index": 0, "rangeStart": 0, "rangeEnd": 6}]}}], [{"styledString": {"text": "\u00e9l / ella / usted", "styling": [{"from": 0, "to": 17, "attributes": {"alignment": "left", "fontSize": 19, "fontWeight": "normal", "textColor": "4B4B4B", "lineSpacing": 5}}]}, "tokenTTS": {"tokenTTSCollection": [{"startIndex": 0, "endIndex": 1, "ttsURL": "https://d1vq87e9lcf771.cloudfront.net/miguel/eb6fb864f3757379acec898fb9018d30"}, {"startIndex": 5, "endIndex": 8, "ttsURL": "https://d1vq87e9lcf771.cloudfront.net/miguel/7ba0a4fe127b1af95b81af18714bbbbb"}, {"startIndex": 12, "endIndex": 16, "ttsURL": "https://d1vq87e9lcf771.cloudfront.net/miguel/3160e30c83ba5403b1bf949dbafd83db"}]}, "hints": {"hints": ["he", "she", "you"], "hintLinks": [{"index": 0, "rangeStart": 0, "rangeEnd": 1}, {"index": 1, "rangeStart": 5, "rangeEnd": 8}, {"index": 2, "rangeStart": 12, "rangeEnd": 16}]}}, {"styledString": {"text": "pierde", "styling": [{"from": 0, "to": 1, "attributes": {"alignment": "left", "fontSize": 19, "fontWeight": "normal", "textColor": "4B4B4B", "lineSpacing": 5}}, {"from": 1, "to": 3, "attributes": {"alignment": "left", "fontSize": 19, "fontWeight": "bold", "textColor": "1CB0F6", "lineSpacing": 5}}, {"from": 3, "to": 6, "attributes": {"alignment": "left", "fontSize": 19, "fontWeight": "normal", "textColor": "4B4B4B", "lineSpacing": 5}}]}, "tokenTTS": {"tokenTTSCollection": [{"startIndex": 0, "endIndex": 5, "ttsURL": "https://d1vq87e9lcf771.cloudfront.net/miguel/2971e9074d21018027badda590dd69d7"}]}, "hints": {"hints": ["loses / lose"], "hintLinks": [{"index": 0, "rangeStart": 0, "rangeEnd": 5}]}}], [{"styledString": {"text": "nosotros / nosotras", "styling": [{"from": 0, "to": 19, "attributes": {"alignment": "left", "fontSize": 19, "fontWeight": "normal", "textColor": "4B4B4B", "lineSpacing": 5}}]}, "tokenTTS": {"tokenTTSCollection": [{"startIndex": 0, "endIndex": 7, "ttsURL": "https://d1vq87e9lcf771.cloudfront.net/miguel/a624405f3a9f9478a2bdb7ea193ca619"}, {"startIndex": 11, "endIndex": 18, "ttsURL": "https://d1vq87e9lcf771.cloudfront.net/miguel/1fa59319dfeea3fc7bc267a1e0dfc644"}]}, "hints": {"hints": ["we", "we"], "hintLinks": [{"index": 0, "rangeStart": 0, "rangeEnd": 7}, {"index": 1, "rangeStart": 11, "rangeEnd": 18}]}}, {"styledString": {"text": "perdemos", "styling": [{"from": 0, "to": 8, "attributes": {"alignment": "left", "fontSize": 19, "fontWeight": "normal", "textColor": "4B4B4B", "lineSpacing": 5}}]}, "tokenTTS": {"tokenTTSCollection": [{"startIndex": 0, "endIndex": 7, "ttsURL": "https://d1vq87e9lcf771.cloudfront.net/miguel/e3889b0a844631cd0f493296c4ce09ed"}]}, "hints": {"hints": ["lose"], "hintLinks": [{"index": 0, "rangeStart": 0, "rangeEnd": 7}]}}], [{"styledString": {"text": "ellos / ellas / ustedes", "styling": [{"from": 0, "to": 23, "attributes": {"alignment": "left", "fontSize": 19, "fontWeight": "normal", "textColor": "4B4B4B", "lineSpacing": 5}}]}, "tokenTTS": {"tokenTTSCollection": [{"startIndex": 0, "endIndex": 4, "ttsURL": "https://d1vq87e9lcf771.cloudfront.net/miguel/4881d6e90516a1bca7871cfae5ef97f7"}, {"startIndex": 8, "endIndex": 12, "ttsURL": "https://d1vq87e9lcf771.cloudfront.net/miguel/a5ad1c36b3c049bc1da655b309cf1269"}, {"startIndex": 16, "endIndex": 22, "ttsURL": "https://d1vq87e9lcf771.cloudfront.net/miguel/adaff35042eaa60b1635593807ea3e15"}]}, "hints": {"hints": ["they", "they", "you"], "hintLinks": [{"index": 0, "rangeStart": 0, "rangeEnd": 4}, {"index": 1, "rangeStart": 8, "rangeEnd": 12}, {"index": 2, "rangeStart": 16, "rangeEnd": 22}]}}, {"styledString": {"text": "pierden", "styling": [{"from": 0, "to": 1, "attributes": {"alignment": "left", "fontSize": 19, "fontWeight": "normal", "textColor": "4B4B4B", "lineSpacing": 5}}, {"from": 1, "to": 3, "attributes": {"alignment": "left", "fontSize": 19, "fontWeight": "bold", "textColor": "1CB0F6", "lineSpacing": 5}}, {"from": 3, "to": 7, "attributes": {"alignment": "left", "fontSize": 19, "fontWeight": "normal", "textColor": "4B4B4B", "lineSpacing": 5}}]}, "tokenTTS": {"tokenTTSCollection": [{"startIndex": 0, "endIndex": 6, "ttsURL": "https://d1vq87e9lcf771.cloudfront.net/miguel/871cd29007af79ce56724c06c604edf3"}]}, "hints": {"hints": ["lose"], "hintLinks": [{"index": 0, "rangeStart": 0, "rangeEnd": 6}]}}]], "hasShadedHeader": true}, "meta": {"autoPlayableTTS": [], "sectionIndex": 0, "backgroundColor": "DDF4FF"}}, {"type": "verticalSpace", "element": 24, "meta": {"autoPlayableTTS": [], "sectionIndex": 0, "backgroundColor": "DDF4FF"}}], "resourcesToPrefetch": [{"required": false, "url": "https://d1vq87e9lcf771.cloudfront.net/miguel/0aa22c99848d0c6bd513cc80b7200988", "type": "mp3"}, {"required": false, "url": "https://d1vq87e9lcf771.cloudfront.net/miguel/177a9cbe64d7a6b7243f96a54f0d891a", "type": "mp3"}, {"required": true, "url": "https://d1btvuu4dwu627.cloudfront.net/1935260bb45227d2abc8062355f5ce9f/7579b8f0692a785646a1f7152bdb0daf/images/baf439db7030421c8a5cf470e6a5b85c.pdf", "type": "pdf"}, {"required": false, "url": "https://d1vq87e9lcf771.cloudfront.net/miguel/adaff35042eaa60b1635593807ea3e15", "type": "mp3"}, {"required": false, "url": "https://d1vq87e9lcf771.cloudfront.net/miguel/21d0f23d98dee573707c5cb6540d6444", "type": "mp3"}, {"required": false, "url": "https://d1vq87e9lcf771.cloudfront.net/miguel/eb6fb864f3757379acec898fb9018d30", "type": "mp3"}, {"required": false, "url": "https://d1vq87e9lcf771.cloudfront.net/miguel/b86ccd7f1a3216c981069e3e5099a275", "type": "mp3"}, {"required": false, "url": "https://d1vq87e9lcf771.cloudfront.net/miguel/8c52f0dca9c2a3699d52977f2a05e46a", "type": "mp3"}, {"required": false, "url": "https://d1vq87e9lcf771.cloudfront.net/miguel/4881d6e90516a1bca7871cfae5ef97f7", "type": "mp3"}, {"required": false, "url": "https://d1vq87e9lcf771.cloudfront.net/miguel/a37232169d222bbc4fa797005bd733fa", "type": "mp3"}, {"required": true, "url": "https://d1btvuu4dwu627.cloudfront.net/1935260bb45227d2abc8062355f5ce9f/7579b8f0692a785646a1f7152bdb0daf/images/047bdc9a0b1e4374a076ccac0f4706ca.pdf", "type": "pdf"}, {"required": false, "url": "https://d1vq87e9lcf771.cloudfront.net/miguel/aa0ff446f41920bd854cbcfe38a476e2", "type": "mp3"}, {"required": false, "url": "https://d1vq87e9lcf771.cloudfront.net/miguel/a99172ac632f6958de41d6640a6ee779", "type": "mp3"}, {"required": false, "url": "https://d1vq87e9lcf771.cloudfront.net/miguel/e3889b0a844631cd0f493296c4ce09ed", "type": "mp3"}, {"required": false, "url": "https://d1vq87e9lcf771.cloudfront.net/miguel/871cd29007af79ce56724c06c604edf3", "type": "mp3"}, {"required": false, "url": "https://d1vq87e9lcf771.cloudfront.net/miguel/e60c440e83357fe1a50472109a54ac11", "type": "mp3"}, {"required": false, "url": "https://d1vq87e9lcf771.cloudfront.net/miguel/1fa59319dfeea3fc7bc267a1e0dfc644", "type": "mp3"}, {"required": false, "url": "https://d1vq87e9lcf771.cloudfront.net/miguel/d9aca461e5663e704b6e6e388797e5cf", "type": "mp3"}, {"required": false, "url": "https://d1vq87e9lcf771.cloudfront.net/miguel/df031b1be872f71075bed495f01e514c", "type": "mp3"}, {"required": false, "url": "https://d1vq87e9lcf771.cloudfront.net/miguel/d7301c76d5521705bf714281407b6c18", "type": "mp3"}, {"required": false, "url": "https://d1vq87e9lcf771.cloudfront.net/miguel/0723dab35600abb8513ade05b62ab224", "type": "mp3"}, {"required": false, "url": "https://d1vq87e9lcf771.cloudfront.net/miguel/048d15c08e54c564da7fb83875d2ea25", "type": "mp3"}, {"required": false, "url": "https://d1vq87e9lcf771.cloudfront.net/miguel/a624405f3a9f9478a2bdb7ea193ca619", "type": "mp3"}, {"required": false, "url": "https://d1vq87e9lcf771.cloudfront.net/miguel/2971e9074d21018027badda590dd69d7", "type": "mp3"}, {"required": false, "url": "https://d1vq87e9lcf771.cloudfront.net/miguel/9e2ddcd9e94f3dafefb4bdeaad2b5e22", "type": "mp3"}, {"required": false, "url": "https://d1vq87e9lcf771.cloudfront.net/miguel/235e31d58df4e1b1649051da83748553", "type": "mp3"}, {"required": false, "url": "https://d1vq87e9lcf771.cloudfront.net/miguel/41353bd824cdf9291992cf6565b249c2", "type": "mp3"}, {"required": false, "url": "https://d1vq87e9lcf771.cloudfront.net/miguel/7ba0a4fe127b1af95b81af18714bbbbb", "type": "mp3"}, {"required": false, "url": "https://d1vq87e9lcf771.cloudfront.net/miguel/2ace8cfee7e1685a319ba0ea61be810d", "type": "mp3"}, {"required": false, "url": "https://d1vq87e9lcf771.cloudfront.net/miguel/186dfcef1ad46a9e9f18d39bd76bf8f4", "type": "mp3"}, {"required": false, "url": "https://d1vq87e9lcf771.cloudfront.net/miguel/29bfbcb23503f446ae8c904758923f3d", "type": "mp3"}, {"required": false, "url": "https://d1vq87e9lcf771.cloudfront.net/miguel/49fdc3b56bcc4b23221b8990d73a495d", "type": "mp3"}, {"required": false, "url": "https://d1vq87e9lcf771.cloudfront.net/miguel/3160e30c83ba5403b1bf949dbafd83db", "type": "mp3"}, {"required": false, "url": "https://d1vq87e9lcf771.cloudfront.net/miguel/f8d7addbe362d12f5a5f15a65a5e6c98", "type": "mp3"}, {"required": false, "url": "https://d1vq87e9lcf771.cloudfront.net/miguel/0b4126febfee980c41572bcc058e6308", "type": "mp3"}, {"required": false, "url": "https://d1vq87e9lcf771.cloudfront.net/miguel/a5ad1c36b3c049bc1da655b309cf1269", "type": "mp3"}, {"required": false, "url": "https://d1vq87e9lcf771.cloudfront.net/miguel/2e717e2fe5783a547e2995fe3699350a", "type": "mp3"}]}