{"elements": [{"type": "verticalSpace", "element": 2, "meta": {"autoPlayableTTS": [], "sectionIndex": 0, "backgroundColor": "E5E5E5"}}, {"type": "verticalSpace", "element": 24, "meta": {"autoPlayableTTS": [], "sectionIndex": 0, "backgroundColor": null}}, {"type": "text", "element": {"styledString": {"text": "KEY PHRASES", "styling": [{"from": 0, "to": 11, "attributes": {"alignment": "left", "fontSize": 17, "fontWeight": "bold", "textColor": "1CB0F6", "lineSpacing": 4}}]}, "tokenTTS": {"tokenTTSCollection": []}}, "meta": {"autoPlayableTTS": [], "sectionIndex": 0, "backgroundColor": null}}, {"type": "verticalSpace", "element": 8, "meta": {"autoPlayableTTS": [], "sectionIndex": 0, "backgroundColor": null}}, {"type": "text", "element": {"styledString": {"text": "Talk about getting well", "styling": [{"from": 0, "to": 23, "attributes": {"alignment": "left", "fontSize": 25, "fontWeight": "bold", "textColor": "4B4B4B", "lineSpacing": 4}}]}, "tokenTTS": {"tokenTTSCollection": []}}, "meta": {"autoPlayableTTS": [], "sectionIndex": 0, "backgroundColor": null}}, {"type": "verticalSpace", "element": 16, "meta": {"autoPlayableTTS": [], "sectionIndex": 0, "backgroundColor": null}}, {"type": "dialogue", "element": {"phrases": [{"text": {"styledString": {"text": "Nous ferons tout pour que tu te sentes mieux.", "styling": [{"from": 0, "to": 45, "attributes": {"alignment": "left", "fontSize": 19, "fontWeight": "normal", "textColor": "4B4B4B", "lineSpacing": 5}}]}, "tokenTTS": {"tokenTTSCollection": []}, "blockHints": [{"value": "Nous", "hintTable": {"rows": [[{"hint": "we", "colspan": 1}], [{"hint": "us", "colspan": 1}], [{"hint": "to each other", "colspan": 1}]], "references": []}, "tts": "https://d1vq87e9lcf771.cloudfront.net/danielle/7f1cf4acbc8ec94bd2a083a118772eb6"}, {"value": " "}, {"value": "ferons", "hintTable": {"rows": [[{"hint": "will do", "colspan": 1}], [{"hint": "will make", "colspan": 1}], [{"hint": "make", "colspan": 1}]], "references": []}, "tts": "https://d1vq87e9lcf771.cloudfront.net/danielle/31e3902ee373fa559afeb49bad65cd56"}, {"value": " "}, {"value": "tout", "hintTable": {"rows": [[{"hint": "so", "colspan": 1}], [{"hint": "everything", "colspan": 1}], [{"hint": "all", "colspan": 1}]], "references": []}, "tts": "https://d1vq87e9lcf771.cloudfront.net/danielle/71131532950192f488af03eb4ee32486"}, {"value": " "}, {"value": "pour", "hintTable": {"headers": ["pour", "que"], "rows": [[{"hint": "so that", "colspan": 2}], [{"hint": "in order", "colspan": 1}, {"colspan": 1}], [{"hint": "for", "colspan": 1}, {"colspan": 1}], [{"hint": "to", "colspan": 1}, {"colspan": 1}]], "references": [4]}, "tts": "https://d1vq87e9lcf771.cloudfront.net/danielle/295003fd4af02f22731e4534126a4c47"}, {"value": " "}, {"value": "que", "hintTable": {"headers": ["pour", "que"], "rows": [[{"hint": "so that", "colspan": 2}], [{"colspan": 1}, {"hint": "that", "colspan": 1}], [{"colspan": 1}, {"hint": "than", "colspan": 1}], [{"colspan": 1}, {"hint": "those", "colspan": 1}]], "references": [3]}, "tts": "https://d1vq87e9lcf771.cloudfront.net/danielle/f7a988c9818f00f37039ade65f8d6b1c"}, {"value": " "}, {"value": "tu", "hintTable": {"rows": [[{"hint": "you", "colspan": 1}], [{"hint": "you'll", "colspan": 1}]], "references": []}, "tts": "https://d1vq87e9lcf771.cloudfront.net/danielle/108696c9e1fe68d2beb23bb6f937a618"}, {"value": " "}, {"value": "te", "hintTable": {"headers": ["te", "sentes"], "rows": [[{"hint": "feel", "colspan": 2}], [{"hint": "you", "colspan": 1}, {"colspan": 1}], [{"hint": "to you", "colspan": 1}, {"colspan": 1}], [{"hint": "yourself", "colspan": 1}, {"colspan": 1}]], "references": [7]}, "tts": "https://d1vq87e9lcf771.cloudfront.net/danielle/8d93634e9088a394591eebdb60b42760"}, {"value": " "}, {"value": "sentes", "hintTable": {"headers": ["te", "sentes"], "rows": [[{"hint": "feel", "colspan": 2}]], "references": [6]}, "tts": "https://d1vq87e9lcf771.cloudfront.net/danielle/47f47f7e024026e115d0a85ea6866957"}, {"value": " "}, {"value": "mieux", "hintTable": {"rows": [[{"hint": "better", "colspan": 1}], [{"hint": "best", "colspan": 1}]], "references": []}, "tts": "https://d1vq87e9lcf771.cloudfront.net/danielle/41a81473dcfa9bcff906ec7614528c4f"}, {"value": "."}]}, "subtext": {"styledString": {"text": "We will do everything so that you feel better.", "styling": [{"from": 0, "to": 46, "attributes": {"alignment": "left", "fontSize": 19, "fontWeight": "normal", "textColor": "AFAFAF", "lineSpacing": 5}}]}, "tokenTTS": {"tokenTTSCollection": []}}, "ttsURL": "https://d1vq87e9lcf771.cloudfront.net/danielle/efc18fb90b39def150107e5d8beb7ffc"}]}, "meta": {"autoPlayableTTS": [], "sectionIndex": 0, "backgroundColor": null}}, {"type": "verticalSpace", "element": 16, "meta": {"autoPlayableTTS": [], "sectionIndex": 0, "backgroundColor": null}}, {"type": "dialogue", "element": {"phrases": [{"text": {"styledString": {"text": "Appelle le m\u00e9decin pour qu'il te voie rapidement.", "styling": [{"from": 0, "to": 49, "attributes": {"alignment": "left", "fontSize": 19, "fontWeight": "normal", "textColor": "4B4B4B", "lineSpacing": 5}}]}, "tokenTTS": {"tokenTTSCollection": []}, "blockHints": [{"value": "Appelle", "hintTable": {"rows": [[{"hint": "call", "colspan": 1}], [{"hint": "am calling", "colspan": 1}], [{"hint": "is calling", "colspan": 1}]], "references": []}, "tts": "https://d1vq87e9lcf771.cloudfront.net/danielle/4c7ea383b5e738bdfa418f9231cac536"}, {"value": " "}, {"value": "le", "hintTable": {"rows": [[{"hint": "the", "colspan": 1}], [{"hint": "on the", "colspan": 1}], [{"hint": "him", "colspan": 1}]], "references": []}, "tts": "https://d1vq87e9lcf771.cloudfront.net/danielle/53635582b04179582406de15f6c2a6fa"}, {"value": " "}, {"value": "m\u00e9decin", "hintTable": {"rows": [[{"hint": "doctor", "colspan": 1}]], "references": []}, "tts": "https://d1vq87e9lcf771.cloudfront.net/danielle/1be3fadae7b1b5663a3562093803d4fd"}, {"value": " "}, {"value": "pour", "hintTable": {"headers": ["pour", "qu'"], "rows": [[{"hint": "so that", "colspan": 2}], [{"hint": "in order", "colspan": 1}, {"colspan": 1}], [{"hint": "for", "colspan": 1}, {"colspan": 1}], [{"hint": "to", "colspan": 1}, {"colspan": 1}]], "references": [4]}, "tts": "https://d1vq87e9lcf771.cloudfront.net/danielle/295003fd4af02f22731e4534126a4c47"}, {"value": " "}, {"value": "qu'", "hintTable": {"headers": ["pour", "qu'"], "rows": [[{"hint": "so that", "colspan": 2}], [{"colspan": 1}, {"hint": "that", "colspan": 1}], [{"colspan": 1}, {"hint": "only", "colspan": 1}], [{"colspan": 1}, {"hint": "than", "colspan": 1}]], "references": [3]}, "tts": "https://d1vq87e9lcf771.cloudfront.net/danielle/4b617eb072e829480cac0f6a39d33d3e"}, {"value": "il", "hintTable": {"rows": [[{"hint": "he", "colspan": 1}], [{"hint": "him", "colspan": 1}], [{"hint": "it's", "colspan": 1}]], "references": []}, "tts": "https://d1vq87e9lcf771.cloudfront.net/danielle/2cc14eeacdf034fdbb20a8fbdb782326"}, {"value": " "}, {"value": "te", "hintTable": {"rows": [[{"hint": "you", "colspan": 1}], [{"hint": "to you", "colspan": 1}], [{"hint": "yourself", "colspan": 1}]], "references": []}, "tts": "https://d1vq87e9lcf771.cloudfront.net/danielle/8d93634e9088a394591eebdb60b42760"}, {"value": " "}, {"value": "voie", "hintTable": {"rows": [[{"hint": "sees", "colspan": 1}], [{"hint": "see", "colspan": 1}], [{"hint": "lane", "colspan": 1}]], "references": []}, "tts": "https://d1vq87e9lcf771.cloudfront.net/danielle/300d55f4bf4eadc5904e9d90187c624a"}, {"value": " "}, {"value": "rapidement", "hintTable": {"rows": [[{"hint": "quickly", "colspan": 1}]], "references": []}, "tts": "https://d1vq87e9lcf771.cloudfront.net/danielle/f9ac10c654b897359b4ef02fa4cf27ca"}, {"value": "."}]}, "subtext": {"styledString": {"text": "Call the doctor so that he sees you quickly.", "styling": [{"from": 0, "to": 44, "attributes": {"alignment": "left", "fontSize": 19, "fontWeight": "normal", "textColor": "AFAFAF", "lineSpacing": 5}}]}, "tokenTTS": {"tokenTTSCollection": []}}, "ttsURL": "https://d1vq87e9lcf771.cloudfront.net/danielle/49dab5660164b9b8755180803da47823"}]}, "meta": {"autoPlayableTTS": [], "sectionIndex": 0, "backgroundColor": null}}, {"type": "verticalSpace", "element": 16, "meta": {"autoPlayableTTS": [], "sectionIndex": 0, "backgroundColor": null}}, {"type": "dialogue", "element": {"phrases": [{"text": {"styledString": {"text": "Donne-lui de l'eau pour qu'il prenne son cachet.", "styling": [{"from": 0, "to": 48, "attributes": {"alignment": "left", "fontSize": 19, "fontWeight": "normal", "textColor": "4B4B4B", "lineSpacing": 5}}]}, "tokenTTS": {"tokenTTSCollection": []}, "blockHints": [{"value": "Donne", "hintTable": {"rows": [[{"hint": "give", "colspan": 1}], [{"hint": "donates", "colspan": 1}], [{"hint": "giving", "colspan": 1}]], "references": []}, "tts": "https://d1vq87e9lcf771.cloudfront.net/danielle/cc9b25fce84b64ee3667632c066db291"}, {"value": "-"}, {"value": "lui", "hintTable": {"rows": [[{"hint": "him", "colspan": 1}], [{"hint": "he", "colspan": 1}], [{"hint": "to him", "colspan": 1}]], "references": []}, "tts": "https://d1vq87e9lcf771.cloudfront.net/danielle/d415a3d2fd96062ffa27d2d47abe31a8"}, {"value": " "}, {"value": "de", "hintTable": {"headers": ["de", "l'"], "rows": [[{"hint": "some", "colspan": 2}], [{"hint": "of the", "colspan": 2}], [{"hint": "about", "colspan": 2}], [{"hint": "for", "colspan": 1}, {"colspan": 1}], [{"hint": "to", "colspan": 1}, {"colspan": 1}], [{"hint": "some", "colspan": 1}, {"colspan": 1}]], "references": [3]}, "tts": "https://d1vq87e9lcf771.cloudfront.net/danielle/440a31450593e609451ea2168f76e988"}, {"value": " "}, {"value": "l'", "hintTable": {"headers": ["de", "l'"], "rows": [[{"hint": "some", "colspan": 2}], [{"hint": "of the", "colspan": 2}], [{"hint": "about", "colspan": 2}], [{"colspan": 1}, {"hint": "him", "colspan": 1}], [{"colspan": 1}, {"hint": "his", "colspan": 1}], [{"colspan": 1}, {"hint": "that", "colspan": 1}]], "references": [2]}, "tts": "https://d1vq87e9lcf771.cloudfront.net/danielle/a201415fcbb4c30128fee4029161ee1d"}, {"value": "eau", "hintTable": {"rows": [[{"hint": "water", "colspan": 1}]], "references": []}, "tts": "https://d1vq87e9lcf771.cloudfront.net/danielle/d993d853d3e9441d3e6229f5c364e0c5"}, {"value": " "}, {"value": "pour", "hintTable": {"headers": ["pour", "qu'"], "rows": [[{"hint": "so that", "colspan": 2}], [{"hint": "in order", "colspan": 1}, {"colspan": 1}], [{"hint": "for", "colspan": 1}, {"colspan": 1}], [{"hint": "to", "colspan": 1}, {"colspan": 1}]], "references": [6]}, "tts": "https://d1vq87e9lcf771.cloudfront.net/danielle/295003fd4af02f22731e4534126a4c47"}, {"value": " "}, {"value": "qu'", "hintTable": {"headers": ["pour", "qu'"], "rows": [[{"hint": "so that", "colspan": 2}], [{"colspan": 1}, {"hint": "that", "colspan": 1}], [{"colspan": 1}, {"hint": "only", "colspan": 1}], [{"colspan": 1}, {"hint": "than", "colspan": 1}]], "references": [5]}, "tts": "https://d1vq87e9lcf771.cloudfront.net/danielle/4b617eb072e829480cac0f6a39d33d3e"}, {"value": "il", "hintTable": {"rows": [[{"hint": "him", "colspan": 1}], [{"hint": "he", "colspan": 1}], [{"hint": "it's", "colspan": 1}]], "references": []}, "tts": "https://d1vq87e9lcf771.cloudfront.net/danielle/2cc14eeacdf034fdbb20a8fbdb782326"}, {"value": " "}, {"value": "prenne", "hintTable": {"rows": [[{"hint": "takes", "colspan": 1}], [{"hint": "take", "colspan": 1}], [{"hint": "get", "colspan": 1}]], "references": []}, "tts": "https://d1vq87e9lcf771.cloudfront.net/danielle/4134cf3cf6440aab78825a9f74262f6a"}, {"value": " "}, {"value": "son", "hintTable": {"rows": [[{"hint": "his", "colspan": 1}], [{"hint": "her", "colspan": 1}], [{"hint": "one's", "colspan": 1}]], "references": []}, "tts": "https://d1vq87e9lcf771.cloudfront.net/danielle/4a10da13e483d70eac385f1e61888f36"}, {"value": " "}, {"value": "cachet", "hintTable": {"rows": [[{"hint": "pill", "colspan": 1}]], "references": []}, "tts": "https://d1vq87e9lcf771.cloudfront.net/danielle/7f8996c83587faea989634dfd4329c25"}, {"value": "."}]}, "subtext": {"styledString": {"text": "Give him water so that he takes his pill.", "styling": [{"from": 0, "to": 41, "attributes": {"alignment": "left", "fontSize": 19, "fontWeight": "normal", "textColor": "AFAFAF", "lineSpacing": 5}}]}, "tokenTTS": {"tokenTTSCollection": []}}, "ttsURL": "https://d1vq87e9lcf771.cloudfront.net/danielle/750e678772f43d505a0aef218d1973ae"}]}, "meta": {"autoPlayableTTS": [], "sectionIndex": 0, "backgroundColor": null}}, {"type": "verticalSpace", "element": 16, "meta": {"autoPlayableTTS": [], "sectionIndex": 0, "backgroundColor": null}}, {"type": "dialogue", "element": {"phrases": [{"text": {"styledString": {"text": "Bien que nous soyons vieux, nous sommes en forme !", "styling": [{"from": 0, "to": 50, "attributes": {"alignment": "left", "fontSize": 19, "fontWeight": "normal", "textColor": "4B4B4B", "lineSpacing": 5}}]}, "tokenTTS": {"tokenTTSCollection": []}, "blockHints": [{"value": "Bien", "hintTable": {"headers": ["bien", "que"], "rows": [[{"hint": "even though", "colspan": 2}], [{"hint": "good", "colspan": 1}, {"colspan": 1}], [{"hint": "well", "colspan": 1}, {"colspan": 1}], [{"hint": "fine", "colspan": 1}, {"colspan": 1}]], "references": [1]}, "tts": "https://d1vq87e9lcf771.cloudfront.net/danielle/862755892c14d73cf0363168fb742d70"}, {"value": " "}, {"value": "que", "hintTable": {"headers": ["bien", "que"], "rows": [[{"hint": "even though", "colspan": 2}], [{"colspan": 1}, {"hint": "for us", "colspan": 2}], [{"colspan": 1}, {"hint": "that", "colspan": 1}], [{"colspan": 1}, {"hint": "than", "colspan": 1}]], "references": [2]}, "tts": "https://d1vq87e9lcf771.cloudfront.net/danielle/f7a988c9818f00f37039ade65f8d6b1c"}, {"value": " "}, {"value": "nous", "hintTable": {"headers": ["que", "nous"], "rows": [[{"hint": "for us", "colspan": 2}], [{"colspan": 1}, {"hint": "we", "colspan": 1}], [{"colspan": 1}, {"hint": "us", "colspan": 1}], [{"colspan": 1}, {"hint": "to each other", "colspan": 1}]], "references": [1]}, "tts": "https://d1vq87e9lcf771.cloudfront.net/danielle/7f1cf4acbc8ec94bd2a083a118772eb6"}, {"value": " "}, {"value": "soyons", "hintTable": {"rows": [[{"hint": "are", "colspan": 1}], [{"hint": "be", "colspan": 1}], [{"hint": "let's be", "colspan": 1}]], "references": []}, "tts": "https://d1vq87e9lcf771.cloudfront.net/danielle/d6d7884be3224e66ae4158e007be811f"}, {"value": " "}, {"value": "vieux", "hintTable": {"rows": [[{"hint": "old", "colspan": 1}]], "references": []}, "tts": "https://d1vq87e9lcf771.cloudfront.net/danielle/aa7419548202901f06b640d05e0d1e4c"}, {"value": ","}, {"value": " "}, {"value": "nous", "hintTable": {"headers": ["nous", "sommes"], "rows": [[{"hint": "we're", "colspan": 2}], [{"hint": "it's", "colspan": 2}], [{"hint": "we", "colspan": 1}, {"colspan": 1}], [{"hint": "us", "colspan": 1}, {"colspan": 1}], [{"hint": "to each other", "colspan": 1}, {"colspan": 1}]], "references": [6]}, "tts": "https://d1vq87e9lcf771.cloudfront.net/danielle/7f1cf4acbc8ec94bd2a083a118772eb6"}, {"value": " "}, {"value": "sommes", "hintTable": {"headers": ["nous", "sommes"], "rows": [[{"hint": "we're", "colspan": 2}], [{"hint": "it's", "colspan": 2}], [{"colspan": 1}, {"hint": "are", "colspan": 1}]], "references": [5]}, "tts": "https://d1vq87e9lcf771.cloudfront.net/danielle/20a95917a07b86fcddfe6555f9112f23"}, {"value": " "}, {"value": "en", "hintTable": {"headers": ["en", "forme"], "rows": [[{"hint": "fit", "colspan": 2}], [{"hint": "good", "colspan": 2}], [{"hint": "in shape", "colspan": 2}], [{"hint": "that", "colspan": 1}, {"colspan": 1}], [{"hint": "in", "colspan": 1}, {"colspan": 1}], [{"hint": "at", "colspan": 1}, {"colspan": 1}]], "references": [8]}, "tts": "https://d1vq87e9lcf771.cloudfront.net/danielle/d78cc0266039b684b7f869230583dc45"}, {"value": " "}, {"value": "forme", "hintTable": {"headers": ["en", "forme"], "rows": [[{"hint": "fit", "colspan": 2}], [{"hint": "good", "colspan": 2}], [{"hint": "in shape", "colspan": 2}], [{"colspan": 1}, {"hint": "shape", "colspan": 1}], [{"colspan": 1}, {"hint": "form", "colspan": 1}], [{"colspan": 1}, {"hint": "fitness", "colspan": 1}]], "references": [7]}, "tts": "https://d1vq87e9lcf771.cloudfront.net/danielle/3328d11c2941c633ffcb7956aa50d788"}, {"value": " "}, {"value": "!"}]}, "subtext": {"styledString": {"text": "Even though we are old, we are fit!", "styling": [{"from": 0, "to": 35, "attributes": {"alignment": "left", "fontSize": 19, "fontWeight": "normal", "textColor": "AFAFAF", "lineSpacing": 5}}]}, "tokenTTS": {"tokenTTSCollection": []}}, "ttsURL": "https://d1vq87e9lcf771.cloudfront.net/danielle/304720229d72608ade3742e348ee2ec3"}]}, "meta": {"autoPlayableTTS": [], "sectionIndex": 0, "backgroundColor": null}}, {"type": "verticalSpace", "element": 16, "meta": {"autoPlayableTTS": [], "sectionIndex": 0, "backgroundColor": null}}, {"type": "dialogue", "element": {"phrases": [{"text": {"styledString": {"text": "Bien qu'il d\u00e9teste le go\u00fbt de ce sirop, il le prend.", "styling": [{"from": 0, "to": 52, "attributes": {"alignment": "left", "fontSize": 19, "fontWeight": "normal", "textColor": "4B4B4B", "lineSpacing": 5}}]}, "tokenTTS": {"tokenTTSCollection": []}, "blockHints": [{"value": "Bien", "hintTable": {"headers": ["bien", "qu'"], "rows": [[{"hint": "even though", "colspan": 2}], [{"hint": "well", "colspan": 1}, {"colspan": 1}], [{"hint": "fine", "colspan": 1}, {"colspan": 1}], [{"hint": "OK", "colspan": 1}, {"colspan": 1}]], "references": [1]}, "tts": "https://d1vq87e9lcf771.cloudfront.net/danielle/862755892c14d73cf0363168fb742d70"}, {"value": " "}, {"value": "qu'", "hintTable": {"headers": ["bien", "qu'"], "rows": [[{"hint": "even though", "colspan": 2}], [{"colspan": 1}, {"hint": "that", "colspan": 1}], [{"colspan": 1}, {"hint": "only", "colspan": 1}], [{"colspan": 1}, {"hint": "than", "colspan": 1}]], "references": [0]}, "tts": "https://d1vq87e9lcf771.cloudfront.net/danielle/4b617eb072e829480cac0f6a39d33d3e"}, {"value": "il", "hintTable": {"rows": [[{"hint": "it", "colspan": 1}], [{"hint": "he", "colspan": 1}], [{"hint": "it's", "colspan": 1}]], "references": []}, "tts": "https://d1vq87e9lcf771.cloudfront.net/danielle/2cc14eeacdf034fdbb20a8fbdb782326"}, {"value": " "}, {"value": "d\u00e9teste", "hintTable": {"rows": [[{"hint": "hates", "colspan": 1}], [{"hint": "hate", "colspan": 1}]], "references": []}, "tts": "https://d1vq87e9lcf771.cloudfront.net/danielle/6778f02c8b19813b93247244db94c75e"}, {"value": " "}, {"value": "le", "hintTable": {"headers": ["le", "go\u00fbt"], "rows": [[{"hint": "taste", "colspan": 2}], [{"hint": "tastes", "colspan": 2}], [{"hint": "the", "colspan": 1}, {"colspan": 1}], [{"hint": "it", "colspan": 1}, {"colspan": 1}], [{"hint": "on the", "colspan": 1}, {"colspan": 1}]], "references": [5]}, "tts": "https://d1vq87e9lcf771.cloudfront.net/danielle/53635582b04179582406de15f6c2a6fa"}, {"value": " "}, {"value": "go\u00fbt", "hintTable": {"headers": ["le", "go\u00fbt"], "rows": [[{"hint": "taste", "colspan": 2}], [{"hint": "tastes", "colspan": 2}], [{"colspan": 1}, {"hint": "taste", "colspan": 1}], [{"colspan": 1}, {"hint": "flavor", "colspan": 1}]], "references": [4]}, "tts": "https://d1vq87e9lcf771.cloudfront.net/danielle/337407fab7337ae0e36bd4413bedf972"}, {"value": " "}, {"value": "de", "hintTable": {"rows": [[{"hint": "of", "colspan": 1}], [{"hint": "out of", "colspan": 1}], [{"hint": "'s", "colspan": 1}]], "references": []}, "tts": "https://d1vq87e9lcf771.cloudfront.net/danielle/440a31450593e609451ea2168f76e988"}, {"value": " "}, {"value": "ce", "hintTable": {"rows": [[{"hint": "it", "colspan": 1}], [{"hint": "this", "colspan": 1}], [{"hint": "he", "colspan": 1}]], "references": []}, "tts": "https://d1vq87e9lcf771.cloudfront.net/danielle/7a1b56deded82e10d0dbe21416f241bb"}, {"value": " "}, {"value": "sirop", "hintTable": {"rows": [[{"hint": "liquid medicine", "colspan": 1}], [{"hint": "syrup", "colspan": 1}]], "references": []}, "tts": "https://d1vq87e9lcf771.cloudfront.net/danielle/fa2494e4b8ac179b8ae807c9a5b6e69e"}, {"value": ","}, {"value": " "}, {"value": "il", "hintTable": {"rows": [[{"hint": "it", "colspan": 1}], [{"hint": "he", "colspan": 1}], [{"hint": "it's", "colspan": 1}]], "references": []}, "tts": "https://d1vq87e9lcf771.cloudfront.net/danielle/2cc14eeacdf034fdbb20a8fbdb782326"}, {"value": " "}, {"value": "le", "hintTable": {"rows": [[{"hint": "the", "colspan": 1}], [{"hint": "it", "colspan": 1}], [{"hint": "on the", "colspan": 1}]], "references": []}, "tts": "https://d1vq87e9lcf771.cloudfront.net/danielle/53635582b04179582406de15f6c2a6fa"}, {"value": " "}, {"value": "prend", "hintTable": {"rows": [[{"hint": "takes", "colspan": 1}], [{"hint": "is taking", "colspan": 1}], [{"hint": "are having", "colspan": 1}]], "references": []}, "tts": "https://d1vq87e9lcf771.cloudfront.net/danielle/397ba350ae1cd01046192176d3887a4a"}, {"value": "."}]}, "subtext": {"styledString": {"text": "Even though he hates the taste of this liquid medicine, he takes it.", "styling": [{"from": 0, "to": 68, "attributes": {"alignment": "left", "fontSize": 19, "fontWeight": "normal", "textColor": "AFAFAF", "lineSpacing": 5}}]}, "tokenTTS": {"tokenTTSCollection": []}}, "ttsURL": "https://d1vq87e9lcf771.cloudfront.net/danielle/fc756aba1749f2998ed1e97afef2c6e7"}]}, "meta": {"autoPlayableTTS": [], "sectionIndex": 0, "backgroundColor": null}}, {"type": "verticalSpace", "element": 16, "meta": {"autoPlayableTTS": [], "sectionIndex": 0, "backgroundColor": null}}, {"type": "dialogue", "element": {"phrases": [{"text": {"styledString": {"text": "Bien que vous saigniez, la coupure n'est pas grave.", "styling": [{"from": 0, "to": 51, "attributes": {"alignment": "left", "fontSize": 19, "fontWeight": "normal", "textColor": "4B4B4B", "lineSpacing": 5}}]}, "tokenTTS": {"tokenTTSCollection": []}, "blockHints": [{"value": "Bien", "hintTable": {"headers": ["bien", "que"], "rows": [[{"hint": "even though", "colspan": 2}], [{"hint": "well", "colspan": 1}, {"colspan": 1}], [{"hint": "fine", "colspan": 1}, {"colspan": 1}], [{"hint": "OK", "colspan": 1}, {"colspan": 1}]], "references": [1]}, "tts": "https://d1vq87e9lcf771.cloudfront.net/danielle/862755892c14d73cf0363168fb742d70"}, {"value": " "}, {"value": "que", "hintTable": {"headers": ["bien", "que"], "rows": [[{"hint": "even though", "colspan": 2}], [{"colspan": 1}, {"hint": "that", "colspan": 1}], [{"colspan": 1}, {"hint": "than", "colspan": 1}], [{"colspan": 1}, {"hint": "those", "colspan": 1}]], "references": [0]}, "tts": "https://d1vq87e9lcf771.cloudfront.net/danielle/f7a988c9818f00f37039ade65f8d6b1c"}, {"value": " "}, {"value": "vous", "hintTable": {"rows": [[{"hint": "you", "colspan": 1}], [{"hint": "for you", "colspan": 1}], [{"hint": "to you", "colspan": 1}]], "references": []}, "tts": "https://d1vq87e9lcf771.cloudfront.net/danielle/480892a594f400f082857d91ad80c042"}, {"value": " "}, {"value": "saigniez", "hintTable": {"rows": [[{"hint": "are bleeding", "colspan": 1}], [{"hint": "bleed", "colspan": 1}]], "references": []}, "tts": "https://d1vq87e9lcf771.cloudfront.net/danielle/5548f64ce008a2d1121808776ba4331c"}, {"value": ","}, {"value": " "}, {"value": "la", "hintTable": {"rows": [[{"hint": "the", "colspan": 1}], [{"hint": "it", "colspan": 1}], [{"hint": "your", "colspan": 1}]], "references": []}, "tts": "https://d1vq87e9lcf771.cloudfront.net/danielle/a3839459c4a22bd261d776fc91b0977e"}, {"value": " "}, {"value": "coupure", "hintTable": {"rows": [[{"hint": "cut", "colspan": 1}]], "references": []}, "tts": "https://d1vq87e9lcf771.cloudfront.net/danielle/2913d99623bc3832360d15a28e2212c2"}, {"value": " "}, {"value": "n'", "hintTable": {"headers": ["n'", "est", "pas"], "rows": [[{"hint": "isn't", "colspan": 3}], [{"hint": "is not", "colspan": 3}], [{"hint": "didn't", "colspan": 3}], [{"hint": "isn't", "colspan": 2}, {"colspan": 1}], [{"hint": "isn't", "colspan": 1}, {"colspan": 1}, {"colspan": 1}], [{"hint": "not", "colspan": 1}, {"colspan": 1}, {"colspan": 1}], [{"hint": "do not", "colspan": 1}, {"colspan": 1}, {"colspan": 1}]], "references": [7]}, "tts": "https://d1vq87e9lcf771.cloudfront.net/danielle/9689399b2fce8825c17cae9a38ac2700"}, {"value": "est", "hintTable": {"headers": ["n'", "est", "pas"], "rows": [[{"hint": "isn't", "colspan": 3}], [{"hint": "is not", "colspan": 3}], [{"hint": "didn't", "colspan": 3}], [{"hint": "isn't", "colspan": 2}, {"colspan": 1}], [{"colspan": 1}, {"hint": "are", "colspan": 1}, {"colspan": 1}], [{"colspan": 1}, {"hint": "is", "colspan": 1}, {"colspan": 1}], [{"colspan": 1}, {"hint": "'s", "colspan": 1}, {"colspan": 1}]], "references": [6]}, "tts": "https://d1vq87e9lcf771.cloudfront.net/beafr/878a35a874ca5ef63f6af2af92a1a0a4"}, {"value": " "}, {"value": "pas", "hintTable": {"headers": ["n'", "est", "pas"], "rows": [[{"hint": "isn't", "colspan": 3}], [{"hint": "is not", "colspan": 3}], [{"hint": "didn't", "colspan": 3}], [{"colspan": 1}, {"colspan": 1}, {"hint": "not", "colspan": 1}], [{"colspan": 1}, {"colspan": 1}, {"hint": "no", "colspan": 1}], [{"colspan": 1}, {"colspan": 1}, {"hint": "steps", "colspan": 1}]], "references": [6, 7]}, "tts": "https://d1vq87e9lcf771.cloudfront.net/danielle/c456a9e187b2f0772875204436cd741c"}, {"value": " "}, {"value": "grave", "hintTable": {"rows": [[{"hint": "serious", "colspan": 1}]], "references": []}, "tts": "https://d1vq87e9lcf771.cloudfront.net/danielle/55377cf02e4b9a50176d69d1214e04e7"}, {"value": "."}]}, "subtext": {"styledString": {"text": "Even though you are bleeding, the cut isn't serious.", "styling": [{"from": 0, "to": 52, "attributes": {"alignment": "left", "fontSize": 19, "fontWeight": "normal", "textColor": "AFAFAF", "lineSpacing": 5}}]}, "tokenTTS": {"tokenTTSCollection": []}}, "ttsURL": "https://d1vq87e9lcf771.cloudfront.net/danielle/175a76fdec015c0f048d6dfdf5934650"}]}, "meta": {"autoPlayableTTS": [], "sectionIndex": 0, "backgroundColor": null}}, {"type": "verticalSpace", "element": 24, "meta": {"autoPlayableTTS": [], "sectionIndex": 0, "backgroundColor": null}}], "resourcesToPrefetch": [{"required": false, "url": "https://d1vq87e9lcf771.cloudfront.net/danielle/175a76fdec015c0f048d6dfdf5934650", "type": "mp3"}, {"required": false, "url": "https://d1vq87e9lcf771.cloudfront.net/danielle/304720229d72608ade3742e348ee2ec3", "type": "mp3"}, {"required": false, "url": "https://d1vq87e9lcf771.cloudfront.net/danielle/fc756aba1749f2998ed1e97afef2c6e7", "type": "mp3"}, {"required": false, "url": "https://d1vq87e9lcf771.cloudfront.net/danielle/49dab5660164b9b8755180803da47823", "type": "mp3"}, {"required": false, "url": "https://d1vq87e9lcf771.cloudfront.net/danielle/efc18fb90b39def150107e5d8beb7ffc", "type": "mp3"}, {"required": false, "url": "https://d1vq87e9lcf771.cloudfront.net/danielle/750e678772f43d505a0aef218d1973ae", "type": "mp3"}]}