{"elements": [{"type": "verticalSpace", "element": 2, "meta": {"autoPlayableTTS": [], "sectionIndex": 0, "backgroundColor": "E5E5E5"}}, {"type": "verticalSpace", "element": 24, "meta": {"autoPlayableTTS": [], "sectionIndex": 0, "backgroundColor": null}}, {"type": "text", "element": {"styledString": {"text": "KEY PHRASES", "styling": [{"from": 0, "to": 11, "attributes": {"alignment": "left", "fontSize": 17, "fontWeight": "bold", "textColor": "1CB0F6", "lineSpacing": 4}}]}, "tokenTTS": {"tokenTTSCollection": []}}, "meta": {"autoPlayableTTS": [], "sectionIndex": 0, "backgroundColor": null}}, {"type": "verticalSpace", "element": 8, "meta": {"autoPlayableTTS": [], "sectionIndex": 0, "backgroundColor": null}}, {"type": "text", "element": {"styledString": {"text": "Talk about technology", "styling": [{"from": 0, "to": 21, "attributes": {"alignment": "left", "fontSize": 25, "fontWeight": "bold", "textColor": "4B4B4B", "lineSpacing": 4}}]}, "tokenTTS": {"tokenTTSCollection": []}}, "meta": {"autoPlayableTTS": [], "sectionIndex": 0, "backgroundColor": null}}, {"type": "verticalSpace", "element": 16, "meta": {"autoPlayableTTS": [], "sectionIndex": 0, "backgroundColor": null}}, {"type": "dialogue", "element": {"phrases": [{"text": {"styledString": {"text": "Le mat\u00e9riel informatique de l'\u00e9cole est vieux.", "styling": [{"from": 0, "to": 46, "attributes": {"alignment": "left", "fontSize": 19, "fontWeight": "normal", "textColor": "4B4B4B", "lineSpacing": 5}}]}, "tokenTTS": {"tokenTTSCollection": []}, "blockHints": [{"value": "Le", "hintTable": {"rows": [[{"hint": "the", "colspan": 1}], [{"hint": "on the", "colspan": 1}], [{"hint": "it", "colspan": 1}]], "references": []}, "tts": "https://d1vq87e9lcf771.cloudfront.net/danielle/53635582b04179582406de15f6c2a6fa"}, {"value": " "}, {"value": "mat\u00e9riel", "hintTable": {"headers": ["mat\u00e9riel", "informatique"], "rows": [[{"hint": "computer hardware", "colspan": 2}], [{"hint": "supplies", "colspan": 1}, {"colspan": 1}]], "references": [2]}, "tts": "https://d1vq87e9lcf771.cloudfront.net/danielle/0c116dcefda01b10cd87285a5d9b12f8"}, {"value": " "}, {"value": "informatique", "hintTable": {"headers": ["mat\u00e9riel", "informatique"], "rows": [[{"hint": "computer hardware", "colspan": 2}], [{"colspan": 1}, {"hint": "computer science", "colspan": 1}], [{"colspan": 1}, {"hint": "it", "colspan": 1}]], "references": [1]}, "tts": "https://d1vq87e9lcf771.cloudfront.net/danielle/dd099c95cc8e045dbe02efc78cc56b15"}, {"value": " "}, {"value": "de", "hintTable": {"headers": ["de", "l'", "\u00e9cole"], "rows": [[{"hint": "school", "colspan": 3}], [{"hint": "of the", "colspan": 2}, {"colspan": 1}], [{"hint": "from the", "colspan": 2}, {"colspan": 1}], [{"hint": "of", "colspan": 2}, {"colspan": 1}], [{"hint": "'s", "colspan": 1}, {"colspan": 1}, {"colspan": 1}], [{"hint": "of", "colspan": 1}, {"colspan": 1}, {"colspan": 1}], [{"hint": "out of", "colspan": 1}, {"colspan": 1}, {"colspan": 1}]], "references": [4]}, "tts": "https://d1vq87e9lcf771.cloudfront.net/danielle/440a31450593e609451ea2168f76e988"}, {"value": " "}, {"value": "l'", "hintTable": {"headers": ["de", "l'", "\u00e9cole"], "rows": [[{"hint": "school", "colspan": 3}], [{"hint": "of the", "colspan": 2}, {"colspan": 1}], [{"hint": "from the", "colspan": 2}, {"colspan": 1}], [{"hint": "of", "colspan": 2}, {"colspan": 1}], [{"colspan": 1}, {"hint": "school", "colspan": 2}], [{"colspan": 1}, {"hint": "the", "colspan": 1}, {"colspan": 1}], [{"colspan": 1}, {"hint": "it", "colspan": 1}, {"colspan": 1}]], "references": [5]}, "tts": "https://d1vq87e9lcf771.cloudfront.net/danielle/a201415fcbb4c30128fee4029161ee1d"}, {"value": "\u00e9cole", "hintTable": {"headers": ["de", "l'", "\u00e9cole"], "rows": [[{"hint": "school", "colspan": 3}], [{"colspan": 1}, {"hint": "school", "colspan": 2}], [{"colspan": 1}, {"colspan": 1}, {"hint": "school", "colspan": 1}]], "references": [4]}, "tts": "https://d1vq87e9lcf771.cloudfront.net/danielle/711f32bf8d1239e67f3166104596aae1"}, {"value": " "}, {"value": "est", "hintTable": {"rows": [[{"hint": "is", "colspan": 1}], [{"hint": "'s", "colspan": 1}], [{"hint": "east", "colspan": 1}]], "references": []}, "tts": "https://d1vq87e9lcf771.cloudfront.net/beafr/878a35a874ca5ef63f6af2af92a1a0a4"}, {"value": " "}, {"value": "vieux", "hintTable": {"rows": [[{"hint": "old", "colspan": 1}]], "references": []}, "tts": "https://d1vq87e9lcf771.cloudfront.net/danielle/aa7419548202901f06b640d05e0d1e4c"}, {"value": "."}]}, "subtext": {"styledString": {"text": "The school's computer hardware is old.", "styling": [{"from": 0, "to": 38, "attributes": {"alignment": "left", "fontSize": 19, "fontWeight": "normal", "textColor": "AFAFAF", "lineSpacing": 5}}]}, "tokenTTS": {"tokenTTSCollection": []}}, "ttsURL": "https://d1vq87e9lcf771.cloudfront.net/danielle/c4d178a7ffbfba1335a8ffcc5f2231cf"}]}, "meta": {"autoPlayableTTS": [], "sectionIndex": 0, "backgroundColor": null}}, {"type": "verticalSpace", "element": 16, "meta": {"autoPlayableTTS": [], "sectionIndex": 0, "backgroundColor": null}}, {"type": "dialogue", "element": {"phrases": [{"text": {"styledString": {"text": "Recommandez-vous un navigateur en particulier ?", "styling": [{"from": 0, "to": 47, "attributes": {"alignment": "left", "fontSize": 19, "fontWeight": "normal", "textColor": "4B4B4B", "lineSpacing": 5}}]}, "tokenTTS": {"tokenTTSCollection": []}, "blockHints": [{"value": "Recommandez", "hintTable": {"rows": [[{"hint": "recommend", "colspan": 1}]], "references": []}, "tts": "https://d1vq87e9lcf771.cloudfront.net/danielle/9bf87072d3e67e7494012de252f0182d"}, {"value": "-"}, {"value": "vous", "hintTable": {"rows": [[{"hint": "you", "colspan": 1}], [{"hint": "for you", "colspan": 1}], [{"hint": "to you", "colspan": 1}]], "references": []}, "tts": "https://d1vq87e9lcf771.cloudfront.net/danielle/480892a594f400f082857d91ad80c042"}, {"value": " "}, {"value": "un", "hintTable": {"rows": [[{"hint": "a", "colspan": 1}], [{"hint": "an", "colspan": 1}], [{"hint": "one", "colspan": 1}]], "references": []}, "tts": "https://d1vq87e9lcf771.cloudfront.net/danielle/848ed0134fe5035cc26127d08f5412fe"}, {"value": " "}, {"value": "navigateur", "hintTable": {"rows": [[{"hint": "browser", "colspan": 1}]], "references": []}, "tts": "https://d1vq87e9lcf771.cloudfront.net/danielle/2641d0e01621402a318011f2abf77bcb"}, {"value": " "}, {"value": "en", "hintTable": {"headers": ["en", "particulier"], "rows": [[{"hint": "in particular", "colspan": 2}], [{"hint": "in a", "colspan": 1}, {"colspan": 1}], [{"hint": "in", "colspan": 1}, {"colspan": 1}], [{"hint": "as a", "colspan": 1}, {"colspan": 1}]], "references": [5]}, "tts": "https://d1vq87e9lcf771.cloudfront.net/danielle/d78cc0266039b684b7f869230583dc45"}, {"value": " "}, {"value": "particulier", "hintTable": {"headers": ["en", "particulier"], "rows": [[{"hint": "in particular", "colspan": 2}], [{"colspan": 1}, {"hint": "private", "colspan": 1}]], "references": [4]}, "tts": "https://d1vq87e9lcf771.cloudfront.net/danielle/1b817e7df0260be8cdc198419f229bb7"}, {"value": " "}, {"value": "?"}]}, "subtext": {"styledString": {"text": "Do you recommend a browser in particular?", "styling": [{"from": 0, "to": 41, "attributes": {"alignment": "left", "fontSize": 19, "fontWeight": "normal", "textColor": "AFAFAF", "lineSpacing": 5}}]}, "tokenTTS": {"tokenTTSCollection": []}}, "ttsURL": "https://d1vq87e9lcf771.cloudfront.net/danielle/9d6a2126f4f83e53c884c22923cdf446"}]}, "meta": {"autoPlayableTTS": [], "sectionIndex": 0, "backgroundColor": null}}, {"type": "verticalSpace", "element": 16, "meta": {"autoPlayableTTS": [], "sectionIndex": 0, "backgroundColor": null}}, {"type": "dialogue", "element": {"phrases": [{"text": {"styledString": {"text": "Tu es s\u00fbr que ce moteur de recherche est fiable ?", "styling": [{"from": 0, "to": 49, "attributes": {"alignment": "left", "fontSize": 19, "fontWeight": "normal", "textColor": "4B4B4B", "lineSpacing": 5}}]}, "tokenTTS": {"tokenTTSCollection": []}, "blockHints": [{"value": "Tu", "hintTable": {"headers": ["tu", "es"], "rows": [[{"hint": "you're", "colspan": 2}], [{"hint": "you", "colspan": 1}, {"colspan": 1}], [{"hint": "you'll", "colspan": 1}, {"colspan": 1}]], "references": [1]}, "tts": "https://d1vq87e9lcf771.cloudfront.net/danielle/108696c9e1fe68d2beb23bb6f937a618"}, {"value": " "}, {"value": "es", "hintTable": {"headers": ["tu", "es"], "rows": [[{"hint": "you're", "colspan": 2}], [{"colspan": 1}, {"hint": "are", "colspan": 1}], [{"colspan": 1}, {"hint": "feel", "colspan": 1}], [{"colspan": 1}, {"hint": "have been", "colspan": 1}]], "references": [0]}, "tts": "https://d1vq87e9lcf771.cloudfront.net/danielle/8894ad6883b21d16d220b9f5da198b21"}, {"value": " "}, {"value": "s\u00fbr", "hintTable": {"rows": [[{"hint": "sure", "colspan": 1}], [{"hint": "safe", "colspan": 1}]], "references": []}, "tts": "https://d1vq87e9lcf771.cloudfront.net/danielle/591d386553aa3874274397447ba83628"}, {"value": " "}, {"value": "que", "hintTable": {"rows": [[{"hint": "that", "colspan": 1}], [{"hint": "than", "colspan": 1}], [{"hint": "those", "colspan": 1}]], "references": []}, "tts": "https://d1vq87e9lcf771.cloudfront.net/danielle/f7a988c9818f00f37039ade65f8d6b1c"}, {"value": " "}, {"value": "ce", "hintTable": {"rows": [[{"hint": "this", "colspan": 1}], [{"hint": "that", "colspan": 1}], [{"hint": "it", "colspan": 1}]], "references": []}, "tts": "https://d1vq87e9lcf771.cloudfront.net/danielle/7a1b56deded82e10d0dbe21416f241bb"}, {"value": " "}, {"value": "moteur", "hintTable": {"headers": ["moteur", "de", "recherche"], "rows": [[{"hint": "search engine", "colspan": 3}], [{"hint": "engine", "colspan": 1}, {"colspan": 1}, {"colspan": 1}], [{"hint": "motor", "colspan": 1}, {"colspan": 1}, {"colspan": 1}]], "references": [6, 7]}, "tts": "https://d1vq87e9lcf771.cloudfront.net/danielle/b8b3f75f87aac0d1e78b61b5ead0ca82"}, {"value": " "}, {"value": "de", "hintTable": {"headers": ["moteur", "de", "recherche"], "rows": [[{"hint": "search engine", "colspan": 3}], [{"colspan": 1}, {"hint": "a", "colspan": 1}, {"colspan": 1}], [{"colspan": 1}, {"hint": "'s", "colspan": 1}, {"colspan": 1}], [{"colspan": 1}, {"hint": "any", "colspan": 1}, {"colspan": 1}]], "references": [5, 7]}, "tts": "https://d1vq87e9lcf771.cloudfront.net/danielle/440a31450593e609451ea2168f76e988"}, {"value": " "}, {"value": "recherche", "hintTable": {"headers": ["moteur", "de", "recherche"], "rows": [[{"hint": "search engine", "colspan": 3}], [{"colspan": 1}, {"colspan": 1}, {"hint": "search", "colspan": 1}], [{"colspan": 1}, {"colspan": 1}, {"hint": "are searching", "colspan": 1}], [{"colspan": 1}, {"colspan": 1}, {"hint": "is searching for", "colspan": 1}]], "references": [5, 6]}, "tts": "https://d1vq87e9lcf771.cloudfront.net/danielle/be8452dd84c519d6488769e1d3c21a45"}, {"value": " "}, {"value": "est", "hintTable": {"rows": [[{"hint": "is", "colspan": 1}], [{"hint": "are", "colspan": 1}], [{"hint": "'s", "colspan": 1}]], "references": []}, "tts": "https://d1vq87e9lcf771.cloudfront.net/beafr/878a35a874ca5ef63f6af2af92a1a0a4"}, {"value": " "}, {"value": "fiable", "hintTable": {"rows": [[{"hint": "reliable", "colspan": 1}]], "references": []}, "tts": "https://d1vq87e9lcf771.cloudfront.net/danielle/05f41fe4f17be354150411710e77045c"}, {"value": " "}, {"value": "?"}]}, "subtext": {"styledString": {"text": "Are you sure this search engine is reliable?", "styling": [{"from": 0, "to": 44, "attributes": {"alignment": "left", "fontSize": 19, "fontWeight": "normal", "textColor": "AFAFAF", "lineSpacing": 5}}]}, "tokenTTS": {"tokenTTSCollection": []}}, "ttsURL": "https://d1vq87e9lcf771.cloudfront.net/danielle/00f03bc5529e28474c3b0685eb30bb7c"}]}, "meta": {"autoPlayableTTS": [], "sectionIndex": 0, "backgroundColor": null}}, {"type": "verticalSpace", "element": 16, "meta": {"autoPlayableTTS": [], "sectionIndex": 0, "backgroundColor": null}}, {"type": "dialogue", "element": {"phrases": [{"text": {"styledString": {"text": "Cela vise \u00e0 sauvegarder les photos.", "styling": [{"from": 0, "to": 35, "attributes": {"alignment": "left", "fontSize": 19, "fontWeight": "normal", "textColor": "4B4B4B", "lineSpacing": 5}}]}, "tokenTTS": {"tokenTTSCollection": []}, "blockHints": [{"value": "Cela", "hintTable": {"rows": [[{"hint": "this", "colspan": 1}], [{"hint": "that", "colspan": 1}], [{"hint": "it'll", "colspan": 1}]], "references": []}, "tts": "https://d1vq87e9lcf771.cloudfront.net/danielle/9c18c8af20e7292631b6500f4744cca0"}, {"value": " "}, {"value": "vise", "hintTable": {"rows": [[{"hint": "aims", "colspan": 1}]], "references": []}, "tts": "https://d1vq87e9lcf771.cloudfront.net/danielle/e4ad06b47d22938d0b5e167cd9d44312"}, {"value": " "}, {"value": "\u00e0", "hintTable": {"rows": [[{"hint": "to", "colspan": 1}], [{"hint": "on", "colspan": 1}], [{"hint": "with", "colspan": 1}]], "references": []}, "tts": "https://d1vq87e9lcf771.cloudfront.net/danielle/525d3aba641b4330345f33346eb9959d"}, {"value": " "}, {"value": "sauvegarder", "hintTable": {"rows": [[{"hint": "save", "colspan": 1}]], "references": []}, "tts": "https://d1vq87e9lcf771.cloudfront.net/danielle/68e2ee57044d1e83dc20e9dc5b30d0a9"}, {"value": " "}, {"value": "les", "hintTable": {"rows": [[{"hint": "the", "colspan": 1}], [{"hint": "your", "colspan": 1}], [{"hint": "they", "colspan": 1}]], "references": []}, "tts": "https://d1vq87e9lcf771.cloudfront.net/danielle/c4fd76f4b436a8eacbb40f9d77fb66f6"}, {"value": " "}, {"value": "photos", "hintTable": {"rows": [[{"hint": "photos", "colspan": 1}], [{"hint": "pictures", "colspan": 1}], [{"hint": "photographs", "colspan": 1}]], "references": []}, "tts": "https://d1vq87e9lcf771.cloudfront.net/danielle/ab7111e06e40e49474ef9a6dd0626bf9"}, {"value": "."}]}, "subtext": {"styledString": {"text": "This aims to save photos.", "styling": [{"from": 0, "to": 25, "attributes": {"alignment": "left", "fontSize": 19, "fontWeight": "normal", "textColor": "AFAFAF", "lineSpacing": 5}}]}, "tokenTTS": {"tokenTTSCollection": []}}, "ttsURL": "https://d1vq87e9lcf771.cloudfront.net/danielle/6db1b2d94fd38c21382b27d5300c8e13"}]}, "meta": {"autoPlayableTTS": [], "sectionIndex": 0, "backgroundColor": null}}, {"type": "verticalSpace", "element": 16, "meta": {"autoPlayableTTS": [], "sectionIndex": 0, "backgroundColor": null}}, {"type": "dialogue", "element": {"phrases": [{"text": {"styledString": {"text": "Ces donn\u00e9es restent sur le r\u00e9seau de l'entreprise.", "styling": [{"from": 0, "to": 50, "attributes": {"alignment": "left", "fontSize": 19, "fontWeight": "normal", "textColor": "4B4B4B", "lineSpacing": 5}}]}, "tokenTTS": {"tokenTTSCollection": []}, "blockHints": [{"value": "Ces", "hintTable": {"headers": ["ces", "donn\u00e9es", "restent"], "rows": [[{"hint": "this data stays", "colspan": 3}], [{"hint": "this data", "colspan": 2}, {"colspan": 1}], [{"hint": "this", "colspan": 1}, {"colspan": 1}, {"colspan": 1}], [{"hint": "these", "colspan": 1}, {"colspan": 1}, {"colspan": 1}], [{"hint": "those", "colspan": 1}, {"colspan": 1}, {"colspan": 1}]], "references": [1]}, "tts": "https://d1vq87e9lcf771.cloudfront.net/danielle/ef450df7df84305c73316c2e5fc80399"}, {"value": " "}, {"value": "donn\u00e9es", "hintTable": {"headers": ["ces", "donn\u00e9es", "restent"], "rows": [[{"hint": "this data stays", "colspan": 3}], [{"hint": "this data", "colspan": 2}, {"colspan": 1}], [{"colspan": 1}, {"hint": "data", "colspan": 1}, {"colspan": 1}], [{"colspan": 1}, {"hint": "gave", "colspan": 1}, {"colspan": 1}]], "references": [0]}, "tts": "https://d1vq87e9lcf771.cloudfront.net/danielle/0b9850032dded08d42e48dadacf73b59"}, {"value": " "}, {"value": "restent", "hintTable": {"headers": ["ces", "donn\u00e9es", "restent"], "rows": [[{"hint": "this data stays", "colspan": 3}], [{"colspan": 1}, {"colspan": 1}, {"hint": "stay", "colspan": 1}], [{"colspan": 1}, {"colspan": 1}, {"hint": "are staying", "colspan": 1}]], "references": [0, 1]}, "tts": "https://d1vq87e9lcf771.cloudfront.net/danielle/ecbc0af10424397b1829627b27092b1f"}, {"value": " "}, {"value": "sur", "hintTable": {"headers": ["sur", "le"], "rows": [[{"hint": "about", "colspan": 2}], [{"hint": "on", "colspan": 1}, {"colspan": 1}], [{"hint": "at", "colspan": 1}, {"colspan": 1}], [{"hint": "over", "colspan": 1}, {"colspan": 1}]], "references": [4]}, "tts": "https://d1vq87e9lcf771.cloudfront.net/danielle/422ef6e876b524c148c0a0a1733e830f"}, {"value": " "}, {"value": "le", "hintTable": {"headers": ["sur", "le"], "rows": [[{"hint": "about", "colspan": 2}], [{"colspan": 1}, {"hint": "on the", "colspan": 1}], [{"colspan": 1}, {"hint": "the", "colspan": 1}], [{"colspan": 1}, {"hint": "on", "colspan": 1}]], "references": [3]}, "tts": "https://d1vq87e9lcf771.cloudfront.net/danielle/53635582b04179582406de15f6c2a6fa"}, {"value": " "}, {"value": "r\u00e9seau", "hintTable": {"rows": [[{"hint": "network", "colspan": 1}]], "references": []}, "tts": "https://d1vq87e9lcf771.cloudfront.net/danielle/7ea0d12a0edb86c0e731d64e4d0696cf"}, {"value": " "}, {"value": "de", "hintTable": {"headers": ["de", "l'"], "rows": [[{"hint": "of the", "colspan": 2}], [{"hint": "from the", "colspan": 2}], [{"hint": "of", "colspan": 2}], [{"hint": "on", "colspan": 1}, {"colspan": 1}], [{"hint": "'s", "colspan": 1}, {"colspan": 1}], [{"hint": "of", "colspan": 1}, {"colspan": 1}]], "references": [7]}, "tts": "https://d1vq87e9lcf771.cloudfront.net/danielle/440a31450593e609451ea2168f76e988"}, {"value": " "}, {"value": "l'", "hintTable": {"headers": ["de", "l'"], "rows": [[{"hint": "of the", "colspan": 2}], [{"hint": "from the", "colspan": 2}], [{"hint": "of", "colspan": 2}], [{"colspan": 1}, {"hint": "the", "colspan": 1}], [{"colspan": 1}, {"hint": "that", "colspan": 1}], [{"colspan": 1}, {"hint": "with", "colspan": 1}]], "references": [6]}, "tts": "https://d1vq87e9lcf771.cloudfront.net/danielle/a201415fcbb4c30128fee4029161ee1d"}, {"value": "entreprise", "hintTable": {"rows": [[{"hint": "company", "colspan": 1}], [{"hint": "business", "colspan": 1}]], "references": []}, "tts": "https://d1vq87e9lcf771.cloudfront.net/danielle/500c8a3af6805b408a40dfb352e2e392"}, {"value": "."}]}, "subtext": {"styledString": {"text": "This data stays on the company network.", "styling": [{"from": 0, "to": 39, "attributes": {"alignment": "left", "fontSize": 19, "fontWeight": "normal", "textColor": "AFAFAF", "lineSpacing": 5}}]}, "tokenTTS": {"tokenTTSCollection": []}}, "ttsURL": "https://d1vq87e9lcf771.cloudfront.net/danielle/b47cd4d74a3610054142b898c9634964"}]}, "meta": {"autoPlayableTTS": [], "sectionIndex": 0, "backgroundColor": null}}, {"type": "verticalSpace", "element": 16, "meta": {"autoPlayableTTS": [], "sectionIndex": 0, "backgroundColor": null}}, {"type": "dialogue", "element": {"phrases": [{"text": {"styledString": {"text": "Attention, toute ma vie est sur ce disque dur !", "styling": [{"from": 0, "to": 47, "attributes": {"alignment": "left", "fontSize": 19, "fontWeight": "normal", "textColor": "4B4B4B", "lineSpacing": 5}}]}, "tokenTTS": {"tokenTTSCollection": []}, "blockHints": [{"value": "Attention", "hintTable": {"rows": [[{"hint": "careful", "colspan": 1}], [{"hint": "be careful", "colspan": 1}], [{"hint": "attention", "colspan": 1}]], "references": []}, "tts": "https://d1vq87e9lcf771.cloudfront.net/danielle/0ade2526a80c42625cffd6af9d69554f"}, {"value": ","}, {"value": " "}, {"value": "toute", "hintTable": {"rows": [[{"hint": "whole", "colspan": 1}], [{"hint": "all", "colspan": 1}], [{"hint": "entire", "colspan": 1}]], "references": []}, "tts": "https://d1vq87e9lcf771.cloudfront.net/danielle/c21650293f94d96b01fa7b7587b1f7fb"}, {"value": " "}, {"value": "ma", "hintTable": {"rows": [[{"hint": "my", "colspan": 1}]], "references": []}, "tts": "https://d1vq87e9lcf771.cloudfront.net/danielle/ff1624cb6f44b6c361e834c032a1db4e"}, {"value": " "}, {"value": "vie", "hintTable": {"rows": [[{"hint": "life", "colspan": 1}], [{"hint": "lives", "colspan": 1}]], "references": []}, "tts": "https://d1vq87e9lcf771.cloudfront.net/danielle/9e95d2bcc08bc88ccdb71a8cf65eab29"}, {"value": " "}, {"value": "est", "hintTable": {"rows": [[{"hint": "is", "colspan": 1}], [{"hint": "'s", "colspan": 1}], [{"hint": "east", "colspan": 1}]], "references": []}, "tts": "https://d1vq87e9lcf771.cloudfront.net/beafr/878a35a874ca5ef63f6af2af92a1a0a4"}, {"value": " "}, {"value": "sur", "hintTable": {"rows": [[{"hint": "on", "colspan": 1}], [{"hint": "out of", "colspan": 1}], [{"hint": "at", "colspan": 1}]], "references": []}, "tts": "https://d1vq87e9lcf771.cloudfront.net/danielle/422ef6e876b524c148c0a0a1733e830f"}, {"value": " "}, {"value": "ce", "hintTable": {"rows": [[{"hint": "this", "colspan": 1}], [{"hint": "that", "colspan": 1}], [{"hint": "it", "colspan": 1}]], "references": []}, "tts": "https://d1vq87e9lcf771.cloudfront.net/danielle/7a1b56deded82e10d0dbe21416f241bb"}, {"value": " "}, {"value": "disque", "hintTable": {"headers": ["disque", "dur"], "rows": [[{"hint": "hard drive", "colspan": 2}], [{"hint": "record", "colspan": 1}, {"colspan": 1}]], "references": [8]}, "tts": "https://d1vq87e9lcf771.cloudfront.net/danielle/f63558cb4116fca6dcd56fb5ac556a6b"}, {"value": " "}, {"value": "dur", "hintTable": {"headers": ["disque", "dur"], "rows": [[{"hint": "hard drive", "colspan": 2}], [{"colspan": 1}, {"hint": "hard", "colspan": 1}]], "references": [7]}, "tts": "https://d1vq87e9lcf771.cloudfront.net/danielle/05f472c9786aacb08503c3ee9c78a86a"}, {"value": " "}, {"value": "!"}]}, "subtext": {"styledString": {"text": "Careful, my whole life is on this hard drive!", "styling": [{"from": 0, "to": 45, "attributes": {"alignment": "left", "fontSize": 19, "fontWeight": "normal", "textColor": "AFAFAF", "lineSpacing": 5}}]}, "tokenTTS": {"tokenTTSCollection": []}}, "ttsURL": "https://d1vq87e9lcf771.cloudfront.net/danielle/f9e92eb2a916f00bfac114593231deab"}]}, "meta": {"autoPlayableTTS": [], "sectionIndex": 0, "backgroundColor": null}}, {"type": "verticalSpace", "element": 24, "meta": {"autoPlayableTTS": [], "sectionIndex": 0, "backgroundColor": null}}], "resourcesToPrefetch": [{"required": false, "url": "https://d1vq87e9lcf771.cloudfront.net/danielle/00f03bc5529e28474c3b0685eb30bb7c", "type": "mp3"}, {"required": false, "url": "https://d1vq87e9lcf771.cloudfront.net/danielle/c4d178a7ffbfba1335a8ffcc5f2231cf", "type": "mp3"}, {"required": false, "url": "https://d1vq87e9lcf771.cloudfront.net/danielle/b47cd4d74a3610054142b898c9634964", "type": "mp3"}, {"required": false, "url": "https://d1vq87e9lcf771.cloudfront.net/danielle/f9e92eb2a916f00bfac114593231deab", "type": "mp3"}, {"required": false, "url": "https://d1vq87e9lcf771.cloudfront.net/danielle/6db1b2d94fd38c21382b27d5300c8e13", "type": "mp3"}, {"required": false, "url": "https://d1vq87e9lcf771.cloudfront.net/danielle/9d6a2126f4f83e53c884c22923cdf446", "type": "mp3"}]}