{"elements": [{"type": "verticalSpace", "element": 2, "meta": {"autoPlayableTTS": [], "sectionIndex": 0, "backgroundColor": "E5E5E5"}}, {"type": "verticalSpace", "element": 24, "meta": {"autoPlayableTTS": [], "sectionIndex": 0, "backgroundColor": null}}, {"type": "text", "element": {"styledString": {"text": "KEY PHRASES", "styling": [{"from": 0, "to": 11, "attributes": {"alignment": "left", "fontSize": 17, "fontWeight": "bold", "textColor": "1CB0F6", "lineSpacing": 4}}]}, "tokenTTS": {"tokenTTSCollection": []}}, "meta": {"autoPlayableTTS": [], "sectionIndex": 0, "backgroundColor": null}}, {"type": "verticalSpace", "element": 8, "meta": {"autoPlayableTTS": [], "sectionIndex": 0, "backgroundColor": null}}, {"type": "text", "element": {"styledString": {"text": "Say what used to happen", "styling": [{"from": 0, "to": 23, "attributes": {"alignment": "left", "fontSize": 25, "fontWeight": "bold", "textColor": "4B4B4B", "lineSpacing": 4}}]}, "tokenTTS": {"tokenTTSCollection": []}}, "meta": {"autoPlayableTTS": [], "sectionIndex": 0, "backgroundColor": null}}, {"type": "verticalSpace", "element": 16, "meta": {"autoPlayableTTS": [], "sectionIndex": 0, "backgroundColor": null}}, {"type": "dialogue", "element": {"phrases": [{"text": {"styledString": {"text": "Mi mam\u00e1 casi nunca viajaba sola.", "styling": [{"from": 0, "to": 32, "attributes": {"alignment": "left", "fontSize": 19, "fontWeight": "normal", "textColor": "4B4B4B", "lineSpacing": 5}}]}, "tokenTTS": {"tokenTTSCollection": []}, "blockHints": [{"value": "Mi", "hintTable": {"rows": [[{"hint": "my", "colspan": 1}]], "references": []}, "tts": "https://d1vq87e9lcf771.cloudfront.net/miguel/b082510d0e48798ab32883bfe8d655b6"}, {"value": " "}, {"value": "mam\u00e1", "hintTable": {"rows": [[{"hint": "mom", "colspan": 1}], [{"hint": "mother", "colspan": 1}]], "references": []}, "tts": "https://d1vq87e9lcf771.cloudfront.net/miguel/fc1de63db007df54a806256d6bfbbff3"}, {"value": " "}, {"value": "casi", "hintTable": {"headers": ["casi", "nunca"], "rows": [[{"hint": "rarely", "colspan": 2}], [{"hint": "hardly", "colspan": 1}, {"colspan": 1}], [{"hint": "almost", "colspan": 1}, {"colspan": 1}], [{"hint": "nearly", "colspan": 1}, {"colspan": 1}]], "references": [3]}, "tts": "https://d1vq87e9lcf771.cloudfront.net/miguel/d0d2181a056490a277574b040c9f5216"}, {"value": " "}, {"value": "nunca", "hintTable": {"headers": ["casi", "nunca"], "rows": [[{"hint": "rarely", "colspan": 2}], [{"colspan": 1}, {"hint": "ever", "colspan": 1}], [{"colspan": 1}, {"hint": "never", "colspan": 1}]], "references": [2]}, "tts": "https://d1vq87e9lcf771.cloudfront.net/miguel/4e953663aad9a044188c34d18e5ae399"}, {"value": " "}, {"value": "viajaba", "hintTable": {"rows": [[{"hint": "traveled", "colspan": 1}]], "references": []}, "tts": "https://d1vq87e9lcf771.cloudfront.net/miguel/56ac4ca5e3908e6d9a7a4d737aa5b31d"}, {"value": " "}, {"value": "sola", "hintTable": {"rows": [[{"hint": "alone", "colspan": 1}], [{"hint": "by herself", "colspan": 1}], [{"hint": "only", "colspan": 1}]], "references": []}, "tts": "https://d1vq87e9lcf771.cloudfront.net/miguel/f9e3a7a7da1c67f7c6c2ab9269f13a15"}, {"value": "."}]}, "subtext": {"styledString": {"text": "My mom hardly ever traveled alone.", "styling": [{"from": 0, "to": 34, "attributes": {"alignment": "left", "fontSize": 19, "fontWeight": "normal", "textColor": "AFAFAF", "lineSpacing": 5}}]}, "tokenTTS": {"tokenTTSCollection": []}}, "ttsURL": "https://d1vq87e9lcf771.cloudfront.net/miguel/b6b2b45ec0af5f3507a5d33c6c2d0ce2"}]}, "meta": {"autoPlayableTTS": [], "sectionIndex": 0, "backgroundColor": null}}, {"type": "verticalSpace", "element": 16, "meta": {"autoPlayableTTS": [], "sectionIndex": 0, "backgroundColor": null}}, {"type": "dialogue", "element": {"phrases": [{"text": {"styledString": {"text": "De ni\u00f1o, me asustaba viajar en avi\u00f3n, pero ya no.", "styling": [{"from": 0, "to": 49, "attributes": {"alignment": "left", "fontSize": 19, "fontWeight": "normal", "textColor": "4B4B4B", "lineSpacing": 5}}]}, "tokenTTS": {"tokenTTSCollection": []}, "blockHints": [{"value": "De", "hintTable": {"headers": ["de", "ni\u00f1o"], "rows": [[{"hint": "as a child", "colspan": 2}], [{"hint": "as", "colspan": 1}, {"colspan": 1}], [{"hint": "to", "colspan": 1}, {"colspan": 1}], [{"hint": "by", "colspan": 1}, {"colspan": 1}]], "references": [1]}, "tts": "https://d1vq87e9lcf771.cloudfront.net/miguel/7c3dc4295f4bfedec518e38299ea8dc5"}, {"value": " "}, {"value": "ni\u00f1o", "hintTable": {"headers": ["de", "ni\u00f1o"], "rows": [[{"hint": "as a child", "colspan": 2}], [{"colspan": 1}, {"hint": "child", "colspan": 1}], [{"colspan": 1}, {"hint": "boy", "colspan": 1}], [{"colspan": 1}, {"hint": "kid", "colspan": 1}]], "references": [0]}, "tts": "https://d1vq87e9lcf771.cloudfront.net/miguel/d4ec65056b364d950075988210c4fab8"}, {"value": ","}, {"value": " "}, {"value": "me", "hintTable": {"headers": ["me", "asustaba"], "rows": [[{"hint": "it used to scare me", "colspan": 2}], [{"hint": "it scared me", "colspan": 2}], [{"hint": "me", "colspan": 1}, {"colspan": 1}], [{"hint": "for me", "colspan": 1}, {"colspan": 1}], [{"hint": "I", "colspan": 1}, {"colspan": 1}]], "references": [3]}, "tts": "https://d1vq87e9lcf771.cloudfront.net/miguel/e0523aab2519a0650d3b9410064d0876"}, {"value": " "}, {"value": "asustaba", "hintTable": {"headers": ["me", "asustaba"], "rows": [[{"hint": "it used to scare me", "colspan": 2}], [{"hint": "it scared me", "colspan": 2}], [{"colspan": 1}, {"hint": "frightened", "colspan": 1}], [{"colspan": 1}, {"hint": "shocked", "colspan": 1}]], "references": [2]}, "tts": "https://d1vq87e9lcf771.cloudfront.net/miguel/91c7f42b47c172f05300df57b30b64ff"}, {"value": " "}, {"value": "viajar", "hintTable": {"rows": [[{"hint": "(to) travel", "colspan": 1}], [{"hint": "travel", "colspan": 1}], [{"hint": "traveling", "colspan": 1}]], "references": []}, "tts": "https://d1vq87e9lcf771.cloudfront.net/miguel/78b3ff14482b6ec144be5d9a1a2b17dd"}, {"value": " "}, {"value": "en", "hintTable": {"rows": [[{"hint": "a", "colspan": 1}], [{"hint": "to", "colspan": 1}], [{"hint": "by", "colspan": 1}]], "references": []}, "tts": "https://d1vq87e9lcf771.cloudfront.net/miguel/953baa0ff97009a5374e3a2695ce7f5c"}, {"value": " "}, {"value": "avi\u00f3n", "hintTable": {"rows": [[{"hint": "plane", "colspan": 1}], [{"hint": "airplane", "colspan": 1}], [{"hint": "aircraft", "colspan": 1}]], "references": []}, "tts": "https://d1vq87e9lcf771.cloudfront.net/miguel/bd56a58c1933e9cca4c95b32ca66a18b"}, {"value": ","}, {"value": " "}, {"value": "pero", "hintTable": {"rows": [[{"hint": "but", "colspan": 1}], [{"hint": "yet", "colspan": 1}]], "references": []}, "tts": "https://d1vq87e9lcf771.cloudfront.net/miguel/a1ffdd0c0a4cbaaa368cff9d686d92a0"}, {"value": " "}, {"value": "ya", "hintTable": {"headers": ["ya", "no"], "rows": [[{"hint": "anymore", "colspan": 2}], [{"hint": "any longer", "colspan": 2}], [{"hint": "anymore", "colspan": 1}, {"colspan": 1}], [{"hint": "by now", "colspan": 1}, {"colspan": 1}], [{"hint": "now", "colspan": 1}, {"colspan": 1}]], "references": [9]}, "tts": "https://d1vq87e9lcf771.cloudfront.net/miguel/ee28519a66797410897c30c5c3ba0803"}, {"value": " "}, {"value": "no", "hintTable": {"headers": ["ya", "no"], "rows": [[{"hint": "anymore", "colspan": 2}], [{"hint": "any longer", "colspan": 2}], [{"colspan": 1}, {"hint": "not", "colspan": 1}], [{"colspan": 1}, {"hint": "do not", "colspan": 1}], [{"colspan": 1}, {"hint": "are not", "colspan": 1}]], "references": [8]}, "tts": "https://d1vq87e9lcf771.cloudfront.net/miguel/e56dc9c59b5e999bbe4a986911a59034"}, {"value": "."}]}, "subtext": {"styledString": {"text": "As a child, it used to scare me to travel by plane, but not anymore.", "styling": [{"from": 0, "to": 68, "attributes": {"alignment": "left", "fontSize": 19, "fontWeight": "normal", "textColor": "AFAFAF", "lineSpacing": 5}}]}, "tokenTTS": {"tokenTTSCollection": []}}, "ttsURL": "https://d1vq87e9lcf771.cloudfront.net/miguel/118e0f3242b03c92b5227ca78e1e8362"}]}, "meta": {"autoPlayableTTS": [], "sectionIndex": 0, "backgroundColor": null}}, {"type": "verticalSpace", "element": 16, "meta": {"autoPlayableTTS": [], "sectionIndex": 0, "backgroundColor": null}}, {"type": "dialogue", "element": {"phrases": [{"text": {"styledString": {"text": "Yo casi nunca llevaba mucho equipaje.", "styling": [{"from": 0, "to": 37, "attributes": {"alignment": "left", "fontSize": 19, "fontWeight": "normal", "textColor": "4B4B4B", "lineSpacing": 5}}]}, "tokenTTS": {"tokenTTSCollection": []}, "blockHints": [{"value": "Yo", "hintTable": {"rows": [[{"hint": "I", "colspan": 1}], [{"hint": "i'd", "colspan": 1}], [{"hint": "me", "colspan": 1}]], "references": []}, "tts": "https://d1vq87e9lcf771.cloudfront.net/miguel/aa0ff446f41920bd854cbcfe38a476e2"}, {"value": " "}, {"value": "casi", "hintTable": {"headers": ["casi", "nunca"], "rows": [[{"hint": "rarely", "colspan": 2}], [{"hint": "hardly", "colspan": 1}, {"colspan": 1}], [{"hint": "almost", "colspan": 1}, {"colspan": 1}], [{"hint": "nearly", "colspan": 1}, {"colspan": 1}]], "references": [2]}, "tts": "https://d1vq87e9lcf771.cloudfront.net/miguel/d0d2181a056490a277574b040c9f5216"}, {"value": " "}, {"value": "nunca", "hintTable": {"headers": ["casi", "nunca"], "rows": [[{"hint": "rarely", "colspan": 2}], [{"colspan": 1}, {"hint": "ever", "colspan": 1}], [{"colspan": 1}, {"hint": "never", "colspan": 1}]], "references": [1]}, "tts": "https://d1vq87e9lcf771.cloudfront.net/miguel/4e953663aad9a044188c34d18e5ae399"}, {"value": " "}, {"value": "llevaba", "hintTable": {"rows": [[{"hint": "(I/he/she/it/you) carried", "colspan": 1}], [{"hint": "carried", "colspan": 1}], [{"hint": "(I/he/she/it/you) carried over", "colspan": 1}]], "references": []}, "tts": "https://d1vq87e9lcf771.cloudfront.net/miguel/6236b450ef4799836926e0903770c7e2"}, {"value": " "}, {"value": "mucho", "hintTable": {"rows": [[{"hint": "a lot of", "colspan": 1}], [{"hint": "a lot", "colspan": 1}], [{"hint": "lots of", "colspan": 1}]], "references": []}, "tts": "https://d1vq87e9lcf771.cloudfront.net/penelope/caadf9e19061cdbcccfdc8d286125db2"}, {"value": " "}, {"value": "equipaje", "hintTable": {"rows": [[{"hint": "luggage", "colspan": 1}], [{"hint": "baggage", "colspan": 1}]], "references": []}, "tts": "https://d1vq87e9lcf771.cloudfront.net/miguel/73127c8c45bff7212a7618dc8c1e22ca"}, {"value": "."}]}, "subtext": {"styledString": {"text": "I hardly ever carried a lot of luggage.", "styling": [{"from": 0, "to": 39, "attributes": {"alignment": "left", "fontSize": 19, "fontWeight": "normal", "textColor": "AFAFAF", "lineSpacing": 5}}]}, "tokenTTS": {"tokenTTSCollection": []}}, "ttsURL": "https://d1vq87e9lcf771.cloudfront.net/miguel/65cfdf46215ef8d22f1acc3863d1fd80"}]}, "meta": {"autoPlayableTTS": [], "sectionIndex": 0, "backgroundColor": null}}, {"type": "verticalSpace", "element": 16, "meta": {"autoPlayableTTS": [], "sectionIndex": 0, "backgroundColor": null}}, {"type": "dialogue", "element": {"phrases": [{"text": {"styledString": {"text": "Siempre me hospedaba en el centro de la ciudad.", "styling": [{"from": 0, "to": 47, "attributes": {"alignment": "left", "fontSize": 19, "fontWeight": "normal", "textColor": "4B4B4B", "lineSpacing": 5}}]}, "tokenTTS": {"tokenTTSCollection": []}, "blockHints": [{"value": "Siempre", "hintTable": {"rows": [[{"hint": "always", "colspan": 1}], [{"hint": "forever", "colspan": 1}], [{"hint": "ever", "colspan": 1}]], "references": []}, "tts": "https://d1vq87e9lcf771.cloudfront.net/miguel/e06789c21057e74b0947ee54e94651a2"}, {"value": " "}, {"value": "me", "hintTable": {"headers": ["me", "hospedaba"], "rows": [[{"hint": "stayed", "colspan": 2}], [{"hint": "I", "colspan": 1}, {"colspan": 1}], [{"hint": "myself", "colspan": 1}, {"colspan": 1}], [{"hint": "me", "colspan": 1}, {"colspan": 1}]], "references": [2]}, "tts": "https://d1vq87e9lcf771.cloudfront.net/miguel/e0523aab2519a0650d3b9410064d0876"}, {"value": " "}, {"value": "hospedaba", "hintTable": {"headers": ["me", "hospedaba"], "rows": [[{"hint": "stayed", "colspan": 2}], [{"colspan": 1}, {"hint": "stayed", "colspan": 1}], [{"colspan": 1}, {"hint": "stay", "colspan": 1}], [{"colspan": 1}, {"hint": "staying", "colspan": 1}]], "references": [1]}, "tts": "https://d1vq87e9lcf771.cloudfront.net/miguel/abe670c2cb99130e3116a96dbabb6b83"}, {"value": " "}, {"value": "en", "hintTable": {"headers": ["en", "el", "centro", "de", "la", "ciudad"], "rows": [[{"hint": "downtown", "colspan": 6}], [{"hint": "downtown", "colspan": 3}, {"colspan": 1}, {"colspan": 1}, {"colspan": 1}], [{"hint": "of", "colspan": 1}, {"colspan": 1}, {"colspan": 1}, {"colspan": 1}, {"colspan": 1}, {"colspan": 1}], [{"hint": "in", "colspan": 1}, {"colspan": 1}, {"colspan": 1}, {"colspan": 1}, {"colspan": 1}, {"colspan": 1}], [{"hint": "to", "colspan": 1}, {"colspan": 1}, {"colspan": 1}, {"colspan": 1}, {"colspan": 1}, {"colspan": 1}]], "references": [4, 5]}, "tts": "https://d1vq87e9lcf771.cloudfront.net/miguel/953baa0ff97009a5374e3a2695ce7f5c"}, {"value": " "}, {"value": "el", "hintTable": {"headers": ["en", "el", "centro", "de", "la", "ciudad"], "rows": [[{"hint": "downtown", "colspan": 6}], [{"hint": "downtown", "colspan": 3}, {"colspan": 1}, {"colspan": 1}, {"colspan": 1}], [{"colspan": 1}, {"hint": "the", "colspan": 1}, {"colspan": 1}, {"colspan": 1}, {"colspan": 1}, {"colspan": 1}], [{"colspan": 1}, {"hint": "your", "colspan": 1}, {"colspan": 1}, {"colspan": 1}, {"colspan": 1}, {"colspan": 1}], [{"colspan": 1}, {"hint": "her", "colspan": 1}, {"colspan": 1}, {"colspan": 1}, {"colspan": 1}, {"colspan": 1}]], "references": [3, 5]}, "tts": "https://d1vq87e9lcf771.cloudfront.net/penelope/b47f0c6243dc0dd607abd744189eec05"}, {"value": " "}, {"value": "centro", "hintTable": {"headers": ["en", "el", "centro", "de", "la", "ciudad"], "rows": [[{"hint": "downtown", "colspan": 6}], [{"colspan": 1}, {"colspan": 1}, {"hint": "downtown", "colspan": 4}], [{"hint": "downtown", "colspan": 3}, {"colspan": 1}, {"colspan": 1}, {"colspan": 1}], [{"colspan": 1}, {"colspan": 1}, {"hint": "center", "colspan": 1}, {"colspan": 1}, {"colspan": 1}, {"colspan": 1}], [{"colspan": 1}, {"colspan": 1}, {"hint": "downtown", "colspan": 1}, {"colspan": 1}, {"colspan": 1}, {"colspan": 1}], [{"colspan": 1}, {"colspan": 1}, {"hint": "area", "colspan": 1}, {"colspan": 1}, {"colspan": 1}, {"colspan": 1}]], "references": [3, 4]}, "tts": "https://d1vq87e9lcf771.cloudfront.net/miguel/70f1dc9c2b9c952e6809dd6ccc8a9d64"}, {"value": " "}, {"value": "de", "hintTable": {"headers": ["en", "el", "centro", "de", "la", "ciudad"], "rows": [[{"hint": "downtown", "colspan": 6}], [{"colspan": 1}, {"colspan": 1}, {"hint": "downtown", "colspan": 4}], [{"colspan": 1}, {"colspan": 1}, {"colspan": 1}, {"hint": "'s", "colspan": 2}, {"colspan": 1}], [{"colspan": 1}, {"colspan": 1}, {"colspan": 1}, {"hint": "of", "colspan": 1}, {"colspan": 1}, {"colspan": 1}]], "references": [7]}, "tts": "https://d1vq87e9lcf771.cloudfront.net/miguel/7c3dc4295f4bfedec518e38299ea8dc5"}, {"value": " "}, {"value": "la", "hintTable": {"headers": ["en", "el", "centro", "de", "la", "ciudad"], "rows": [[{"hint": "downtown", "colspan": 6}], [{"colspan": 1}, {"colspan": 1}, {"hint": "downtown", "colspan": 4}], [{"colspan": 1}, {"colspan": 1}, {"colspan": 1}, {"hint": "'s", "colspan": 2}, {"colspan": 1}], [{"colspan": 1}, {"colspan": 1}, {"colspan": 1}, {"colspan": 1}, {"hint": "the", "colspan": 1}, {"colspan": 1}]], "references": [6]}, "tts": "https://d1vq87e9lcf771.cloudfront.net/miguel/e9ea010281921357dd4b130d51e7488b"}, {"value": " "}, {"value": "ciudad", "hintTable": {"headers": ["en", "el", "centro", "de", "la", "ciudad"], "rows": [[{"hint": "downtown", "colspan": 6}], [{"colspan": 1}, {"colspan": 1}, {"hint": "downtown", "colspan": 4}], [{"colspan": 1}, {"colspan": 1}, {"colspan": 1}, {"colspan": 1}, {"colspan": 1}, {"hint": "city", "colspan": 1}], [{"colspan": 1}, {"colspan": 1}, {"colspan": 1}, {"colspan": 1}, {"colspan": 1}, {"hint": "town", "colspan": 1}]], "references": [5, 6, 7]}, "tts": "https://d1vq87e9lcf771.cloudfront.net/miguel/d424fcecace5e1c2e575d66e24d8ec9e"}, {"value": "."}]}, "subtext": {"styledString": {"text": "I always stayed in the center of the city.", "styling": [{"from": 0, "to": 42, "attributes": {"alignment": "left", "fontSize": 19, "fontWeight": "normal", "textColor": "AFAFAF", "lineSpacing": 5}}]}, "tokenTTS": {"tokenTTSCollection": []}}, "ttsURL": "https://d1vq87e9lcf771.cloudfront.net/miguel/a7e54956deb75572af0ebbe970c6e366"}]}, "meta": {"autoPlayableTTS": [], "sectionIndex": 0, "backgroundColor": null}}, {"type": "verticalSpace", "element": 16, "meta": {"autoPlayableTTS": [], "sectionIndex": 0, "backgroundColor": null}}, {"type": "dialogue", "element": {"phrases": [{"text": {"styledString": {"text": "Siempre que ibas al aeropuerto, llegabas tarde.", "styling": [{"from": 0, "to": 47, "attributes": {"alignment": "left", "fontSize": 19, "fontWeight": "normal", "textColor": "4B4B4B", "lineSpacing": 5}}]}, "tokenTTS": {"tokenTTSCollection": []}, "blockHints": [{"value": "Siempre", "hintTable": {"headers": ["siempre", "que"], "rows": [[{"hint": "whenever", "colspan": 2}], [{"hint": "as long as", "colspan": 2}], [{"hint": "always", "colspan": 1}, {"colspan": 1}], [{"hint": "forever", "colspan": 1}, {"colspan": 1}], [{"hint": "ever", "colspan": 1}, {"colspan": 1}]], "references": [1]}, "tts": "https://d1vq87e9lcf771.cloudfront.net/miguel/e06789c21057e74b0947ee54e94651a2"}, {"value": " "}, {"value": "que", "hintTable": {"headers": ["siempre", "que"], "rows": [[{"hint": "whenever", "colspan": 2}], [{"hint": "as long as", "colspan": 2}], [{"colspan": 1}, {"hint": "to", "colspan": 1}], [{"colspan": 1}, {"hint": "because", "colspan": 1}], [{"colspan": 1}, {"hint": "that", "colspan": 1}]], "references": [0]}, "tts": "https://d1vq87e9lcf771.cloudfront.net/miguel/a1ac789b0b8d37cb82d476eff39cdd67"}, {"value": " "}, {"value": "ibas", "hintTable": {"rows": [[{"hint": "went", "colspan": 1}], [{"hint": "(?) did you use to go", "colspan": 1}], [{"hint": "(you) were going to", "colspan": 1}]], "references": []}, "tts": "https://d1vq87e9lcf771.cloudfront.net/miguel/051d0a43d58ba81ccc041384455bb15a"}, {"value": " "}, {"value": "al", "hintTable": {"rows": [[{"hint": "to the", "colspan": 1}], [{"hint": "the", "colspan": 1}], [{"hint": "to", "colspan": 1}]], "references": []}, "tts": "https://d1vq87e9lcf771.cloudfront.net/miguel/96cab1b14b78e988600b8ec5432007c6"}, {"value": " "}, {"value": "aeropuerto", "hintTable": {"rows": [[{"hint": "airport", "colspan": 1}]], "references": []}, "tts": "https://d1vq87e9lcf771.cloudfront.net/miguel/b0db23580c3f6947ff85022fe379f489"}, {"value": ","}, {"value": " "}, {"value": "llegabas", "hintTable": {"rows": [[{"hint": "arrived", "colspan": 1}], [{"hint": "got", "colspan": 1}]], "references": []}, "tts": "https://d1vq87e9lcf771.cloudfront.net/miguel/52f93e6ff2b0d93f8f54b78613ded1e9"}, {"value": " "}, {"value": "tarde", "hintTable": {"rows": [[{"hint": "late", "colspan": 1}], [{"hint": "afternoon", "colspan": 1}], [{"hint": "evening", "colspan": 1}]], "references": []}, "tts": "https://d1vq87e9lcf771.cloudfront.net/miguel/13d2f12961a7899c688bcfe2c631a08b"}, {"value": "."}]}, "subtext": {"styledString": {"text": "Whenever you went to the airport, you arrived late.", "styling": [{"from": 0, "to": 51, "attributes": {"alignment": "left", "fontSize": 19, "fontWeight": "normal", "textColor": "AFAFAF", "lineSpacing": 5}}]}, "tokenTTS": {"tokenTTSCollection": []}}, "ttsURL": "https://d1vq87e9lcf771.cloudfront.net/miguel/0bef74bb534d4c7f0cee63767bb77f77"}]}, "meta": {"autoPlayableTTS": [], "sectionIndex": 0, "backgroundColor": null}}, {"type": "verticalSpace", "element": 16, "meta": {"autoPlayableTTS": [], "sectionIndex": 0, "backgroundColor": null}}, {"type": "dialogue", "element": {"phrases": [{"text": {"styledString": {"text": "Antes no ten\u00eda dinero para viajar, ahora s\u00ed.", "styling": [{"from": 0, "to": 44, "attributes": {"alignment": "left", "fontSize": 19, "fontWeight": "normal", "textColor": "4B4B4B", "lineSpacing": 5}}]}, "tokenTTS": {"tokenTTSCollection": []}, "blockHints": [{"value": "Antes", "hintTable": {"rows": [[{"hint": "before", "colspan": 1}], [{"hint": "previously", "colspan": 1}], [{"hint": "first", "colspan": 1}]], "references": []}, "tts": "https://d1vq87e9lcf771.cloudfront.net/miguel/24647be708dd783472b30f61e3ce4ddc"}, {"value": " "}, {"value": "no", "hintTable": {"rows": [[{"hint": "didn't", "colspan": 1}], [{"hint": "n't", "colspan": 1}], [{"hint": "do not", "colspan": 1}]], "references": []}, "tts": "https://d1vq87e9lcf771.cloudfront.net/miguel/e56dc9c59b5e999bbe4a986911a59034"}, {"value": " "}, {"value": "ten\u00eda", "hintTable": {"rows": [[{"hint": "have", "colspan": 1}], [{"hint": "(?) did she have", "colspan": 1}], [{"hint": "(I) used to have", "colspan": 1}]], "references": []}, "tts": "https://d1vq87e9lcf771.cloudfront.net/miguel/75b5fcd09c52cb98a717e8e72e2ec9a3"}, {"value": " "}, {"value": "dinero", "hintTable": {"rows": [[{"hint": "money", "colspan": 1}]], "references": []}, "tts": "https://d1vq87e9lcf771.cloudfront.net/miguel/6c7faf4b26e96676bf357f9566f934cd"}, {"value": " "}, {"value": "para", "hintTable": {"rows": [[{"hint": "for", "colspan": 1}], [{"hint": "have", "colspan": 1}], [{"hint": "to", "colspan": 1}]], "references": []}, "tts": "https://d1vq87e9lcf771.cloudfront.net/miguel/6f3d0512a9245756279b8c3ebecaae1b"}, {"value": " "}, {"value": "viajar", "hintTable": {"rows": [[{"hint": "traveling", "colspan": 1}], [{"hint": "(to) travel", "colspan": 1}], [{"hint": "travel", "colspan": 1}]], "references": []}, "tts": "https://d1vq87e9lcf771.cloudfront.net/miguel/78b3ff14482b6ec144be5d9a1a2b17dd"}, {"value": ","}, {"value": " "}, {"value": "ahora", "hintTable": {"rows": [[{"hint": "now", "colspan": 1}]], "references": []}, "tts": "https://d1vq87e9lcf771.cloudfront.net/penelope/efd6bfc26918067a7b214dee7d71b4bc"}, {"value": " "}, {"value": "s\u00ed", "hintTable": {"rows": [[{"hint": "I do", "colspan": 1}], [{"hint": "we do", "colspan": 1}], [{"hint": "they do", "colspan": 1}]], "references": []}, "tts": "https://d1vq87e9lcf771.cloudfront.net/miguel/04b793f812f070e10d57115925381be8"}, {"value": "."}]}, "subtext": {"styledString": {"text": "Before, I didn't have money for traveling, now I do.", "styling": [{"from": 0, "to": 52, "attributes": {"alignment": "left", "fontSize": 19, "fontWeight": "normal", "textColor": "AFAFAF", "lineSpacing": 5}}]}, "tokenTTS": {"tokenTTSCollection": []}}, "ttsURL": "https://d1vq87e9lcf771.cloudfront.net/miguel/b5a55d20503a5871d06134ac33e7a7c2"}]}, "meta": {"autoPlayableTTS": [], "sectionIndex": 0, "backgroundColor": null}}, {"type": "verticalSpace", "element": 24, "meta": {"autoPlayableTTS": [], "sectionIndex": 0, "backgroundColor": null}}], "resourcesToPrefetch": [{"required": false, "url": "https://d1vq87e9lcf771.cloudfront.net/miguel/65cfdf46215ef8d22f1acc3863d1fd80", "type": "mp3"}, {"required": false, "url": "https://d1vq87e9lcf771.cloudfront.net/miguel/a7e54956deb75572af0ebbe970c6e366", "type": "mp3"}, {"required": false, "url": "https://d1vq87e9lcf771.cloudfront.net/miguel/b6b2b45ec0af5f3507a5d33c6c2d0ce2", "type": "mp3"}, {"required": false, "url": "https://d1vq87e9lcf771.cloudfront.net/miguel/118e0f3242b03c92b5227ca78e1e8362", "type": "mp3"}, {"required": false, "url": "https://d1vq87e9lcf771.cloudfront.net/miguel/0bef74bb534d4c7f0cee63767bb77f77", "type": "mp3"}, {"required": false, "url": "https://d1vq87e9lcf771.cloudfront.net/miguel/b5a55d20503a5871d06134ac33e7a7c2", "type": "mp3"}]}