{"elements": [{"type": "verticalSpace", "element": 2, "meta": {"autoPlayableTTS": [], "sectionIndex": 0, "backgroundColor": "E5E5E5"}}, {"type": "verticalSpace", "element": 24, "meta": {"autoPlayableTTS": [], "sectionIndex": 0, "backgroundColor": null}}, {"type": "text", "element": {"styledString": {"text": "KEY PHRASES", "styling": [{"from": 0, "to": 11, "attributes": {"alignment": "left", "fontSize": 17, "fontWeight": "bold", "textColor": "1CB0F6", "lineSpacing": 4}}]}, "tokenTTS": {"tokenTTSCollection": []}}, "meta": {"autoPlayableTTS": [], "sectionIndex": 0, "backgroundColor": null}}, {"type": "verticalSpace", "element": 8, "meta": {"autoPlayableTTS": [], "sectionIndex": 0, "backgroundColor": null}}, {"type": "text", "element": {"styledString": {"text": "Use direct object pronouns", "styling": [{"from": 0, "to": 26, "attributes": {"alignment": "left", "fontSize": 25, "fontWeight": "bold", "textColor": "4B4B4B", "lineSpacing": 4}}]}, "tokenTTS": {"tokenTTSCollection": []}}, "meta": {"autoPlayableTTS": [], "sectionIndex": 0, "backgroundColor": null}}, {"type": "verticalSpace", "element": 16, "meta": {"autoPlayableTTS": [], "sectionIndex": 0, "backgroundColor": null}}, {"type": "dialogue", "element": {"phrases": [{"text": {"styledString": {"text": "El vestido es bonito, pero no lo compro.", "styling": [{"from": 0, "to": 40, "attributes": {"alignment": "left", "fontSize": 19, "fontWeight": "normal", "textColor": "4B4B4B", "lineSpacing": 5}}]}, "tokenTTS": {"tokenTTSCollection": []}, "blockHints": [{"value": "El", "hintTable": {"rows": [[{"hint": "the", "colspan": 1}], [{"hint": "your", "colspan": 1}], [{"hint": "her", "colspan": 1}]], "references": []}, "tts": "https://d1vq87e9lcf771.cloudfront.net/penelope/b47f0c6243dc0dd607abd744189eec05"}, {"value": " "}, {"value": "vestido", "hintTable": {"rows": [[{"hint": "dress", "colspan": 1}], [{"hint": "gown", "colspan": 1}], [{"hint": "dressed", "colspan": 1}]], "references": []}, "tts": "https://d1vq87e9lcf771.cloudfront.net/miguel/f041664787286ba5b062bcd7b2cb9759"}, {"value": " "}, {"value": "es", "hintTable": {"rows": [[{"hint": "(it) is", "colspan": 1}], [{"hint": "is", "colspan": 1}], [{"hint": "(she) is", "colspan": 1}]], "references": []}, "tts": "https://d1vq87e9lcf771.cloudfront.net/miguel/88bcf53446c728520f69b8a164c6e011"}, {"value": " "}, {"value": "bonito", "hintTable": {"rows": [[{"hint": "pretty", "colspan": 1}], [{"hint": "beautiful", "colspan": 1}], [{"hint": "nice", "colspan": 1}]], "references": []}, "tts": "https://d1vq87e9lcf771.cloudfront.net/miguel/e03bab7304e2a8f6aa4c1ccfdadbd2cd"}, {"value": ","}, {"value": " "}, {"value": "pero", "hintTable": {"rows": [[{"hint": "but", "colspan": 1}], [{"hint": "yet", "colspan": 1}]], "references": []}, "tts": "https://d1vq87e9lcf771.cloudfront.net/miguel/a1ffdd0c0a4cbaaa368cff9d686d92a0"}, {"value": " "}, {"value": "no", "hintTable": {"rows": [[{"hint": "not", "colspan": 1}], [{"hint": "do not", "colspan": 1}], [{"hint": "are not", "colspan": 1}]], "references": []}, "tts": "https://d1vq87e9lcf771.cloudfront.net/miguel/e56dc9c59b5e999bbe4a986911a59034"}, {"value": " "}, {"value": "lo", "hintTable": {"headers": ["lo", "compro"], "rows": [[{"hint": "I'm buying it", "colspan": 2}], [{"hint": "the", "colspan": 1}, {"colspan": 1}], [{"hint": "it", "colspan": 1}, {"colspan": 1}], [{"hint": "they", "colspan": 1}, {"colspan": 1}]], "references": [7]}, "tts": "https://d1vq87e9lcf771.cloudfront.net/miguel/e21f9356c6da5313fc1311d6dbde33c3"}, {"value": " "}, {"value": "compro", "hintTable": {"headers": ["lo", "compro"], "rows": [[{"hint": "I'm buying it", "colspan": 2}], [{"colspan": 1}, {"hint": "I'm buying", "colspan": 1}], [{"colspan": 1}, {"hint": "(I) am buying", "colspan": 1}], [{"colspan": 1}, {"hint": "(I) buy", "colspan": 1}]], "references": [6]}, "tts": "https://d1vq87e9lcf771.cloudfront.net/miguel/621b1ddae4b79a07ddc602e89b91bc66"}, {"value": "."}]}, "subtext": {"styledString": {"text": "The dress is pretty, but I'm not buying it.", "styling": [{"from": 0, "to": 43, "attributes": {"alignment": "left", "fontSize": 19, "fontWeight": "normal", "textColor": "AFAFAF", "lineSpacing": 5}}]}, "tokenTTS": {"tokenTTSCollection": []}}, "ttsURL": "https://d1vq87e9lcf771.cloudfront.net/miguel/e4bbc813b50c00d01ce8a690b9dd83b4"}]}, "meta": {"autoPlayableTTS": [], "sectionIndex": 0, "backgroundColor": null}}, {"type": "verticalSpace", "element": 16, "meta": {"autoPlayableTTS": [], "sectionIndex": 0, "backgroundColor": null}}, {"type": "dialogue", "element": {"phrases": [{"text": {"styledString": {"text": "No me gusta la cartera y no la quiero.", "styling": [{"from": 0, "to": 38, "attributes": {"alignment": "left", "fontSize": 19, "fontWeight": "normal", "textColor": "4B4B4B", "lineSpacing": 5}}]}, "tokenTTS": {"tokenTTSCollection": []}, "blockHints": [{"value": "No", "hintTable": {"rows": [[{"hint": "don't", "colspan": 1}], [{"hint": "not", "colspan": 1}], [{"hint": "do not", "colspan": 1}]], "references": []}, "tts": "https://d1vq87e9lcf771.cloudfront.net/miguel/e56dc9c59b5e999bbe4a986911a59034"}, {"value": " "}, {"value": "me", "hintTable": {"headers": ["me", "gusta"], "rows": [[{"hint": "(I) like", "colspan": 2}], [{"hint": "like", "colspan": 2}], [{"hint": "I", "colspan": 1}, {"colspan": 1}], [{"hint": "myself", "colspan": 1}, {"colspan": 1}], [{"hint": "me", "colspan": 1}, {"colspan": 1}]], "references": [2]}, "tts": "https://d1vq87e9lcf771.cloudfront.net/miguel/e0523aab2519a0650d3b9410064d0876"}, {"value": " "}, {"value": "gusta", "hintTable": {"headers": ["me", "gusta"], "rows": [[{"hint": "(I) like", "colspan": 2}], [{"hint": "like", "colspan": 2}], [{"colspan": 1}, {"hint": "I've liked (since)", "colspan": 1}]], "references": [1]}, "tts": "https://d1vq87e9lcf771.cloudfront.net/miguel/2ccff7d1490c25c97e9b3b06419fd895"}, {"value": " "}, {"value": "la", "hintTable": {"rows": [[{"hint": "the", "colspan": 1}], [{"hint": "it", "colspan": 1}], [{"hint": "your", "colspan": 1}]], "references": []}, "tts": "https://d1vq87e9lcf771.cloudfront.net/miguel/e9ea010281921357dd4b130d51e7488b"}, {"value": " "}, {"value": "cartera", "hintTable": {"rows": [[{"hint": "purse", "colspan": 1}], [{"hint": "bag", "colspan": 1}], [{"hint": "wallet", "colspan": 1}]], "references": []}, "tts": "https://d1vq87e9lcf771.cloudfront.net/miguel/644d0c93f4ea1acb177ec2f1a83ef09e"}, {"value": " "}, {"value": "y", "hintTable": {"rows": [[{"hint": "and", "colspan": 1}]], "references": []}, "tts": "https://d1vq87e9lcf771.cloudfront.net/miguel/05e3848edd76360dcc4340e158ad7843"}, {"value": " "}, {"value": "no", "hintTable": {"rows": [[{"hint": "don't", "colspan": 1}], [{"hint": "not", "colspan": 1}], [{"hint": "do not", "colspan": 1}]], "references": []}, "tts": "https://d1vq87e9lcf771.cloudfront.net/miguel/e56dc9c59b5e999bbe4a986911a59034"}, {"value": " "}, {"value": "la", "hintTable": {"headers": ["la", "quiero"], "rows": [[{"hint": "(I) want it", "colspan": 2}], [{"hint": "the", "colspan": 1}, {"colspan": 1}], [{"hint": "it", "colspan": 1}, {"colspan": 1}], [{"hint": "your", "colspan": 1}, {"colspan": 1}]], "references": [8]}, "tts": "https://d1vq87e9lcf771.cloudfront.net/miguel/e9ea010281921357dd4b130d51e7488b"}, {"value": " "}, {"value": "quiero", "hintTable": {"headers": ["la", "quiero"], "rows": [[{"hint": "(I) want it", "colspan": 2}], [{"colspan": 1}, {"hint": "(I) want", "colspan": 1}], [{"colspan": 1}, {"hint": "want", "colspan": 1}], [{"colspan": 1}, {"hint": "(I) love", "colspan": 1}]], "references": [7]}, "tts": "https://d1vq87e9lcf771.cloudfront.net/miguel/f672a172d5f667a8bb2d71321db2f416"}, {"value": "."}]}, "subtext": {"styledString": {"text": "I don't like the purse and I don't want it.", "styling": [{"from": 0, "to": 43, "attributes": {"alignment": "left", "fontSize": 19, "fontWeight": "normal", "textColor": "AFAFAF", "lineSpacing": 5}}]}, "tokenTTS": {"tokenTTSCollection": []}}, "ttsURL": "https://d1vq87e9lcf771.cloudfront.net/miguel/135d3bf799651781aa97a9dacac57c2c"}]}, "meta": {"autoPlayableTTS": [], "sectionIndex": 0, "backgroundColor": null}}, {"type": "verticalSpace", "element": 16, "meta": {"autoPlayableTTS": [], "sectionIndex": 0, "backgroundColor": null}}, {"type": "dialogue", "element": {"phrases": [{"text": {"styledString": {"text": "Ella compra las blusas porque las necesita.", "styling": [{"from": 0, "to": 43, "attributes": {"alignment": "left", "fontSize": 19, "fontWeight": "normal", "textColor": "4B4B4B", "lineSpacing": 5}}]}, "tokenTTS": {"tokenTTSCollection": []}, "blockHints": [{"value": "Ella", "hintTable": {"rows": [[{"hint": "she", "colspan": 1}], [{"hint": "her", "colspan": 1}], [{"hint": "she'll", "colspan": 1}]], "references": []}, "tts": "https://d1vq87e9lcf771.cloudfront.net/miguel/7ba0a4fe127b1af95b81af18714bbbbb"}, {"value": " "}, {"value": "compra", "hintTable": {"rows": [[{"hint": "(he) is buying", "colspan": 1}], [{"hint": "(?) is he buying", "colspan": 1}], [{"hint": "(?) are you buying", "colspan": 1}]], "references": []}, "tts": "https://d1vq87e9lcf771.cloudfront.net/miguel/210974f0b3f5fdafbd4a78d744d63040"}, {"value": " "}, {"value": "las", "hintTable": {"rows": [[{"hint": "the", "colspan": 1}], [{"hint": "them", "colspan": 1}], [{"hint": "your", "colspan": 1}]], "references": []}, "tts": "https://d1vq87e9lcf771.cloudfront.net/miguel/091132295dc9ca2d2c6c7bec077b625b"}, {"value": " "}, {"value": "blusas", "hintTable": {"rows": [[{"hint": "blouses", "colspan": 1}]], "references": []}, "tts": "https://d1vq87e9lcf771.cloudfront.net/miguel/819ae9c9a5c74796b2cbc0f662698303"}, {"value": " "}, {"value": "porque", "hintTable": {"rows": [[{"hint": "because", "colspan": 1}], [{"hint": "since", "colspan": 1}], [{"hint": "that", "colspan": 1}]], "references": []}, "tts": "https://d1vq87e9lcf771.cloudfront.net/miguel/91b6dda819648cb66499d3ba579671e8"}, {"value": " "}, {"value": "las", "hintTable": {"rows": [[{"hint": "the", "colspan": 1}], [{"hint": "them", "colspan": 1}], [{"hint": "your", "colspan": 1}]], "references": []}, "tts": "https://d1vq87e9lcf771.cloudfront.net/miguel/091132295dc9ca2d2c6c7bec077b625b"}, {"value": " "}, {"value": "necesita", "hintTable": {"rows": [[{"hint": "(she) needs", "colspan": 1}], [{"hint": "(he) needs", "colspan": 1}], [{"hint": "needs", "colspan": 1}]], "references": []}, "tts": "https://d1vq87e9lcf771.cloudfront.net/miguel/e91b78c8c49dde727f9522f3cceef2e9"}, {"value": "."}]}, "subtext": {"styledString": {"text": "She is buying the blouses because she needs them.", "styling": [{"from": 0, "to": 49, "attributes": {"alignment": "left", "fontSize": 19, "fontWeight": "normal", "textColor": "AFAFAF", "lineSpacing": 5}}]}, "tokenTTS": {"tokenTTSCollection": []}}, "ttsURL": "https://d1vq87e9lcf771.cloudfront.net/miguel/58a226b93f6020a2b53e8918621a3e15"}]}, "meta": {"autoPlayableTTS": [], "sectionIndex": 0, "backgroundColor": null}}, {"type": "verticalSpace", "element": 16, "meta": {"autoPlayableTTS": [], "sectionIndex": 0, "backgroundColor": null}}, {"type": "dialogue", "element": {"phrases": [{"text": {"styledString": {"text": "Tengo solo un abrigo y lo uso todo el tiempo.", "styling": [{"from": 0, "to": 45, "attributes": {"alignment": "left", "fontSize": 19, "fontWeight": "normal", "textColor": "4B4B4B", "lineSpacing": 5}}]}, "tokenTTS": {"tokenTTSCollection": []}, "blockHints": [{"value": "Tengo", "hintTable": {"rows": [[{"hint": "(I) have", "colspan": 1}], [{"hint": "have", "colspan": 1}], [{"hint": "(?) do I", "colspan": 1}]], "references": []}, "tts": "https://d1vq87e9lcf771.cloudfront.net/miguel/5be050ec66f7d545345c1f64a5dff62b"}, {"value": " "}, {"value": "solo", "hintTable": {"rows": [[{"hint": "only", "colspan": 1}], [{"hint": "just", "colspan": 1}], [{"hint": "by itself", "colspan": 1}]], "references": []}, "tts": "https://d1vq87e9lcf771.cloudfront.net/miguel/afed922f4975c46c76b6c9bb992be7d2"}, {"value": " "}, {"value": "un", "hintTable": {"rows": [[{"hint": "one", "colspan": 1}], [{"hint": "a", "colspan": 1}], [{"hint": "an", "colspan": 1}]], "references": []}, "tts": "https://d1vq87e9lcf771.cloudfront.net/miguel/77f436e44094f0912fa76368e873f996"}, {"value": " "}, {"value": "abrigo", "hintTable": {"rows": [[{"hint": "coat", "colspan": 1}]], "references": []}, "tts": "https://d1vq87e9lcf771.cloudfront.net/miguel/82ce5df0f22d12bfa70c13a665a71733"}, {"value": " "}, {"value": "y", "hintTable": {"rows": [[{"hint": "and", "colspan": 1}]], "references": []}, "tts": "https://d1vq87e9lcf771.cloudfront.net/miguel/05e3848edd76360dcc4340e158ad7843"}, {"value": " "}, {"value": "lo", "hintTable": {"rows": [[{"hint": "the", "colspan": 1}], [{"hint": "it", "colspan": 1}], [{"hint": "they", "colspan": 1}]], "references": []}, "tts": "https://d1vq87e9lcf771.cloudfront.net/miguel/e21f9356c6da5313fc1311d6dbde33c3"}, {"value": " "}, {"value": "uso", "hintTable": {"rows": [[{"hint": "(I) wear", "colspan": 1}], [{"hint": "wear", "colspan": 1}], [{"hint": "(I) am wearing", "colspan": 1}]], "references": []}, "tts": "https://d1vq87e9lcf771.cloudfront.net/miguel/49f4338b923dafe0326a74d5006e851c"}, {"value": " "}, {"value": "todo", "hintTable": {"rows": [[{"hint": "all", "colspan": 1}], [{"hint": "whole", "colspan": 1}], [{"hint": "everybody", "colspan": 1}]], "references": []}, "tts": "https://d1vq87e9lcf771.cloudfront.net/miguel/0762f052a7702a70446bc257cd3a8a29"}, {"value": " "}, {"value": "el", "hintTable": {"rows": [[{"hint": "the", "colspan": 1}], [{"hint": "your", "colspan": 1}], [{"hint": "her", "colspan": 1}]], "references": []}, "tts": "https://d1vq87e9lcf771.cloudfront.net/penelope/b47f0c6243dc0dd607abd744189eec05"}, {"value": " "}, {"value": "tiempo", "hintTable": {"rows": [[{"hint": "time", "colspan": 1}], [{"hint": "time off", "colspan": 1}], [{"hint": "tense", "colspan": 1}]], "references": []}, "tts": "https://d1vq87e9lcf771.cloudfront.net/miguel/15e965074da252c5492bf64adbf7b868"}, {"value": "."}]}, "subtext": {"styledString": {"text": "I only have one coat and I wear it all the time.", "styling": [{"from": 0, "to": 48, "attributes": {"alignment": "left", "fontSize": 19, "fontWeight": "normal", "textColor": "AFAFAF", "lineSpacing": 5}}]}, "tokenTTS": {"tokenTTSCollection": []}}, "ttsURL": "https://d1vq87e9lcf771.cloudfront.net/miguel/4980219574cae0145db2fb71d74f4d71"}]}, "meta": {"autoPlayableTTS": [], "sectionIndex": 0, "backgroundColor": null}}, {"type": "verticalSpace", "element": 16, "meta": {"autoPlayableTTS": [], "sectionIndex": 0, "backgroundColor": null}}, {"type": "dialogue", "element": {"phrases": [{"text": {"styledString": {"text": "Y esta chaqueta, \u00bfya la tienes?", "styling": [{"from": 0, "to": 31, "attributes": {"alignment": "left", "fontSize": 19, "fontWeight": "normal", "textColor": "4B4B4B", "lineSpacing": 5}}]}, "tokenTTS": {"tokenTTSCollection": []}, "blockHints": [{"value": "Y", "hintTable": {"rows": [[{"hint": "and", "colspan": 1}]], "references": []}, "tts": "https://d1vq87e9lcf771.cloudfront.net/miguel/05e3848edd76360dcc4340e158ad7843"}, {"value": " "}, {"value": "esta", "hintTable": {"rows": [[{"hint": "this", "colspan": 1}], [{"hint": "this one", "colspan": 1}], [{"hint": "these", "colspan": 1}]], "references": []}, "tts": "https://d1vq87e9lcf771.cloudfront.net/penelope/fbd10807a7abd93c139a0644915679da"}, {"value": " "}, {"value": "chaqueta", "hintTable": {"rows": [[{"hint": "jacket", "colspan": 1}], [{"hint": "coat", "colspan": 1}]], "references": []}, "tts": "https://d1vq87e9lcf771.cloudfront.net/miguel/0a96d518907633c171edb035580fe4eb"}, {"value": ","}, {"value": " "}, {"value": "\u00bf"}, {"value": "ya", "hintTable": {"rows": [[{"hint": "already", "colspan": 1}], [{"hint": "yet", "colspan": 1}], [{"hint": "now", "colspan": 1}]], "references": []}, "tts": "https://d1vq87e9lcf771.cloudfront.net/miguel/ee28519a66797410897c30c5c3ba0803"}, {"value": " "}, {"value": "la", "hintTable": {"rows": [[{"hint": "it", "colspan": 1}], [{"hint": "the", "colspan": 1}], [{"hint": "your", "colspan": 1}]], "references": []}, "tts": "https://d1vq87e9lcf771.cloudfront.net/miguel/e9ea010281921357dd4b130d51e7488b"}, {"value": " "}, {"value": "tienes", "hintTable": {"rows": [[{"hint": "you have", "colspan": 1}], [{"hint": "have", "colspan": 1}], [{"hint": "are", "colspan": 1}]], "references": []}, "tts": "https://d1vq87e9lcf771.cloudfront.net/miguel/4c53c46b4421ab04864e9a3e789ab651"}, {"value": "?"}]}, "subtext": {"styledString": {"text": "And this jacket, do you already have it?", "styling": [{"from": 0, "to": 40, "attributes": {"alignment": "left", "fontSize": 19, "fontWeight": "normal", "textColor": "AFAFAF", "lineSpacing": 5}}]}, "tokenTTS": {"tokenTTSCollection": []}}, "ttsURL": "https://d1vq87e9lcf771.cloudfront.net/miguel/b3dca7ac1e92e0ec14ced2ae51f14c8a"}]}, "meta": {"autoPlayableTTS": [], "sectionIndex": 0, "backgroundColor": null}}, {"type": "verticalSpace", "element": 16, "meta": {"autoPlayableTTS": [], "sectionIndex": 0, "backgroundColor": null}}, {"type": "dialogue", "element": {"phrases": [{"text": {"styledString": {"text": "Tengo muchos zapatos y los uso todos.", "styling": [{"from": 0, "to": 37, "attributes": {"alignment": "left", "fontSize": 19, "fontWeight": "normal", "textColor": "4B4B4B", "lineSpacing": 5}}]}, "tokenTTS": {"tokenTTSCollection": []}, "blockHints": [{"value": "Tengo", "hintTable": {"rows": [[{"hint": "(I) have", "colspan": 1}], [{"hint": "have", "colspan": 1}], [{"hint": "(?) do I", "colspan": 1}]], "references": []}, "tts": "https://d1vq87e9lcf771.cloudfront.net/miguel/5be050ec66f7d545345c1f64a5dff62b"}, {"value": " "}, {"value": "muchos", "hintTable": {"rows": [[{"hint": "many", "colspan": 1}], [{"hint": "lots of", "colspan": 1}], [{"hint": "a lot of", "colspan": 1}]], "references": []}, "tts": "https://d1vq87e9lcf771.cloudfront.net/miguel/26c275c280b8daa12f337a6121ebb5e7"}, {"value": " "}, {"value": "zapatos", "hintTable": {"rows": [[{"hint": "shoes", "colspan": 1}], [{"hint": "shoe", "colspan": 1}]], "references": []}, "tts": "https://d1vq87e9lcf771.cloudfront.net/miguel/bc8323abcbab743ed5f3f1d3f0b1a8b5"}, {"value": " "}, {"value": "y", "hintTable": {"rows": [[{"hint": "and", "colspan": 1}]], "references": []}, "tts": "https://d1vq87e9lcf771.cloudfront.net/miguel/05e3848edd76360dcc4340e158ad7843"}, {"value": " "}, {"value": "los", "hintTable": {"rows": [[{"hint": "them", "colspan": 1}], [{"hint": "the", "colspan": 1}], [{"hint": "their", "colspan": 1}]], "references": []}, "tts": "https://d1vq87e9lcf771.cloudfront.net/miguel/d863d8aa552c7c1c67edddbdd43fc33f"}, {"value": " "}, {"value": "uso", "hintTable": {"rows": [[{"hint": "(I) wear", "colspan": 1}], [{"hint": "wear", "colspan": 1}], [{"hint": "(I) am wearing", "colspan": 1}]], "references": []}, "tts": "https://d1vq87e9lcf771.cloudfront.net/miguel/49f4338b923dafe0326a74d5006e851c"}, {"value": " "}, {"value": "todos", "hintTable": {"rows": [[{"hint": "all", "colspan": 1}], [{"hint": "all of", "colspan": 1}], [{"hint": "all of us", "colspan": 1}]], "references": []}, "tts": "https://d1vq87e9lcf771.cloudfront.net/miguel/2f0afa304c9bd76885b18981266684c4"}, {"value": "."}]}, "subtext": {"styledString": {"text": "I have many shoes and I wear them all.", "styling": [{"from": 0, "to": 38, "attributes": {"alignment": "left", "fontSize": 19, "fontWeight": "normal", "textColor": "AFAFAF", "lineSpacing": 5}}]}, "tokenTTS": {"tokenTTSCollection": []}}, "ttsURL": "https://d1vq87e9lcf771.cloudfront.net/miguel/fe5cb16e8f5e937f4b6c58e525633710"}]}, "meta": {"autoPlayableTTS": [], "sectionIndex": 0, "backgroundColor": null}}, {"type": "verticalSpace", "element": 24, "meta": {"autoPlayableTTS": [], "sectionIndex": 0, "backgroundColor": null}}, {"type": "verticalSpace", "element": 24, "meta": {"autoPlayableTTS": [], "sectionIndex": 0, "backgroundColor": "DDF4FF"}}, {"type": "text", "element": {"styledString": {"text": "TIP", "styling": [{"from": 0, "to": 3, "attributes": {"alignment": "left", "fontSize": 17, "fontWeight": "bold", "textColor": "1CB0F6", "lineSpacing": 4}}]}, "tokenTTS": {"tokenTTSCollection": []}}, "meta": {"autoPlayableTTS": [], "sectionIndex": 0, "backgroundColor": "DDF4FF"}}, {"type": "verticalSpace", "element": 8, "meta": {"autoPlayableTTS": [], "sectionIndex": 0, "backgroundColor": "DDF4FF"}}, {"type": "text", "element": {"styledString": {"text": "\u00bfLo conoces?", "styling": [{"from": 0, "to": 12, "attributes": {"alignment": "left", "fontSize": 25, "fontWeight": "bold", "textColor": "4B4B4B", "lineSpacing": 4}}]}, "tokenTTS": {"tokenTTSCollection": []}, "hints": {"hints": [], "hintLinks": []}}, "meta": {"autoPlayableTTS": [], "sectionIndex": 0, "backgroundColor": "DDF4FF"}}, {"type": "verticalSpace", "element": 12, "meta": {"autoPlayableTTS": [], "sectionIndex": 0, "backgroundColor": "DDF4FF"}}, {"type": "text", "element": {"styledString": {"text": "To avoid repeating the same word over and over again in English, we use words like it and them. For example, I like that shirt. I want it! or Do you like these shoes? I want them!", "styling": [{"from": 0, "to": 83, "attributes": {"alignment": "left", "fontSize": 19, "fontWeight": "normal", "textColor": "4B4B4B", "lineSpacing": 5}}, {"from": 83, "to": 85, "attributes": {"alignment": "left", "fontSize": 19, "fontWeight": "bold", "textColor": "4B4B4B", "lineSpacing": 5}}, {"from": 85, "to": 90, "attributes": {"alignment": "left", "fontSize": 19, "fontWeight": "normal", "textColor": "4B4B4B", "lineSpacing": 5}}, {"from": 90, "to": 94, "attributes": {"alignment": "left", "fontSize": 19, "fontWeight": "bold", "textColor": "4B4B4B", "lineSpacing": 5}}, {"from": 94, "to": 109, "attributes": {"alignment": "left", "fontSize": 19, "fontWeight": "normal", "textColor": "4B4B4B", "lineSpacing": 5}}, {"from": 109, "to": 115, "attributes": {"alignment": "left", "fontSize": 19, "fontWeight": "bold", "textColor": "4B4B4B", "lineSpacing": 5}}, {"from": 115, "to": 116, "attributes": {"alignment": "left", "fontSize": 19, "fontWeight": "normal", "textColor": "4B4B4B", "lineSpacing": 5}}, {"from": 116, "to": 138, "attributes": {"alignment": "left", "fontSize": 19, "fontWeight": "bold", "textColor": "4B4B4B", "lineSpacing": 5}}, {"from": 138, "to": 142, "attributes": {"alignment": "left", "fontSize": 19, "fontWeight": "normal", "textColor": "4B4B4B", "lineSpacing": 5}}, {"from": 142, "to": 153, "attributes": {"alignment": "left", "fontSize": 19, "fontWeight": "bold", "textColor": "4B4B4B", "lineSpacing": 5}}, {"from": 153, "to": 154, "attributes": {"alignment": "left", "fontSize": 19, "fontWeight": "normal", "textColor": "4B4B4B", "lineSpacing": 5}}, {"from": 154, "to": 173, "attributes": {"alignment": "left", "fontSize": 19, "fontWeight": "bold", "textColor": "4B4B4B", "lineSpacing": 5}}, {"from": 173, "to": 174, "attributes": {"alignment": "left", "fontSize": 19, "fontWeight": "normal", "textColor": "4B4B4B", "lineSpacing": 5}}, {"from": 174, "to": 179, "attributes": {"alignment": "left", "fontSize": 19, "fontWeight": "bold", "textColor": "4B4B4B", "lineSpacing": 5}}]}, "tokenTTS": {"tokenTTSCollection": []}, "hints": {"hints": [], "hintLinks": []}}, "meta": {"autoPlayableTTS": [], "sectionIndex": 0, "backgroundColor": "DDF4FF"}}, {"type": "verticalSpace", "element": 24, "meta": {"autoPlayableTTS": [], "sectionIndex": 0, "backgroundColor": "DDF4FF"}}, {"type": "text", "element": {"styledString": {"text": "In Spanish, you can use lo, la, los, or las, depending on the gender and number of the noun.", "styling": [{"from": 0, "to": 24, "attributes": {"alignment": "left", "fontSize": 19, "fontWeight": "normal", "textColor": "4B4B4B", "lineSpacing": 5}}, {"from": 24, "to": 26, "attributes": {"alignment": "left", "fontSize": 19, "fontWeight": "bold", "textColor": "4B4B4B", "lineSpacing": 5}}, {"from": 26, "to": 28, "attributes": {"alignment": "left", "fontSize": 19, "fontWeight": "normal", "textColor": "4B4B4B", "lineSpacing": 5}}, {"from": 28, "to": 30, "attributes": {"alignment": "left", "fontSize": 19, "fontWeight": "bold", "textColor": "4B4B4B", "lineSpacing": 5}}, {"from": 30, "to": 32, "attributes": {"alignment": "left", "fontSize": 19, "fontWeight": "normal", "textColor": "4B4B4B", "lineSpacing": 5}}, {"from": 32, "to": 35, "attributes": {"alignment": "left", "fontSize": 19, "fontWeight": "bold", "textColor": "4B4B4B", "lineSpacing": 5}}, {"from": 35, "to": 40, "attributes": {"alignment": "left", "fontSize": 19, "fontWeight": "normal", "textColor": "4B4B4B", "lineSpacing": 5}}, {"from": 40, "to": 43, "attributes": {"alignment": "left", "fontSize": 19, "fontWeight": "bold", "textColor": "4B4B4B", "lineSpacing": 5}}, {"from": 43, "to": 92, "attributes": {"alignment": "left", "fontSize": 19, "fontWeight": "normal", "textColor": "4B4B4B", "lineSpacing": 5}}]}, "tokenTTS": {"tokenTTSCollection": [{"startIndex": 24, "endIndex": 25, "ttsURL": "https://d1vq87e9lcf771.cloudfront.net/miguel/e21f9356c6da5313fc1311d6dbde33c3"}, {"startIndex": 28, "endIndex": 29, "ttsURL": "https://d1vq87e9lcf771.cloudfront.net/miguel/e9ea010281921357dd4b130d51e7488b"}, {"startIndex": 32, "endIndex": 34, "ttsURL": "https://d1vq87e9lcf771.cloudfront.net/miguel/d863d8aa552c7c1c67edddbdd43fc33f"}, {"startIndex": 40, "endIndex": 42, "ttsURL": "https://d1vq87e9lcf771.cloudfront.net/miguel/091132295dc9ca2d2c6c7bec077b625b"}]}, "hints": {"hints": ["it / him", "it / her", "them", "them (feminine)", "In Spanish, all nouns are either masculine or feminine, even when they don\u2019t refer to people.", "Number is the category that shows if a word refers to one thing or multiple.", "A noun is the name of something, such as a thing (\u201cspoon\u201d), an idea (\u201clove\u201d), a place (\u201cAtlanta\u201d), or a person (\u201cMaria\u201d)."], "hintLinks": [{"index": 0, "rangeStart": 24, "rangeEnd": 25}, {"index": 1, "rangeStart": 28, "rangeEnd": 29}, {"index": 2, "rangeStart": 32, "rangeEnd": 34}, {"index": 3, "rangeStart": 40, "rangeEnd": 42}, {"index": 4, "rangeStart": 62, "rangeEnd": 67}, {"index": 5, "rangeStart": 73, "rangeEnd": 78}, {"index": 6, "rangeStart": 87, "rangeEnd": 90}]}}, "meta": {"autoPlayableTTS": [], "sectionIndex": 0, "backgroundColor": "DDF4FF"}}, {"type": "verticalSpace", "element": 24, "meta": {"autoPlayableTTS": [], "sectionIndex": 0, "backgroundColor": "DDF4FF"}}, {"type": "exampleCaptionedImage", "element": {"image": {"url": "https://d1btvuu4dwu627.cloudfront.net/3cdc03288e3c6f85b686b505cbfe29f3/552f01d5bc970ed0f8c1cbd2ef3b77e2/images/d58b179da3c349b8ab306595a0a8de32.pdf"}, "examples": [{"text": {"styledString": {"text": "\u00bfTe gusta este vestido? \u00a1Lo quiero!", "styling": [{"from": 0, "to": 13, "attributes": {"alignment": "center", "fontSize": 19, "fontWeight": "normal", "textColor": "4B4B4B", "lineSpacing": 5}}, {"from": 13, "to": 14, "attributes": {"alignment": "center", "fontSize": 19, "fontWeight": "bold", "textColor": "1CB0F6", "lineSpacing": 8}}, {"from": 14, "to": 21, "attributes": {"alignment": "center", "fontSize": 19, "fontWeight": "normal", "textColor": "4B4B4B", "lineSpacing": 5}}, {"from": 21, "to": 22, "attributes": {"alignment": "center", "fontSize": 19, "fontWeight": "bold", "textColor": "1CB0F6", "lineSpacing": 8}}, {"from": 22, "to": 25, "attributes": {"alignment": "center", "fontSize": 19, "fontWeight": "normal", "textColor": "4B4B4B", "lineSpacing": 5}}, {"from": 25, "to": 27, "attributes": {"alignment": "center", "fontSize": 19, "fontWeight": "bold", "textColor": "1CB0F6", "lineSpacing": 8}}, {"from": 27, "to": 35, "attributes": {"alignment": "center", "fontSize": 19, "fontWeight": "normal", "textColor": "4B4B4B", "lineSpacing": 5}}]}, "tokenTTS": {"tokenTTSCollection": [{"startIndex": 0, "endIndex": 34, "ttsURL": "https://d1vq87e9lcf771.cloudfront.net/miguel/a0b8e0e609061c9e7e4572d45f1e21df"}]}, "hints": {"hints": ["do you like this dress? I want it"], "hintLinks": [{"index": 0, "rangeStart": 0, "rangeEnd": 34}]}}, "subtext": {"styledString": {"text": "Do you like this dress? I want it!", "styling": [{"from": 0, "to": 34, "attributes": {"alignment": "center", "fontSize": 19, "fontWeight": "normal", "textColor": "AFAFAF", "lineSpacing": 8}}]}, "tokenTTS": {"tokenTTSCollection": []}, "hints": {"hints": [], "hintLinks": []}}, "ttsURL": "https://d1vq87e9lcf771.cloudfront.net/miguel/a0b8e0e609061c9e7e4572d45f1e21df"}], "layout": "wideImageWithTextBelow"}, "meta": {"autoPlayableTTS": [], "sectionIndex": 0, "backgroundColor": "DDF4FF"}}, {"type": "verticalSpace", "element": 24, "meta": {"autoPlayableTTS": [], "sectionIndex": 0, "backgroundColor": "DDF4FF"}}, {"type": "exampleCaptionedImage", "element": {"image": {"url": "https://d1btvuu4dwu627.cloudfront.net/3cdc03288e3c6f85b686b505cbfe29f3/552f01d5bc970ed0f8c1cbd2ef3b77e2/images/bd4fde2c8e1a47e7bc6023c8c1daa67e.pdf"}, "examples": [{"text": {"styledString": {"text": "Me gusta esta camisa y la quiero.", "styling": [{"from": 0, "to": 12, "attributes": {"alignment": "center", "fontSize": 19, "fontWeight": "normal", "textColor": "4B4B4B", "lineSpacing": 5}}, {"from": 12, "to": 13, "attributes": {"alignment": "center", "fontSize": 19, "fontWeight": "bold", "textColor": "1CB0F6", "lineSpacing": 8}}, {"from": 13, "to": 19, "attributes": {"alignment": "center", "fontSize": 19, "fontWeight": "normal", "textColor": "4B4B4B", "lineSpacing": 5}}, {"from": 19, "to": 20, "attributes": {"alignment": "center", "fontSize": 19, "fontWeight": "bold", "textColor": "1CB0F6", "lineSpacing": 8}}, {"from": 20, "to": 23, "attributes": {"alignment": "center", "fontSize": 19, "fontWeight": "normal", "textColor": "4B4B4B", "lineSpacing": 5}}, {"from": 23, "to": 25, "attributes": {"alignment": "center", "fontSize": 19, "fontWeight": "bold", "textColor": "1CB0F6", "lineSpacing": 8}}, {"from": 25, "to": 33, "attributes": {"alignment": "center", "fontSize": 19, "fontWeight": "normal", "textColor": "4B4B4B", "lineSpacing": 5}}]}, "tokenTTS": {"tokenTTSCollection": [{"startIndex": 0, "endIndex": 32, "ttsURL": "https://d1vq87e9lcf771.cloudfront.net/miguel/69817905de7a2ad134b7868e3c59025b"}]}, "hints": {"hints": ["I like this shirt and I want it"], "hintLinks": [{"index": 0, "rangeStart": 0, "rangeEnd": 32}]}}, "subtext": {"styledString": {"text": "I like this shirt and I want it.", "styling": [{"from": 0, "to": 32, "attributes": {"alignment": "center", "fontSize": 19, "fontWeight": "normal", "textColor": "AFAFAF", "lineSpacing": 8}}]}, "tokenTTS": {"tokenTTSCollection": []}, "hints": {"hints": [], "hintLinks": []}}, "ttsURL": "https://d1vq87e9lcf771.cloudfront.net/miguel/69817905de7a2ad134b7868e3c59025b"}], "layout": "wideImageWithTextBelow"}, "meta": {"autoPlayableTTS": [], "sectionIndex": 0, "backgroundColor": "DDF4FF"}}, {"type": "verticalSpace", "element": 24, "meta": {"autoPlayableTTS": [], "sectionIndex": 0, "backgroundColor": "DDF4FF"}}], "resourcesToPrefetch": [{"required": false, "url": "https://d1vq87e9lcf771.cloudfront.net/miguel/a0b8e0e609061c9e7e4572d45f1e21df", "type": "mp3"}, {"required": true, "url": "https://d1btvuu4dwu627.cloudfront.net/3cdc03288e3c6f85b686b505cbfe29f3/552f01d5bc970ed0f8c1cbd2ef3b77e2/images/d58b179da3c349b8ab306595a0a8de32.pdf", "type": "pdf"}, {"required": false, "url": "https://d1vq87e9lcf771.cloudfront.net/miguel/091132295dc9ca2d2c6c7bec077b625b", "type": "mp3"}, {"required": false, "url": "https://d1vq87e9lcf771.cloudfront.net/miguel/69817905de7a2ad134b7868e3c59025b", "type": "mp3"}, {"required": false, "url": "https://d1vq87e9lcf771.cloudfront.net/miguel/b3dca7ac1e92e0ec14ced2ae51f14c8a", "type": "mp3"}, {"required": false, "url": "https://d1vq87e9lcf771.cloudfront.net/miguel/4980219574cae0145db2fb71d74f4d71", "type": "mp3"}, {"required": false, "url": "https://d1vq87e9lcf771.cloudfront.net/miguel/e4bbc813b50c00d01ce8a690b9dd83b4", "type": "mp3"}, {"required": false, "url": "https://d1vq87e9lcf771.cloudfront.net/miguel/e9ea010281921357dd4b130d51e7488b", "type": "mp3"}, {"required": false, "url": "https://d1vq87e9lcf771.cloudfront.net/miguel/e21f9356c6da5313fc1311d6dbde33c3", "type": "mp3"}, {"required": false, "url": "https://d1vq87e9lcf771.cloudfront.net/miguel/58a226b93f6020a2b53e8918621a3e15", "type": "mp3"}, {"required": true, "url": "https://d1btvuu4dwu627.cloudfront.net/3cdc03288e3c6f85b686b505cbfe29f3/552f01d5bc970ed0f8c1cbd2ef3b77e2/images/bd4fde2c8e1a47e7bc6023c8c1daa67e.pdf", "type": "pdf"}, {"required": false, "url": "https://d1vq87e9lcf771.cloudfront.net/miguel/d863d8aa552c7c1c67edddbdd43fc33f", "type": "mp3"}, {"required": false, "url": "https://d1vq87e9lcf771.cloudfront.net/miguel/fe5cb16e8f5e937f4b6c58e525633710", "type": "mp3"}, {"required": false, "url": "https://d1vq87e9lcf771.cloudfront.net/miguel/135d3bf799651781aa97a9dacac57c2c", "type": "mp3"}]}