{"elements": [{"type": "verticalSpace", "element": 2, "meta": {"autoPlayableTTS": [], "sectionIndex": 0, "backgroundColor": "E5E5E5"}}, {"type": "verticalSpace", "element": 24, "meta": {"autoPlayableTTS": [], "sectionIndex": 0, "backgroundColor": null}}, {"type": "text", "element": {"styledString": {"text": "KEY PHRASES", "styling": [{"from": 0, "to": 11, "attributes": {"alignment": "left", "fontSize": 17, "fontWeight": "bold", "textColor": "1CB0F6", "lineSpacing": 4}}]}, "tokenTTS": {"tokenTTSCollection": []}}, "meta": {"autoPlayableTTS": [], "sectionIndex": 0, "backgroundColor": null}}, {"type": "verticalSpace", "element": 8, "meta": {"autoPlayableTTS": [], "sectionIndex": 0, "backgroundColor": null}}, {"type": "text", "element": {"styledString": {"text": "Describe travel plans", "styling": [{"from": 0, "to": 21, "attributes": {"alignment": "left", "fontSize": 25, "fontWeight": "bold", "textColor": "4B4B4B", "lineSpacing": 4}}]}, "tokenTTS": {"tokenTTSCollection": []}}, "meta": {"autoPlayableTTS": [], "sectionIndex": 0, "backgroundColor": null}}, {"type": "verticalSpace", "element": 16, "meta": {"autoPlayableTTS": [], "sectionIndex": 0, "backgroundColor": null}}, {"type": "dialogue", "element": {"phrases": [{"text": {"styledString": {"text": "Yo voy a viajar en avi\u00f3n.", "styling": [{"from": 0, "to": 25, "attributes": {"alignment": "left", "fontSize": 19, "fontWeight": "normal", "textColor": "4B4B4B", "lineSpacing": 5}}]}, "tokenTTS": {"tokenTTSCollection": []}, "blockHints": [{"value": "Yo", "hintTable": {"rows": [[{"hint": "I", "colspan": 1}], [{"hint": "i'd", "colspan": 1}], [{"hint": "me", "colspan": 1}]], "references": []}, "tts": "https://d1vq87e9lcf771.cloudfront.net/miguel/aa0ff446f41920bd854cbcfe38a476e2"}, {"value": " "}, {"value": "voy", "hintTable": {"headers": ["voy", "a"], "rows": [[{"hint": "will", "colspan": 2}], [{"hint": "i'm", "colspan": 2}], [{"hint": "am going", "colspan": 1}, {"colspan": 1}], [{"hint": "going", "colspan": 1}, {"colspan": 1}], [{"hint": "I will leave", "colspan": 1}, {"colspan": 1}]], "references": [2]}, "tts": "https://d1vq87e9lcf771.cloudfront.net/miguel/bca264452af2333a2bf60cb7eacbd726"}, {"value": " "}, {"value": "a", "hintTable": {"headers": ["voy", "a"], "rows": [[{"hint": "will", "colspan": 2}], [{"hint": "i'm", "colspan": 2}], [{"colspan": 1}, {"hint": "to", "colspan": 1}], [{"colspan": 1}, {"hint": "by", "colspan": 1}], [{"colspan": 1}, {"hint": "a", "colspan": 1}]], "references": [1]}, "tts": "https://d1vq87e9lcf771.cloudfront.net/miguel/a615ab7aef51e62ab81ce9255166fc65"}, {"value": " "}, {"value": "viajar", "hintTable": {"rows": [[{"hint": "(to) travel", "colspan": 1}], [{"hint": "travel", "colspan": 1}], [{"hint": "traveling", "colspan": 1}]], "references": []}, "tts": "https://d1vq87e9lcf771.cloudfront.net/miguel/78b3ff14482b6ec144be5d9a1a2b17dd"}, {"value": " "}, {"value": "en", "hintTable": {"rows": [[{"hint": "to", "colspan": 1}], [{"hint": "by", "colspan": 1}], [{"hint": "a", "colspan": 1}]], "references": []}, "tts": "https://d1vq87e9lcf771.cloudfront.net/miguel/953baa0ff97009a5374e3a2695ce7f5c"}, {"value": " "}, {"value": "avi\u00f3n", "hintTable": {"rows": [[{"hint": "plane", "colspan": 1}], [{"hint": "airplane", "colspan": 1}], [{"hint": "aircraft", "colspan": 1}]], "references": []}, "tts": "https://d1vq87e9lcf771.cloudfront.net/miguel/bd56a58c1933e9cca4c95b32ca66a18b"}, {"value": "."}]}, "subtext": {"styledString": {"text": "I am going to travel by plane.", "styling": [{"from": 0, "to": 30, "attributes": {"alignment": "left", "fontSize": 19, "fontWeight": "normal", "textColor": "AFAFAF", "lineSpacing": 5}}]}, "tokenTTS": {"tokenTTSCollection": []}}, "ttsURL": "https://d1vq87e9lcf771.cloudfront.net/miguel/477c18482711a8cc217620b3e598bdd4"}, {"text": {"styledString": {"text": "\u00bfA qu\u00e9 hora sale el avi\u00f3n?", "styling": [{"from": 0, "to": 26, "attributes": {"alignment": "left", "fontSize": 19, "fontWeight": "normal", "textColor": "4B4B4B", "lineSpacing": 5}}]}, "tokenTTS": {"tokenTTSCollection": []}, "blockHints": [{"value": "\u00bf"}, {"value": "A", "hintTable": {"headers": ["a", "qu\u00e9", "hora"], "rows": [[{"hint": "(?) what time", "colspan": 3}], [{"hint": "when", "colspan": 3}], [{"hint": "at", "colspan": 1}, {"colspan": 1}, {"colspan": 1}], [{"hint": "to", "colspan": 1}, {"colspan": 1}, {"colspan": 1}], [{"hint": "with", "colspan": 1}, {"colspan": 1}, {"colspan": 1}]], "references": [1, 2]}, "tts": "https://d1vq87e9lcf771.cloudfront.net/miguel/a615ab7aef51e62ab81ce9255166fc65"}, {"value": " "}, {"value": "qu\u00e9", "hintTable": {"headers": ["a", "qu\u00e9", "hora"], "rows": [[{"hint": "(?) what time", "colspan": 3}], [{"hint": "when", "colspan": 3}], [{"colspan": 1}, {"hint": "what", "colspan": 1}, {"colspan": 1}], [{"colspan": 1}, {"hint": "what an", "colspan": 1}, {"colspan": 1}], [{"colspan": 1}, {"hint": "what a", "colspan": 1}, {"colspan": 1}]], "references": [0, 2]}, "tts": "https://d1vq87e9lcf771.cloudfront.net/miguel/10cae84a9e87a16bf1d6dce8af8406b3"}, {"value": " "}, {"value": "hora", "hintTable": {"headers": ["a", "qu\u00e9", "hora"], "rows": [[{"hint": "(?) what time", "colspan": 3}], [{"hint": "when", "colspan": 3}], [{"colspan": 1}, {"colspan": 1}, {"hint": "time", "colspan": 1}], [{"colspan": 1}, {"colspan": 1}, {"hint": "hour", "colspan": 1}]], "references": [0, 1]}, "tts": "https://d1vq87e9lcf771.cloudfront.net/miguel/fe3d58088e571a740020a276d944cda7"}, {"value": " "}, {"value": "sale", "hintTable": {"rows": [[{"hint": "leave", "colspan": 1}], [{"hint": "(?) does it leave", "colspan": 1}], [{"hint": "(he) is leaving", "colspan": 1}]], "references": []}, "tts": "https://d1vq87e9lcf771.cloudfront.net/miguel/27a079d39595e97a4fa0addc52c35531"}, {"value": " "}, {"value": "el", "hintTable": {"rows": [[{"hint": "the", "colspan": 1}], [{"hint": "your", "colspan": 1}], [{"hint": "her", "colspan": 1}]], "references": []}, "tts": "https://d1vq87e9lcf771.cloudfront.net/penelope/b47f0c6243dc0dd607abd744189eec05"}, {"value": " "}, {"value": "avi\u00f3n", "hintTable": {"rows": [[{"hint": "plane", "colspan": 1}], [{"hint": "airplane", "colspan": 1}], [{"hint": "aircraft", "colspan": 1}]], "references": []}, "tts": "https://d1vq87e9lcf771.cloudfront.net/miguel/bd56a58c1933e9cca4c95b32ca66a18b"}, {"value": "?"}]}, "subtext": {"styledString": {"text": "What time does the plane leave?", "styling": [{"from": 0, "to": 31, "attributes": {"alignment": "left", "fontSize": 19, "fontWeight": "normal", "textColor": "AFAFAF", "lineSpacing": 5}}]}, "tokenTTS": {"tokenTTSCollection": []}}, "ttsURL": "https://d1vq87e9lcf771.cloudfront.net/miguel/ae3b217f2a7291fd4d511a9d2385d28b"}, {"text": {"styledString": {"text": "El avi\u00f3n sale a las siete y cuarto.", "styling": [{"from": 0, "to": 35, "attributes": {"alignment": "left", "fontSize": 19, "fontWeight": "normal", "textColor": "4B4B4B", "lineSpacing": 5}}]}, "tokenTTS": {"tokenTTSCollection": []}, "blockHints": [{"value": "El", "hintTable": {"rows": [[{"hint": "the", "colspan": 1}], [{"hint": "your", "colspan": 1}], [{"hint": "her", "colspan": 1}]], "references": []}, "tts": "https://d1vq87e9lcf771.cloudfront.net/penelope/b47f0c6243dc0dd607abd744189eec05"}, {"value": " "}, {"value": "avi\u00f3n", "hintTable": {"rows": [[{"hint": "plane", "colspan": 1}], [{"hint": "airplane", "colspan": 1}], [{"hint": "aircraft", "colspan": 1}]], "references": []}, "tts": "https://d1vq87e9lcf771.cloudfront.net/miguel/bd56a58c1933e9cca4c95b32ca66a18b"}, {"value": " "}, {"value": "sale", "hintTable": {"headers": ["sale", "a"], "rows": [[{"hint": "costs", "colspan": 2}], [{"hint": "(he) leaves", "colspan": 1}, {"colspan": 1}], [{"hint": "(she) leaves", "colspan": 1}, {"colspan": 1}], [{"hint": "leaves", "colspan": 1}, {"colspan": 1}]], "references": [3]}, "tts": "https://d1vq87e9lcf771.cloudfront.net/miguel/27a079d39595e97a4fa0addc52c35531"}, {"value": " "}, {"value": "a", "hintTable": {"headers": ["a", "las"], "rows": [[{"hint": "at", "colspan": 2}], [{"hint": "at", "colspan": 1}, {"colspan": 1}], [{"hint": "to", "colspan": 1}, {"colspan": 1}], [{"hint": "a", "colspan": 1}, {"colspan": 1}]], "references": [2]}, "tts": "https://d1vq87e9lcf771.cloudfront.net/miguel/a615ab7aef51e62ab81ce9255166fc65"}, {"value": " "}, {"value": "las", "hintTable": {"headers": ["a", "las"], "rows": [[{"hint": "at", "colspan": 2}], [{"colspan": 1}, {"hint": "the", "colspan": 1}], [{"colspan": 1}, {"hint": "your", "colspan": 1}], [{"colspan": 1}, {"hint": "their", "colspan": 1}]], "references": [3]}, "tts": "https://d1vq87e9lcf771.cloudfront.net/miguel/091132295dc9ca2d2c6c7bec077b625b"}, {"value": " "}, {"value": "siete", "hintTable": {"rows": [[{"hint": "seven", "colspan": 1}], [{"hint": "7", "colspan": 1}], [{"hint": "seventh", "colspan": 1}]], "references": []}, "tts": "https://d1vq87e9lcf771.cloudfront.net/miguel/6241ecc94012252fb0555a4289df650e"}, {"value": " "}, {"value": "y", "hintTable": {"headers": ["y", "cuarto"], "rows": [[{"hint": "fifteen", "colspan": 2}], [{"hint": "and", "colspan": 1}, {"colspan": 1}]], "references": [7]}, "tts": "https://d1vq87e9lcf771.cloudfront.net/miguel/05e3848edd76360dcc4340e158ad7843"}, {"value": " "}, {"value": "cuarto", "hintTable": {"headers": ["y", "cuarto"], "rows": [[{"hint": "fifteen", "colspan": 2}], [{"colspan": 1}, {"hint": "quarter", "colspan": 1}], [{"colspan": 1}, {"hint": "room", "colspan": 1}], [{"colspan": 1}, {"hint": "bedroom", "colspan": 1}]], "references": [6]}, "tts": "https://d1vq87e9lcf771.cloudfront.net/miguel/b0595274614a6e87f90b4fb01f6b2d2e"}, {"value": "."}]}, "subtext": {"styledString": {"text": "The plane leaves at quarter past seven.", "styling": [{"from": 0, "to": 39, "attributes": {"alignment": "left", "fontSize": 19, "fontWeight": "normal", "textColor": "AFAFAF", "lineSpacing": 5}}]}, "tokenTTS": {"tokenTTSCollection": []}}, "ttsURL": "https://d1vq87e9lcf771.cloudfront.net/miguel/992d2a21d0d6d3bbfe9fdf65f6359825"}]}, "meta": {"autoPlayableTTS": [], "sectionIndex": 0, "backgroundColor": null}}, {"type": "verticalSpace", "element": 16, "meta": {"autoPlayableTTS": [], "sectionIndex": 0, "backgroundColor": null}}, {"type": "dialogue", "element": {"phrases": [{"text": {"styledString": {"text": "El taxi va a estar aqu\u00ed en cinco minutos.", "styling": [{"from": 0, "to": 41, "attributes": {"alignment": "left", "fontSize": 19, "fontWeight": "normal", "textColor": "4B4B4B", "lineSpacing": 5}}]}, "tokenTTS": {"tokenTTSCollection": []}, "blockHints": [{"value": "El", "hintTable": {"rows": [[{"hint": "the", "colspan": 1}], [{"hint": "your", "colspan": 1}], [{"hint": "her", "colspan": 1}]], "references": []}, "tts": "https://d1vq87e9lcf771.cloudfront.net/penelope/b47f0c6243dc0dd607abd744189eec05"}, {"value": " "}, {"value": "taxi", "hintTable": {"rows": [[{"hint": "taxi", "colspan": 1}], [{"hint": "cab", "colspan": 1}]], "references": []}, "tts": "https://d1vq87e9lcf771.cloudfront.net/miguel/df33f7bd9fc49bec2bfad0cf7278d5f3"}, {"value": " "}, {"value": "va", "hintTable": {"headers": ["va", "a"], "rows": [[{"hint": "is", "colspan": 2}], [{"hint": "will", "colspan": 2}], [{"hint": "she's", "colspan": 2}], [{"hint": "(he) is going", "colspan": 1}, {"colspan": 1}], [{"hint": "(she) is going", "colspan": 1}, {"colspan": 1}], [{"hint": "is", "colspan": 1}, {"colspan": 1}]], "references": [3]}, "tts": "https://d1vq87e9lcf771.cloudfront.net/miguel/0c0d6a3f02863d2582b995a891104d84"}, {"value": " "}, {"value": "a", "hintTable": {"headers": ["va", "a"], "rows": [[{"hint": "is", "colspan": 2}], [{"hint": "will", "colspan": 2}], [{"hint": "she's", "colspan": 2}], [{"colspan": 1}, {"hint": "to", "colspan": 1}], [{"colspan": 1}, {"hint": "in", "colspan": 1}], [{"colspan": 1}, {"hint": "with", "colspan": 1}]], "references": [2]}, "tts": "https://d1vq87e9lcf771.cloudfront.net/miguel/a615ab7aef51e62ab81ce9255166fc65"}, {"value": " "}, {"value": "estar", "hintTable": {"rows": [[{"hint": "(to) be", "colspan": 1}], [{"hint": "be", "colspan": 1}], [{"hint": "being", "colspan": 1}]], "references": []}, "tts": "https://d1vq87e9lcf771.cloudfront.net/miguel/8161921ed53ab772c7764ca123924afc"}, {"value": " "}, {"value": "aqu\u00ed", "hintTable": {"rows": [[{"hint": "here", "colspan": 1}]], "references": []}, "tts": "https://d1vq87e9lcf771.cloudfront.net/miguel/b4b03c7841b0ca940c16d88eb7409201"}, {"value": " "}, {"value": "en", "hintTable": {"rows": [[{"hint": "to", "colspan": 1}], [{"hint": "in", "colspan": 1}], [{"hint": "under", "colspan": 1}]], "references": []}, "tts": "https://d1vq87e9lcf771.cloudfront.net/miguel/953baa0ff97009a5374e3a2695ce7f5c"}, {"value": " "}, {"value": "cinco", "hintTable": {"rows": [[{"hint": "five", "colspan": 1}], [{"hint": "5", "colspan": 1}], [{"hint": "fifth", "colspan": 1}]], "references": []}, "tts": "https://d1vq87e9lcf771.cloudfront.net/miguel/ca0eb34cae4db432cd4882248a30f2ac"}, {"value": " "}, {"value": "minutos", "hintTable": {"rows": [[{"hint": "minutes", "colspan": 1}]], "references": []}, "tts": "https://d1vq87e9lcf771.cloudfront.net/miguel/ac069282d291a9ffea2bf69bd8300b2f"}, {"value": "."}]}, "subtext": {"styledString": {"text": "The taxi is going to be here in five minutes.", "styling": [{"from": 0, "to": 45, "attributes": {"alignment": "left", "fontSize": 19, "fontWeight": "normal", "textColor": "AFAFAF", "lineSpacing": 5}}]}, "tokenTTS": {"tokenTTSCollection": []}}, "ttsURL": "https://d1vq87e9lcf771.cloudfront.net/miguel/55c16828e1e160475e2d03321eb51531"}]}, "meta": {"autoPlayableTTS": [], "sectionIndex": 0, "backgroundColor": null}}, {"type": "verticalSpace", "element": 16, "meta": {"autoPlayableTTS": [], "sectionIndex": 0, "backgroundColor": null}}, {"type": "dialogue", "element": {"phrases": [{"text": {"styledString": {"text": "\u00bfSabes d\u00f3nde est\u00e1n los pasaportes?", "styling": [{"from": 0, "to": 34, "attributes": {"alignment": "left", "fontSize": 19, "fontWeight": "normal", "textColor": "4B4B4B", "lineSpacing": 5}}]}, "tokenTTS": {"tokenTTSCollection": []}, "blockHints": [{"value": "\u00bf"}, {"value": "Sabes", "hintTable": {"rows": [[{"hint": "(?) do you know", "colspan": 1}], [{"hint": "(you) know", "colspan": 1}], [{"hint": "know", "colspan": 1}]], "references": []}, "tts": "https://d1vq87e9lcf771.cloudfront.net/miguel/4519fdc68ee6ead6ec423de9e45a78e1"}, {"value": " "}, {"value": "d\u00f3nde", "hintTable": {"rows": [[{"hint": "where", "colspan": 1}], [{"hint": "wherever", "colspan": 1}]], "references": []}, "tts": "https://d1vq87e9lcf771.cloudfront.net/miguel/c073e4d8e11592d52ce6b85a63ec0e56"}, {"value": " "}, {"value": "est\u00e1n", "hintTable": {"rows": [[{"hint": "(you) are", "colspan": 1}], [{"hint": "(they) are", "colspan": 1}], [{"hint": "are", "colspan": 1}]], "references": []}, "tts": "https://d1vq87e9lcf771.cloudfront.net/miguel/5de5a138a0d014ead21ff75f693ce56c"}, {"value": " "}, {"value": "los", "hintTable": {"rows": [[{"hint": "the", "colspan": 1}], [{"hint": "you", "colspan": 1}], [{"hint": "our", "colspan": 1}]], "references": []}, "tts": "https://d1vq87e9lcf771.cloudfront.net/miguel/d863d8aa552c7c1c67edddbdd43fc33f"}, {"value": " "}, {"value": "pasaportes", "hintTable": {"rows": [[{"hint": "passports", "colspan": 1}], [{"hint": "passport", "colspan": 1}]], "references": []}, "tts": "https://d1vq87e9lcf771.cloudfront.net/miguel/eca30609d3b5696f120e1a619abb087e"}, {"value": "?"}]}, "subtext": {"styledString": {"text": "Do you know where the passports are?", "styling": [{"from": 0, "to": 36, "attributes": {"alignment": "left", "fontSize": 19, "fontWeight": "normal", "textColor": "AFAFAF", "lineSpacing": 5}}]}, "tokenTTS": {"tokenTTSCollection": []}}, "ttsURL": "https://d1vq87e9lcf771.cloudfront.net/miguel/1ece53486e3bd7b4e54ea5907fc682a7"}, {"text": {"styledString": {"text": "Los pasaportes est\u00e1n sobre la mesa.", "styling": [{"from": 0, "to": 35, "attributes": {"alignment": "left", "fontSize": 19, "fontWeight": "normal", "textColor": "4B4B4B", "lineSpacing": 5}}]}, "tokenTTS": {"tokenTTSCollection": []}, "blockHints": [{"value": "Los", "hintTable": {"rows": [[{"hint": "the", "colspan": 1}], [{"hint": "on", "colspan": 1}], [{"hint": "their", "colspan": 1}]], "references": []}, "tts": "https://d1vq87e9lcf771.cloudfront.net/miguel/d863d8aa552c7c1c67edddbdd43fc33f"}, {"value": " "}, {"value": "pasaportes", "hintTable": {"rows": [[{"hint": "passports", "colspan": 1}], [{"hint": "passport", "colspan": 1}]], "references": []}, "tts": "https://d1vq87e9lcf771.cloudfront.net/miguel/eca30609d3b5696f120e1a619abb087e"}, {"value": " "}, {"value": "est\u00e1n", "hintTable": {"rows": [[{"hint": "(they) are", "colspan": 1}], [{"hint": "(you) are", "colspan": 1}], [{"hint": "are", "colspan": 1}]], "references": []}, "tts": "https://d1vq87e9lcf771.cloudfront.net/miguel/5de5a138a0d014ead21ff75f693ce56c"}, {"value": " "}, {"value": "sobre", "hintTable": {"rows": [[{"hint": "on", "colspan": 1}], [{"hint": "on top of", "colspan": 1}], [{"hint": "of", "colspan": 1}]], "references": []}, "tts": "https://d1vq87e9lcf771.cloudfront.net/miguel/cb766fc6789b6cbaaa67b022a993cfcc"}, {"value": " "}, {"value": "la", "hintTable": {"rows": [[{"hint": "the", "colspan": 1}], [{"hint": "your", "colspan": 1}], [{"hint": "her", "colspan": 1}]], "references": []}, "tts": "https://d1vq87e9lcf771.cloudfront.net/miguel/e9ea010281921357dd4b130d51e7488b"}, {"value": " "}, {"value": "mesa", "hintTable": {"rows": [[{"hint": "table", "colspan": 1}]], "references": []}, "tts": "https://d1vq87e9lcf771.cloudfront.net/miguel/c9d3a1504aa9189ef1f867fc8c1eb564"}, {"value": "."}]}, "subtext": {"styledString": {"text": "The passports are on the table.", "styling": [{"from": 0, "to": 31, "attributes": {"alignment": "left", "fontSize": 19, "fontWeight": "normal", "textColor": "AFAFAF", "lineSpacing": 5}}]}, "tokenTTS": {"tokenTTSCollection": []}}, "ttsURL": "https://d1vq87e9lcf771.cloudfront.net/miguel/10de0885624a6de6762bfed85d977e23"}]}, "meta": {"autoPlayableTTS": [], "sectionIndex": 0, "backgroundColor": null}}, {"type": "verticalSpace", "element": 24, "meta": {"autoPlayableTTS": [], "sectionIndex": 0, "backgroundColor": null}}, {"type": "verticalSpace", "element": 24, "meta": {"autoPlayableTTS": [], "sectionIndex": 0, "backgroundColor": "DDF4FF"}}, {"type": "text", "element": {"styledString": {"text": "TIP", "styling": [{"from": 0, "to": 3, "attributes": {"alignment": "left", "fontSize": 17, "fontWeight": "bold", "textColor": "1CB0F6", "lineSpacing": 4}}]}, "tokenTTS": {"tokenTTSCollection": []}}, "meta": {"autoPlayableTTS": [], "sectionIndex": 0, "backgroundColor": "DDF4FF"}}, {"type": "verticalSpace", "element": 8, "meta": {"autoPlayableTTS": [], "sectionIndex": 0, "backgroundColor": "DDF4FF"}}, {"type": "text", "element": {"styledString": {"text": "Making plans", "styling": [{"from": 0, "to": 12, "attributes": {"alignment": "left", "fontSize": 25, "fontWeight": "bold", "textColor": "4B4B4B", "lineSpacing": 4}}]}, "tokenTTS": {"tokenTTSCollection": []}, "hints": {"hints": [], "hintLinks": []}}, "meta": {"autoPlayableTTS": [], "sectionIndex": 0, "backgroundColor": "DDF4FF"}}, {"type": "verticalSpace", "element": 12, "meta": {"autoPlayableTTS": [], "sectionIndex": 0, "backgroundColor": "DDF4FF"}}, {"type": "text", "element": {"styledString": {"text": "If you are going to do something in the future, use a form of ir, plus a, then an infinitive form of what you\u2019re doing. \u200b", "styling": [{"from": 0, "to": 7, "attributes": {"alignment": "left", "fontSize": 19, "fontWeight": "normal", "textColor": "4B4B4B", "lineSpacing": 5}}, {"from": 7, "to": 19, "attributes": {"alignment": "left", "fontSize": 19, "fontWeight": "bold", "textColor": "4B4B4B", "lineSpacing": 5}}, {"from": 19, "to": 62, "attributes": {"alignment": "left", "fontSize": 19, "fontWeight": "normal", "textColor": "4B4B4B", "lineSpacing": 5}}, {"from": 62, "to": 64, "attributes": {"alignment": "left", "fontSize": 19, "fontWeight": "bold", "textColor": "1CB0F6", "lineSpacing": 5}}, {"from": 64, "to": 71, "attributes": {"alignment": "left", "fontSize": 19, "fontWeight": "normal", "textColor": "4B4B4B", "lineSpacing": 5}}, {"from": 71, "to": 72, "attributes": {"alignment": "left", "fontSize": 19, "fontWeight": "bold", "textColor": "1CB0F6", "lineSpacing": 5}}, {"from": 72, "to": 82, "attributes": {"alignment": "left", "fontSize": 19, "fontWeight": "normal", "textColor": "4B4B4B", "lineSpacing": 5}}, {"from": 82, "to": 92, "attributes": {"alignment": "left", "fontSize": 19, "fontWeight": "bold", "textColor": "1CB0F6", "lineSpacing": 5}}, {"from": 92, "to": 121, "attributes": {"alignment": "left", "fontSize": 19, "fontWeight": "normal", "textColor": "4B4B4B", "lineSpacing": 5}}]}, "tokenTTS": {"tokenTTSCollection": [{"startIndex": 62, "endIndex": 63, "ttsURL": "https://d1vq87e9lcf771.cloudfront.net/miguel/dc9239ea45abfb8a1f807d67adabe2b4"}, {"startIndex": 71, "endIndex": 71, "ttsURL": "https://d1vq87e9lcf771.cloudfront.net/miguel/a615ab7aef51e62ab81ce9255166fc65"}]}, "hints": {"hints": ["to go", "to", "An infinitive is the basic form of a verb. In Spanish, infinitives end with \"-er\" (\"comer\"), \"-ir\" (\"escribir\"), or \"-ar\" (\"hablar\")."], "hintLinks": [{"index": 0, "rangeStart": 62, "rangeEnd": 63}, {"index": 1, "rangeStart": 71, "rangeEnd": 71}, {"index": 2, "rangeStart": 82, "rangeEnd": 91}]}}, "meta": {"autoPlayableTTS": [], "sectionIndex": 0, "backgroundColor": "DDF4FF"}}, {"type": "verticalSpace", "element": 24, "meta": {"autoPlayableTTS": [], "sectionIndex": 0, "backgroundColor": "DDF4FF"}}, {"type": "exampleCaptionedImage", "element": {"image": {"url": "https://d1btvuu4dwu627.cloudfront.net/1935260bb45227d2abc8062355f5ce9f/ec9d48d99b59805f9174d177027200fd/images/385559312398440481b200c1319d977a.pdf"}, "examples": [{"text": {"styledString": {"text": "Ma\u00f1ana voy a viajar a M\u00e9xico.\u200b", "styling": [{"from": 0, "to": 7, "attributes": {"alignment": "center", "fontSize": 19, "fontWeight": "normal", "textColor": "4B4B4B", "lineSpacing": 5}}, {"from": 7, "to": 19, "attributes": {"alignment": "center", "fontSize": 19, "fontWeight": "bold", "textColor": "1CB0F6", "lineSpacing": 8}}, {"from": 19, "to": 30, "attributes": {"alignment": "center", "fontSize": 19, "fontWeight": "normal", "textColor": "4B4B4B", "lineSpacing": 5}}]}, "tokenTTS": {"tokenTTSCollection": [{"startIndex": 0, "endIndex": 28, "ttsURL": "https://d1vq87e9lcf771.cloudfront.net/miguel/8524fbcb7764eec11aa6b173f7224d1e"}]}, "hints": {"hints": ["tomorrow I am going to travel to Mexico"], "hintLinks": [{"index": 0, "rangeStart": 0, "rangeEnd": 29}]}}, "subtext": {"styledString": {"text": "Tomorrow I am going to travel to Mexico.", "styling": [{"from": 0, "to": 40, "attributes": {"alignment": "center", "fontSize": 19, "fontWeight": "normal", "textColor": "AFAFAF", "lineSpacing": 8}}]}, "tokenTTS": {"tokenTTSCollection": []}, "hints": {"hints": [], "hintLinks": []}}, "ttsURL": "https://d1vq87e9lcf771.cloudfront.net/miguel/8524fbcb7764eec11aa6b173f7224d1e"}, {"text": {"styledString": {"text": "Vamos a visitar a nuestros padres.", "styling": [{"from": 0, "to": 15, "attributes": {"alignment": "center", "fontSize": 19, "fontWeight": "bold", "textColor": "1CB0F6", "lineSpacing": 8}}, {"from": 15, "to": 34, "attributes": {"alignment": "center", "fontSize": 19, "fontWeight": "normal", "textColor": "4B4B4B", "lineSpacing": 5}}]}, "tokenTTS": {"tokenTTSCollection": [{"startIndex": 0, "endIndex": 33, "ttsURL": "https://d1vq87e9lcf771.cloudfront.net/miguel/2655be7e7d172a4cbfce5b5e3e0d07a8"}]}, "hints": {"hints": ["we're going to visit our parents"], "hintLinks": [{"index": 0, "rangeStart": 0, "rangeEnd": 33}]}}, "subtext": {"styledString": {"text": "We're going to visit our parents.", "styling": [{"from": 0, "to": 33, "attributes": {"alignment": "center", "fontSize": 19, "fontWeight": "normal", "textColor": "AFAFAF", "lineSpacing": 8}}]}, "tokenTTS": {"tokenTTSCollection": []}, "hints": {"hints": [], "hintLinks": []}}, "ttsURL": "https://d1vq87e9lcf771.cloudfront.net/miguel/2655be7e7d172a4cbfce5b5e3e0d07a8"}, {"text": {"styledString": {"text": "Ella va a viajar en avi\u00f3n.\u200b", "styling": [{"from": 0, "to": 5, "attributes": {"alignment": "center", "fontSize": 19, "fontWeight": "normal", "textColor": "4B4B4B", "lineSpacing": 5}}, {"from": 5, "to": 16, "attributes": {"alignment": "center", "fontSize": 19, "fontWeight": "bold", "textColor": "1CB0F6", "lineSpacing": 8}}, {"from": 16, "to": 27, "attributes": {"alignment": "center", "fontSize": 19, "fontWeight": "normal", "textColor": "4B4B4B", "lineSpacing": 5}}]}, "tokenTTS": {"tokenTTSCollection": [{"startIndex": 0, "endIndex": 25, "ttsURL": "https://d1vq87e9lcf771.cloudfront.net/miguel/29d4209b2a39c592c1387b8964119c0d"}]}, "hints": {"hints": ["she is going to travel by plane"], "hintLinks": [{"index": 0, "rangeStart": 0, "rangeEnd": 26}]}}, "subtext": {"styledString": {"text": "She is going to travel by plane.\u200b", "styling": [{"from": 0, "to": 33, "attributes": {"alignment": "center", "fontSize": 19, "fontWeight": "normal", "textColor": "AFAFAF", "lineSpacing": 8}}]}, "tokenTTS": {"tokenTTSCollection": []}, "hints": {"hints": [], "hintLinks": []}}, "ttsURL": "https://d1vq87e9lcf771.cloudfront.net/miguel/29d4209b2a39c592c1387b8964119c0d"}], "layout": "wideImageWithTextBelow"}, "meta": {"autoPlayableTTS": [], "sectionIndex": 0, "backgroundColor": "DDF4FF"}}, {"type": "verticalSpace", "element": 24, "meta": {"autoPlayableTTS": [], "sectionIndex": 0, "backgroundColor": "DDF4FF"}}], "resourcesToPrefetch": [{"required": false, "url": "https://d1vq87e9lcf771.cloudfront.net/miguel/a615ab7aef51e62ab81ce9255166fc65", "type": "mp3"}, {"required": false, "url": "https://d1vq87e9lcf771.cloudfront.net/miguel/ae3b217f2a7291fd4d511a9d2385d28b", "type": "mp3"}, {"required": false, "url": "https://d1vq87e9lcf771.cloudfront.net/miguel/2655be7e7d172a4cbfce5b5e3e0d07a8", "type": "mp3"}, {"required": false, "url": "https://d1vq87e9lcf771.cloudfront.net/miguel/55c16828e1e160475e2d03321eb51531", "type": "mp3"}, {"required": true, "url": "https://d1btvuu4dwu627.cloudfront.net/1935260bb45227d2abc8062355f5ce9f/ec9d48d99b59805f9174d177027200fd/images/385559312398440481b200c1319d977a.pdf", "type": "pdf"}, {"required": false, "url": "https://d1vq87e9lcf771.cloudfront.net/miguel/1ece53486e3bd7b4e54ea5907fc682a7", "type": "mp3"}, {"required": false, "url": "https://d1vq87e9lcf771.cloudfront.net/miguel/10de0885624a6de6762bfed85d977e23", "type": "mp3"}, {"required": false, "url": "https://d1vq87e9lcf771.cloudfront.net/miguel/dc9239ea45abfb8a1f807d67adabe2b4", "type": "mp3"}, {"required": false, "url": "https://d1vq87e9lcf771.cloudfront.net/miguel/992d2a21d0d6d3bbfe9fdf65f6359825", "type": "mp3"}, {"required": false, "url": "https://d1vq87e9lcf771.cloudfront.net/miguel/8524fbcb7764eec11aa6b173f7224d1e", "type": "mp3"}, {"required": false, "url": "https://d1vq87e9lcf771.cloudfront.net/miguel/477c18482711a8cc217620b3e598bdd4", "type": "mp3"}, {"required": false, "url": "https://d1vq87e9lcf771.cloudfront.net/miguel/29d4209b2a39c592c1387b8964119c0d", "type": "mp3"}]}