{"elements": [{"type": "verticalSpace", "element": 2, "meta": {"autoPlayableTTS": [], "sectionIndex": 0, "backgroundColor": "E5E5E5"}}, {"type": "verticalSpace", "element": 24, "meta": {"autoPlayableTTS": [], "sectionIndex": 0, "backgroundColor": null}}, {"type": "text", "element": {"styledString": {"text": "KEY PHRASES", "styling": [{"from": 0, "to": 11, "attributes": {"alignment": "left", "fontSize": 17, "fontWeight": "bold", "textColor": "1CB0F6", "lineSpacing": 4}}]}, "tokenTTS": {"tokenTTSCollection": []}}, "meta": {"autoPlayableTTS": [], "sectionIndex": 0, "backgroundColor": null}}, {"type": "verticalSpace", "element": 8, "meta": {"autoPlayableTTS": [], "sectionIndex": 0, "backgroundColor": null}}, {"type": "text", "element": {"styledString": {"text": "Talk about the past", "styling": [{"from": 0, "to": 19, "attributes": {"alignment": "left", "fontSize": 25, "fontWeight": "bold", "textColor": "4B4B4B", "lineSpacing": 4}}]}, "tokenTTS": {"tokenTTSCollection": []}}, "meta": {"autoPlayableTTS": [], "sectionIndex": 0, "backgroundColor": null}}, {"type": "verticalSpace", "element": 16, "meta": {"autoPlayableTTS": [], "sectionIndex": 0, "backgroundColor": null}}, {"type": "dialogue", "element": {"phrases": [{"text": {"styledString": {"text": "Los chicos no nos han dejado dormir la siesta.", "styling": [{"from": 0, "to": 46, "attributes": {"alignment": "left", "fontSize": 19, "fontWeight": "normal", "textColor": "4B4B4B", "lineSpacing": 5}}]}, "tokenTTS": {"tokenTTSCollection": []}, "blockHints": [{"value": "Los", "hintTable": {"rows": [[{"hint": "the", "colspan": 1}], [{"hint": "their", "colspan": 1}], [{"hint": "your", "colspan": 1}]], "references": []}, "tts": "https://d1vq87e9lcf771.cloudfront.net/miguel/d863d8aa552c7c1c67edddbdd43fc33f"}, {"value": " "}, {"value": "chicos", "hintTable": {"rows": [[{"hint": "boys", "colspan": 1}], [{"hint": "children", "colspan": 1}], [{"hint": "youngsters", "colspan": 1}]], "references": []}, "tts": "https://d1vq87e9lcf771.cloudfront.net/miguel/3fadcdd689020d4710e86499f4c765e6"}, {"value": " "}, {"value": "no", "hintTable": {"rows": [[{"hint": "n't", "colspan": 1}], [{"hint": "wasn't", "colspan": 1}], [{"hint": "didn't", "colspan": 1}]], "references": []}, "tts": "https://d1vq87e9lcf771.cloudfront.net/miguel/e56dc9c59b5e999bbe4a986911a59034"}, {"value": " "}, {"value": "nos", "hintTable": {"rows": [[{"hint": "us", "colspan": 1}], [{"hint": "for us", "colspan": 1}], [{"hint": "we", "colspan": 1}]], "references": []}, "tts": "https://d1vq87e9lcf771.cloudfront.net/miguel/3086923da928a5f1e76aee61c55ff0b0"}, {"value": " "}, {"value": "han", "hintTable": {"rows": [[{"hint": "(you) have", "colspan": 1}], [{"hint": "(they) have", "colspan": 1}], [{"hint": "have", "colspan": 1}]], "references": []}, "tts": "https://d1vq87e9lcf771.cloudfront.net/miguel/c1e33c40c13a60696ea40dac90803943"}, {"value": " "}, {"value": "dejado", "hintTable": {"rows": [[{"hint": "let", "colspan": 1}], [{"hint": "dropped off", "colspan": 1}], [{"hint": "broken", "colspan": 1}]], "references": []}, "tts": "https://d1vq87e9lcf771.cloudfront.net/miguel/84f9d9034b444d29ae2dcc73ba9a2a40"}, {"value": " "}, {"value": "dormir", "hintTable": {"rows": [[{"hint": "sleeping", "colspan": 1}], [{"hint": "(to) sleep", "colspan": 1}], [{"hint": "sleep", "colspan": 1}]], "references": []}, "tts": "https://d1vq87e9lcf771.cloudfront.net/beaes/dc41621cf7bc7fac588c547ec2e737ad"}, {"value": " "}, {"value": "la", "hintTable": {"rows": [[{"hint": "the", "colspan": 1}], [{"hint": "your", "colspan": 1}], [{"hint": "her", "colspan": 1}]], "references": []}, "tts": "https://d1vq87e9lcf771.cloudfront.net/miguel/e9ea010281921357dd4b130d51e7488b"}, {"value": " "}, {"value": "siesta", "hintTable": {"rows": [[{"hint": "nap", "colspan": 1}]], "references": []}, "tts": "https://d1vq87e9lcf771.cloudfront.net/miguel/44fb1f92455a59b90c46ee607f123118"}, {"value": "."}]}, "subtext": {"styledString": {"text": "The boys haven't let us take a nap.", "styling": [{"from": 0, "to": 35, "attributes": {"alignment": "left", "fontSize": 19, "fontWeight": "normal", "textColor": "AFAFAF", "lineSpacing": 5}}]}, "tokenTTS": {"tokenTTSCollection": []}}, "ttsURL": "https://d1vq87e9lcf771.cloudfront.net/miguel/156b059dc18332df300bc992cbe11d59"}]}, "meta": {"autoPlayableTTS": [], "sectionIndex": 0, "backgroundColor": null}}, {"type": "verticalSpace", "element": 16, "meta": {"autoPlayableTTS": [], "sectionIndex": 0, "backgroundColor": null}}, {"type": "dialogue", "element": {"phrases": [{"text": {"styledString": {"text": "\u00bfQui\u00e9n ha puesto aqu\u00ed esta serpiente de goma?", "styling": [{"from": 0, "to": 45, "attributes": {"alignment": "left", "fontSize": 19, "fontWeight": "normal", "textColor": "4B4B4B", "lineSpacing": 5}}]}, "tokenTTS": {"tokenTTSCollection": []}, "blockHints": [{"value": "\u00bf"}, {"value": "Qui\u00e9n", "hintTable": {"rows": [[{"hint": "who", "colspan": 1}], [{"hint": "whom", "colspan": 1}]], "references": []}, "tts": "https://d1vq87e9lcf771.cloudfront.net/miguel/8899b43271da9c77d4e347ec8993d905"}, {"value": " "}, {"value": "ha", "hintTable": {"rows": [[{"hint": "has", "colspan": 1}], [{"hint": "it's", "colspan": 1}], [{"hint": "she's", "colspan": 1}]], "references": []}, "tts": "https://d1vq87e9lcf771.cloudfront.net/miguel/24592a7d3b9a0608e773bb2feddfb5e5"}, {"value": " "}, {"value": "puesto", "hintTable": {"rows": [[{"hint": "put", "colspan": 1}], [{"hint": "(she) has on", "colspan": 1}], [{"hint": "(I) have on", "colspan": 1}]], "references": []}, "tts": "https://d1vq87e9lcf771.cloudfront.net/miguel/c86e87891952a0659ebe9f234aa9bdde"}, {"value": " "}, {"value": "aqu\u00ed", "hintTable": {"rows": [[{"hint": "here", "colspan": 1}]], "references": []}, "tts": "https://d1vq87e9lcf771.cloudfront.net/miguel/b4b03c7841b0ca940c16d88eb7409201"}, {"value": " "}, {"value": "esta", "hintTable": {"rows": [[{"hint": "this", "colspan": 1}], [{"hint": "this one", "colspan": 1}], [{"hint": "these", "colspan": 1}]], "references": []}, "tts": "https://d1vq87e9lcf771.cloudfront.net/penelope/fbd10807a7abd93c139a0644915679da"}, {"value": " "}, {"value": "serpiente", "hintTable": {"rows": [[{"hint": "snake", "colspan": 1}], [{"hint": "serpent", "colspan": 1}]], "references": []}, "tts": "https://d1vq87e9lcf771.cloudfront.net/miguel/0b79439986d5dec60f057778c838a86b"}, {"value": " "}, {"value": "de", "hintTable": {"headers": ["de", "goma"], "rows": [[{"hint": "rubber", "colspan": 2}], [{"hint": "with", "colspan": 1}, {"colspan": 1}], [{"hint": "made of", "colspan": 1}, {"colspan": 1}], [{"hint": "off", "colspan": 1}, {"colspan": 1}]], "references": [7]}, "tts": "https://d1vq87e9lcf771.cloudfront.net/miguel/7c3dc4295f4bfedec518e38299ea8dc5"}, {"value": " "}, {"value": "goma", "hintTable": {"headers": ["de", "goma"], "rows": [[{"hint": "rubber", "colspan": 2}], [{"colspan": 1}, {"hint": "rubber", "colspan": 1}], [{"colspan": 1}, {"hint": "eraser", "colspan": 1}]], "references": [6]}, "tts": "https://d1vq87e9lcf771.cloudfront.net/miguel/893a5159ab4fdd86c243dc462ade4376"}, {"value": "?"}]}, "subtext": {"styledString": {"text": "Who has put this rubber snake here?", "styling": [{"from": 0, "to": 35, "attributes": {"alignment": "left", "fontSize": 19, "fontWeight": "normal", "textColor": "AFAFAF", "lineSpacing": 5}}]}, "tokenTTS": {"tokenTTSCollection": []}}, "ttsURL": "https://d1vq87e9lcf771.cloudfront.net/miguel/68956be4b21dc9b6f7dd30ac87f8319a"}]}, "meta": {"autoPlayableTTS": [], "sectionIndex": 0, "backgroundColor": null}}, {"type": "verticalSpace", "element": 16, "meta": {"autoPlayableTTS": [], "sectionIndex": 0, "backgroundColor": null}}, {"type": "dialogue", "element": {"phrases": [{"text": {"styledString": {"text": "\u00a1Rompiste el frasco por apurarte!", "styling": [{"from": 0, "to": 33, "attributes": {"alignment": "left", "fontSize": 19, "fontWeight": "normal", "textColor": "4B4B4B", "lineSpacing": 5}}]}, "tokenTTS": {"tokenTTSCollection": []}, "blockHints": [{"value": "\u00a1"}, {"value": "Rompiste", "hintTable": {"rows": [[{"hint": "broke", "colspan": 1}], [{"hint": "(?) did you break", "colspan": 1}], [{"hint": "ripped", "colspan": 1}]], "references": []}, "tts": "https://d1vq87e9lcf771.cloudfront.net/miguel/8ed883123238fc7af4f172b305491eed"}, {"value": " "}, {"value": "el", "hintTable": {"rows": [[{"hint": "the", "colspan": 1}], [{"hint": "your", "colspan": 1}], [{"hint": "her", "colspan": 1}]], "references": []}, "tts": "https://d1vq87e9lcf771.cloudfront.net/penelope/b47f0c6243dc0dd607abd744189eec05"}, {"value": " "}, {"value": "frasco", "hintTable": {"rows": [[{"hint": "jar", "colspan": 1}]], "references": []}, "tts": "https://d1vq87e9lcf771.cloudfront.net/miguel/2aacce9641aa1940e3bbf814d32bfeef"}, {"value": " "}, {"value": "por", "hintTable": {"rows": [[{"hint": "because", "colspan": 1}], [{"hint": "because of", "colspan": 1}], [{"hint": "to", "colspan": 1}]], "references": []}, "tts": "https://d1vq87e9lcf771.cloudfront.net/miguel/e339e0bfe581d755bb02344cc04edecc"}, {"value": " "}, {"value": "apurarte", "hintTable": {"rows": [[{"hint": "hurried", "colspan": 1}], [{"hint": "hurry", "colspan": 1}], [{"hint": "(to) hurry", "colspan": 1}]], "references": []}, "tts": "https://d1vq87e9lcf771.cloudfront.net/miguel/8cfc8cf9f8a1fb99571cd8a1afcd9079"}, {"value": "!"}]}, "subtext": {"styledString": {"text": "You broke the jar because you hurried!", "styling": [{"from": 0, "to": 38, "attributes": {"alignment": "left", "fontSize": 19, "fontWeight": "normal", "textColor": "AFAFAF", "lineSpacing": 5}}]}, "tokenTTS": {"tokenTTSCollection": []}}, "ttsURL": "https://d1vq87e9lcf771.cloudfront.net/miguel/32d50846c618a24adb98cbbab49a401e"}]}, "meta": {"autoPlayableTTS": [], "sectionIndex": 0, "backgroundColor": null}}, {"type": "verticalSpace", "element": 16, "meta": {"autoPlayableTTS": [], "sectionIndex": 0, "backgroundColor": null}}, {"type": "dialogue", "element": {"phrases": [{"text": {"styledString": {"text": "Me acuerdo de esa vez que desarm\u00e9 el reloj de pap\u00e1.", "styling": [{"from": 0, "to": 51, "attributes": {"alignment": "left", "fontSize": 19, "fontWeight": "normal", "textColor": "4B4B4B", "lineSpacing": 5}}]}, "tokenTTS": {"tokenTTSCollection": []}, "blockHints": [{"value": "Me", "hintTable": {"headers": ["me", "acuerdo"], "rows": [[{"hint": "remember", "colspan": 2}], [{"hint": "I", "colspan": 1}, {"colspan": 1}], [{"hint": "myself", "colspan": 1}, {"colspan": 1}], [{"hint": "me", "colspan": 1}, {"colspan": 1}]], "references": [1]}, "tts": "https://d1vq87e9lcf771.cloudfront.net/miguel/e0523aab2519a0650d3b9410064d0876"}, {"value": " "}, {"value": "acuerdo", "hintTable": {"headers": ["me", "acuerdo"], "rows": [[{"hint": "remember", "colspan": 2}], [{"colspan": 1}, {"hint": "(I) remember", "colspan": 1}], [{"colspan": 1}, {"hint": "understanding", "colspan": 1}], [{"colspan": 1}, {"hint": "agreement", "colspan": 1}]], "references": [0]}, "tts": "https://d1vq87e9lcf771.cloudfront.net/miguel/bf80f3e2bafd54d643c4d51bb9723624"}, {"value": " "}, {"value": "de", "hintTable": {"rows": [[{"hint": "'s", "colspan": 1}], [{"hint": "with", "colspan": 1}], [{"hint": "made of", "colspan": 1}]], "references": []}, "tts": "https://d1vq87e9lcf771.cloudfront.net/miguel/7c3dc4295f4bfedec518e38299ea8dc5"}, {"value": " "}, {"value": "esa", "hintTable": {"rows": [[{"hint": "that", "colspan": 1}], [{"hint": "that one", "colspan": 1}], [{"hint": "those", "colspan": 1}]], "references": []}, "tts": "https://d1vq87e9lcf771.cloudfront.net/miguel/158211501bbdacb919de50824c696f4e"}, {"value": " "}, {"value": "vez", "hintTable": {"rows": [[{"hint": "time", "colspan": 1}]], "references": []}, "tts": "https://d1vq87e9lcf771.cloudfront.net/miguel/897f2365f5f3979c44e76469d2764dba"}, {"value": " "}, {"value": "que", "hintTable": {"rows": [[{"hint": "that", "colspan": 1}], [{"hint": "I hope", "colspan": 1}], [{"hint": "because", "colspan": 1}]], "references": []}, "tts": "https://d1vq87e9lcf771.cloudfront.net/miguel/a1ac789b0b8d37cb82d476eff39cdd67"}, {"value": " "}, {"value": "desarm\u00e9", "hintTable": {"rows": [[{"hint": "took apart", "colspan": 1}]], "references": []}, "tts": "https://d1vq87e9lcf771.cloudfront.net/miguel/5c841b9dd2597c15cdfd15b86b1258c3"}, {"value": " "}, {"value": "el", "hintTable": {"rows": [[{"hint": "the", "colspan": 1}], [{"hint": "your", "colspan": 1}], [{"hint": "her", "colspan": 1}]], "references": []}, "tts": "https://d1vq87e9lcf771.cloudfront.net/penelope/b47f0c6243dc0dd607abd744189eec05"}, {"value": " "}, {"value": "reloj", "hintTable": {"rows": [[{"hint": "watch", "colspan": 1}], [{"hint": "clock", "colspan": 1}]], "references": []}, "tts": "https://d1vq87e9lcf771.cloudfront.net/miguel/7dbd946c397499f96c155a6e812fb628"}, {"value": " "}, {"value": "de", "hintTable": {"rows": [[{"hint": "'s", "colspan": 1}], [{"hint": "with", "colspan": 1}], [{"hint": "made of", "colspan": 1}]], "references": []}, "tts": "https://d1vq87e9lcf771.cloudfront.net/miguel/7c3dc4295f4bfedec518e38299ea8dc5"}, {"value": " "}, {"value": "pap\u00e1", "hintTable": {"rows": [[{"hint": "dad", "colspan": 1}], [{"hint": "father", "colspan": 1}]], "references": []}, "tts": "https://d1vq87e9lcf771.cloudfront.net/beaes/c1170b53bc368c510737c36e9175d6b5"}, {"value": "."}]}, "subtext": {"styledString": {"text": "I remember that time that I took apart Dad's watch.", "styling": [{"from": 0, "to": 51, "attributes": {"alignment": "left", "fontSize": 19, "fontWeight": "normal", "textColor": "AFAFAF", "lineSpacing": 5}}]}, "tokenTTS": {"tokenTTSCollection": []}}, "ttsURL": "https://d1vq87e9lcf771.cloudfront.net/miguel/f6ab4fdec3ff89ba9953e7a268433ec4"}]}, "meta": {"autoPlayableTTS": [], "sectionIndex": 0, "backgroundColor": null}}, {"type": "verticalSpace", "element": 16, "meta": {"autoPlayableTTS": [], "sectionIndex": 0, "backgroundColor": null}}, {"type": "dialogue", "element": {"phrases": [{"text": {"styledString": {"text": "Mi hermanito sol\u00eda poner pasta de dientes en mis galletas.", "styling": [{"from": 0, "to": 58, "attributes": {"alignment": "left", "fontSize": 19, "fontWeight": "normal", "textColor": "4B4B4B", "lineSpacing": 5}}]}, "tokenTTS": {"tokenTTSCollection": []}, "blockHints": [{"value": "Mi", "hintTable": {"rows": [[{"hint": "my", "colspan": 1}]], "references": []}, "tts": "https://d1vq87e9lcf771.cloudfront.net/miguel/b082510d0e48798ab32883bfe8d655b6"}, {"value": " "}, {"value": "hermanito", "hintTable": {"rows": [[{"hint": "little brother", "colspan": 1}]], "references": []}, "tts": "https://d1vq87e9lcf771.cloudfront.net/miguel/ab81ac41455fbe826d7c68e54681c896"}, {"value": " "}, {"value": "sol\u00eda", "hintTable": {"rows": [[{"hint": "used to", "colspan": 1}], [{"hint": "did (she) use to", "colspan": 1}], [{"hint": "tended", "colspan": 1}]], "references": []}, "tts": "https://d1vq87e9lcf771.cloudfront.net/miguel/d5a7e57e6a932dee423d12b1c0838551"}, {"value": " "}, {"value": "poner", "hintTable": {"rows": [[{"hint": "(to) put", "colspan": 1}], [{"hint": "put", "colspan": 1}], [{"hint": "put on", "colspan": 1}]], "references": []}, "tts": "https://d1vq87e9lcf771.cloudfront.net/miguel/bc8873b38e87b0f23e80084ce1eb7eb6"}, {"value": " "}, {"value": "pasta", "hintTable": {"headers": ["pasta", "de", "dientes"], "rows": [[{"hint": "toothpaste", "colspan": 3}], [{"hint": "pasta", "colspan": 1}, {"colspan": 1}, {"colspan": 1}]], "references": [5, 6]}, "tts": "https://d1vq87e9lcf771.cloudfront.net/miguel/3063faf0d5b53301209ae5ba8d433064"}, {"value": " "}, {"value": "de", "hintTable": {"headers": ["pasta", "de", "dientes"], "rows": [[{"hint": "toothpaste", "colspan": 3}], [{"colspan": 1}, {"hint": "to", "colspan": 1}, {"colspan": 1}], [{"colspan": 1}, {"hint": "my", "colspan": 1}, {"colspan": 1}], [{"colspan": 1}, {"hint": "in", "colspan": 1}, {"colspan": 1}]], "references": [4, 6]}, "tts": "https://d1vq87e9lcf771.cloudfront.net/miguel/7c3dc4295f4bfedec518e38299ea8dc5"}, {"value": " "}, {"value": "dientes", "hintTable": {"headers": ["pasta", "de", "dientes"], "rows": [[{"hint": "toothpaste", "colspan": 3}], [{"colspan": 1}, {"colspan": 1}, {"hint": "teeth", "colspan": 1}]], "references": [4, 5]}, "tts": "https://d1vq87e9lcf771.cloudfront.net/miguel/7a67c5260f1d151847f3f2dbf76dcbdd"}, {"value": " "}, {"value": "en", "hintTable": {"rows": [[{"hint": "to", "colspan": 1}], [{"hint": "in", "colspan": 1}], [{"hint": "under", "colspan": 1}]], "references": []}, "tts": "https://d1vq87e9lcf771.cloudfront.net/miguel/953baa0ff97009a5374e3a2695ce7f5c"}, {"value": " "}, {"value": "mis", "hintTable": {"rows": [[{"hint": "my", "colspan": 1}]], "references": []}, "tts": "https://d1vq87e9lcf771.cloudfront.net/miguel/dad568373c8ac9882b555d1e0b6b35a5"}, {"value": " "}, {"value": "galletas", "hintTable": {"rows": [[{"hint": "cookies", "colspan": 1}], [{"hint": "crackers", "colspan": 1}]], "references": []}, "tts": "https://d1vq87e9lcf771.cloudfront.net/miguel/4c873285a7db92391b8839cad1b61d67"}, {"value": "."}]}, "subtext": {"styledString": {"text": "My little brother used to put toothpaste in my cookies.", "styling": [{"from": 0, "to": 55, "attributes": {"alignment": "left", "fontSize": 19, "fontWeight": "normal", "textColor": "AFAFAF", "lineSpacing": 5}}]}, "tokenTTS": {"tokenTTSCollection": []}}, "ttsURL": "https://d1vq87e9lcf771.cloudfront.net/miguel/bb7bf9ccfe41ee79ab30481f8520b21a"}]}, "meta": {"autoPlayableTTS": [], "sectionIndex": 0, "backgroundColor": null}}, {"type": "verticalSpace", "element": 16, "meta": {"autoPlayableTTS": [], "sectionIndex": 0, "backgroundColor": null}}, {"type": "dialogue", "element": {"phrases": [{"text": {"styledString": {"text": "Me castigaron por ser travieso.", "styling": [{"from": 0, "to": 31, "attributes": {"alignment": "left", "fontSize": 19, "fontWeight": "normal", "textColor": "4B4B4B", "lineSpacing": 5}}]}, "tokenTTS": {"tokenTTSCollection": []}, "blockHints": [{"value": "Me", "hintTable": {"headers": ["me", "castigaron"], "rows": [[{"hint": "I was punished", "colspan": 2}], [{"hint": "for me", "colspan": 1}, {"colspan": 1}], [{"hint": "me", "colspan": 1}, {"colspan": 1}], [{"hint": "myself", "colspan": 1}, {"colspan": 1}]], "references": [1]}, "tts": "https://d1vq87e9lcf771.cloudfront.net/miguel/e0523aab2519a0650d3b9410064d0876"}, {"value": " "}, {"value": "castigaron", "hintTable": {"headers": ["me", "castigaron"], "rows": [[{"hint": "I was punished", "colspan": 2}], [{"colspan": 1}, {"hint": "grounded", "colspan": 1}], [{"colspan": 1}, {"hint": "(?) did they punish", "colspan": 1}], [{"colspan": 1}, {"hint": "punish", "colspan": 1}]], "references": [0]}, "tts": "https://d1vq87e9lcf771.cloudfront.net/miguel/72c790e0a3c0f252151442bb922f0db1"}, {"value": " "}, {"value": "por", "hintTable": {"rows": [[{"hint": "for", "colspan": 1}], [{"hint": "to", "colspan": 1}], [{"hint": "because", "colspan": 1}]], "references": []}, "tts": "https://d1vq87e9lcf771.cloudfront.net/miguel/e339e0bfe581d755bb02344cc04edecc"}, {"value": " "}, {"value": "ser", "hintTable": {"rows": [[{"hint": "being", "colspan": 1}], [{"hint": "(to) be", "colspan": 1}], [{"hint": "be", "colspan": 1}]], "references": []}, "tts": "https://d1vq87e9lcf771.cloudfront.net/miguel/86aeadf9198ddf6a80e6ea99828fcdae"}, {"value": " "}, {"value": "travieso", "hintTable": {"rows": [[{"hint": "naughty", "colspan": 1}]], "references": []}, "tts": "https://d1vq87e9lcf771.cloudfront.net/miguel/73663ea0c3af4c9ac2e96f3a29d381f0"}, {"value": "."}]}, "subtext": {"styledString": {"text": "They grounded me for being naughty.", "styling": [{"from": 0, "to": 35, "attributes": {"alignment": "left", "fontSize": 19, "fontWeight": "normal", "textColor": "AFAFAF", "lineSpacing": 5}}]}, "tokenTTS": {"tokenTTSCollection": []}}, "ttsURL": "https://d1vq87e9lcf771.cloudfront.net/miguel/cd2d4bb96fdd1da85301011fd324521e"}]}, "meta": {"autoPlayableTTS": [], "sectionIndex": 0, "backgroundColor": null}}, {"type": "verticalSpace", "element": 24, "meta": {"autoPlayableTTS": [], "sectionIndex": 0, "backgroundColor": null}}], "resourcesToPrefetch": [{"required": false, "url": "https://d1vq87e9lcf771.cloudfront.net/miguel/156b059dc18332df300bc992cbe11d59", "type": "mp3"}, {"required": false, "url": "https://d1vq87e9lcf771.cloudfront.net/miguel/32d50846c618a24adb98cbbab49a401e", "type": "mp3"}, {"required": false, "url": "https://d1vq87e9lcf771.cloudfront.net/miguel/68956be4b21dc9b6f7dd30ac87f8319a", "type": "mp3"}, {"required": false, "url": "https://d1vq87e9lcf771.cloudfront.net/miguel/bb7bf9ccfe41ee79ab30481f8520b21a", "type": "mp3"}, {"required": false, "url": "https://d1vq87e9lcf771.cloudfront.net/miguel/f6ab4fdec3ff89ba9953e7a268433ec4", "type": "mp3"}, {"required": false, "url": "https://d1vq87e9lcf771.cloudfront.net/miguel/cd2d4bb96fdd1da85301011fd324521e", "type": "mp3"}]}