{"elements": [{"type": "verticalSpace", "element": 2, "meta": {"autoPlayableTTS": [], "sectionIndex": 0, "backgroundColor": "E5E5E5"}}, {"type": "verticalSpace", "element": 24, "meta": {"autoPlayableTTS": [], "sectionIndex": 0, "backgroundColor": null}}, {"type": "text", "element": {"styledString": {"text": "KEY PHRASES", "styling": [{"from": 0, "to": 11, "attributes": {"alignment": "left", "fontSize": 17, "fontWeight": "bold", "textColor": "1CB0F6", "lineSpacing": 4}}]}, "tokenTTS": {"tokenTTSCollection": []}}, "meta": {"autoPlayableTTS": [], "sectionIndex": 0, "backgroundColor": null}}, {"type": "verticalSpace", "element": 8, "meta": {"autoPlayableTTS": [], "sectionIndex": 0, "backgroundColor": null}}, {"type": "text", "element": {"styledString": {"text": "Talk about family gatherings", "styling": [{"from": 0, "to": 28, "attributes": {"alignment": "left", "fontSize": 25, "fontWeight": "bold", "textColor": "4B4B4B", "lineSpacing": 4}}]}, "tokenTTS": {"tokenTTSCollection": []}}, "meta": {"autoPlayableTTS": [], "sectionIndex": 0, "backgroundColor": null}}, {"type": "verticalSpace", "element": 16, "meta": {"autoPlayableTTS": [], "sectionIndex": 0, "backgroundColor": null}}, {"type": "dialogue", "element": {"phrases": [{"text": {"styledString": {"text": "Quand est-ce que nous allons ouvrir les cadeaux ?", "styling": [{"from": 0, "to": 49, "attributes": {"alignment": "left", "fontSize": 19, "fontWeight": "normal", "textColor": "4B4B4B", "lineSpacing": 5}}]}, "tokenTTS": {"tokenTTSCollection": []}, "blockHints": [{"value": "Quand", "hintTable": {"rows": [[{"hint": "when", "colspan": 1}]], "references": []}, "tts": "https://d1vq87e9lcf771.cloudfront.net/danielle/1eab232dc1563a26d7ff2a850ba382f8"}, {"value": " "}, {"value": "est", "hintTable": {"headers": ["est", "-", "ce", "que"], "rows": [[{"hint": "are", "colspan": 3}], [{"hint": "do", "colspan": 3}], [{"hint": "did", "colspan": 3}], [{"hint": "are", "colspan": 1}, {"colspan": 1}, {"colspan": 1}], [{"hint": "is", "colspan": 1}, {"colspan": 1}, {"colspan": 1}], [{"hint": "east", "colspan": 1}, {"colspan": 1}, {"colspan": 1}]], "references": [2, 3]}, "tts": "https://d1vq87e9lcf771.cloudfront.net/beafr/878a35a874ca5ef63f6af2af92a1a0a4"}, {"value": "-"}, {"value": "ce", "hintTable": {"headers": ["est", "-", "ce", "que"], "rows": [[{"hint": "are", "colspan": 3}], [{"hint": "do", "colspan": 3}], [{"hint": "did", "colspan": 3}], [{"colspan": 1}, {"hint": "what", "colspan": 2}], [{"colspan": 1}, {"hint": "which", "colspan": 2}], [{"colspan": 1}, {"hint": "it", "colspan": 1}, {"colspan": 1}]], "references": [3]}, "tts": "https://d1vq87e9lcf771.cloudfront.net/danielle/7a1b56deded82e10d0dbe21416f241bb"}, {"value": " "}, {"value": "que", "hintTable": {"headers": ["est", "-", "ce", "que"], "rows": [[{"hint": "are", "colspan": 3}], [{"hint": "do", "colspan": 3}], [{"hint": "did", "colspan": 3}], [{"colspan": 1}, {"colspan": 1}, {"hint": "for us", "colspan": 2}], [{"colspan": 1}, {"hint": "what", "colspan": 2}], [{"colspan": 1}, {"hint": "which", "colspan": 2}]], "references": [2]}, "tts": "https://d1vq87e9lcf771.cloudfront.net/danielle/f7a988c9818f00f37039ade65f8d6b1c"}, {"value": " "}, {"value": "nous", "hintTable": {"headers": ["que", "nous"], "rows": [[{"hint": "for us", "colspan": 2}], [{"colspan": 1}, {"hint": "we", "colspan": 1}], [{"colspan": 1}, {"hint": "to each other", "colspan": 1}], [{"colspan": 1}, {"hint": "to us", "colspan": 1}]], "references": [3]}, "tts": "https://d1vq87e9lcf771.cloudfront.net/danielle/7f1cf4acbc8ec94bd2a083a118772eb6"}, {"value": " "}, {"value": "allons", "hintTable": {"rows": [[{"hint": "are going to", "colspan": 1}], [{"hint": "are going", "colspan": 1}], [{"hint": "going", "colspan": 1}]], "references": []}, "tts": "https://d1vq87e9lcf771.cloudfront.net/danielle/70990a1e689543f91c3283ab54f77f9a"}, {"value": " "}, {"value": "ouvrir", "hintTable": {"rows": [[{"hint": "to open", "colspan": 1}], [{"hint": "open", "colspan": 1}], [{"hint": "opening", "colspan": 1}]], "references": []}, "tts": "https://d1vq87e9lcf771.cloudfront.net/danielle/48974bd3cabbf36b2ec878ce31b25554"}, {"value": " "}, {"value": "les", "hintTable": {"rows": [[{"hint": "the", "colspan": 1}], [{"hint": "your", "colspan": 1}], [{"hint": "they", "colspan": 1}]], "references": []}, "tts": "https://d1vq87e9lcf771.cloudfront.net/danielle/c4fd76f4b436a8eacbb40f9d77fb66f6"}, {"value": " "}, {"value": "cadeaux", "hintTable": {"rows": [[{"hint": "presents", "colspan": 1}], [{"hint": "gifts", "colspan": 1}]], "references": []}, "tts": "https://d1vq87e9lcf771.cloudfront.net/danielle/e75c6dc608534367fd41027e9c683cf6"}, {"value": " "}, {"value": "?"}]}, "subtext": {"styledString": {"text": "When are we going to open the presents?", "styling": [{"from": 0, "to": 39, "attributes": {"alignment": "left", "fontSize": 19, "fontWeight": "normal", "textColor": "AFAFAF", "lineSpacing": 5}}]}, "tokenTTS": {"tokenTTSCollection": []}}, "ttsURL": "https://d1vq87e9lcf771.cloudfront.net/danielle/86be812aaaa4bdb14e389ae87849412b"}]}, "meta": {"autoPlayableTTS": [], "sectionIndex": 0, "backgroundColor": null}}, {"type": "verticalSpace", "element": 16, "meta": {"autoPlayableTTS": [], "sectionIndex": 0, "backgroundColor": null}}, {"type": "dialogue", "element": {"phrases": [{"text": {"styledString": {"text": "J'accueille mon neveu ce week-end.", "styling": [{"from": 0, "to": 34, "attributes": {"alignment": "left", "fontSize": 19, "fontWeight": "normal", "textColor": "4B4B4B", "lineSpacing": 5}}]}, "tokenTTS": {"tokenTTSCollection": []}, "blockHints": [{"value": "J'", "hintTable": {"rows": [[{"hint": "I", "colspan": 1}]], "references": []}, "tts": "https://d1vq87e9lcf771.cloudfront.net/danielle/c839fdc2ccbaf9f6fe27b78659f801f2"}, {"value": "accueille", "hintTable": {"rows": [[{"hint": "hosting", "colspan": 1}], [{"hint": "is hosting", "colspan": 1}], [{"hint": "am hosting", "colspan": 1}]], "references": []}, "tts": "https://d1vq87e9lcf771.cloudfront.net/danielle/520e234bc334687f603f362b80d367e8"}, {"value": " "}, {"value": "mon", "hintTable": {"rows": [[{"hint": "my", "colspan": 1}]], "references": []}, "tts": "https://d1vq87e9lcf771.cloudfront.net/danielle/415eac14ad5c16e804201a45e5d2993d"}, {"value": " "}, {"value": "neveu", "hintTable": {"rows": [[{"hint": "nephew", "colspan": 1}]], "references": []}, "tts": "https://d1vq87e9lcf771.cloudfront.net/danielle/cc5392d2903fe3e811ecd0cc0e1ccf0e"}, {"value": " "}, {"value": "ce", "hintTable": {"rows": [[{"hint": "this", "colspan": 1}], [{"hint": "that", "colspan": 1}], [{"hint": "it", "colspan": 1}]], "references": []}, "tts": "https://d1vq87e9lcf771.cloudfront.net/danielle/7a1b56deded82e10d0dbe21416f241bb"}, {"value": " "}, {"value": "week", "hintTable": {"headers": ["week", "-", "end"], "rows": [[{"hint": "weekend", "colspan": 2}]], "references": [6]}, "tts": "https://d1vq87e9lcf771.cloudfront.net/danielle/710dc180dc599e2ee8776fe2d881b6df"}, {"value": "-"}, {"value": "end", "hintTable": {"headers": ["week", "-", "end"], "rows": [[{"hint": "weekend", "colspan": 2}]], "references": [5]}, "tts": "https://d1vq87e9lcf771.cloudfront.net/danielle/bc37c18be272b531ee57276e08b23d31"}, {"value": "."}]}, "subtext": {"styledString": {"text": "I'm hosting my nephew this weekend.", "styling": [{"from": 0, "to": 35, "attributes": {"alignment": "left", "fontSize": 19, "fontWeight": "normal", "textColor": "AFAFAF", "lineSpacing": 5}}]}, "tokenTTS": {"tokenTTSCollection": []}}, "ttsURL": "https://d1vq87e9lcf771.cloudfront.net/danielle/441e337f0db94888dba59125b5df8896"}]}, "meta": {"autoPlayableTTS": [], "sectionIndex": 0, "backgroundColor": null}}, {"type": "verticalSpace", "element": 16, "meta": {"autoPlayableTTS": [], "sectionIndex": 0, "backgroundColor": null}}, {"type": "dialogue", "element": {"phrases": [{"text": {"styledString": {"text": "Tu offres un parfum \u00e0 ta m\u00e8re.", "styling": [{"from": 0, "to": 30, "attributes": {"alignment": "left", "fontSize": 19, "fontWeight": "normal", "textColor": "4B4B4B", "lineSpacing": 5}}]}, "tokenTTS": {"tokenTTSCollection": []}, "blockHints": [{"value": "Tu", "hintTable": {"rows": [[{"hint": "you", "colspan": 1}], [{"hint": "you'll", "colspan": 1}]], "references": []}, "tts": "https://d1vq87e9lcf771.cloudfront.net/danielle/108696c9e1fe68d2beb23bb6f937a618"}, {"value": " "}, {"value": "offres", "hintTable": {"rows": [[{"hint": "(you) give/are giving", "colspan": 1}], [{"hint": "(you) offer/are offering", "colspan": 1}], [{"hint": "(you) buy/are buying", "colspan": 1}]], "references": []}, "tts": "https://d1vq87e9lcf771.cloudfront.net/danielle/ff77564fb1a43b2df97fb1a3a930a81d"}, {"value": " "}, {"value": "un", "hintTable": {"rows": [[{"hint": "a", "colspan": 1}], [{"hint": "one", "colspan": 1}], [{"hint": "an", "colspan": 1}]], "references": []}, "tts": "https://d1vq87e9lcf771.cloudfront.net/danielle/848ed0134fe5035cc26127d08f5412fe"}, {"value": " "}, {"value": "parfum", "hintTable": {"rows": [[{"hint": "perfume", "colspan": 1}]], "references": []}, "tts": "https://d1vq87e9lcf771.cloudfront.net/danielle/69f249ee1e271d5f19c8a1afed36bf85"}, {"value": " "}, {"value": "\u00e0", "hintTable": {"rows": [[{"hint": "to", "colspan": 1}], [{"hint": "see you", "colspan": 1}], [{"hint": "of", "colspan": 1}]], "references": []}, "tts": "https://d1vq87e9lcf771.cloudfront.net/danielle/525d3aba641b4330345f33346eb9959d"}, {"value": " "}, {"value": "ta", "hintTable": {"rows": [[{"hint": "your", "colspan": 1}]], "references": []}, "tts": "https://d1vq87e9lcf771.cloudfront.net/danielle/6a2ad7f25fb32af5eafd6d1ae20498ff"}, {"value": " "}, {"value": "m\u00e8re", "hintTable": {"rows": [[{"hint": "mother", "colspan": 1}], [{"hint": "mom", "colspan": 1}]], "references": []}, "tts": "https://d1vq87e9lcf771.cloudfront.net/danielle/260466dfdba6f29d3bf548af15718ddb"}, {"value": "."}]}, "subtext": {"styledString": {"text": "You're giving a perfume to your mother.", "styling": [{"from": 0, "to": 39, "attributes": {"alignment": "left", "fontSize": 19, "fontWeight": "normal", "textColor": "AFAFAF", "lineSpacing": 5}}]}, "tokenTTS": {"tokenTTSCollection": []}}, "ttsURL": "https://d1vq87e9lcf771.cloudfront.net/danielle/33cdf1b466b55c68a022907c2665d652"}]}, "meta": {"autoPlayableTTS": [], "sectionIndex": 0, "backgroundColor": null}}, {"type": "verticalSpace", "element": 16, "meta": {"autoPlayableTTS": [], "sectionIndex": 0, "backgroundColor": null}}, {"type": "dialogue", "element": {"phrases": [{"text": {"styledString": {"text": "Vous n'ouvrez pas les fen\u00eatres parce qu'il fait trop froid.", "styling": [{"from": 0, "to": 59, "attributes": {"alignment": "left", "fontSize": 19, "fontWeight": "normal", "textColor": "4B4B4B", "lineSpacing": 5}}]}, "tokenTTS": {"tokenTTSCollection": []}, "blockHints": [{"value": "Vous", "hintTable": {"rows": [[{"hint": "you", "colspan": 1}], [{"hint": "for you", "colspan": 1}], [{"hint": "to you", "colspan": 1}]], "references": []}, "tts": "https://d1vq87e9lcf771.cloudfront.net/danielle/480892a594f400f082857d91ad80c042"}, {"value": " "}, {"value": "n'", "hintTable": {"headers": ["n'", "...", "pas"], "rows": [[{"hint": "not", "colspan": 3}], [{"hint": "does not", "colspan": 3}], [{"hint": "do not", "colspan": 3}], [{"hint": "not", "colspan": 1}, {"colspan": 1}, {"colspan": 1}], [{"hint": "do not", "colspan": 1}, {"colspan": 1}, {"colspan": 1}], [{"hint": "does not", "colspan": 1}, {"colspan": 1}, {"colspan": 1}]], "references": [3]}, "tts": "https://d1vq87e9lcf771.cloudfront.net/danielle/9689399b2fce8825c17cae9a38ac2700"}, {"value": "ouvrez", "hintTable": {"rows": [[{"hint": "opening", "colspan": 1}], [{"hint": "are opening", "colspan": 1}], [{"hint": "open", "colspan": 1}]], "references": []}, "tts": "https://d1vq87e9lcf771.cloudfront.net/danielle/a56a1994f86527ef7be4ce7ee9adb376"}, {"value": " "}, {"value": "pas", "hintTable": {"headers": ["n'", "...", "pas"], "rows": [[{"hint": "not", "colspan": 3}], [{"hint": "does not", "colspan": 3}], [{"hint": "do not", "colspan": 3}], [{"colspan": 1}, {"colspan": 1}, {"hint": "not", "colspan": 1}], [{"colspan": 1}, {"colspan": 1}, {"hint": "no", "colspan": 1}], [{"colspan": 1}, {"colspan": 1}, {"hint": "steps", "colspan": 1}]], "references": [1]}, "tts": "https://d1vq87e9lcf771.cloudfront.net/danielle/c456a9e187b2f0772875204436cd741c"}, {"value": " "}, {"value": "les", "hintTable": {"rows": [[{"hint": "the", "colspan": 1}], [{"hint": "your", "colspan": 1}], [{"hint": "they", "colspan": 1}]], "references": []}, "tts": "https://d1vq87e9lcf771.cloudfront.net/danielle/c4fd76f4b436a8eacbb40f9d77fb66f6"}, {"value": " "}, {"value": "fen\u00eatres", "hintTable": {"rows": [[{"hint": "windows", "colspan": 1}]], "references": []}, "tts": "https://d1vq87e9lcf771.cloudfront.net/danielle/d3958936d1f1ddd31cc3c875a84e0275"}, {"value": " "}, {"value": "parce", "hintTable": {"headers": ["parce", "qu'"], "rows": [[{"hint": "because", "colspan": 2}]], "references": [7]}, "tts": "https://d1vq87e9lcf771.cloudfront.net/danielle/a3f463e13a6a94abb2f2268489f56a27"}, {"value": " "}, {"value": "qu'", "hintTable": {"headers": ["n'", "...", "qu'"], "rows": [[{"hint": "only", "colspan": 3}], [{"hint": "just", "colspan": 3}], [{"colspan": 1}, {"hint": "because", "colspan": 2}], [{"colspan": 1}, {"colspan": 1}, {"hint": "as", "colspan": 1}], [{"colspan": 1}, {"colspan": 1}, {"hint": "only", "colspan": 1}]], "references": [6]}, "tts": "https://d1vq87e9lcf771.cloudfront.net/danielle/4b617eb072e829480cac0f6a39d33d3e"}, {"value": "il", "hintTable": {"headers": ["il", "fait"], "rows": [[{"hint": "it's", "colspan": 2}], [{"hint": "it is (weather)", "colspan": 2}], [{"hint": "it's", "colspan": 1}, {"colspan": 1}], [{"hint": "it", "colspan": 1}, {"colspan": 1}], [{"hint": "him", "colspan": 1}, {"colspan": 1}]], "references": [9]}, "tts": "https://d1vq87e9lcf771.cloudfront.net/danielle/2cc14eeacdf034fdbb20a8fbdb782326"}, {"value": " "}, {"value": "fait", "hintTable": {"headers": ["il", "fait"], "rows": [[{"hint": "it's", "colspan": 2}], [{"hint": "it is (weather)", "colspan": 2}], [{"colspan": 1}, {"hint": "is", "colspan": 1}], [{"colspan": 1}, {"hint": "do", "colspan": 1}], [{"colspan": 1}, {"hint": "makes", "colspan": 1}]], "references": [8]}, "tts": "https://d1vq87e9lcf771.cloudfront.net/danielle/5090fbfcf1e1f8fe8be61e9b7010fc1b"}, {"value": " "}, {"value": "trop", "hintTable": {"rows": [[{"hint": "too", "colspan": 1}], [{"hint": "too many", "colspan": 1}], [{"hint": "too much", "colspan": 1}]], "references": []}, "tts": "https://d1vq87e9lcf771.cloudfront.net/danielle/080b698ce3aeb800051fe6f551895504"}, {"value": " "}, {"value": "froid", "hintTable": {"rows": [[{"hint": "cold", "colspan": 1}]], "references": []}, "tts": "https://d1vq87e9lcf771.cloudfront.net/danielle/e2649ae43f1ba98931e1969e8f1b4683"}, {"value": "."}]}, "subtext": {"styledString": {"text": "You're not opening the windows because it's too cold.", "styling": [{"from": 0, "to": 53, "attributes": {"alignment": "left", "fontSize": 19, "fontWeight": "normal", "textColor": "AFAFAF", "lineSpacing": 5}}]}, "tokenTTS": {"tokenTTSCollection": []}}, "ttsURL": "https://d1vq87e9lcf771.cloudfront.net/danielle/3be89bf611cd958fff6fe9c44c652d35"}]}, "meta": {"autoPlayableTTS": [], "sectionIndex": 0, "backgroundColor": null}}, {"type": "verticalSpace", "element": 16, "meta": {"autoPlayableTTS": [], "sectionIndex": 0, "backgroundColor": null}}, {"type": "dialogue", "element": {"phrases": [{"text": {"styledString": {"text": "Ils couvrent le b\u00e9b\u00e9 avec cette jolie couverture.", "styling": [{"from": 0, "to": 49, "attributes": {"alignment": "left", "fontSize": 19, "fontWeight": "normal", "textColor": "4B4B4B", "lineSpacing": 5}}]}, "tokenTTS": {"tokenTTSCollection": []}, "blockHints": [{"value": "Ils", "hintTable": {"rows": [[{"hint": "they're", "colspan": 1}], [{"hint": "they", "colspan": 1}], [{"hint": "they'll", "colspan": 1}]], "references": []}, "tts": "https://d1vq87e9lcf771.cloudfront.net/danielle/fa369075a68fadc733e36d6d7de8e2e9"}, {"value": " "}, {"value": "couvrent", "hintTable": {"rows": [[{"hint": "covering up", "colspan": 1}], [{"hint": "cover up", "colspan": 1}], [{"hint": "cover", "colspan": 1}]], "references": []}, "tts": "https://d1vq87e9lcf771.cloudfront.net/danielle/2e8ac75fba9963c871ed58bf62275ac3"}, {"value": " "}, {"value": "le", "hintTable": {"rows": [[{"hint": "the", "colspan": 1}], [{"hint": "on the", "colspan": 1}], [{"hint": "your", "colspan": 1}]], "references": []}, "tts": "https://d1vq87e9lcf771.cloudfront.net/danielle/53635582b04179582406de15f6c2a6fa"}, {"value": " "}, {"value": "b\u00e9b\u00e9", "hintTable": {"rows": [[{"hint": "baby", "colspan": 1}]], "references": []}, "tts": "https://d1vq87e9lcf771.cloudfront.net/danielle/492f531b7d780551708c04348832be65"}, {"value": " "}, {"value": "avec", "hintTable": {"rows": [[{"hint": "with", "colspan": 1}], [{"hint": "to", "colspan": 1}], [{"hint": "in", "colspan": 1}]], "references": []}, "tts": "https://d1vq87e9lcf771.cloudfront.net/danielle/98aedd3010762ec69e68491863a3fbf6"}, {"value": " "}, {"value": "cette", "hintTable": {"rows": [[{"hint": "this", "colspan": 1}], [{"hint": "that", "colspan": 1}]], "references": []}, "tts": "https://d1vq87e9lcf771.cloudfront.net/danielle/b1029061299eca13050e4ea645b30f6e"}, {"value": " "}, {"value": "jolie", "hintTable": {"rows": [[{"hint": "pretty", "colspan": 1}]], "references": []}, "tts": "https://d1vq87e9lcf771.cloudfront.net/danielle/2db8bc5d2e27bf87789d345335d60fef"}, {"value": " "}, {"value": "couverture", "hintTable": {"rows": [[{"hint": "blanket", "colspan": 1}], [{"hint": "cover", "colspan": 1}]], "references": []}, "tts": "https://d1vq87e9lcf771.cloudfront.net/danielle/06e47cfb188c1c550f41f19212e2ac8d"}, {"value": "."}]}, "subtext": {"styledString": {"text": "They're covering up the baby with this pretty blanket.", "styling": [{"from": 0, "to": 54, "attributes": {"alignment": "left", "fontSize": 19, "fontWeight": "normal", "textColor": "AFAFAF", "lineSpacing": 5}}]}, "tokenTTS": {"tokenTTSCollection": []}}, "ttsURL": "https://d1vq87e9lcf771.cloudfront.net/danielle/ff94c08ac1ac4f1991a07aadbbe1d80a"}]}, "meta": {"autoPlayableTTS": [], "sectionIndex": 0, "backgroundColor": null}}, {"type": "verticalSpace", "element": 24, "meta": {"autoPlayableTTS": [], "sectionIndex": 0, "backgroundColor": null}}, {"type": "verticalSpace", "element": 24, "meta": {"autoPlayableTTS": [], "sectionIndex": 0, "backgroundColor": "DDF4FF"}}, {"type": "text", "element": {"styledString": {"text": "TIP", "styling": [{"from": 0, "to": 3, "attributes": {"alignment": "left", "fontSize": 17, "fontWeight": "bold", "textColor": "1CB0F6", "lineSpacing": 4}}]}, "tokenTTS": {"tokenTTSCollection": []}}, "meta": {"autoPlayableTTS": [], "sectionIndex": 0, "backgroundColor": "DDF4FF"}}, {"type": "verticalSpace", "element": 8, "meta": {"autoPlayableTTS": [], "sectionIndex": 0, "backgroundColor": "DDF4FF"}}, {"type": "text", "element": {"styledString": {"text": "We offer you French knowledge...", "styling": [{"from": 0, "to": 32, "attributes": {"alignment": "left", "fontSize": 25, "fontWeight": "bold", "textColor": "4B4B4B", "lineSpacing": 4}}]}, "tokenTTS": {"tokenTTSCollection": []}, "hints": {"hints": [], "hintLinks": []}}, "meta": {"autoPlayableTTS": [], "sectionIndex": 0, "backgroundColor": "DDF4FF"}}, {"type": "verticalSpace", "element": 12, "meta": {"autoPlayableTTS": [], "sectionIndex": 0, "backgroundColor": "DDF4FF"}}, {"type": "text", "element": {"styledString": {"text": "Verbs like ouvrir, couvrir, offrir, and accueillir have similar endings!", "styling": [{"from": 0, "to": 11, "attributes": {"alignment": "left", "fontSize": 19, "fontWeight": "normal", "textColor": "4B4B4B", "lineSpacing": 5}}, {"from": 11, "to": 17, "attributes": {"alignment": "left", "fontSize": 19, "fontWeight": "bold", "textColor": "4B4B4B", "lineSpacing": 5}}, {"from": 17, "to": 19, "attributes": {"alignment": "left", "fontSize": 19, "fontWeight": "normal", "textColor": "4B4B4B", "lineSpacing": 5}}, {"from": 19, "to": 26, "attributes": {"alignment": "left", "fontSize": 19, "fontWeight": "bold", "textColor": "4B4B4B", "lineSpacing": 5}}, {"from": 26, "to": 28, "attributes": {"alignment": "left", "fontSize": 19, "fontWeight": "normal", "textColor": "4B4B4B", "lineSpacing": 5}}, {"from": 28, "to": 34, "attributes": {"alignment": "left", "fontSize": 19, "fontWeight": "bold", "textColor": "4B4B4B", "lineSpacing": 5}}, {"from": 34, "to": 40, "attributes": {"alignment": "left", "fontSize": 19, "fontWeight": "normal", "textColor": "4B4B4B", "lineSpacing": 5}}, {"from": 40, "to": 50, "attributes": {"alignment": "left", "fontSize": 19, "fontWeight": "bold", "textColor": "4B4B4B", "lineSpacing": 5}}, {"from": 50, "to": 72, "attributes": {"alignment": "left", "fontSize": 19, "fontWeight": "normal", "textColor": "4B4B4B", "lineSpacing": 5}}]}, "tokenTTS": {"tokenTTSCollection": [{"startIndex": 11, "endIndex": 16, "ttsURL": "https://d1vq87e9lcf771.cloudfront.net/danielle/48974bd3cabbf36b2ec878ce31b25554"}, {"startIndex": 19, "endIndex": 25, "ttsURL": "https://d1vq87e9lcf771.cloudfront.net/danielle/bd787e686fe32a99ac06387274d65384"}, {"startIndex": 28, "endIndex": 33, "ttsURL": "https://d1vq87e9lcf771.cloudfront.net/danielle/1bb36fbc75756503419f016b92014e91"}, {"startIndex": 40, "endIndex": 49, "ttsURL": "https://d1vq87e9lcf771.cloudfront.net/danielle/1aa8781ce59fa4319b86f8fbc89d67e7"}]}, "hints": {"hints": ["A verb expresses an action (\u201cLuis cooks every day\u201d) or a state of being (\u201cI am sick\u201d).", "to open", "to cover", "to give / to offer", "to host / to welcome"], "hintLinks": [{"index": 0, "rangeStart": 0, "rangeEnd": 4}, {"index": 1, "rangeStart": 11, "rangeEnd": 16}, {"index": 2, "rangeStart": 19, "rangeEnd": 25}, {"index": 3, "rangeStart": 28, "rangeEnd": 33}, {"index": 4, "rangeStart": 40, "rangeEnd": 49}]}}, "meta": {"autoPlayableTTS": [], "sectionIndex": 0, "backgroundColor": "DDF4FF"}}, {"type": "verticalSpace", "element": 24, "meta": {"autoPlayableTTS": [], "sectionIndex": 1, "backgroundColor": "DDF4FF"}}, {"type": "table", "element": {"cells": [[{"styledString": {"text": "verb ouvrir", "styling": [{"from": 0, "to": 11, "attributes": {"alignment": "left", "fontSize": 19, "fontWeight": "bold", "textColor": "4B4B4B", "lineSpacing": 2}}]}, "tokenTTS": {"tokenTTSCollection": [{"startIndex": 5, "endIndex": 10, "ttsURL": "https://d1vq87e9lcf771.cloudfront.net/danielle/48974bd3cabbf36b2ec878ce31b25554"}]}, "hints": {"hints": ["to open"], "hintLinks": [{"index": 0, "rangeStart": 5, "rangeEnd": 10}]}}, {"styledString": {"text": "verb offrir", "styling": [{"from": 0, "to": 11, "attributes": {"alignment": "left", "fontSize": 19, "fontWeight": "bold", "textColor": "4B4B4B", "lineSpacing": 2}}]}, "tokenTTS": {"tokenTTSCollection": [{"startIndex": 5, "endIndex": 10, "ttsURL": "https://d1vq87e9lcf771.cloudfront.net/danielle/1bb36fbc75756503419f016b92014e91"}]}, "hints": {"hints": ["to give / to offer"], "hintLinks": [{"index": 0, "rangeStart": 5, "rangeEnd": 10}]}}], [{"styledString": {"text": "j'ouvre", "styling": [{"from": 0, "to": 6, "attributes": {"alignment": "left", "fontSize": 19, "fontWeight": "normal", "textColor": "4B4B4B", "lineSpacing": 5}}, {"from": 6, "to": 7, "attributes": {"alignment": "left", "fontSize": 19, "fontWeight": "bold", "textColor": "1CB0F6", "lineSpacing": 5}}]}, "tokenTTS": {"tokenTTSCollection": [{"startIndex": 0, "endIndex": 6, "ttsURL": "https://d1vq87e9lcf771.cloudfront.net/danielle/44d96eeba5b42ba77450f78a1287951e"}]}, "hints": {"hints": ["I open"], "hintLinks": [{"index": 0, "rangeStart": 0, "rangeEnd": 6}]}}, {"styledString": {"text": "j'offre", "styling": [{"from": 0, "to": 6, "attributes": {"alignment": "left", "fontSize": 19, "fontWeight": "normal", "textColor": "4B4B4B", "lineSpacing": 5}}, {"from": 6, "to": 7, "attributes": {"alignment": "left", "fontSize": 19, "fontWeight": "bold", "textColor": "1CB0F6", "lineSpacing": 5}}]}, "tokenTTS": {"tokenTTSCollection": [{"startIndex": 0, "endIndex": 6, "ttsURL": "https://d1vq87e9lcf771.cloudfront.net/danielle/bc80e940992874277c1d3b831b566567"}]}, "hints": {"hints": ["I give/ I offer"], "hintLinks": [{"index": 0, "rangeStart": 0, "rangeEnd": 6}]}}], [{"styledString": {"text": "tu ouvres", "styling": [{"from": 0, "to": 7, "attributes": {"alignment": "left", "fontSize": 19, "fontWeight": "normal", "textColor": "4B4B4B", "lineSpacing": 5}}, {"from": 7, "to": 9, "attributes": {"alignment": "left", "fontSize": 19, "fontWeight": "bold", "textColor": "1CB0F6", "lineSpacing": 5}}]}, "tokenTTS": {"tokenTTSCollection": [{"startIndex": 0, "endIndex": 8, "ttsURL": "https://d1vq87e9lcf771.cloudfront.net/danielle/4909c7e83f5c35249edcf672a6af9baa"}]}, "hints": {"hints": ["you open"], "hintLinks": [{"index": 0, "rangeStart": 0, "rangeEnd": 8}]}}, {"styledString": {"text": "tu offres", "styling": [{"from": 0, "to": 7, "attributes": {"alignment": "left", "fontSize": 19, "fontWeight": "normal", "textColor": "4B4B4B", "lineSpacing": 5}}, {"from": 7, "to": 9, "attributes": {"alignment": "left", "fontSize": 19, "fontWeight": "bold", "textColor": "1CB0F6", "lineSpacing": 5}}]}, "tokenTTS": {"tokenTTSCollection": [{"startIndex": 0, "endIndex": 8, "ttsURL": "https://d1vq87e9lcf771.cloudfront.net/danielle/44940bf87ec78f4dc4bad80ffad44053"}]}, "hints": {"hints": ["you give / you offer"], "hintLinks": [{"index": 0, "rangeStart": 0, "rangeEnd": 8}]}}], [{"styledString": {"text": "il / elle ouvre", "styling": [{"from": 0, "to": 14, "attributes": {"alignment": "left", "fontSize": 19, "fontWeight": "normal", "textColor": "4B4B4B", "lineSpacing": 5}}, {"from": 14, "to": 15, "attributes": {"alignment": "left", "fontSize": 19, "fontWeight": "bold", "textColor": "1CB0F6", "lineSpacing": 5}}]}, "tokenTTS": {"tokenTTSCollection": [{"startIndex": 0, "endIndex": 14, "ttsURL": "https://d1vq87e9lcf771.cloudfront.net/danielle/6474670333bf06342c07c6d45b876a21"}]}, "hints": {"hints": ["he/she opens"], "hintLinks": [{"index": 0, "rangeStart": 0, "rangeEnd": 14}]}}, {"styledString": {"text": "il / elle offre", "styling": [{"from": 0, "to": 14, "attributes": {"alignment": "left", "fontSize": 19, "fontWeight": "normal", "textColor": "4B4B4B", "lineSpacing": 5}}, {"from": 14, "to": 15, "attributes": {"alignment": "left", "fontSize": 19, "fontWeight": "bold", "textColor": "1CB0F6", "lineSpacing": 5}}]}, "tokenTTS": {"tokenTTSCollection": [{"startIndex": 0, "endIndex": 14, "ttsURL": "https://d1vq87e9lcf771.cloudfront.net/danielle/6c86a1f1c18e1ac4e539d6b04de03c1b"}]}, "hints": {"hints": ["he/she gives, he/she offers"], "hintLinks": [{"index": 0, "rangeStart": 0, "rangeEnd": 14}]}}], [{"styledString": {"text": "nous ouvrons", "styling": [{"from": 0, "to": 9, "attributes": {"alignment": "left", "fontSize": 19, "fontWeight": "normal", "textColor": "4B4B4B", "lineSpacing": 5}}, {"from": 9, "to": 12, "attributes": {"alignment": "left", "fontSize": 19, "fontWeight": "bold", "textColor": "1CB0F6", "lineSpacing": 5}}]}, "tokenTTS": {"tokenTTSCollection": [{"startIndex": 0, "endIndex": 11, "ttsURL": "https://d1vq87e9lcf771.cloudfront.net/danielle/a5bcee6fa1fee76cfd635d7ef271267f"}]}, "hints": {"hints": ["we open"], "hintLinks": [{"index": 0, "rangeStart": 0, "rangeEnd": 11}]}}, {"styledString": {"text": "nous offrons", "styling": [{"from": 0, "to": 9, "attributes": {"alignment": "left", "fontSize": 19, "fontWeight": "normal", "textColor": "4B4B4B", "lineSpacing": 5}}, {"from": 9, "to": 12, "attributes": {"alignment": "left", "fontSize": 19, "fontWeight": "bold", "textColor": "1CB0F6", "lineSpacing": 5}}]}, "tokenTTS": {"tokenTTSCollection": [{"startIndex": 0, "endIndex": 11, "ttsURL": "https://d1vq87e9lcf771.cloudfront.net/danielle/958f601cc82a484a73f9a60957dfb9c4"}]}, "hints": {"hints": ["we give / we offer"], "hintLinks": [{"index": 0, "rangeStart": 0, "rangeEnd": 11}]}}], [{"styledString": {"text": "vous ouvrez", "styling": [{"from": 0, "to": 9, "attributes": {"alignment": "left", "fontSize": 19, "fontWeight": "normal", "textColor": "4B4B4B", "lineSpacing": 5}}, {"from": 9, "to": 11, "attributes": {"alignment": "left", "fontSize": 19, "fontWeight": "bold", "textColor": "1CB0F6", "lineSpacing": 5}}]}, "tokenTTS": {"tokenTTSCollection": [{"startIndex": 0, "endIndex": 10, "ttsURL": "https://d1vq87e9lcf771.cloudfront.net/danielle/e594a95dbcf82f78f0d5f024ef6733a2"}]}, "hints": {"hints": ["you all/you (formal) open"], "hintLinks": [{"index": 0, "rangeStart": 0, "rangeEnd": 10}]}}, {"styledString": {"text": "vous offrez", "styling": [{"from": 0, "to": 9, "attributes": {"alignment": "left", "fontSize": 19, "fontWeight": "normal", "textColor": "4B4B4B", "lineSpacing": 5}}, {"from": 9, "to": 11, "attributes": {"alignment": "left", "fontSize": 19, "fontWeight": "bold", "textColor": "1CB0F6", "lineSpacing": 5}}]}, "tokenTTS": {"tokenTTSCollection": [{"startIndex": 0, "endIndex": 10, "ttsURL": "https://d1vq87e9lcf771.cloudfront.net/danielle/4b8f58ef106b68f8eadf0d0b4557c6a0"}]}, "hints": {"hints": ["you all/you (formal) give, you all/you (formal) offer"], "hintLinks": [{"index": 0, "rangeStart": 0, "rangeEnd": 10}]}}], [{"styledString": {"text": "ils / elles ouvrent", "styling": [{"from": 0, "to": 16, "attributes": {"alignment": "left", "fontSize": 19, "fontWeight": "normal", "textColor": "4B4B4B", "lineSpacing": 5}}, {"from": 16, "to": 19, "attributes": {"alignment": "left", "fontSize": 19, "fontWeight": "bold", "textColor": "1CB0F6", "lineSpacing": 5}}]}, "tokenTTS": {"tokenTTSCollection": [{"startIndex": 0, "endIndex": 18, "ttsURL": "https://d1vq87e9lcf771.cloudfront.net/danielle/a50db00cdc0ad5839201461c049fb792"}]}, "hints": {"hints": ["they open"], "hintLinks": [{"index": 0, "rangeStart": 0, "rangeEnd": 18}]}}, {"styledString": {"text": "ils / elles offrent", "styling": [{"from": 0, "to": 16, "attributes": {"alignment": "left", "fontSize": 19, "fontWeight": "normal", "textColor": "4B4B4B", "lineSpacing": 5}}, {"from": 16, "to": 19, "attributes": {"alignment": "left", "fontSize": 19, "fontWeight": "bold", "textColor": "1CB0F6", "lineSpacing": 5}}]}, "tokenTTS": {"tokenTTSCollection": [{"startIndex": 0, "endIndex": 18, "ttsURL": "https://d1vq87e9lcf771.cloudfront.net/danielle/7441efafb4f477802419bad751ceaf15"}]}, "hints": {"hints": ["they give / they offer"], "hintLinks": [{"index": 0, "rangeStart": 0, "rangeEnd": 18}]}}]], "hasShadedHeader": true}, "meta": {"autoPlayableTTS": [], "sectionIndex": 1, "backgroundColor": "DDF4FF"}}, {"type": "verticalSpace", "element": 24, "meta": {"autoPlayableTTS": [], "sectionIndex": 2, "backgroundColor": "DDF4FF"}}, {"type": "exampleCaptionedImage", "element": {"image": {"url": "https://d1btvuu4dwu627.cloudfront.net/598ac97d09b1da377c98ede5fec55587/a8941730c002541208e002db3f4a9bdc/images/7262b10f035c4d57901e940c7eed6074.pdf"}, "examples": [{"text": {"styledString": {"text": "Je lui offre un cadeau.", "styling": [{"from": 0, "to": 11, "attributes": {"alignment": "center", "fontSize": 19, "fontWeight": "normal", "textColor": "4B4B4B", "lineSpacing": 5}}, {"from": 11, "to": 12, "attributes": {"alignment": "center", "fontSize": 19, "fontWeight": "bold", "textColor": "1CB0F6", "lineSpacing": 8}}, {"from": 12, "to": 23, "attributes": {"alignment": "center", "fontSize": 19, "fontWeight": "normal", "textColor": "4B4B4B", "lineSpacing": 5}}]}, "tokenTTS": {"tokenTTSCollection": [{"startIndex": 0, "endIndex": 22, "ttsURL": "https://d1vq87e9lcf771.cloudfront.net/danielle/def19003647982713c1aaa3f79682c77"}]}, "hints": {"hints": ["I give her a gift"], "hintLinks": [{"index": 0, "rangeStart": 0, "rangeEnd": 22}]}}, "subtext": {"styledString": {"text": "I give h\u200ber a gift.", "styling": [{"from": 0, "to": 19, "attributes": {"alignment": "center", "fontSize": 19, "fontWeight": "normal", "textColor": "AFAFAF", "lineSpacing": 8}}]}, "tokenTTS": {"tokenTTSCollection": []}, "hints": {"hints": [], "hintLinks": []}}, "ttsURL": "https://d1vq87e9lcf771.cloudfront.net/danielle/def19003647982713c1aaa3f79682c77"}], "layout": "wideImageWithTextBelow"}, "meta": {"autoPlayableTTS": [], "sectionIndex": 2, "backgroundColor": "DDF4FF"}}, {"type": "verticalSpace", "element": 24, "meta": {"autoPlayableTTS": [], "sectionIndex": 0, "backgroundColor": "DDF4FF"}}], "resourcesToPrefetch": [{"required": true, "url": "https://d1btvuu4dwu627.cloudfront.net/598ac97d09b1da377c98ede5fec55587/a8941730c002541208e002db3f4a9bdc/images/7262b10f035c4d57901e940c7eed6074.pdf", "type": "pdf"}, {"required": false, "url": "https://d1vq87e9lcf771.cloudfront.net/danielle/bc80e940992874277c1d3b831b566567", "type": "mp3"}, {"required": false, "url": "https://d1vq87e9lcf771.cloudfront.net/danielle/4b8f58ef106b68f8eadf0d0b4557c6a0", "type": "mp3"}, {"required": false, "url": "https://d1vq87e9lcf771.cloudfront.net/danielle/44940bf87ec78f4dc4bad80ffad44053", "type": "mp3"}, {"required": false, "url": "https://d1vq87e9lcf771.cloudfront.net/danielle/e594a95dbcf82f78f0d5f024ef6733a2", "type": "mp3"}, {"required": false, "url": "https://d1vq87e9lcf771.cloudfront.net/danielle/1bb36fbc75756503419f016b92014e91", "type": "mp3"}, {"required": false, "url": "https://d1vq87e9lcf771.cloudfront.net/danielle/4909c7e83f5c35249edcf672a6af9baa", "type": "mp3"}, {"required": false, "url": "https://d1vq87e9lcf771.cloudfront.net/danielle/1aa8781ce59fa4319b86f8fbc89d67e7", "type": "mp3"}, {"required": false, "url": "https://d1vq87e9lcf771.cloudfront.net/danielle/33cdf1b466b55c68a022907c2665d652", "type": "mp3"}, {"required": false, "url": "https://d1vq87e9lcf771.cloudfront.net/danielle/441e337f0db94888dba59125b5df8896", "type": "mp3"}, {"required": false, "url": "https://d1vq87e9lcf771.cloudfront.net/danielle/ff94c08ac1ac4f1991a07aadbbe1d80a", "type": "mp3"}, {"required": false, "url": "https://d1vq87e9lcf771.cloudfront.net/danielle/a5bcee6fa1fee76cfd635d7ef271267f", "type": "mp3"}, {"required": false, "url": "https://d1vq87e9lcf771.cloudfront.net/danielle/3be89bf611cd958fff6fe9c44c652d35", "type": "mp3"}, {"required": false, "url": "https://d1vq87e9lcf771.cloudfront.net/danielle/6474670333bf06342c07c6d45b876a21", "type": "mp3"}, {"required": false, "url": "https://d1vq87e9lcf771.cloudfront.net/danielle/7441efafb4f477802419bad751ceaf15", "type": "mp3"}, {"required": false, "url": "https://d1vq87e9lcf771.cloudfront.net/danielle/def19003647982713c1aaa3f79682c77", "type": "mp3"}, {"required": false, "url": "https://d1vq87e9lcf771.cloudfront.net/danielle/86be812aaaa4bdb14e389ae87849412b", "type": "mp3"}, {"required": false, "url": "https://d1vq87e9lcf771.cloudfront.net/danielle/958f601cc82a484a73f9a60957dfb9c4", "type": "mp3"}, {"required": false, "url": "https://d1vq87e9lcf771.cloudfront.net/danielle/bd787e686fe32a99ac06387274d65384", "type": "mp3"}, {"required": false, "url": "https://d1vq87e9lcf771.cloudfront.net/danielle/44d96eeba5b42ba77450f78a1287951e", "type": "mp3"}, {"required": false, "url": "https://d1vq87e9lcf771.cloudfront.net/danielle/6c86a1f1c18e1ac4e539d6b04de03c1b", "type": "mp3"}, {"required": false, "url": "https://d1vq87e9lcf771.cloudfront.net/danielle/48974bd3cabbf36b2ec878ce31b25554", "type": "mp3"}, {"required": false, "url": "https://d1vq87e9lcf771.cloudfront.net/danielle/a50db00cdc0ad5839201461c049fb792", "type": "mp3"}]}