{"elements": [{"type": "verticalSpace", "element": 2, "meta": {"autoPlayableTTS": [], "sectionIndex": 0, "backgroundColor": "E5E5E5"}}, {"type": "verticalSpace", "element": 24, "meta": {"autoPlayableTTS": [], "sectionIndex": 0, "backgroundColor": null}}, {"type": "text", "element": {"styledString": {"text": "KEY PHRASES", "styling": [{"from": 0, "to": 11, "attributes": {"alignment": "left", "fontSize": 17, "fontWeight": "bold", "textColor": "1CB0F6", "lineSpacing": 4}}]}, "tokenTTS": {"tokenTTSCollection": []}}, "meta": {"autoPlayableTTS": [], "sectionIndex": 0, "backgroundColor": null}}, {"type": "verticalSpace", "element": 8, "meta": {"autoPlayableTTS": [], "sectionIndex": 0, "backgroundColor": null}}, {"type": "text", "element": {"styledString": {"text": "Talk about chores", "styling": [{"from": 0, "to": 17, "attributes": {"alignment": "left", "fontSize": 25, "fontWeight": "bold", "textColor": "4B4B4B", "lineSpacing": 4}}]}, "tokenTTS": {"tokenTTSCollection": []}}, "meta": {"autoPlayableTTS": [], "sectionIndex": 0, "backgroundColor": null}}, {"type": "verticalSpace", "element": 16, "meta": {"autoPlayableTTS": [], "sectionIndex": 0, "backgroundColor": null}}, {"type": "dialogue", "element": {"phrases": [{"text": {"styledString": {"text": "\u00bfT\u00fa ya terminaste de estudiar?", "styling": [{"from": 0, "to": 30, "attributes": {"alignment": "left", "fontSize": 19, "fontWeight": "normal", "textColor": "4B4B4B", "lineSpacing": 5}}]}, "tokenTTS": {"tokenTTSCollection": []}, "blockHints": [{"value": "\u00bf"}, {"value": "T\u00fa", "hintTable": {"rows": [[{"hint": "you", "colspan": 1}], [{"hint": "you'll", "colspan": 1}]], "references": []}, "tts": "https://d1vq87e9lcf771.cloudfront.net/miguel/2e717e2fe5783a547e2995fe3699350a"}, {"value": " "}, {"value": "ya", "hintTable": {"rows": [[{"hint": "already", "colspan": 1}], [{"hint": "yet", "colspan": 1}], [{"hint": "now", "colspan": 1}]], "references": []}, "tts": "https://d1vq87e9lcf771.cloudfront.net/miguel/ee28519a66797410897c30c5c3ba0803"}, {"value": " "}, {"value": "terminaste", "hintTable": {"rows": [[{"hint": "finish", "colspan": 1}], [{"hint": "Did you finish...?", "colspan": 1}], [{"hint": "(you) finished", "colspan": 1}]], "references": []}, "tts": "https://d1vq87e9lcf771.cloudfront.net/miguel/46cae29763731502a484edd1015180a1"}, {"value": " "}, {"value": "de", "hintTable": {"rows": [[{"hint": "with", "colspan": 1}], [{"hint": "made of", "colspan": 1}], [{"hint": "off", "colspan": 1}]], "references": []}, "tts": "https://d1vq87e9lcf771.cloudfront.net/miguel/7c3dc4295f4bfedec518e38299ea8dc5"}, {"value": " "}, {"value": "estudiar", "hintTable": {"rows": [[{"hint": "studying", "colspan": 1}], [{"hint": "study", "colspan": 1}], [{"hint": "(to) study", "colspan": 1}]], "references": []}, "tts": "https://d1vq87e9lcf771.cloudfront.net/miguel/ef9b2fd4dd81bdba5cd74172326dcfee"}, {"value": "?"}]}, "subtext": {"styledString": {"text": "Did you already finish studying?", "styling": [{"from": 0, "to": 32, "attributes": {"alignment": "left", "fontSize": 19, "fontWeight": "normal", "textColor": "AFAFAF", "lineSpacing": 5}}]}, "tokenTTS": {"tokenTTSCollection": []}}, "ttsURL": "https://d1vq87e9lcf771.cloudfront.net/miguel/0505a55d48ab66e20235fae0d64f33cb"}, {"text": {"styledString": {"text": "Yo termin\u00e9 mi tarea hace cinco minutos.", "styling": [{"from": 0, "to": 39, "attributes": {"alignment": "left", "fontSize": 19, "fontWeight": "normal", "textColor": "4B4B4B", "lineSpacing": 5}}]}, "tokenTTS": {"tokenTTSCollection": []}, "blockHints": [{"value": "Yo", "hintTable": {"rows": [[{"hint": "I", "colspan": 1}], [{"hint": "i'd", "colspan": 1}], [{"hint": "me", "colspan": 1}]], "references": []}, "tts": "https://d1vq87e9lcf771.cloudfront.net/miguel/aa0ff446f41920bd854cbcfe38a476e2"}, {"value": " "}, {"value": "termin\u00e9", "hintTable": {"rows": [[{"hint": "(I) finished", "colspan": 1}], [{"hint": "finished", "colspan": 1}], [{"hint": "(I) ended", "colspan": 1}]], "references": []}, "tts": "https://d1vq87e9lcf771.cloudfront.net/miguel/d6f0307d19edb9ba77dd4e7294fee18e"}, {"value": " "}, {"value": "mi", "hintTable": {"rows": [[{"hint": "my", "colspan": 1}]], "references": []}, "tts": "https://d1vq87e9lcf771.cloudfront.net/miguel/b082510d0e48798ab32883bfe8d655b6"}, {"value": " "}, {"value": "tarea", "hintTable": {"rows": [[{"hint": "homework", "colspan": 1}], [{"hint": "assignment", "colspan": 1}], [{"hint": "task", "colspan": 1}]], "references": []}, "tts": "https://d1vq87e9lcf771.cloudfront.net/miguel/fed0aafa4abad8017b8fbe68b99dedf4"}, {"value": " "}, {"value": "hace", "hintTable": {"rows": [[{"hint": "ago", "colspan": 1}], [{"hint": "is", "colspan": 1}], [{"hint": "(you) make", "colspan": 1}]], "references": []}, "tts": "https://d1vq87e9lcf771.cloudfront.net/miguel/9e2ddcd9e94f3dafefb4bdeaad2b5e22"}, {"value": " "}, {"value": "cinco", "hintTable": {"rows": [[{"hint": "five", "colspan": 1}], [{"hint": "5", "colspan": 1}], [{"hint": "fifth", "colspan": 1}]], "references": []}, "tts": "https://d1vq87e9lcf771.cloudfront.net/miguel/ca0eb34cae4db432cd4882248a30f2ac"}, {"value": " "}, {"value": "minutos", "hintTable": {"rows": [[{"hint": "minutes", "colspan": 1}]], "references": []}, "tts": "https://d1vq87e9lcf771.cloudfront.net/miguel/ac069282d291a9ffea2bf69bd8300b2f"}, {"value": "."}]}, "subtext": {"styledString": {"text": "I finished my homework five minutes ago.", "styling": [{"from": 0, "to": 40, "attributes": {"alignment": "left", "fontSize": 19, "fontWeight": "normal", "textColor": "AFAFAF", "lineSpacing": 5}}]}, "tokenTTS": {"tokenTTSCollection": []}}, "ttsURL": "https://d1vq87e9lcf771.cloudfront.net/miguel/54aef501e176855213a4c5c934caa2ad"}]}, "meta": {"autoPlayableTTS": [], "sectionIndex": 0, "backgroundColor": null}}, {"type": "verticalSpace", "element": 16, "meta": {"autoPlayableTTS": [], "sectionIndex": 0, "backgroundColor": null}}, {"type": "dialogue", "element": {"phrases": [{"text": {"styledString": {"text": "Nosotros acabamos de limpiar los estantes.", "styling": [{"from": 0, "to": 42, "attributes": {"alignment": "left", "fontSize": 19, "fontWeight": "normal", "textColor": "4B4B4B", "lineSpacing": 5}}]}, "tokenTTS": {"tokenTTSCollection": []}, "blockHints": [{"value": "Nosotros", "hintTable": {"rows": [[{"hint": "we", "colspan": 1}], [{"hint": "us", "colspan": 1}]], "references": []}, "tts": "https://d1vq87e9lcf771.cloudfront.net/miguel/a624405f3a9f9478a2bdb7ea193ca619"}, {"value": " "}, {"value": "acabamos", "hintTable": {"headers": ["acabamos", "de"], "rows": [[{"hint": "we just", "colspan": 2}], [{"hint": "we've just", "colspan": 2}], [{"hint": "finished", "colspan": 1}, {"colspan": 1}], [{"hint": "end", "colspan": 1}, {"colspan": 1}]], "references": [2]}, "tts": "https://d1vq87e9lcf771.cloudfront.net/miguel/9e2412fdcc74642d5e45a1b0863685fe"}, {"value": " "}, {"value": "de", "hintTable": {"headers": ["acabamos", "de"], "rows": [[{"hint": "we just", "colspan": 2}], [{"hint": "we've just", "colspan": 2}], [{"colspan": 1}, {"hint": "the", "colspan": 1}], [{"colspan": 1}, {"hint": "with", "colspan": 1}], [{"colspan": 1}, {"hint": "made of", "colspan": 1}]], "references": [1]}, "tts": "https://d1vq87e9lcf771.cloudfront.net/miguel/7c3dc4295f4bfedec518e38299ea8dc5"}, {"value": " "}, {"value": "limpiar", "hintTable": {"rows": [[{"hint": "cleaned", "colspan": 1}], [{"hint": "cleaning", "colspan": 1}], [{"hint": "clean", "colspan": 1}]], "references": []}, "tts": "https://d1vq87e9lcf771.cloudfront.net/miguel/d85d1db35213c251ebfa7cdb696b1d55"}, {"value": " "}, {"value": "los", "hintTable": {"rows": [[{"hint": "the", "colspan": 1}], [{"hint": "their", "colspan": 1}], [{"hint": "your", "colspan": 1}]], "references": []}, "tts": "https://d1vq87e9lcf771.cloudfront.net/miguel/d863d8aa552c7c1c67edddbdd43fc33f"}, {"value": " "}, {"value": "estantes", "hintTable": {"rows": [[{"hint": "shelves", "colspan": 1}]], "references": []}, "tts": "https://d1vq87e9lcf771.cloudfront.net/miguel/c53f46ecf48d87458e14e65e5620fdd1"}, {"value": "."}]}, "subtext": {"styledString": {"text": "We just cleaned the shelves.", "styling": [{"from": 0, "to": 28, "attributes": {"alignment": "left", "fontSize": 19, "fontWeight": "normal", "textColor": "AFAFAF", "lineSpacing": 5}}]}, "tokenTTS": {"tokenTTSCollection": []}}, "ttsURL": "https://d1vq87e9lcf771.cloudfront.net/miguel/777f3d20679e4b7dfb3559b8df130768"}]}, "meta": {"autoPlayableTTS": [], "sectionIndex": 0, "backgroundColor": null}}, {"type": "verticalSpace", "element": 16, "meta": {"autoPlayableTTS": [], "sectionIndex": 0, "backgroundColor": null}}, {"type": "dialogue", "element": {"phrases": [{"text": {"styledString": {"text": "\u00bfMe ayudas a limpiar la nieve del techo?", "styling": [{"from": 0, "to": 40, "attributes": {"alignment": "left", "fontSize": 19, "fontWeight": "normal", "textColor": "4B4B4B", "lineSpacing": 5}}]}, "tokenTTS": {"tokenTTSCollection": []}, "blockHints": [{"value": "\u00bf"}, {"value": "Me", "hintTable": {"headers": ["me", "ayudas"], "rows": [[{"hint": "(?) can you help me", "colspan": 2}], [{"hint": "(you) help me", "colspan": 2}], [{"hint": "(?) will you help me", "colspan": 2}], [{"hint": "me", "colspan": 1}, {"colspan": 1}], [{"hint": "for me", "colspan": 1}, {"colspan": 1}], [{"hint": "myself", "colspan": 1}, {"colspan": 1}]], "references": [1]}, "tts": "https://d1vq87e9lcf771.cloudfront.net/miguel/e0523aab2519a0650d3b9410064d0876"}, {"value": " "}, {"value": "ayudas", "hintTable": {"headers": ["me", "ayudas"], "rows": [[{"hint": "(?) can you help me", "colspan": 2}], [{"hint": "(you) help me", "colspan": 2}], [{"hint": "(?) will you help me", "colspan": 2}], [{"colspan": 1}, {"hint": "(you) help", "colspan": 1}], [{"colspan": 1}, {"hint": "help", "colspan": 1}], [{"colspan": 1}, {"hint": "(?) do you help", "colspan": 1}]], "references": [0]}, "tts": "https://d1vq87e9lcf771.cloudfront.net/miguel/ce0587cf1b115124197ce81a059c381f"}, {"value": " "}, {"value": "a", "hintTable": {"rows": [[{"hint": "from", "colspan": 1}], [{"hint": "to", "colspan": 1}], [{"hint": "with", "colspan": 1}]], "references": []}, "tts": "https://d1vq87e9lcf771.cloudfront.net/miguel/a615ab7aef51e62ab81ce9255166fc65"}, {"value": " "}, {"value": "limpiar", "hintTable": {"rows": [[{"hint": "(to) clean", "colspan": 1}], [{"hint": "clean", "colspan": 1}], [{"hint": "clean up", "colspan": 1}]], "references": []}, "tts": "https://d1vq87e9lcf771.cloudfront.net/miguel/d85d1db35213c251ebfa7cdb696b1d55"}, {"value": " "}, {"value": "la", "hintTable": {"rows": [[{"hint": "the", "colspan": 1}], [{"hint": "your", "colspan": 1}], [{"hint": "her", "colspan": 1}]], "references": []}, "tts": "https://d1vq87e9lcf771.cloudfront.net/miguel/e9ea010281921357dd4b130d51e7488b"}, {"value": " "}, {"value": "nieve", "hintTable": {"rows": [[{"hint": "snow", "colspan": 1}]], "references": []}, "tts": "https://d1vq87e9lcf771.cloudfront.net/miguel/89b950ba30e399514901145fbc4ad692"}, {"value": " "}, {"value": "del", "hintTable": {"rows": [[{"hint": "from the", "colspan": 1}], [{"hint": "the", "colspan": 1}], [{"hint": "from", "colspan": 1}]], "references": []}, "tts": "https://d1vq87e9lcf771.cloudfront.net/miguel/24021e61f03ad742805c732e31f4f3cc"}, {"value": " "}, {"value": "techo", "hintTable": {"rows": [[{"hint": "roof", "colspan": 1}], [{"hint": "ceiling", "colspan": 1}]], "references": []}, "tts": "https://d1vq87e9lcf771.cloudfront.net/miguel/38d48ad458f30f92d8620b883758a6ea"}, {"value": "?"}]}, "subtext": {"styledString": {"text": "Can you help me clean the snow from the roof?", "styling": [{"from": 0, "to": 45, "attributes": {"alignment": "left", "fontSize": 19, "fontWeight": "normal", "textColor": "AFAFAF", "lineSpacing": 5}}]}, "tokenTTS": {"tokenTTSCollection": []}}, "ttsURL": "https://d1vq87e9lcf771.cloudfront.net/miguel/4ac41808211b17a6ff3fecc728ffd441"}]}, "meta": {"autoPlayableTTS": [], "sectionIndex": 0, "backgroundColor": null}}, {"type": "verticalSpace", "element": 16, "meta": {"autoPlayableTTS": [], "sectionIndex": 0, "backgroundColor": null}}, {"type": "dialogue", "element": {"phrases": [{"text": {"styledString": {"text": "Yo ya sequ\u00e9 los platos.", "styling": [{"from": 0, "to": 23, "attributes": {"alignment": "left", "fontSize": 19, "fontWeight": "normal", "textColor": "4B4B4B", "lineSpacing": 5}}]}, "tokenTTS": {"tokenTTSCollection": []}, "blockHints": [{"value": "Yo", "hintTable": {"rows": [[{"hint": "I", "colspan": 1}], [{"hint": "i'd", "colspan": 1}], [{"hint": "me", "colspan": 1}]], "references": []}, "tts": "https://d1vq87e9lcf771.cloudfront.net/miguel/aa0ff446f41920bd854cbcfe38a476e2"}, {"value": " "}, {"value": "ya", "hintTable": {"rows": [[{"hint": "already", "colspan": 1}], [{"hint": "now", "colspan": 1}], [{"hint": "anymore", "colspan": 1}]], "references": []}, "tts": "https://d1vq87e9lcf771.cloudfront.net/miguel/ee28519a66797410897c30c5c3ba0803"}, {"value": " "}, {"value": "sequ\u00e9", "hintTable": {"rows": [[{"hint": "(I) dried", "colspan": 1}], [{"hint": "dry", "colspan": 1}]], "references": []}, "tts": "https://d1vq87e9lcf771.cloudfront.net/miguel/61ea83196bda785734c61ba058af51c7"}, {"value": " "}, {"value": "los", "hintTable": {"rows": [[{"hint": "the", "colspan": 1}], [{"hint": "their", "colspan": 1}], [{"hint": "your", "colspan": 1}]], "references": []}, "tts": "https://d1vq87e9lcf771.cloudfront.net/miguel/d863d8aa552c7c1c67edddbdd43fc33f"}, {"value": " "}, {"value": "platos", "hintTable": {"rows": [[{"hint": "dishes", "colspan": 1}], [{"hint": "plates", "colspan": 1}], [{"hint": "courses", "colspan": 1}]], "references": []}, "tts": "https://d1vq87e9lcf771.cloudfront.net/miguel/3171e27b427a7241cbe5a151a387d9ee"}, {"value": "."}]}, "subtext": {"styledString": {"text": "I already dried the dishes.", "styling": [{"from": 0, "to": 27, "attributes": {"alignment": "left", "fontSize": 19, "fontWeight": "normal", "textColor": "AFAFAF", "lineSpacing": 5}}]}, "tokenTTS": {"tokenTTSCollection": []}}, "ttsURL": "https://d1vq87e9lcf771.cloudfront.net/miguel/bb2cf64de712de0c16233c7c9f15005f"}]}, "meta": {"autoPlayableTTS": [], "sectionIndex": 0, "backgroundColor": null}}, {"type": "verticalSpace", "element": 16, "meta": {"autoPlayableTTS": [], "sectionIndex": 0, "backgroundColor": null}}, {"type": "dialogue", "element": {"phrases": [{"text": {"styledString": {"text": "Acabo de lavar y secar la ropa.", "styling": [{"from": 0, "to": 31, "attributes": {"alignment": "left", "fontSize": 19, "fontWeight": "normal", "textColor": "4B4B4B", "lineSpacing": 5}}]}, "tokenTTS": {"tokenTTSCollection": []}, "blockHints": [{"value": "Acabo", "hintTable": {"headers": ["acabo", "de"], "rows": [[{"hint": "I've just", "colspan": 2}], [{"hint": "just", "colspan": 1}, {"colspan": 1}], [{"hint": "(I) end", "colspan": 1}, {"colspan": 1}], [{"hint": "(I) finish", "colspan": 1}, {"colspan": 1}]], "references": [1]}, "tts": "https://d1vq87e9lcf771.cloudfront.net/miguel/7f8241d3441beadebb42d5cd736081c4"}, {"value": " "}, {"value": "de", "hintTable": {"headers": ["acabo", "de"], "rows": [[{"hint": "I've just", "colspan": 2}], [{"colspan": 1}, {"hint": "the", "colspan": 1}], [{"colspan": 1}, {"hint": "with", "colspan": 1}], [{"colspan": 1}, {"hint": "made of", "colspan": 1}]], "references": [0]}, "tts": "https://d1vq87e9lcf771.cloudfront.net/miguel/7c3dc4295f4bfedec518e38299ea8dc5"}, {"value": " "}, {"value": "lavar", "hintTable": {"rows": [[{"hint": "washed", "colspan": 1}], [{"hint": "washing", "colspan": 1}], [{"hint": "(to) wash", "colspan": 1}]], "references": []}, "tts": "https://d1vq87e9lcf771.cloudfront.net/miguel/f2178433952c5492572e31faa8ef648a"}, {"value": " "}, {"value": "y", "hintTable": {"rows": [[{"hint": "and", "colspan": 1}]], "references": []}, "tts": "https://d1vq87e9lcf771.cloudfront.net/miguel/05e3848edd76360dcc4340e158ad7843"}, {"value": " "}, {"value": "secar", "hintTable": {"rows": [[{"hint": "dried", "colspan": 1}], [{"hint": "drying", "colspan": 1}], [{"hint": "season", "colspan": 1}]], "references": []}, "tts": "https://d1vq87e9lcf771.cloudfront.net/miguel/22a11bf84a0fc74fd4837ad9d8b1f4d9"}, {"value": " "}, {"value": "la", "hintTable": {"rows": [[{"hint": "the", "colspan": 1}], [{"hint": "your", "colspan": 1}], [{"hint": "her", "colspan": 1}]], "references": []}, "tts": "https://d1vq87e9lcf771.cloudfront.net/miguel/e9ea010281921357dd4b130d51e7488b"}, {"value": " "}, {"value": "ropa", "hintTable": {"rows": [[{"hint": "clothes", "colspan": 1}], [{"hint": "clothing", "colspan": 1}]], "references": []}, "tts": "https://d1vq87e9lcf771.cloudfront.net/miguel/487edb3921d3be7d0a4418fece4753f6"}, {"value": "."}]}, "subtext": {"styledString": {"text": "I just washed and dried the clothes.", "styling": [{"from": 0, "to": 36, "attributes": {"alignment": "left", "fontSize": 19, "fontWeight": "normal", "textColor": "AFAFAF", "lineSpacing": 5}}]}, "tokenTTS": {"tokenTTSCollection": []}}, "ttsURL": "https://d1vq87e9lcf771.cloudfront.net/miguel/2c2c1137fd2a87a5ab88721f0d77f64d"}]}, "meta": {"autoPlayableTTS": [], "sectionIndex": 0, "backgroundColor": null}}, {"type": "verticalSpace", "element": 24, "meta": {"autoPlayableTTS": [], "sectionIndex": 0, "backgroundColor": null}}, {"type": "verticalSpace", "element": 24, "meta": {"autoPlayableTTS": [], "sectionIndex": 0, "backgroundColor": "DDF4FF"}}, {"type": "text", "element": {"styledString": {"text": "TIP", "styling": [{"from": 0, "to": 3, "attributes": {"alignment": "left", "fontSize": 17, "fontWeight": "bold", "textColor": "1CB0F6", "lineSpacing": 4}}]}, "tokenTTS": {"tokenTTSCollection": []}}, "meta": {"autoPlayableTTS": [], "sectionIndex": 0, "backgroundColor": "DDF4FF"}}, {"type": "verticalSpace", "element": 8, "meta": {"autoPlayableTTS": [], "sectionIndex": 0, "backgroundColor": "DDF4FF"}}, {"type": "text", "element": {"styledString": {"text": "Acabar de vs. reci\u00e9n", "styling": [{"from": 0, "to": 20, "attributes": {"alignment": "left", "fontSize": 25, "fontWeight": "bold", "textColor": "4B4B4B", "lineSpacing": 4}}]}, "tokenTTS": {"tokenTTSCollection": []}, "hints": {"hints": [], "hintLinks": []}}, "meta": {"autoPlayableTTS": [], "sectionIndex": 0, "backgroundColor": "DDF4FF"}}, {"type": "verticalSpace", "element": 12, "meta": {"autoPlayableTTS": [], "sectionIndex": 0, "backgroundColor": "DDF4FF"}}, {"type": "text", "element": {"styledString": {"text": "Acabar de and reci\u00e9n both mean just. So what's the difference? ", "styling": [{"from": 0, "to": 9, "attributes": {"alignment": "left", "fontSize": 19, "fontWeight": "bold", "textColor": "1CB0F6", "lineSpacing": 5}}, {"from": 9, "to": 14, "attributes": {"alignment": "left", "fontSize": 19, "fontWeight": "normal", "textColor": "4B4B4B", "lineSpacing": 5}}, {"from": 14, "to": 20, "attributes": {"alignment": "left", "fontSize": 19, "fontWeight": "bold", "textColor": "1CB0F6", "lineSpacing": 5}}, {"from": 20, "to": 31, "attributes": {"alignment": "left", "fontSize": 19, "fontWeight": "normal", "textColor": "4B4B4B", "lineSpacing": 5}}, {"from": 31, "to": 35, "attributes": {"alignment": "left", "fontSize": 19, "fontWeight": "bold", "textColor": "4B4B4B", "lineSpacing": 5}}, {"from": 35, "to": 63, "attributes": {"alignment": "left", "fontSize": 19, "fontWeight": "normal", "textColor": "4B4B4B", "lineSpacing": 5}}]}, "tokenTTS": {"tokenTTSCollection": [{"startIndex": 0, "endIndex": 8, "ttsURL": "https://d1vq87e9lcf771.cloudfront.net/miguel/52bb84f4a8805d987277e7de31f5b802"}, {"startIndex": 14, "endIndex": 19, "ttsURL": "https://d1vq87e9lcf771.cloudfront.net/miguel/730f224d9b48b50dd86be5da7a555eb4"}]}, "hints": {"hints": ["just", "just"], "hintLinks": [{"index": 0, "rangeStart": 0, "rangeEnd": 8}, {"index": 1, "rangeStart": 14, "rangeEnd": 19}]}}, "meta": {"autoPlayableTTS": [], "sectionIndex": 0, "backgroundColor": "DDF4FF"}}, {"type": "verticalSpace", "element": 24, "meta": {"autoPlayableTTS": [], "sectionIndex": 0, "backgroundColor": "DDF4FF"}}, {"type": "text", "element": {"styledString": {"text": "Acabar de is always followed by an infinitive.  But don\u2019t be fooled! This infinitive usually corresponds to an \u2011ed past verb in English!", "styling": [{"from": 0, "to": 9, "attributes": {"alignment": "left", "fontSize": 19, "fontWeight": "bold", "textColor": "1CB0F6", "lineSpacing": 5}}, {"from": 9, "to": 111, "attributes": {"alignment": "left", "fontSize": 19, "fontWeight": "normal", "textColor": "4B4B4B", "lineSpacing": 5}}, {"from": 111, "to": 114, "attributes": {"alignment": "left", "fontSize": 19, "fontWeight": "bold", "textColor": "4B4B4B", "lineSpacing": 5}}, {"from": 114, "to": 136, "attributes": {"alignment": "left", "fontSize": 19, "fontWeight": "normal", "textColor": "4B4B4B", "lineSpacing": 5}}]}, "tokenTTS": {"tokenTTSCollection": [{"startIndex": 0, "endIndex": 8, "ttsURL": "https://d1vq87e9lcf771.cloudfront.net/miguel/52bb84f4a8805d987277e7de31f5b802"}]}, "hints": {"hints": ["just", "An infinitive is the basic form of a verb. In Spanish, infinitives end with \"-er\" (\"comer\"), \"-ir\" (\"escribir\"), or \"-ar\" (\"hablar\").", "A verb expresses an action (\u201cLuis cooks every day\u201d) or a state of being (\u201cI am sick\u201d)."], "hintLinks": [{"index": 0, "rangeStart": 0, "rangeEnd": 8}, {"index": 1, "rangeStart": 35, "rangeEnd": 44}, {"index": 2, "rangeStart": 120, "rangeEnd": 123}]}}, "meta": {"autoPlayableTTS": [], "sectionIndex": 0, "backgroundColor": "DDF4FF"}}, {"type": "verticalSpace", "element": 24, "meta": {"autoPlayableTTS": [], "sectionIndex": 0, "backgroundColor": "DDF4FF"}}, {"type": "example", "element": {"text": {"styledString": {"text": "Acabo de terminar mi tarea.", "styling": [{"from": 0, "to": 8, "attributes": {"alignment": "left", "fontSize": 19, "fontWeight": "bold", "textColor": "1CB0F6", "lineSpacing": 5}}, {"from": 8, "to": 27, "attributes": {"alignment": "left", "fontSize": 19, "fontWeight": "normal", "textColor": "4B4B4B", "lineSpacing": 5}}]}, "tokenTTS": {"tokenTTSCollection": [{"startIndex": 0, "endIndex": 26, "ttsURL": "https://d1vq87e9lcf771.cloudfront.net/miguel/4146fe8955861db7a92cf6ad5ab392c2"}]}, "hints": {"hints": ["I just finished my homework"], "hintLinks": [{"index": 0, "rangeStart": 0, "rangeEnd": 26}]}}, "subtext": {"styledString": {"text": "I just finished my homework. ", "styling": [{"from": 0, "to": 28, "attributes": {"alignment": "left", "fontSize": 19, "fontWeight": "normal", "textColor": "AFAFAF", "lineSpacing": 5}}, {"from": 28, "to": 29, "attributes": {"alignment": "left", "fontSize": 19, "fontWeight": "normal", "textColor": "4B4B4B", "lineSpacing": 5}}]}, "tokenTTS": {"tokenTTSCollection": []}, "hints": {"hints": [], "hintLinks": []}}, "ttsURL": "https://d1vq87e9lcf771.cloudfront.net/miguel/4146fe8955861db7a92cf6ad5ab392c2"}, "meta": {"autoPlayableTTS": [], "sectionIndex": 0, "backgroundColor": "DDF4FF"}}, {"type": "verticalSpace", "element": 24, "meta": {"autoPlayableTTS": [], "sectionIndex": 0, "backgroundColor": "DDF4FF"}}, {"type": "text", "element": {"styledString": {"text": "Meanwhile, reci\u00e9n is always followed by a preterite.\u200b", "styling": [{"from": 0, "to": 11, "attributes": {"alignment": "left", "fontSize": 19, "fontWeight": "normal", "textColor": "4B4B4B", "lineSpacing": 5}}, {"from": 11, "to": 17, "attributes": {"alignment": "left", "fontSize": 19, "fontWeight": "bold", "textColor": "1CB0F6", "lineSpacing": 5}}, {"from": 17, "to": 53, "attributes": {"alignment": "left", "fontSize": 19, "fontWeight": "normal", "textColor": "4B4B4B", "lineSpacing": 5}}]}, "tokenTTS": {"tokenTTSCollection": [{"startIndex": 11, "endIndex": 16, "ttsURL": "https://d1vq87e9lcf771.cloudfront.net/miguel/730f224d9b48b50dd86be5da7a555eb4"}]}, "hints": {"hints": ["just", "a verb form used to describe actions or events in the past"], "hintLinks": [{"index": 0, "rangeStart": 11, "rangeEnd": 16}, {"index": 1, "rangeStart": 42, "rangeEnd": 50}]}}, "meta": {"autoPlayableTTS": [], "sectionIndex": 0, "backgroundColor": "DDF4FF"}}, {"type": "verticalSpace", "element": 24, "meta": {"autoPlayableTTS": [], "sectionIndex": 0, "backgroundColor": "DDF4FF"}}, {"type": "example", "element": {"text": {"styledString": {"text": "Reci\u00e9n termin\u00e9 mi tarea.", "styling": [{"from": 0, "to": 6, "attributes": {"alignment": "left", "fontSize": 19, "fontWeight": "bold", "textColor": "1CB0F6", "lineSpacing": 5}}, {"from": 6, "to": 24, "attributes": {"alignment": "left", "fontSize": 19, "fontWeight": "normal", "textColor": "4B4B4B", "lineSpacing": 5}}]}, "tokenTTS": {"tokenTTSCollection": [{"startIndex": 0, "endIndex": 23, "ttsURL": "https://d1vq87e9lcf771.cloudfront.net/miguel/fba458ccd4ac52e87de3cd101ddb3695"}]}, "hints": {"hints": ["I just finished my homework"], "hintLinks": [{"index": 0, "rangeStart": 0, "rangeEnd": 23}]}}, "subtext": {"styledString": {"text": "I just finished my homework.", "styling": [{"from": 0, "to": 28, "attributes": {"alignment": "left", "fontSize": 19, "fontWeight": "normal", "textColor": "AFAFAF", "lineSpacing": 5}}]}, "tokenTTS": {"tokenTTSCollection": []}, "hints": {"hints": [], "hintLinks": []}}, "ttsURL": "https://d1vq87e9lcf771.cloudfront.net/miguel/fba458ccd4ac52e87de3cd101ddb3695"}, "meta": {"autoPlayableTTS": [], "sectionIndex": 0, "backgroundColor": "DDF4FF"}}, {"type": "verticalSpace", "element": 24, "meta": {"autoPlayableTTS": [], "sectionIndex": 0, "backgroundColor": "DDF4FF"}}, {"type": "text", "element": {"styledString": {"text": "Acabar de is fairly common in Spain, but you\u2019re more likely to hear reci\u00e9n in Latin America.\u200b", "styling": [{"from": 0, "to": 9, "attributes": {"alignment": "left", "fontSize": 19, "fontWeight": "bold", "textColor": "1CB0F6", "lineSpacing": 5}}, {"from": 9, "to": 68, "attributes": {"alignment": "left", "fontSize": 19, "fontWeight": "normal", "textColor": "4B4B4B", "lineSpacing": 5}}, {"from": 68, "to": 74, "attributes": {"alignment": "left", "fontSize": 19, "fontWeight": "bold", "textColor": "1CB0F6", "lineSpacing": 5}}, {"from": 74, "to": 93, "attributes": {"alignment": "left", "fontSize": 19, "fontWeight": "normal", "textColor": "4B4B4B", "lineSpacing": 5}}]}, "tokenTTS": {"tokenTTSCollection": [{"startIndex": 0, "endIndex": 8, "ttsURL": "https://d1vq87e9lcf771.cloudfront.net/miguel/52bb84f4a8805d987277e7de31f5b802"}, {"startIndex": 68, "endIndex": 73, "ttsURL": "https://d1vq87e9lcf771.cloudfront.net/miguel/730f224d9b48b50dd86be5da7a555eb4"}]}, "hints": {"hints": ["just", "just"], "hintLinks": [{"index": 0, "rangeStart": 0, "rangeEnd": 8}, {"index": 1, "rangeStart": 68, "rangeEnd": 73}]}}, "meta": {"autoPlayableTTS": [], "sectionIndex": 0, "backgroundColor": "DDF4FF"}}, {"type": "verticalSpace", "element": 24, "meta": {"autoPlayableTTS": [], "sectionIndex": 0, "backgroundColor": "DDF4FF"}}, {"type": "exampleCaptionedImage", "element": {"image": {"url": "https://d1btvuu4dwu627.cloudfront.net/1935260bb45227d2abc8062355f5ce9f/61d63d8bacd394e342e7da94ad78c64a/images/6b6be70f5b2748e4a913b4a7993f3561.pdf"}, "examples": [{"text": {"styledString": {"text": "Acabo de vestirme.\u200b", "styling": [{"from": 0, "to": 8, "attributes": {"alignment": "center", "fontSize": 19, "fontWeight": "bold", "textColor": "1CB0F6", "lineSpacing": 8}}, {"from": 8, "to": 19, "attributes": {"alignment": "center", "fontSize": 19, "fontWeight": "normal", "textColor": "4B4B4B", "lineSpacing": 5}}]}, "tokenTTS": {"tokenTTSCollection": [{"startIndex": 0, "endIndex": 17, "ttsURL": "https://d1vq87e9lcf771.cloudfront.net/miguel/86eae941c4da96222ca30121c89e68bb"}]}, "hints": {"hints": ["I just got dressed"], "hintLinks": [{"index": 0, "rangeStart": 0, "rangeEnd": 17}]}}, "subtext": {"styledString": {"text": "I just got dressed.\u200b", "styling": [{"from": 0, "to": 20, "attributes": {"alignment": "center", "fontSize": 19, "fontWeight": "normal", "textColor": "AFAFAF", "lineSpacing": 8}}]}, "tokenTTS": {"tokenTTSCollection": []}, "hints": {"hints": [], "hintLinks": []}}, "ttsURL": "https://d1vq87e9lcf771.cloudfront.net/miguel/86eae941c4da96222ca30121c89e68bb"}], "layout": "wideImageWithTextBelow"}, "meta": {"autoPlayableTTS": [], "sectionIndex": 0, "backgroundColor": "DDF4FF"}}, {"type": "verticalSpace", "element": 24, "meta": {"autoPlayableTTS": [], "sectionIndex": 0, "backgroundColor": "DDF4FF"}}, {"type": "exampleCaptionedImage", "element": {"image": {"url": "https://d1btvuu4dwu627.cloudfront.net/1935260bb45227d2abc8062355f5ce9f/61d63d8bacd394e342e7da94ad78c64a/images/f6f4381d34074507902e2702d1d64b02.pdf"}, "examples": [{"text": {"styledString": {"text": "Reci\u00e9n habl\u00e9 con mis padres.\u200b", "styling": [{"from": 0, "to": 6, "attributes": {"alignment": "center", "fontSize": 19, "fontWeight": "bold", "textColor": "1CB0F6", "lineSpacing": 8}}, {"from": 6, "to": 29, "attributes": {"alignment": "center", "fontSize": 19, "fontWeight": "normal", "textColor": "4B4B4B", "lineSpacing": 5}}]}, "tokenTTS": {"tokenTTSCollection": [{"startIndex": 0, "endIndex": 27, "ttsURL": "https://d1vq87e9lcf771.cloudfront.net/miguel/641e50fe3fa8a4635090d3283ae9c6a6"}]}, "hints": {"hints": ["I just talked to my parents"], "hintLinks": [{"index": 0, "rangeStart": 0, "rangeEnd": 27}]}}, "subtext": {"styledString": {"text": "I just talked to my parents.", "styling": [{"from": 0, "to": 28, "attributes": {"alignment": "center", "fontSize": 19, "fontWeight": "normal", "textColor": "AFAFAF", "lineSpacing": 8}}]}, "tokenTTS": {"tokenTTSCollection": []}, "hints": {"hints": [], "hintLinks": []}}, "ttsURL": "https://d1vq87e9lcf771.cloudfront.net/miguel/641e50fe3fa8a4635090d3283ae9c6a6"}], "layout": "wideImageWithTextBelow"}, "meta": {"autoPlayableTTS": [], "sectionIndex": 0, "backgroundColor": "DDF4FF"}}, {"type": "verticalSpace", "element": 24, "meta": {"autoPlayableTTS": [], "sectionIndex": 0, "backgroundColor": "DDF4FF"}}], "resourcesToPrefetch": [{"required": false, "url": "https://d1vq87e9lcf771.cloudfront.net/miguel/86eae941c4da96222ca30121c89e68bb", "type": "mp3"}, {"required": false, "url": "https://d1vq87e9lcf771.cloudfront.net/miguel/777f3d20679e4b7dfb3559b8df130768", "type": "mp3"}, {"required": false, "url": "https://d1vq87e9lcf771.cloudfront.net/miguel/2c2c1137fd2a87a5ab88721f0d77f64d", "type": "mp3"}, {"required": false, "url": "https://d1vq87e9lcf771.cloudfront.net/miguel/4146fe8955861db7a92cf6ad5ab392c2", "type": "mp3"}, {"required": false, "url": "https://d1vq87e9lcf771.cloudfront.net/miguel/730f224d9b48b50dd86be5da7a555eb4", "type": "mp3"}, {"required": false, "url": "https://d1vq87e9lcf771.cloudfront.net/miguel/52bb84f4a8805d987277e7de31f5b802", "type": "mp3"}, {"required": true, "url": "https://d1btvuu4dwu627.cloudfront.net/1935260bb45227d2abc8062355f5ce9f/61d63d8bacd394e342e7da94ad78c64a/images/6b6be70f5b2748e4a913b4a7993f3561.pdf", "type": "pdf"}, {"required": false, "url": "https://d1vq87e9lcf771.cloudfront.net/miguel/bb2cf64de712de0c16233c7c9f15005f", "type": "mp3"}, {"required": false, "url": "https://d1vq87e9lcf771.cloudfront.net/miguel/0505a55d48ab66e20235fae0d64f33cb", "type": "mp3"}, {"required": false, "url": "https://d1vq87e9lcf771.cloudfront.net/miguel/54aef501e176855213a4c5c934caa2ad", "type": "mp3"}, {"required": false, "url": "https://d1vq87e9lcf771.cloudfront.net/miguel/fba458ccd4ac52e87de3cd101ddb3695", "type": "mp3"}, {"required": false, "url": "https://d1vq87e9lcf771.cloudfront.net/miguel/4ac41808211b17a6ff3fecc728ffd441", "type": "mp3"}, {"required": true, "url": "https://d1btvuu4dwu627.cloudfront.net/1935260bb45227d2abc8062355f5ce9f/61d63d8bacd394e342e7da94ad78c64a/images/f6f4381d34074507902e2702d1d64b02.pdf", "type": "pdf"}, {"required": false, "url": "https://d1vq87e9lcf771.cloudfront.net/miguel/641e50fe3fa8a4635090d3283ae9c6a6", "type": "mp3"}]}