{"elements": [{"type": "verticalSpace", "element": 2, "meta": {"autoPlayableTTS": [], "sectionIndex": 0, "backgroundColor": "E5E5E5"}}, {"type": "verticalSpace", "element": 24, "meta": {"autoPlayableTTS": [], "sectionIndex": 0, "backgroundColor": null}}, {"type": "text", "element": {"styledString": {"text": "KEY PHRASES", "styling": [{"from": 0, "to": 11, "attributes": {"alignment": "left", "fontSize": 17, "fontWeight": "bold", "textColor": "1CB0F6", "lineSpacing": 4}}]}, "tokenTTS": {"tokenTTSCollection": []}}, "meta": {"autoPlayableTTS": [], "sectionIndex": 0, "backgroundColor": null}}, {"type": "verticalSpace", "element": 8, "meta": {"autoPlayableTTS": [], "sectionIndex": 0, "backgroundColor": null}}, {"type": "text", "element": {"styledString": {"text": "Use the past perfect", "styling": [{"from": 0, "to": 20, "attributes": {"alignment": "left", "fontSize": 25, "fontWeight": "bold", "textColor": "4B4B4B", "lineSpacing": 4}}]}, "tokenTTS": {"tokenTTSCollection": []}}, "meta": {"autoPlayableTTS": [], "sectionIndex": 0, "backgroundColor": null}}, {"type": "verticalSpace", "element": 16, "meta": {"autoPlayableTTS": [], "sectionIndex": 0, "backgroundColor": null}}, {"type": "dialogue", "element": {"phrases": [{"text": {"styledString": {"text": "\u00a1Ya hab\u00eda le\u00eddo que la tercera temporada era mala!", "styling": [{"from": 0, "to": 50, "attributes": {"alignment": "left", "fontSize": 19, "fontWeight": "normal", "textColor": "4B4B4B", "lineSpacing": 5}}]}, "tokenTTS": {"tokenTTSCollection": []}, "blockHints": [{"value": "\u00a1"}, {"value": "Ya", "hintTable": {"rows": [[{"hint": "already", "colspan": 1}], [{"hint": "now", "colspan": 1}], [{"hint": "anymore", "colspan": 1}]], "references": []}, "tts": "https://d1vq87e9lcf771.cloudfront.net/miguel/ee28519a66797410897c30c5c3ba0803"}, {"value": " "}, {"value": "hab\u00eda", "hintTable": {"rows": [[{"hint": "had", "colspan": 1}], [{"hint": "was", "colspan": 1}], [{"hint": "it was", "colspan": 1}]], "references": []}, "tts": "https://d1vq87e9lcf771.cloudfront.net/miguel/210f829f608612949c55f09b98e79881"}, {"value": " "}, {"value": "le\u00eddo", "hintTable": {"rows": [[{"hint": "read", "colspan": 1}]], "references": []}, "tts": "https://d1vq87e9lcf771.cloudfront.net/miguel/70b5cdbbd96c17af0270765c0ae8ab50"}, {"value": " "}, {"value": "que", "hintTable": {"rows": [[{"hint": "that", "colspan": 1}], [{"hint": "I hope", "colspan": 1}], [{"hint": "because", "colspan": 1}]], "references": []}, "tts": "https://d1vq87e9lcf771.cloudfront.net/miguel/a1ac789b0b8d37cb82d476eff39cdd67"}, {"value": " "}, {"value": "la", "hintTable": {"rows": [[{"hint": "the", "colspan": 1}], [{"hint": "your", "colspan": 1}], [{"hint": "her", "colspan": 1}]], "references": []}, "tts": "https://d1vq87e9lcf771.cloudfront.net/miguel/e9ea010281921357dd4b130d51e7488b"}, {"value": " "}, {"value": "tercera", "hintTable": {"rows": [[{"hint": "third", "colspan": 1}]], "references": []}, "tts": "https://d1vq87e9lcf771.cloudfront.net/miguel/48d2421f3941d7643d0ef17c248f2677"}, {"value": " "}, {"value": "temporada", "hintTable": {"rows": [[{"hint": "season", "colspan": 1}], [{"hint": "run", "colspan": 1}], [{"hint": "spell", "colspan": 1}]], "references": []}, "tts": "https://d1vq87e9lcf771.cloudfront.net/miguel/34105ca62829c42e6821514266442763"}, {"value": " "}, {"value": "era", "hintTable": {"rows": [[{"hint": "(I) was", "colspan": 1}], [{"hint": "(she) was", "colspan": 1}], [{"hint": "(he) was", "colspan": 1}]], "references": []}, "tts": "https://d1vq87e9lcf771.cloudfront.net/miguel/092618d6150a600924e71b0a080fd6ff"}, {"value": " "}, {"value": "mala", "hintTable": {"rows": [[{"hint": "bad", "colspan": 1}], [{"hint": "wrong", "colspan": 1}], [{"hint": "poor", "colspan": 1}]], "references": []}, "tts": "https://d1vq87e9lcf771.cloudfront.net/miguel/58121de66561fb5b15962c5cb13dc437"}, {"value": "!"}]}, "subtext": {"styledString": {"text": "I had already read that the third season was bad!", "styling": [{"from": 0, "to": 49, "attributes": {"alignment": "left", "fontSize": 19, "fontWeight": "normal", "textColor": "AFAFAF", "lineSpacing": 5}}]}, "tokenTTS": {"tokenTTSCollection": []}}, "ttsURL": "https://d1vq87e9lcf771.cloudfront.net/miguel/3553bc9bc90376ea9f42ced707a186b8"}]}, "meta": {"autoPlayableTTS": [], "sectionIndex": 0, "backgroundColor": null}}, {"type": "verticalSpace", "element": 16, "meta": {"autoPlayableTTS": [], "sectionIndex": 0, "backgroundColor": null}}, {"type": "dialogue", "element": {"phrases": [{"text": {"styledString": {"text": "Pablo nos hab\u00eda dicho que no ten\u00eda ganas de salir.", "styling": [{"from": 0, "to": 50, "attributes": {"alignment": "left", "fontSize": 19, "fontWeight": "normal", "textColor": "4B4B4B", "lineSpacing": 5}}]}, "tokenTTS": {"tokenTTSCollection": []}, "blockHints": [{"value": "Pablo", "hintTable": {"rows": [[{"hint": "Pablo", "colspan": 1}]], "references": []}, "tts": "https://d1vq87e9lcf771.cloudfront.net/miguel/42becc0c7f4f6703b768f7d92d71b5bf"}, {"value": " "}, {"value": "nos", "hintTable": {"headers": ["nos", "hab\u00eda"], "rows": [[{"hint": "(I/he/she/it/you)  had (us)", "colspan": 2}], [{"hint": "there was (us)", "colspan": 2}], [{"hint": "(I/he/she/it/you)  used to have (us)", "colspan": 2}], [{"hint": "us", "colspan": 1}, {"colspan": 1}], [{"hint": "for us", "colspan": 1}, {"colspan": 1}], [{"hint": "we", "colspan": 1}, {"colspan": 1}]], "references": [2]}, "tts": "https://d1vq87e9lcf771.cloudfront.net/miguel/3086923da928a5f1e76aee61c55ff0b0"}, {"value": " "}, {"value": "hab\u00eda", "hintTable": {"headers": ["nos", "hab\u00eda"], "rows": [[{"hint": "(I/he/she/it/you)  had (us)", "colspan": 2}], [{"hint": "there was (us)", "colspan": 2}], [{"hint": "(I/he/she/it/you)  used to have (us)", "colspan": 2}], [{"colspan": 1}, {"hint": "had", "colspan": 1}], [{"colspan": 1}, {"hint": "had ever", "colspan": 1}], [{"colspan": 1}, {"hint": "was", "colspan": 1}]], "references": [1]}, "tts": "https://d1vq87e9lcf771.cloudfront.net/miguel/210f829f608612949c55f09b98e79881"}, {"value": " "}, {"value": "dicho", "hintTable": {"rows": [[{"hint": "told", "colspan": 1}], [{"hint": "said", "colspan": 1}]], "references": []}, "tts": "https://d1vq87e9lcf771.cloudfront.net/miguel/91df1ab9633fb28eeeb55400e7bae83a"}, {"value": " "}, {"value": "que", "hintTable": {"rows": [[{"hint": "that", "colspan": 1}], [{"hint": "to", "colspan": 1}], [{"hint": "because", "colspan": 1}]], "references": []}, "tts": "https://d1vq87e9lcf771.cloudfront.net/miguel/a1ac789b0b8d37cb82d476eff39cdd67"}, {"value": " "}, {"value": "no", "hintTable": {"rows": [[{"hint": "didn't", "colspan": 1}], [{"hint": "n't", "colspan": 1}], [{"hint": "wasn't", "colspan": 1}]], "references": []}, "tts": "https://d1vq87e9lcf771.cloudfront.net/miguel/e56dc9c59b5e999bbe4a986911a59034"}, {"value": " "}, {"value": "ten\u00eda", "hintTable": {"headers": ["ten\u00eda", "ganas"], "rows": [[{"hint": "(I/he/she/it/you) used to feel like", "colspan": 2}], [{"hint": "(I/he/she/it/you) felt like", "colspan": 2}], [{"hint": "(I/he/she/it/you) was/were feeling like", "colspan": 2}], [{"hint": "(he) had", "colspan": 1}, {"colspan": 1}], [{"hint": "(she) had", "colspan": 1}, {"colspan": 1}], [{"hint": "had", "colspan": 1}, {"colspan": 1}]], "references": [7]}, "tts": "https://d1vq87e9lcf771.cloudfront.net/miguel/75b5fcd09c52cb98a717e8e72e2ec9a3"}, {"value": " "}, {"value": "ganas", "hintTable": {"headers": ["ten\u00eda", "ganas"], "rows": [[{"hint": "(I/he/she/it/you) used to feel like", "colspan": 2}], [{"hint": "(I/he/she/it/you) felt like", "colspan": 2}], [{"hint": "(I/he/she/it/you) was/were feeling like", "colspan": 2}], [{"colspan": 1}, {"hint": "(you) win", "colspan": 1}], [{"colspan": 1}, {"hint": "(you) earn", "colspan": 1}], [{"colspan": 1}, {"hint": "make", "colspan": 1}]], "references": [6]}, "tts": "https://d1vq87e9lcf771.cloudfront.net/miguel/894cdc56da32092916d89a03637a08a9"}, {"value": " "}, {"value": "de", "hintTable": {"rows": [[{"hint": "off", "colspan": 1}], [{"hint": "on", "colspan": 1}], [{"hint": "to", "colspan": 1}]], "references": []}, "tts": "https://d1vq87e9lcf771.cloudfront.net/miguel/7c3dc4295f4bfedec518e38299ea8dc5"}, {"value": " "}, {"value": "salir", "hintTable": {"rows": [[{"hint": "going out", "colspan": 1}], [{"hint": "(to) go out", "colspan": 1}], [{"hint": "got out", "colspan": 1}]], "references": []}, "tts": "https://d1vq87e9lcf771.cloudfront.net/miguel/4be31f1e4afc528de515f9a36353153b"}, {"value": "."}]}, "subtext": {"styledString": {"text": "Pablo had told us that he didn't feel like going out.", "styling": [{"from": 0, "to": 53, "attributes": {"alignment": "left", "fontSize": 19, "fontWeight": "normal", "textColor": "AFAFAF", "lineSpacing": 5}}]}, "tokenTTS": {"tokenTTSCollection": []}}, "ttsURL": "https://d1vq87e9lcf771.cloudfront.net/miguel/1c1d26080997cfbc2ec36152a40b60cb"}, {"text": {"styledString": {"text": "S\u00ed, lo hab\u00edan invitado a la fiesta, pero no vino.", "styling": [{"from": 0, "to": 49, "attributes": {"alignment": "left", "fontSize": 19, "fontWeight": "normal", "textColor": "4B4B4B", "lineSpacing": 5}}]}, "tokenTTS": {"tokenTTSCollection": []}, "blockHints": [{"value": "S\u00ed", "hintTable": {"rows": [[{"hint": "we do", "colspan": 1}], [{"hint": "yeah", "colspan": 1}], [{"hint": "I do", "colspan": 1}]], "references": []}, "tts": "https://d1vq87e9lcf771.cloudfront.net/miguel/04b793f812f070e10d57115925381be8"}, {"value": ","}, {"value": " "}, {"value": "lo", "hintTable": {"headers": ["lo", "hab\u00edan"], "rows": [[{"hint": "He had gotten", "colspan": 2}], [{"hint": "they", "colspan": 1}, {"colspan": 1}], [{"hint": "him", "colspan": 1}, {"colspan": 1}], [{"hint": "you", "colspan": 1}, {"colspan": 1}]], "references": [2]}, "tts": "https://d1vq87e9lcf771.cloudfront.net/miguel/e21f9356c6da5313fc1311d6dbde33c3"}, {"value": " "}, {"value": "hab\u00edan", "hintTable": {"headers": ["lo", "hab\u00edan"], "rows": [[{"hint": "He had gotten", "colspan": 2}], [{"colspan": 1}, {"hint": "had", "colspan": 1}], [{"colspan": 1}, {"hint": "were", "colspan": 1}], [{"colspan": 1}, {"hint": "there were", "colspan": 1}]], "references": [1]}, "tts": "https://d1vq87e9lcf771.cloudfront.net/miguel/514f9429ca78f31b0d55ae87722f1247"}, {"value": " "}, {"value": "invitado", "hintTable": {"headers": ["invitado", "a"], "rows": [[{"hint": "stood", "colspan": 2}], [{"hint": "invited", "colspan": 1}, {"colspan": 1}], [{"hint": "guest", "colspan": 1}, {"colspan": 1}], [{"hint": "invite", "colspan": 1}, {"colspan": 1}]], "references": [4]}, "tts": "https://d1vq87e9lcf771.cloudfront.net/miguel/26adc28a0aa1c1f3477ba188d2edf8a1"}, {"value": " "}, {"value": "a", "hintTable": {"headers": ["a", "la"], "rows": [[{"hint": "to", "colspan": 2}], [{"hint": "at", "colspan": 2}], [{"hint": "to", "colspan": 1}, {"colspan": 1}], [{"hint": "with", "colspan": 1}, {"colspan": 1}], [{"hint": "away", "colspan": 1}, {"colspan": 1}]], "references": [3]}, "tts": "https://d1vq87e9lcf771.cloudfront.net/miguel/a615ab7aef51e62ab81ce9255166fc65"}, {"value": " "}, {"value": "la", "hintTable": {"headers": ["a", "la"], "rows": [[{"hint": "to", "colspan": 2}], [{"hint": "at", "colspan": 2}], [{"colspan": 1}, {"hint": "the", "colspan": 1}], [{"colspan": 1}, {"hint": "your", "colspan": 1}], [{"colspan": 1}, {"hint": "her", "colspan": 1}]], "references": [4]}, "tts": "https://d1vq87e9lcf771.cloudfront.net/miguel/e9ea010281921357dd4b130d51e7488b"}, {"value": " "}, {"value": "fiesta", "hintTable": {"rows": [[{"hint": "party", "colspan": 1}], [{"hint": "parties", "colspan": 1}], [{"hint": "celebration", "colspan": 1}]], "references": []}, "tts": "https://d1vq87e9lcf771.cloudfront.net/miguel/a93b1a3c051a525b62c3e17affdcff15"}, {"value": ","}, {"value": " "}, {"value": "pero", "hintTable": {"rows": [[{"hint": "but", "colspan": 1}], [{"hint": "yet", "colspan": 1}]], "references": []}, "tts": "https://d1vq87e9lcf771.cloudfront.net/miguel/a1ffdd0c0a4cbaaa368cff9d686d92a0"}, {"value": " "}, {"value": "no", "hintTable": {"rows": [[{"hint": "do not", "colspan": 1}], [{"hint": "wasn't", "colspan": 1}], [{"hint": "n't", "colspan": 1}]], "references": []}, "tts": "https://d1vq87e9lcf771.cloudfront.net/miguel/e56dc9c59b5e999bbe4a986911a59034"}, {"value": " "}, {"value": "vino", "hintTable": {"rows": [[{"hint": "wines", "colspan": 1}], [{"hint": "(he) came", "colspan": 1}], [{"hint": "come", "colspan": 1}]], "references": []}, "tts": "https://d1vq87e9lcf771.cloudfront.net/miguel/5bf38daec43adc153ca4bcf0f4848adc"}, {"value": "."}]}, "subtext": {"styledString": {"text": "Yes, they had invited him to the party, but he didn't come.", "styling": [{"from": 0, "to": 59, "attributes": {"alignment": "left", "fontSize": 19, "fontWeight": "normal", "textColor": "AFAFAF", "lineSpacing": 5}}]}, "tokenTTS": {"tokenTTSCollection": []}}, "ttsURL": "https://d1vq87e9lcf771.cloudfront.net/miguel/109057e256784f421d253fb9f919be75"}]}, "meta": {"autoPlayableTTS": [], "sectionIndex": 0, "backgroundColor": null}}, {"type": "verticalSpace", "element": 16, "meta": {"autoPlayableTTS": [], "sectionIndex": 0, "backgroundColor": null}}, {"type": "dialogue", "element": {"phrases": [{"text": {"styledString": {"text": "Cuando llegamos al bar, ya te hab\u00edas ido.", "styling": [{"from": 0, "to": 41, "attributes": {"alignment": "left", "fontSize": 19, "fontWeight": "normal", "textColor": "4B4B4B", "lineSpacing": 5}}]}, "tokenTTS": {"tokenTTSCollection": []}, "blockHints": [{"value": "Cuando", "hintTable": {"rows": [[{"hint": "when", "colspan": 1}], [{"hint": "by the time", "colspan": 1}], [{"hint": "while", "colspan": 1}]], "references": []}, "tts": "https://d1vq87e9lcf771.cloudfront.net/miguel/e4104e82741c212285868a163c377ad6"}, {"value": " "}, {"value": "llegamos", "hintTable": {"rows": [[{"hint": "(we) arrived", "colspan": 1}], [{"hint": "arrived", "colspan": 1}], [{"hint": "(?) do we arrive", "colspan": 1}]], "references": []}, "tts": "https://d1vq87e9lcf771.cloudfront.net/miguel/b40abdbbcfdca189ffd5b2966225d22f"}, {"value": " "}, {"value": "al", "hintTable": {"rows": [[{"hint": "the", "colspan": 1}], [{"hint": "at", "colspan": 1}], [{"hint": "when", "colspan": 1}]], "references": []}, "tts": "https://d1vq87e9lcf771.cloudfront.net/miguel/96cab1b14b78e988600b8ec5432007c6"}, {"value": " "}, {"value": "bar", "hintTable": {"rows": [[{"hint": "bar", "colspan": 1}], [{"hint": "bars", "colspan": 1}]], "references": []}, "tts": "https://d1vq87e9lcf771.cloudfront.net/miguel/f9c77b1893140f80b09719f13f4707e5"}, {"value": ","}, {"value": " "}, {"value": "ya", "hintTable": {"rows": [[{"hint": "already", "colspan": 1}], [{"hint": "now", "colspan": 1}], [{"hint": "anymore", "colspan": 1}]], "references": []}, "tts": "https://d1vq87e9lcf771.cloudfront.net/miguel/ee28519a66797410897c30c5c3ba0803"}, {"value": " "}, {"value": "te", "hintTable": {"rows": [[{"hint": "you", "colspan": 1}], [{"hint": "to you", "colspan": 1}], [{"hint": "your", "colspan": 1}]], "references": []}, "tts": "https://d1vq87e9lcf771.cloudfront.net/miguel/d7cd39e9a857d0b69e8da9436b0441c3"}, {"value": " "}, {"value": "hab\u00edas", "hintTable": {"rows": [[{"hint": "(you) had", "colspan": 1}], [{"hint": "had", "colspan": 1}], [{"hint": "(you) were having", "colspan": 1}]], "references": []}, "tts": "https://d1vq87e9lcf771.cloudfront.net/miguel/2a1736e77efc1eedf119ef776b938787"}, {"value": " "}, {"value": "ido", "hintTable": {"rows": [[{"hint": "left", "colspan": 1}], [{"hint": "gone", "colspan": 1}], [{"hint": "been", "colspan": 1}]], "references": []}, "tts": "https://d1vq87e9lcf771.cloudfront.net/miguel/778cabf698da0c5a7f2ab624e7f8f1be"}, {"value": "."}]}, "subtext": {"styledString": {"text": "When we arrived at the bar, you had already left.", "styling": [{"from": 0, "to": 49, "attributes": {"alignment": "left", "fontSize": 19, "fontWeight": "normal", "textColor": "AFAFAF", "lineSpacing": 5}}]}, "tokenTTS": {"tokenTTSCollection": []}}, "ttsURL": "https://d1vq87e9lcf771.cloudfront.net/miguel/de02991832e494e567a4adb3bd77df4a"}]}, "meta": {"autoPlayableTTS": [], "sectionIndex": 0, "backgroundColor": null}}, {"type": "verticalSpace", "element": 16, "meta": {"autoPlayableTTS": [], "sectionIndex": 0, "backgroundColor": null}}, {"type": "dialogue", "element": {"phrases": [{"text": {"styledString": {"text": "Ella hab\u00eda visto el palacio antes del incendio.", "styling": [{"from": 0, "to": 47, "attributes": {"alignment": "left", "fontSize": 19, "fontWeight": "normal", "textColor": "4B4B4B", "lineSpacing": 5}}]}, "tokenTTS": {"tokenTTSCollection": []}, "blockHints": [{"value": "Ella", "hintTable": {"rows": [[{"hint": "she", "colspan": 1}], [{"hint": "her", "colspan": 1}], [{"hint": "she'll", "colspan": 1}]], "references": []}, "tts": "https://d1vq87e9lcf771.cloudfront.net/miguel/7ba0a4fe127b1af95b81af18714bbbbb"}, {"value": " "}, {"value": "hab\u00eda", "hintTable": {"rows": [[{"hint": "had", "colspan": 1}], [{"hint": "had ever", "colspan": 1}], [{"hint": "it was", "colspan": 1}]], "references": []}, "tts": "https://d1vq87e9lcf771.cloudfront.net/miguel/210f829f608612949c55f09b98e79881"}, {"value": " "}, {"value": "visto", "hintTable": {"rows": [[{"hint": "seen", "colspan": 1}], [{"hint": "looked", "colspan": 1}], [{"hint": "watched", "colspan": 1}]], "references": []}, "tts": "https://d1vq87e9lcf771.cloudfront.net/miguel/402a3503f6b4a798d3e872d39d0c7d02"}, {"value": " "}, {"value": "el", "hintTable": {"rows": [[{"hint": "the", "colspan": 1}], [{"hint": "your", "colspan": 1}], [{"hint": "her", "colspan": 1}]], "references": []}, "tts": "https://d1vq87e9lcf771.cloudfront.net/penelope/b47f0c6243dc0dd607abd744189eec05"}, {"value": " "}, {"value": "palacio", "hintTable": {"rows": [[{"hint": "palace", "colspan": 1}]], "references": []}, "tts": "https://d1vq87e9lcf771.cloudfront.net/miguel/863a934b53a1344b821904a36aedbfff"}, {"value": " "}, {"value": "antes", "hintTable": {"headers": ["antes", "del"], "rows": [[{"hint": "before", "colspan": 2}], [{"hint": "by", "colspan": 2}], [{"hint": "before", "colspan": 1}, {"colspan": 1}], [{"hint": "previously", "colspan": 1}, {"colspan": 1}], [{"hint": "first", "colspan": 1}, {"colspan": 1}]], "references": [6]}, "tts": "https://d1vq87e9lcf771.cloudfront.net/miguel/24647be708dd783472b30f61e3ce4ddc"}, {"value": " "}, {"value": "del", "hintTable": {"headers": ["antes", "del"], "rows": [[{"hint": "before", "colspan": 2}], [{"hint": "by", "colspan": 2}], [{"colspan": 1}, {"hint": "the", "colspan": 1}], [{"colspan": 1}, {"hint": "to the", "colspan": 1}], [{"colspan": 1}, {"hint": "of the", "colspan": 1}]], "references": [5]}, "tts": "https://d1vq87e9lcf771.cloudfront.net/miguel/24021e61f03ad742805c732e31f4f3cc"}, {"value": " "}, {"value": "incendio", "hintTable": {"rows": [[{"hint": "fire", "colspan": 1}]], "references": []}, "tts": "https://d1vq87e9lcf771.cloudfront.net/miguel/a4011092055517d464e7c9fb9dcb650d"}, {"value": "."}]}, "subtext": {"styledString": {"text": "She had seen the palace before the fire.", "styling": [{"from": 0, "to": 40, "attributes": {"alignment": "left", "fontSize": 19, "fontWeight": "normal", "textColor": "AFAFAF", "lineSpacing": 5}}]}, "tokenTTS": {"tokenTTSCollection": []}}, "ttsURL": "https://d1vq87e9lcf771.cloudfront.net/miguel/b978d9478c1add35a14cf55555af73ae"}]}, "meta": {"autoPlayableTTS": [], "sectionIndex": 0, "backgroundColor": null}}, {"type": "verticalSpace", "element": 24, "meta": {"autoPlayableTTS": [], "sectionIndex": 0, "backgroundColor": null}}], "resourcesToPrefetch": [{"required": false, "url": "https://d1vq87e9lcf771.cloudfront.net/miguel/b978d9478c1add35a14cf55555af73ae", "type": "mp3"}, {"required": false, "url": "https://d1vq87e9lcf771.cloudfront.net/miguel/3553bc9bc90376ea9f42ced707a186b8", "type": "mp3"}, {"required": false, "url": "https://d1vq87e9lcf771.cloudfront.net/miguel/109057e256784f421d253fb9f919be75", "type": "mp3"}, {"required": false, "url": "https://d1vq87e9lcf771.cloudfront.net/miguel/de02991832e494e567a4adb3bd77df4a", "type": "mp3"}, {"required": false, "url": "https://d1vq87e9lcf771.cloudfront.net/miguel/1c1d26080997cfbc2ec36152a40b60cb", "type": "mp3"}]}