{"elements": [{"type": "dialogue", "element": {"phrases": [{"text": {"styledString": {"text": "Perder en la final ol\u00edmpica debe haber sido muy dif\u00edcil para ella.", "styling": [{"styleClass": "text", "from": 0, "to": 66, "attributes": {}}]}, "tokenTTS": {"tokenTTSCollection": []}, "blockHints": [{"value": "Perder", "hintTable": {"rows": [[{"hint": "waste", "colspan": 1}], [{"hint": "(to) lose", "colspan": 1}], [{"hint": "losing", "colspan": 1}]], "references": []}, "tts": "https://d1vq87e9lcf771.cloudfront.net/lucyes/cdb0cfc0b645dcf9c4149a3d41a7ec4d"}, {"value": " "}, {"value": "en", "hintTable": {"headers": ["en", "la"], "rows": [[{"hint": "to", "colspan": 2}], [{"hint": "under", "colspan": 1}, {"colspan": 1}], [{"hint": "with", "colspan": 1}, {"colspan": 1}], [{"hint": "a", "colspan": 1}, {"colspan": 1}]], "references": [2]}, "tts": "https://d1vq87e9lcf771.cloudfront.net/lucyes/11b5dd52cd4277f5bccee97ccb8d9c57"}, {"value": " "}, {"value": "la", "hintTable": {"headers": ["en", "la"], "rows": [[{"hint": "to", "colspan": 2}], [{"colspan": 1}, {"hint": "the", "colspan": 1}], [{"colspan": 1}, {"hint": "your", "colspan": 1}], [{"colspan": 1}, {"hint": "her", "colspan": 1}]], "references": [1]}, "tts": "https://d1vq87e9lcf771.cloudfront.net/lucyes/6e67a5b7e200788f11bbb38dff67fa91"}, {"value": " "}, {"value": "final", "hintTable": {"rows": [[{"hint": "end", "colspan": 1}], [{"hint": "final", "colspan": 1}], [{"hint": "ending", "colspan": 1}]], "references": []}, "tts": "https://d1vq87e9lcf771.cloudfront.net/lucyes/a99cb58158ba365a94ad18876526c67a"}, {"value": " "}, {"value": "ol\u00edmpica", "hintTable": {"rows": [[{"hint": "Olympic", "colspan": 1}]], "references": []}, "tts": "https://d1vq87e9lcf771.cloudfront.net/lucyes/1d2d642c9a0c6773b0f3dcea40958d52"}, {"value": " "}, {"value": "debe", "hintTable": {"rows": [[{"hint": "debit", "colspan": 1}], [{"hint": "owes", "colspan": 1}], [{"hint": "needs", "colspan": 1}]], "references": []}, "tts": "https://d1vq87e9lcf771.cloudfront.net/lucyes/a7a5a8925220dcd8d4802a7df0e75415"}, {"value": " "}, {"value": "haber", "hintTable": {"headers": ["haber", "sido"], "rows": [[{"hint": "being", "colspan": 2}], [{"hint": "have been", "colspan": 2}], [{"hint": "was", "colspan": 2}], [{"hint": "had", "colspan": 1}, {"colspan": 1}], [{"hint": "(to) be", "colspan": 1}, {"colspan": 1}], [{"hint": "(to) have", "colspan": 1}, {"colspan": 1}]], "references": [7]}, "tts": "https://d1vq87e9lcf771.cloudfront.net/lucyes/e38824f1952fae75b4ffa519fbe99526"}, {"value": " "}, {"value": "sido", "hintTable": {"headers": ["haber", "sido"], "rows": [[{"hint": "being", "colspan": 2}], [{"hint": "have been", "colspan": 2}], [{"hint": "was", "colspan": 2}], [{"colspan": 1}, {"hint": "been", "colspan": 1}], [{"colspan": 1}, {"hint": "made", "colspan": 1}], [{"colspan": 1}, {"hint": "being", "colspan": 1}]], "references": [6]}, "tts": "https://d1vq87e9lcf771.cloudfront.net/lucyes/6d500b5ed3f073a156ac2c0fb6afbacb"}, {"value": " "}, {"value": "muy", "hintTable": {"rows": [[{"hint": "extremely", "colspan": 1}], [{"hint": "highly", "colspan": 1}], [{"hint": "so", "colspan": 1}]], "references": []}, "tts": "https://d1vq87e9lcf771.cloudfront.net/lucyes/19f242dacd9c82d809e72c5cbc2b20d3"}, {"value": " "}, {"value": "dif\u00edcil", "hintTable": {"rows": [[{"hint": "tough", "colspan": 1}], [{"hint": "demanding", "colspan": 1}], [{"hint": "difficult", "colspan": 1}]], "references": []}, "tts": "https://d1vq87e9lcf771.cloudfront.net/lucyes/2b89a5b92fceb6cc53f414ead76d4d2b"}, {"value": " "}, {"value": "para", "hintTable": {"headers": ["para", "ella"], "rows": [[{"hint": "in her opinion", "colspan": 2}], [{"hint": "with", "colspan": 1}, {"colspan": 1}], [{"hint": "for", "colspan": 1}, {"colspan": 1}], [{"hint": "is stopping", "colspan": 1}, {"colspan": 1}]], "references": [11]}, "tts": "https://d1vq87e9lcf771.cloudfront.net/lucyes/f77881c280aff39374bbbe7b8763ae80"}, {"value": " "}, {"value": "ella", "hintTable": {"headers": ["para", "ella"], "rows": [[{"hint": "in her opinion", "colspan": 2}], [{"colspan": 1}, {"hint": "she", "colspan": 1}], [{"colspan": 1}, {"hint": "her", "colspan": 1}], [{"colspan": 1}, {"hint": "she'll", "colspan": 1}]], "references": [10]}, "tts": "https://d1vq87e9lcf771.cloudfront.net/lucyes/04ff2e15ef3eb1bbe332586671ee90da"}, {"value": "."}]}, "subtext": {"styledString": {"text": "Losing in the Olympic final must have been so difficult for her.", "styling": [{"styleClass": "light", "from": 0, "to": 64, "attributes": {}}]}, "tokenTTS": {"tokenTTSCollection": []}}, "gender": "female", "character": "lucy", "ttsURL": "https://d1vq87e9lcf771.cloudfront.net/lucyes/0bd6e18bcbaf1924eb7ea7244c3e1a5c"}]}, "meta": {"sectionIndex": 0, "backgroundColor": null}}, {"type": "dialogue", "element": {"phrases": [{"text": {"styledString": {"text": "Seg\u00fan las noticias, \u00a1tu celebridad favorita acaba de llegar a la ciudad!", "styling": [{"styleClass": "text", "from": 0, "to": 72, "attributes": {}}]}, "tokenTTS": {"tokenTTSCollection": []}, "blockHints": [{"value": "Seg\u00fan", "hintTable": {"rows": [[{"hint": "according to", "colspan": 1}], [{"hint": "under", "colspan": 1}], [{"hint": "as", "colspan": 1}]], "references": []}, "tts": "https://d1vq87e9lcf771.cloudfront.net/beaes/5186f46118c646306499d077abcfd96e"}, {"value": " "}, {"value": "las", "hintTable": {"rows": [[{"hint": "your", "colspan": 1}], [{"hint": "the", "colspan": 1}], [{"hint": "their", "colspan": 1}]], "references": []}, "tts": "https://d1vq87e9lcf771.cloudfront.net/beaes/ebfcc539eed49080c3323b34e26100b5"}, {"value": " "}, {"value": "noticias", "hintTable": {"rows": [[{"hint": "news", "colspan": 1}]], "references": []}, "tts": "https://d1vq87e9lcf771.cloudfront.net/beaes/2fcd0f36332fcece5a0fa957a1ec8bd6"}, {"value": ","}, {"value": " "}, {"value": "\u00a1"}, {"value": "tu", "hintTable": {"rows": [[{"hint": "your", "colspan": 1}]], "references": []}, "tts": "https://d1vq87e9lcf771.cloudfront.net/beaes/02e31776cebf6efbcc030269ed52ccfd"}, {"value": " "}, {"value": "celebridad", "hintTable": {"rows": [[{"hint": "celebrity", "colspan": 1}]], "references": []}, "tts": "https://d1vq87e9lcf771.cloudfront.net/beaes/581e997215aae467c679bf74ce55ede7"}, {"value": " "}, {"value": "favorita", "hintTable": {"rows": [[{"hint": "favorite", "colspan": 1}], [{"hint": "favorites", "colspan": 1}]], "references": []}, "tts": "https://d1vq87e9lcf771.cloudfront.net/beaes/377a6bd5301bee8ca96582dbab8e7c65"}, {"value": " "}, {"value": "acaba", "hintTable": {"headers": ["acaba", "de"], "rows": [[{"hint": "finishes", "colspan": 2}], [{"hint": "has just", "colspan": 2}], [{"hint": "just now", "colspan": 2}], [{"hint": "(you-formal) finish", "colspan": 1}, {"colspan": 1}], [{"hint": "ends", "colspan": 1}, {"colspan": 1}], [{"hint": "(you-formal) break up", "colspan": 1}, {"colspan": 1}]], "references": [7]}, "tts": "https://d1vq87e9lcf771.cloudfront.net/beaes/5eaf5eb41ee6f1b404f61e7c3e83af44"}, {"value": " "}, {"value": "de", "hintTable": {"headers": ["acaba", "de"], "rows": [[{"hint": "finishes", "colspan": 2}], [{"hint": "has just", "colspan": 2}], [{"hint": "just now", "colspan": 2}], [{"colspan": 1}, {"hint": "with", "colspan": 1}], [{"colspan": 1}, {"hint": "made of", "colspan": 1}], [{"colspan": 1}, {"hint": "off", "colspan": 1}]], "references": [6]}, "tts": "https://d1vq87e9lcf771.cloudfront.net/beaes/23a008a900fce03bda13bed69c2aae84"}, {"value": " "}, {"value": "llegar", "hintTable": {"headers": ["llegar", "a"], "rows": [[{"hint": "reaching", "colspan": 2}], [{"hint": "show up", "colspan": 1}, {"colspan": 1}], [{"hint": "arriving", "colspan": 1}, {"colspan": 1}], [{"hint": "driven", "colspan": 1}, {"colspan": 1}]], "references": [9]}, "tts": "https://d1vq87e9lcf771.cloudfront.net/beaes/0b08a252d53f2f18e20ef9dba64dd609"}, {"value": " "}, {"value": "a", "hintTable": {"headers": ["llegar", "a"], "rows": [[{"hint": "reaching", "colspan": 2}], [{"colspan": 1}, {"hint": "to", "colspan": 2}], [{"colspan": 1}, {"hint": "at", "colspan": 2}], [{"colspan": 1}, {"hint": "to", "colspan": 1}]], "references": [10]}, "tts": "https://d1vq87e9lcf771.cloudfront.net/beaes/45f8f5d4d29afc231289dd88a12c3a9e"}, {"value": " "}, {"value": "la", "hintTable": {"headers": ["a", "la"], "rows": [[{"hint": "to", "colspan": 2}], [{"hint": "at", "colspan": 2}], [{"colspan": 1}, {"hint": "the", "colspan": 1}], [{"colspan": 1}, {"hint": "your", "colspan": 1}], [{"colspan": 1}, {"hint": "her", "colspan": 1}]], "references": [9]}, "tts": "https://d1vq87e9lcf771.cloudfront.net/beaes/1558452578018ede9e40bf61aae7026f"}, {"value": " "}, {"value": "ciudad", "hintTable": {"rows": [[{"hint": "town", "colspan": 1}], [{"hint": "city", "colspan": 1}], [{"hint": "cities", "colspan": 1}]], "references": []}, "tts": "https://d1vq87e9lcf771.cloudfront.net/beaes/83fc90974eadc53b7f12e0976efa88dc"}, {"value": "!"}]}, "subtext": {"styledString": {"text": "According to the news, your favorite celebrity has just arrived in town!", "styling": [{"styleClass": "light", "from": 0, "to": 72, "attributes": {}}]}, "tokenTTS": {"tokenTTSCollection": []}}, "gender": "female", "character": "bea", "ttsURL": "https://d1vq87e9lcf771.cloudfront.net/beaes/42f8f2699ffa46cf6b247b21efd48908"}]}, "meta": {"sectionIndex": 0, "backgroundColor": null}}, {"type": "dialogue", "element": {"phrases": [{"text": {"styledString": {"text": "Si la ladrona tiene el pelo rosa, \u00a1entonces la polic\u00eda deber\u00eda encontrarla!", "styling": [{"styleClass": "text", "from": 0, "to": 75, "attributes": {}}]}, "tokenTTS": {"tokenTTSCollection": []}, "blockHints": [{"value": "Si", "hintTable": {"rows": [[{"hint": "alternatively", "colspan": 1}], [{"hint": "though", "colspan": 1}], [{"hint": "when", "colspan": 1}]], "references": []}, "tts": "https://d1vq87e9lcf771.cloudfront.net/lines/85d08375c3206d444639f5a4259e18af"}, {"value": " "}, {"value": "la", "hintTable": {"rows": [[{"hint": "the", "colspan": 1}], [{"hint": "your", "colspan": 1}], [{"hint": "her", "colspan": 1}]], "references": []}, "tts": "https://d1vq87e9lcf771.cloudfront.net/lines/b0b9e9b21752f3e43d801e3cefa19714"}, {"value": " "}, {"value": "ladrona", "hintTable": {"rows": [[{"hint": "thief", "colspan": 1}]], "references": []}, "tts": "https://d1vq87e9lcf771.cloudfront.net/lines/e532be7fb9afcb559902af9f4056eb99"}, {"value": " "}, {"value": "tiene", "hintTable": {"rows": [[{"hint": "is", "colspan": 1}], [{"hint": "makes", "colspan": 1}], [{"hint": "(?) does it have", "colspan": 1}]], "references": []}, "tts": "https://d1vq87e9lcf771.cloudfront.net/lines/62b1c9b58cab42c6fa554a545ea22ede"}, {"value": " "}, {"value": "el", "hintTable": {"rows": [[{"hint": "the", "colspan": 1}], [{"hint": "your", "colspan": 1}], [{"hint": "her", "colspan": 1}]], "references": []}, "tts": "https://d1vq87e9lcf771.cloudfront.net/lines/1b01229b32f0a49054b85f02aedecae4"}, {"value": " "}, {"value": "pelo", "hintTable": {"rows": [[{"hint": "hair", "colspan": 1}], [{"hint": "hairs", "colspan": 1}]], "references": []}, "tts": "https://d1vq87e9lcf771.cloudfront.net/lines/6682a5939a292aa81cc0f4dc625dab5d"}, {"value": " "}, {"value": "rosa", "hintTable": {"rows": [[{"hint": "pink", "colspan": 1}], [{"hint": "rose", "colspan": 1}], [{"hint": "Rosa", "colspan": 1}]], "references": []}, "tts": "https://d1vq87e9lcf771.cloudfront.net/lines/0602468d09da10e72a4dcbc17b2b08fc"}, {"value": ","}, {"value": " "}, {"value": "\u00a1"}, {"value": "entonces", "hintTable": {"rows": [[{"hint": "then", "colspan": 1}], [{"hint": "so", "colspan": 1}], [{"hint": "consequently", "colspan": 1}]], "references": []}, "tts": "https://d1vq87e9lcf771.cloudfront.net/lines/c07bcfadef4963f4324d9c88fe49d669"}, {"value": " "}, {"value": "la", "hintTable": {"rows": [[{"hint": "the", "colspan": 1}], [{"hint": "your", "colspan": 1}], [{"hint": "her", "colspan": 1}]], "references": []}, "tts": "https://d1vq87e9lcf771.cloudfront.net/lines/b0b9e9b21752f3e43d801e3cefa19714"}, {"value": " "}, {"value": "polic\u00eda", "hintTable": {"rows": [[{"hint": "police officer", "colspan": 1}], [{"hint": "policeman", "colspan": 1}], [{"hint": "police", "colspan": 1}]], "references": []}, "tts": "https://d1vq87e9lcf771.cloudfront.net/lines/614682977a95f3ee95092da895a98914"}, {"value": " "}, {"value": "deber\u00eda", "hintTable": {"rows": [[{"hint": "there should", "colspan": 1}], [{"hint": "(you) should", "colspan": 1}], [{"hint": "(I) should", "colspan": 1}]], "references": []}, "tts": "https://d1vq87e9lcf771.cloudfront.net/lines/a3b16156752ff8144bc1ce4b8bb2ebf2"}, {"value": " "}, {"value": "encontrarla", "hintTable": {"rows": [[{"hint": "(to) come across (her/it)", "colspan": 1}], [{"hint": "(to) find (her/it)", "colspan": 1}], [{"hint": "(to) meet with (her/it)", "colspan": 1}]], "references": []}, "tts": "https://d1vq87e9lcf771.cloudfront.net/lines/e31e328ecb0ac59e1afe3391d1961b75"}, {"value": "!"}]}, "subtext": {"styledString": {"text": "If the robber has pink hair, then the police should find her!", "styling": [{"styleClass": "light", "from": 0, "to": 61, "attributes": {}}]}, "tokenTTS": {"tokenTTSCollection": []}}, "gender": "female", "character": "lin", "ttsURL": "https://d1vq87e9lcf771.cloudfront.net/lines/bd6b203e4878e758c6ad8d720078a2ad"}]}, "meta": {"sectionIndex": 0, "backgroundColor": null}}, {"type": "dialogue", "element": {"phrases": [{"text": {"styledString": {"text": " Este drama es demasiado complicado y no entiendo nada de la trama.", "styling": [{"styleClass": "text", "from": 0, "to": 67, "attributes": {}}]}, "tokenTTS": {"tokenTTSCollection": []}, "blockHints": [{"value": " "}, {"value": "Este", "hintTable": {"rows": [[{"hint": "this one", "colspan": 1}], [{"hint": "this", "colspan": 1}], [{"hint": "east", "colspan": 1}]], "references": []}, "tts": "https://d1vq87e9lcf771.cloudfront.net/lilyes2/3207c86025c3cf587f8fe16b50a55a9e"}, {"value": " "}, {"value": "drama", "hintTable": {"rows": [[{"hint": "play", "colspan": 1}], [{"hint": "drama", "colspan": 1}], [{"hint": "obra de teatro", "colspan": 1}]], "references": []}, "tts": "https://d1vq87e9lcf771.cloudfront.net/lilyes2/fce2f5a78a4719682a0da36e5f21a9f8"}, {"value": " "}, {"value": "es", "hintTable": {"rows": [[{"hint": "is", "colspan": 1}], [{"hint": "are you", "colspan": 1}], [{"hint": "it's", "colspan": 1}]], "references": []}, "tts": "https://d1vq87e9lcf771.cloudfront.net/lilyes2/9e00818b7986d9af4aeef208bfcd3709"}, {"value": " "}, {"value": "demasiado", "hintTable": {"rows": [[{"hint": "too", "colspan": 1}], [{"hint": "too much", "colspan": 1}], [{"hint": "too long", "colspan": 1}]], "references": []}, "tts": "https://d1vq87e9lcf771.cloudfront.net/lilyes2/945912b897bbafda09db6ec4bf4c1ca7"}, {"value": " "}, {"value": "complicado", "hintTable": {"rows": [[{"hint": "involved", "colspan": 1}], [{"hint": "tricky", "colspan": 1}], [{"hint": "complicated", "colspan": 1}]], "references": []}, "tts": "https://d1vq87e9lcf771.cloudfront.net/lilyes2/98f7ba48af0e36744b747fdc90ffb57a"}, {"value": " "}, {"value": "y", "hintTable": {"rows": [[{"hint": "and", "colspan": 1}]], "references": []}, "tts": "https://d1vq87e9lcf771.cloudfront.net/lilyes2/0b4b8b823c9000ee055e63dd826d4768"}, {"value": " "}, {"value": "no", "hintTable": {"rows": [[{"hint": "do not", "colspan": 1}], [{"hint": "wasn't", "colspan": 1}], [{"hint": "n't", "colspan": 1}]], "references": []}, "tts": "https://d1vq87e9lcf771.cloudfront.net/lilyes2/eec43e9038cd06894516657ddd4dd252"}, {"value": " "}, {"value": "entiendo", "hintTable": {"rows": [[{"hint": "(I) can understand", "colspan": 1}], [{"hint": "understand", "colspan": 1}], [{"hint": "get", "colspan": 1}]], "references": []}, "tts": "https://d1vq87e9lcf771.cloudfront.net/lilyes2/6aec4ffeb58506819350ba1ef0804c20"}, {"value": " "}, {"value": "nada", "hintTable": {"headers": ["nada", "de"], "rows": [[{"hint": "any", "colspan": 2}], [{"hint": "any", "colspan": 1}, {"colspan": 1}], [{"hint": "none", "colspan": 1}, {"colspan": 1}], [{"hint": "anything", "colspan": 1}, {"colspan": 1}]], "references": [9]}, "tts": "https://d1vq87e9lcf771.cloudfront.net/lilyes2/4267c3a77b3d69edaab4c7a59cfb1bdc"}, {"value": " "}, {"value": "de", "hintTable": {"headers": ["nada", "de"], "rows": [[{"hint": "any", "colspan": 2}], [{"colspan": 1}, {"hint": "'s", "colspan": 2}], [{"colspan": 1}, {"hint": "with", "colspan": 1}], [{"colspan": 1}, {"hint": "made of", "colspan": 1}]], "references": [10]}, "tts": "https://d1vq87e9lcf771.cloudfront.net/lilyes2/45785fb776078df124ca406b9dfdb075"}, {"value": " "}, {"value": "la", "hintTable": {"headers": ["de", "la"], "rows": [[{"hint": "'s", "colspan": 2}], [{"colspan": 1}, {"hint": "the", "colspan": 1}], [{"colspan": 1}, {"hint": "your", "colspan": 1}], [{"colspan": 1}, {"hint": "her", "colspan": 1}]], "references": [9]}, "tts": "https://d1vq87e9lcf771.cloudfront.net/lilyes2/970e8b8c2c7b1ef6d3178cd4bd09258e"}, {"value": " "}, {"value": "trama", "hintTable": {"rows": [[{"hint": "plot", "colspan": 1}]], "references": []}, "tts": "https://d1vq87e9lcf771.cloudfront.net/lilyes2/5c6cf38048d959dcca0c645f88ad48f6"}, {"value": "."}]}, "subtext": {"styledString": {"text": "This drama is too complicated, and I don't understand the plot at all.", "styling": [{"styleClass": "light", "from": 0, "to": 70, "attributes": {}}]}, "tokenTTS": {"tokenTTSCollection": []}}, "gender": "female", "character": "lily", "ttsURL": "https://d1vq87e9lcf771.cloudfront.net/lilyes2/772462e549b7cd5c3016861c56dd8db6"}, {"text": {"styledString": {"text": "\u00a1Es f\u00e1cil! Le dijeron que era hu\u00e9rfana, \u00a1pero todo era mentira!", "styling": [{"styleClass": "text", "from": 0, "to": 63, "attributes": {}}]}, "tokenTTS": {"tokenTTSCollection": []}, "blockHints": [{"value": "\u00a1"}, {"value": "Es", "hintTable": {"rows": [[{"hint": "is", "colspan": 1}], [{"hint": "are you", "colspan": 1}], [{"hint": "it's", "colspan": 1}]], "references": []}, "tts": "https://d1vq87e9lcf771.cloudfront.net/zaries/3b6c0257ed5bd30a29d7f676bce7a4ba"}, {"value": " "}, {"value": "f\u00e1cil", "hintTable": {"rows": [[{"hint": "easy", "colspan": 1}], [{"hint": "softer", "colspan": 1}], [{"hint": "easily", "colspan": 1}]], "references": []}, "tts": "https://d1vq87e9lcf771.cloudfront.net/zaries/bfe1f9824d6febf75241b67c54eb658a"}, {"value": "!"}, {"value": " "}, {"value": "Le", "hintTable": {"rows": [[{"hint": "her", "colspan": 1}], [{"hint": "to her", "colspan": 1}], [{"hint": "they", "colspan": 1}]], "references": []}, "tts": "https://d1vq87e9lcf771.cloudfront.net/zaries/0417622eedca76839934de834f8331a5"}, {"value": " "}, {"value": "dijeron", "hintTable": {"rows": [[{"hint": "said", "colspan": 1}], [{"hint": "(?) did they say", "colspan": 1}], [{"hint": "(they) said", "colspan": 1}]], "references": []}, "tts": "https://d1vq87e9lcf771.cloudfront.net/zaries/dbe75d16e8caa6dfbf20306d2d0ed287"}, {"value": " "}, {"value": "que", "hintTable": {"rows": [[{"hint": "because", "colspan": 1}], [{"hint": "that", "colspan": 1}], [{"hint": "I hope", "colspan": 1}]], "references": []}, "tts": "https://d1vq87e9lcf771.cloudfront.net/zaries/deba12dadff4272c9b5b0eaa7a8eef76"}, {"value": " "}, {"value": "era", "hintTable": {"rows": [[{"hint": "they were", "colspan": 1}], [{"hint": "age", "colspan": 1}], [{"hint": "were", "colspan": 1}]], "references": []}, "tts": "https://d1vq87e9lcf771.cloudfront.net/zaries/840fb45fe867f8e19ac938e3e31c14b9"}, {"value": " "}, {"value": "hu\u00e9rfana", "hintTable": {"rows": [[{"hint": "orphan", "colspan": 1}]], "references": []}, "tts": "https://d1vq87e9lcf771.cloudfront.net/zaries/97d6a9ed6a8d156998337527334528e5"}, {"value": ","}, {"value": " "}, {"value": "\u00a1"}, {"value": "pero", "hintTable": {"rows": [[{"hint": "but", "colspan": 1}], [{"hint": "yet", "colspan": 1}]], "references": []}, "tts": "https://d1vq87e9lcf771.cloudfront.net/zaries/272babd01bf75bd9e1d2afd68dada05e"}, {"value": " "}, {"value": "todo", "hintTable": {"rows": [[{"hint": "all", "colspan": 1}], [{"hint": "whole", "colspan": 1}], [{"hint": "everybody", "colspan": 1}]], "references": []}, "tts": "https://d1vq87e9lcf771.cloudfront.net/zaries/5125ff2f5ef4ec7ba2207da9fb531e66"}, {"value": " "}, {"value": "era", "hintTable": {"rows": [[{"hint": "they were", "colspan": 1}], [{"hint": "age", "colspan": 1}], [{"hint": "were", "colspan": 1}]], "references": []}, "tts": "https://d1vq87e9lcf771.cloudfront.net/zaries/840fb45fe867f8e19ac938e3e31c14b9"}, {"value": " "}, {"value": "mentira", "hintTable": {"rows": [[{"hint": "lied", "colspan": 1}], [{"hint": "white mark", "colspan": 1}], [{"hint": "lie", "colspan": 1}]], "references": []}, "tts": "https://d1vq87e9lcf771.cloudfront.net/zaries/6f2fed1d7aef2732de76973086bcd7f6"}, {"value": "!"}]}, "subtext": {"styledString": {"text": "It's easy! She was told that she's an orphan, but it was all a lie!", "styling": [{"styleClass": "light", "from": 0, "to": 67, "attributes": {}}]}, "tokenTTS": {"tokenTTSCollection": []}}, "gender": "female", "character": "zari", "ttsURL": "https://d1vq87e9lcf771.cloudfront.net/zaries/2f5d145d0fc1ba9ad11a77be19775bce"}]}, "meta": {"sectionIndex": 0, "backgroundColor": null}}]}