{"elements": [{"type": "verticalSpace", "element": 2, "meta": {"autoPlayableTTS": [], "sectionIndex": 0, "backgroundColor": "E5E5E5"}}, {"type": "verticalSpace", "element": 24, "meta": {"autoPlayableTTS": [], "sectionIndex": 0, "backgroundColor": null}}, {"type": "text", "element": {"styledString": {"text": "KEY PHRASES", "styling": [{"from": 0, "to": 11, "attributes": {"alignment": "left", "fontSize": 17, "fontWeight": "bold", "textColor": "1CB0F6", "lineSpacing": 4}}]}, "tokenTTS": {"tokenTTSCollection": []}}, "meta": {"autoPlayableTTS": [], "sectionIndex": 0, "backgroundColor": null}}, {"type": "verticalSpace", "element": 8, "meta": {"autoPlayableTTS": [], "sectionIndex": 0, "backgroundColor": null}}, {"type": "text", "element": {"styledString": {"text": "Use rien and personne", "styling": [{"from": 0, "to": 21, "attributes": {"alignment": "left", "fontSize": 25, "fontWeight": "bold", "textColor": "4B4B4B", "lineSpacing": 4}}]}, "tokenTTS": {"tokenTTSCollection": []}}, "meta": {"autoPlayableTTS": [], "sectionIndex": 0, "backgroundColor": null}}, {"type": "verticalSpace", "element": 16, "meta": {"autoPlayableTTS": [], "sectionIndex": 0, "backgroundColor": null}}, {"type": "dialogue", "element": {"phrases": [{"text": {"styledString": {"text": "Personne n'a entendu l'annonce du pilote.", "styling": [{"from": 0, "to": 41, "attributes": {"alignment": "left", "fontSize": 19, "fontWeight": "normal", "textColor": "4B4B4B", "lineSpacing": 5}}]}, "tokenTTS": {"tokenTTSCollection": []}, "blockHints": [{"value": "Personne", "hintTable": {"headers": ["personne", "n'"], "rows": [[{"hint": "no one", "colspan": 2}], [{"hint": "nobody", "colspan": 2}], [{"hint": "no one", "colspan": 1}, {"colspan": 1}], [{"hint": "nobody", "colspan": 1}, {"colspan": 1}], [{"hint": "anyone", "colspan": 1}, {"colspan": 1}]], "references": [1]}, "tts": "https://d1vq87e9lcf771.cloudfront.net/danielle/0d27c1d6a0f9b81224f0ebec6879cead"}, {"value": " "}, {"value": "n'", "hintTable": {"headers": ["personne", "n'"], "rows": [[{"hint": "no one", "colspan": 2}], [{"hint": "nobody", "colspan": 2}], [{"colspan": 1}, {"hint": "do not", "colspan": 1}], [{"colspan": 1}, {"hint": "don't", "colspan": 1}], [{"colspan": 1}, {"hint": "does not", "colspan": 1}]], "references": [0]}, "tts": "https://d1vq87e9lcf771.cloudfront.net/danielle/9689399b2fce8825c17cae9a38ac2700"}, {"value": "a", "hintTable": {"headers": ["a", "entendu"], "rows": [[{"hint": "heard", "colspan": 2}], [{"hint": "has", "colspan": 1}, {"colspan": 1}], [{"hint": "get", "colspan": 1}, {"colspan": 1}], [{"hint": "gets", "colspan": 1}, {"colspan": 1}]], "references": [3]}, "tts": "https://d1vq87e9lcf771.cloudfront.net/danielle/634fc80350d4866a1d055dc60cc43de0"}, {"value": " "}, {"value": "entendu", "hintTable": {"headers": ["a", "entendu"], "rows": [[{"hint": "heard", "colspan": 2}], [{"colspan": 1}, {"hint": "heard", "colspan": 1}], [{"colspan": 1}, {"hint": "hear", "colspan": 1}], [{"colspan": 1}, {"hint": "understood", "colspan": 1}]], "references": [2]}, "tts": "https://d1vq87e9lcf771.cloudfront.net/danielle/5ee521dfb33c1bd8f41aa02f302f9d84"}, {"value": " "}, {"value": "l'", "hintTable": {"rows": [[{"hint": "the", "colspan": 1}], [{"hint": "with", "colspan": 1}], [{"hint": "her", "colspan": 1}]], "references": []}, "tts": "https://d1vq87e9lcf771.cloudfront.net/danielle/a201415fcbb4c30128fee4029161ee1d"}, {"value": "annonce", "hintTable": {"rows": [[{"hint": "announcement", "colspan": 1}], [{"hint": "is announcing", "colspan": 1}], [{"hint": "announce", "colspan": 1}]], "references": []}, "tts": "https://d1vq87e9lcf771.cloudfront.net/danielle/01ddc9fa0384e5afcd733ce075e256c9"}, {"value": " "}, {"value": "du", "hintTable": {"rows": [[{"hint": "the", "colspan": 1}], [{"hint": "'s", "colspan": 1}], [{"hint": "to the", "colspan": 1}]], "references": []}, "tts": "https://d1vq87e9lcf771.cloudfront.net/danielle/e0e916e6c5e88909eac6dc9831859026"}, {"value": " "}, {"value": "pilote", "hintTable": {"rows": [[{"hint": "pilot", "colspan": 1}]], "references": []}, "tts": "https://d1vq87e9lcf771.cloudfront.net/danielle/bc8eb5e69a86c6f3ca1b0d8b1ecfe7ed"}, {"value": "."}]}, "subtext": {"styledString": {"text": "No one heard the pilot's announcement.", "styling": [{"from": 0, "to": 38, "attributes": {"alignment": "left", "fontSize": 19, "fontWeight": "normal", "textColor": "AFAFAF", "lineSpacing": 5}}]}, "tokenTTS": {"tokenTTSCollection": []}}, "ttsURL": "https://d1vq87e9lcf771.cloudfront.net/danielle/76b0ae91870ab6933c45219819a3df8c"}, {"text": {"styledString": {"text": "Oui, j'esp\u00e8re qu'ils vont la r\u00e9p\u00e9ter.", "styling": [{"from": 0, "to": 37, "attributes": {"alignment": "left", "fontSize": 19, "fontWeight": "normal", "textColor": "4B4B4B", "lineSpacing": 5}}]}, "tokenTTS": {"tokenTTSCollection": []}, "blockHints": [{"value": "Oui", "hintTable": {"rows": [[{"hint": "yes", "colspan": 1}]], "references": []}, "tts": "https://d1vq87e9lcf771.cloudfront.net/danielle/18b92825cd15e502daa75a0d64f3cdd4"}, {"value": ","}, {"value": " "}, {"value": "j'", "hintTable": {"rows": [[{"hint": "I", "colspan": 1}]], "references": []}, "tts": "https://d1vq87e9lcf771.cloudfront.net/danielle/c839fdc2ccbaf9f6fe27b78659f801f2"}, {"value": "esp\u00e8re", "hintTable": {"rows": [[{"hint": "hope", "colspan": 1}], [{"hint": "am hoping", "colspan": 1}], [{"hint": "hopes", "colspan": 1}]], "references": []}, "tts": "https://d1vq87e9lcf771.cloudfront.net/danielle/37de85e6340538815eee23da0c1ab8d5"}, {"value": " "}, {"value": "qu'", "hintTable": {"rows": [[{"hint": "only", "colspan": 1}], [{"hint": "that", "colspan": 1}], [{"hint": "than", "colspan": 1}]], "references": []}, "tts": "https://d1vq87e9lcf771.cloudfront.net/danielle/4b617eb072e829480cac0f6a39d33d3e"}, {"value": "ils", "hintTable": {"headers": ["ils", "vont"], "rows": [[{"hint": "they'll", "colspan": 2}], [{"hint": "they", "colspan": 1}, {"colspan": 1}], [{"hint": "they'll", "colspan": 1}, {"colspan": 1}], [{"hint": "they're", "colspan": 1}, {"colspan": 1}]], "references": [5]}, "tts": "https://d1vq87e9lcf771.cloudfront.net/danielle/fa369075a68fadc733e36d6d7de8e2e9"}, {"value": " "}, {"value": "vont", "hintTable": {"headers": ["ils", "vont"], "rows": [[{"hint": "they'll", "colspan": 2}], [{"colspan": 1}, {"hint": "are going to", "colspan": 1}], [{"colspan": 1}, {"hint": "are going", "colspan": 1}], [{"colspan": 1}, {"hint": "going", "colspan": 1}]], "references": [4]}, "tts": "https://d1vq87e9lcf771.cloudfront.net/danielle/783ab8e0ea809f93d9339633e528df16"}, {"value": " "}, {"value": "la", "hintTable": {"rows": [[{"hint": "the", "colspan": 1}], [{"hint": "it", "colspan": 1}], [{"hint": "your", "colspan": 1}]], "references": []}, "tts": "https://d1vq87e9lcf771.cloudfront.net/danielle/a3839459c4a22bd261d776fc91b0977e"}, {"value": " "}, {"value": "r\u00e9p\u00e9ter", "hintTable": {"rows": [[{"hint": "to practice", "colspan": 1}], [{"hint": "repeat", "colspan": 1}], [{"hint": "runs", "colspan": 1}]], "references": []}, "tts": "https://d1vq87e9lcf771.cloudfront.net/danielle/30ba06347d189a19fed0789205bd747e"}, {"value": "."}]}, "subtext": {"styledString": {"text": "Yes, I hope they are going to repeat it.", "styling": [{"from": 0, "to": 40, "attributes": {"alignment": "left", "fontSize": 19, "fontWeight": "normal", "textColor": "AFAFAF", "lineSpacing": 5}}]}, "tokenTTS": {"tokenTTSCollection": []}}, "ttsURL": "https://d1vq87e9lcf771.cloudfront.net/danielle/561c85b1854b2988e0c3617adb561edd"}]}, "meta": {"autoPlayableTTS": [], "sectionIndex": 0, "backgroundColor": null}}, {"type": "verticalSpace", "element": 16, "meta": {"autoPlayableTTS": [], "sectionIndex": 0, "backgroundColor": null}}, {"type": "dialogue", "element": {"phrases": [{"text": {"styledString": {"text": "Pourquoi tu n'attaches pas ta ceinture ?", "styling": [{"from": 0, "to": 40, "attributes": {"alignment": "left", "fontSize": 19, "fontWeight": "normal", "textColor": "4B4B4B", "lineSpacing": 5}}]}, "tokenTTS": {"tokenTTSCollection": []}, "blockHints": [{"value": "Pourquoi", "hintTable": {"rows": [[{"hint": "why", "colspan": 1}]], "references": []}, "tts": "https://d1vq87e9lcf771.cloudfront.net/danielle/06075f8c640d7b8e105137ec702a8a7c"}, {"value": " "}, {"value": "tu", "hintTable": {"rows": [[{"hint": "you", "colspan": 1}], [{"hint": "you'll", "colspan": 1}]], "references": []}, "tts": "https://d1vq87e9lcf771.cloudfront.net/danielle/108696c9e1fe68d2beb23bb6f937a618"}, {"value": " "}, {"value": "n'", "hintTable": {"headers": ["n'", "...", "pas"], "rows": [[{"hint": "doesn't", "colspan": 3}], [{"hint": "not", "colspan": 3}], [{"hint": "do not", "colspan": 3}], [{"hint": "do not", "colspan": 1}, {"colspan": 1}, {"colspan": 1}], [{"hint": "don't", "colspan": 1}, {"colspan": 1}, {"colspan": 1}], [{"hint": "not", "colspan": 1}, {"colspan": 1}, {"colspan": 1}]], "references": [4]}, "tts": "https://d1vq87e9lcf771.cloudfront.net/danielle/9689399b2fce8825c17cae9a38ac2700"}, {"value": "attaches", "hintTable": {"rows": [[{"hint": "are fastening", "colspan": 1}], [{"hint": "are tying", "colspan": 1}], [{"hint": "fasten", "colspan": 1}]], "references": []}, "tts": "https://d1vq87e9lcf771.cloudfront.net/danielle/f826980e0acabf44858c3a52ba796f8b"}, {"value": " "}, {"value": "pas", "hintTable": {"headers": ["n'", "...", "pas"], "rows": [[{"hint": "doesn't", "colspan": 3}], [{"hint": "not", "colspan": 3}], [{"hint": "do not", "colspan": 3}], [{"colspan": 1}, {"colspan": 1}, {"hint": "don't", "colspan": 1}], [{"colspan": 1}, {"colspan": 1}, {"hint": "not", "colspan": 1}], [{"colspan": 1}, {"colspan": 1}, {"hint": "no", "colspan": 1}]], "references": [2]}, "tts": "https://d1vq87e9lcf771.cloudfront.net/danielle/c456a9e187b2f0772875204436cd741c"}, {"value": " "}, {"value": "ta", "hintTable": {"rows": [[{"hint": "your", "colspan": 1}]], "references": []}, "tts": "https://d1vq87e9lcf771.cloudfront.net/danielle/6a2ad7f25fb32af5eafd6d1ae20498ff"}, {"value": " "}, {"value": "ceinture", "hintTable": {"rows": [[{"hint": "seatbelt", "colspan": 1}], [{"hint": "belt", "colspan": 1}]], "references": []}, "tts": "https://d1vq87e9lcf771.cloudfront.net/danielle/2fde4bdb4aabf5a60a1d0f918904229f"}, {"value": " "}, {"value": "?"}]}, "subtext": {"styledString": {"text": "Why aren't you fastening your seatbelt?", "styling": [{"from": 0, "to": 39, "attributes": {"alignment": "left", "fontSize": 19, "fontWeight": "normal", "textColor": "AFAFAF", "lineSpacing": 5}}]}, "tokenTTS": {"tokenTTSCollection": []}}, "ttsURL": "https://d1vq87e9lcf771.cloudfront.net/danielle/c6a6c7485719d054c916ec7eb8ecc6e4"}, {"text": {"styledString": {"text": "Personne ne veut attacher sa ceinture dans le bus.", "styling": [{"from": 0, "to": 50, "attributes": {"alignment": "left", "fontSize": 19, "fontWeight": "normal", "textColor": "4B4B4B", "lineSpacing": 5}}]}, "tokenTTS": {"tokenTTSCollection": []}, "blockHints": [{"value": "Personne", "hintTable": {"headers": ["personne", "ne"], "rows": [[{"hint": "no one", "colspan": 2}], [{"hint": "nobody", "colspan": 2}], [{"hint": "no one", "colspan": 1}, {"colspan": 1}], [{"hint": "nobody", "colspan": 1}, {"colspan": 1}], [{"hint": "anyone", "colspan": 1}, {"colspan": 1}]], "references": [1]}, "tts": "https://d1vq87e9lcf771.cloudfront.net/danielle/0d27c1d6a0f9b81224f0ebec6879cead"}, {"value": " "}, {"value": "ne", "hintTable": {"headers": ["personne", "ne"], "rows": [[{"hint": "no one", "colspan": 2}], [{"hint": "nobody", "colspan": 2}], [{"colspan": 1}, {"hint": "do not", "colspan": 1}], [{"colspan": 1}, {"hint": "does not", "colspan": 1}], [{"colspan": 1}, {"hint": "won't", "colspan": 1}]], "references": [0]}, "tts": "https://d1vq87e9lcf771.cloudfront.net/danielle/fe3f8d62d97c884f0447fe90d9a2f872"}, {"value": " "}, {"value": "veut", "hintTable": {"rows": [[{"hint": "wants", "colspan": 1}], [{"hint": "want", "colspan": 1}]], "references": []}, "tts": "https://d1vq87e9lcf771.cloudfront.net/danielle/26d43fedf97b5df2532608e86dd16f0a"}, {"value": " "}, {"value": "attacher", "hintTable": {"rows": [[{"hint": "fasten", "colspan": 1}], [{"hint": "tie", "colspan": 1}], [{"hint": "tying", "colspan": 1}]], "references": []}, "tts": "https://d1vq87e9lcf771.cloudfront.net/danielle/36c24093e3f9e980a7465c107af40142"}, {"value": " "}, {"value": "sa", "hintTable": {"rows": [[{"hint": "their", "colspan": 1}], [{"hint": "her", "colspan": 1}], [{"hint": "his", "colspan": 1}]], "references": []}, "tts": "https://d1vq87e9lcf771.cloudfront.net/danielle/e0b0aa9495b0e74a10d199d85b8076ec"}, {"value": " "}, {"value": "ceinture", "hintTable": {"rows": [[{"hint": "seatbelt", "colspan": 1}], [{"hint": "belt", "colspan": 1}]], "references": []}, "tts": "https://d1vq87e9lcf771.cloudfront.net/danielle/2fde4bdb4aabf5a60a1d0f918904229f"}, {"value": " "}, {"value": "dans", "hintTable": {"headers": ["dans", "le", "bus"], "rows": [[{"hint": "on the bus", "colspan": 3}], [{"hint": "on", "colspan": 1}, {"colspan": 1}, {"colspan": 1}], [{"hint": "to", "colspan": 1}, {"colspan": 1}, {"colspan": 1}], [{"hint": "in", "colspan": 1}, {"colspan": 1}, {"colspan": 1}]], "references": [7, 8]}, "tts": "https://d1vq87e9lcf771.cloudfront.net/danielle/c4232879fe12ea9d37d2fda9eb1704bb"}, {"value": " "}, {"value": "le", "hintTable": {"headers": ["dans", "le", "bus"], "rows": [[{"hint": "on the bus", "colspan": 3}], [{"colspan": 1}, {"hint": "on the", "colspan": 1}, {"colspan": 1}], [{"colspan": 1}, {"hint": "the", "colspan": 1}, {"colspan": 1}], [{"colspan": 1}, {"hint": "their", "colspan": 1}, {"colspan": 1}]], "references": [6, 8]}, "tts": "https://d1vq87e9lcf771.cloudfront.net/danielle/53635582b04179582406de15f6c2a6fa"}, {"value": " "}, {"value": "bus", "hintTable": {"headers": ["dans", "le", "bus"], "rows": [[{"hint": "on the bus", "colspan": 3}], [{"colspan": 1}, {"colspan": 1}, {"hint": "bus", "colspan": 1}], [{"colspan": 1}, {"colspan": 1}, {"hint": "buses", "colspan": 1}]], "references": [6, 7]}, "tts": "https://d1vq87e9lcf771.cloudfront.net/danielle/5f8cdecea1c645e8bc3ff103642427f6"}, {"value": "."}]}, "subtext": {"styledString": {"text": "No one wants to fasten their seatbelt on the bus.", "styling": [{"from": 0, "to": 49, "attributes": {"alignment": "left", "fontSize": 19, "fontWeight": "normal", "textColor": "AFAFAF", "lineSpacing": 5}}]}, "tokenTTS": {"tokenTTSCollection": []}}, "ttsURL": "https://d1vq87e9lcf771.cloudfront.net/danielle/4cd70948edcb41156266d04fa5246de0"}]}, "meta": {"autoPlayableTTS": [], "sectionIndex": 0, "backgroundColor": null}}, {"type": "verticalSpace", "element": 16, "meta": {"autoPlayableTTS": [], "sectionIndex": 0, "backgroundColor": null}}, {"type": "dialogue", "element": {"phrases": [{"text": {"styledString": {"text": "Nous n'avons rien vu \u00e0 cause des nuages.", "styling": [{"from": 0, "to": 40, "attributes": {"alignment": "left", "fontSize": 19, "fontWeight": "normal", "textColor": "4B4B4B", "lineSpacing": 5}}]}, "tokenTTS": {"tokenTTSCollection": []}, "blockHints": [{"value": "Nous", "hintTable": {"rows": [[{"hint": "we", "colspan": 1}], [{"hint": "us", "colspan": 1}], [{"hint": "to each other", "colspan": 1}]], "references": []}, "tts": "https://d1vq87e9lcf771.cloudfront.net/danielle/7f1cf4acbc8ec94bd2a083a118772eb6"}, {"value": " "}, {"value": "n'", "hintTable": {"rows": [[{"hint": "not", "colspan": 1}], [{"hint": "do not", "colspan": 1}], [{"hint": "don't", "colspan": 1}]], "references": []}, "tts": "https://d1vq87e9lcf771.cloudfront.net/danielle/9689399b2fce8825c17cae9a38ac2700"}, {"value": "avons", "hintTable": {"rows": [[{"hint": "have", "colspan": 1}], [{"hint": "get", "colspan": 1}]], "references": []}, "tts": "https://d1vq87e9lcf771.cloudfront.net/danielle/7f4bf7388fef299b60a17b7f9da22ba2"}, {"value": " "}, {"value": "rien", "hintTable": {"rows": [[{"hint": "anything", "colspan": 1}], [{"hint": "not ... anything", "colspan": 1}], [{"hint": "nothing", "colspan": 1}]], "references": []}, "tts": "https://d1vq87e9lcf771.cloudfront.net/danielle/b3957235a639fc5374bdcf1fad247f05"}, {"value": " "}, {"value": "vu", "hintTable": {"headers": ["vu", "\u00e0"], "rows": [[{"hint": "see to it that", "colspan": 2}], [{"hint": "make sure that", "colspan": 2}], [{"hint": "see", "colspan": 1}, {"colspan": 1}], [{"hint": "saw", "colspan": 1}, {"colspan": 1}], [{"hint": "seen", "colspan": 1}, {"colspan": 1}]], "references": [5]}, "tts": "https://d1vq87e9lcf771.cloudfront.net/danielle/b2bee71ce4ed41448c5eeb3d7af72dd7"}, {"value": " "}, {"value": "\u00e0", "hintTable": {"headers": ["\u00e0", "cause"], "rows": [[{"hint": "because", "colspan": 2}], [{"hint": "of", "colspan": 1}, {"colspan": 1}], [{"hint": "see you", "colspan": 1}, {"colspan": 1}], [{"hint": "on", "colspan": 1}, {"colspan": 1}]], "references": [4]}, "tts": "https://d1vq87e9lcf771.cloudfront.net/danielle/525d3aba641b4330345f33346eb9959d"}, {"value": " "}, {"value": "cause", "hintTable": {"headers": ["\u00e0", "cause"], "rows": [[{"hint": "because", "colspan": 2}], [{"colspan": 1}, {"hint": "is causing", "colspan": 1}], [{"colspan": 1}, {"hint": "cause", "colspan": 1}], [{"colspan": 1}, {"hint": "causes", "colspan": 1}]], "references": [5]}, "tts": "https://d1vq87e9lcf771.cloudfront.net/danielle/5d397968a2afeb80cb60d9d7da9c78ff"}, {"value": " "}, {"value": "des", "hintTable": {"rows": [[{"hint": "of the", "colspan": 1}], [{"hint": "the", "colspan": 1}], [{"hint": "of", "colspan": 1}]], "references": []}, "tts": "https://d1vq87e9lcf771.cloudfront.net/danielle/faa431d60cece297634c78033f5133cb"}, {"value": " "}, {"value": "nuages", "hintTable": {"rows": [[{"hint": "clouds", "colspan": 1}]], "references": []}, "tts": "https://d1vq87e9lcf771.cloudfront.net/danielle/aa9a121e2e4114c87f0ef199140e3a72"}, {"value": "."}]}, "subtext": {"styledString": {"text": "We didn't see anything because of the clouds.", "styling": [{"from": 0, "to": 45, "attributes": {"alignment": "left", "fontSize": 19, "fontWeight": "normal", "textColor": "AFAFAF", "lineSpacing": 5}}]}, "tokenTTS": {"tokenTTSCollection": []}}, "ttsURL": "https://d1vq87e9lcf771.cloudfront.net/danielle/09d235a645ce334a4cfe885fed2a9f73"}]}, "meta": {"autoPlayableTTS": [], "sectionIndex": 0, "backgroundColor": null}}, {"type": "verticalSpace", "element": 16, "meta": {"autoPlayableTTS": [], "sectionIndex": 0, "backgroundColor": null}}, {"type": "dialogue", "element": {"phrases": [{"text": {"styledString": {"text": "Maintenant, rien ne peut retarder mon d\u00e9part.", "styling": [{"from": 0, "to": 45, "attributes": {"alignment": "left", "fontSize": 19, "fontWeight": "normal", "textColor": "4B4B4B", "lineSpacing": 5}}]}, "tokenTTS": {"tokenTTSCollection": []}, "blockHints": [{"value": "Maintenant", "hintTable": {"rows": [[{"hint": "now", "colspan": 1}], [{"hint": "now\u2015from", "colspan": 1}]], "references": []}, "tts": "https://d1vq87e9lcf771.cloudfront.net/danielle/9d88e57a43093d4cf8093979789b171d"}, {"value": ","}, {"value": " "}, {"value": "rien", "hintTable": {"rows": [[{"hint": "nothing", "colspan": 1}], [{"hint": "not ... anything", "colspan": 1}], [{"hint": "anything", "colspan": 1}]], "references": []}, "tts": "https://d1vq87e9lcf771.cloudfront.net/danielle/b3957235a639fc5374bdcf1fad247f05"}, {"value": " "}, {"value": "ne", "hintTable": {"headers": ["ne", "peut"], "rows": [[{"hint": "cannot", "colspan": 2}], [{"hint": "can't", "colspan": 2}], [{"hint": "do not", "colspan": 1}, {"colspan": 1}], [{"hint": "does not", "colspan": 1}, {"colspan": 1}], [{"hint": "won't", "colspan": 1}, {"colspan": 1}]], "references": [3]}, "tts": "https://d1vq87e9lcf771.cloudfront.net/danielle/fe3f8d62d97c884f0447fe90d9a2f872"}, {"value": " "}, {"value": "peut", "hintTable": {"headers": ["ne", "peut"], "rows": [[{"hint": "cannot", "colspan": 2}], [{"hint": "can't", "colspan": 2}], [{"colspan": 1}, {"hint": "can", "colspan": 1}], [{"colspan": 1}, {"hint": "may", "colspan": 1}]], "references": [2]}, "tts": "https://d1vq87e9lcf771.cloudfront.net/danielle/60eb619795f67ab70c97d53eb8220dac"}, {"value": " "}, {"value": "retarder", "hintTable": {"rows": [[{"hint": "delay", "colspan": 1}], [{"hint": "to delay", "colspan": 1}]], "references": []}, "tts": "https://d1vq87e9lcf771.cloudfront.net/danielle/40abb5dc158cb277a18e9af64cd031be"}, {"value": " "}, {"value": "mon", "hintTable": {"rows": [[{"hint": "my", "colspan": 1}]], "references": []}, "tts": "https://d1vq87e9lcf771.cloudfront.net/danielle/415eac14ad5c16e804201a45e5d2993d"}, {"value": " "}, {"value": "d\u00e9part", "hintTable": {"rows": [[{"hint": "departure", "colspan": 1}]], "references": []}, "tts": "https://d1vq87e9lcf771.cloudfront.net/danielle/30ab03f0c1af016c38dba47e46305e74"}, {"value": "."}]}, "subtext": {"styledString": {"text": "Now, nothing can delay my departure.", "styling": [{"from": 0, "to": 36, "attributes": {"alignment": "left", "fontSize": 19, "fontWeight": "normal", "textColor": "AFAFAF", "lineSpacing": 5}}]}, "tokenTTS": {"tokenTTSCollection": []}}, "ttsURL": "https://d1vq87e9lcf771.cloudfront.net/danielle/7d852e0a41ffe686ec2d8fda86f413fc"}]}, "meta": {"autoPlayableTTS": [], "sectionIndex": 0, "backgroundColor": null}}, {"type": "verticalSpace", "element": 24, "meta": {"autoPlayableTTS": [], "sectionIndex": 0, "backgroundColor": null}}], "resourcesToPrefetch": [{"required": false, "url": "https://d1vq87e9lcf771.cloudfront.net/danielle/7d852e0a41ffe686ec2d8fda86f413fc", "type": "mp3"}, {"required": false, "url": "https://d1vq87e9lcf771.cloudfront.net/danielle/09d235a645ce334a4cfe885fed2a9f73", "type": "mp3"}, {"required": false, "url": "https://d1vq87e9lcf771.cloudfront.net/danielle/4cd70948edcb41156266d04fa5246de0", "type": "mp3"}, {"required": false, "url": "https://d1vq87e9lcf771.cloudfront.net/danielle/561c85b1854b2988e0c3617adb561edd", "type": "mp3"}, {"required": false, "url": "https://d1vq87e9lcf771.cloudfront.net/danielle/c6a6c7485719d054c916ec7eb8ecc6e4", "type": "mp3"}, {"required": false, "url": "https://d1vq87e9lcf771.cloudfront.net/danielle/76b0ae91870ab6933c45219819a3df8c", "type": "mp3"}]}