{"elements": [{"type": "verticalSpace", "element": 2, "meta": {"autoPlayableTTS": [], "sectionIndex": 0, "backgroundColor": "E5E5E5"}}, {"type": "verticalSpace", "element": 24, "meta": {"autoPlayableTTS": [], "sectionIndex": 0, "backgroundColor": null}}, {"type": "text", "element": {"styledString": {"text": "KEY PHRASES", "styling": [{"from": 0, "to": 11, "attributes": {"alignment": "left", "fontSize": 17, "fontWeight": "bold", "textColor": "1CB0F6", "lineSpacing": 4}}]}, "tokenTTS": {"tokenTTSCollection": []}}, "meta": {"autoPlayableTTS": [], "sectionIndex": 0, "backgroundColor": null}}, {"type": "verticalSpace", "element": 8, "meta": {"autoPlayableTTS": [], "sectionIndex": 0, "backgroundColor": null}}, {"type": "text", "element": {"styledString": {"text": "Make general statements", "styling": [{"from": 0, "to": 23, "attributes": {"alignment": "left", "fontSize": 25, "fontWeight": "bold", "textColor": "4B4B4B", "lineSpacing": 4}}]}, "tokenTTS": {"tokenTTSCollection": []}}, "meta": {"autoPlayableTTS": [], "sectionIndex": 0, "backgroundColor": null}}, {"type": "verticalSpace", "element": 16, "meta": {"autoPlayableTTS": [], "sectionIndex": 0, "backgroundColor": null}}, {"type": "dialogue", "element": {"phrases": [{"text": {"styledString": {"text": "Los caballos son animales fuertes y hermosos.", "styling": [{"from": 0, "to": 45, "attributes": {"alignment": "left", "fontSize": 19, "fontWeight": "normal", "textColor": "4B4B4B", "lineSpacing": 5}}]}, "tokenTTS": {"tokenTTSCollection": []}, "blockHints": [{"value": "Los", "hintTable": {"rows": [[{"hint": "the", "colspan": 1}], [{"hint": "their", "colspan": 1}], [{"hint": "your", "colspan": 1}]], "references": []}, "tts": "https://d1vq87e9lcf771.cloudfront.net/miguel/d863d8aa552c7c1c67edddbdd43fc33f"}, {"value": " "}, {"value": "caballos", "hintTable": {"rows": [[{"hint": "horses", "colspan": 1}]], "references": []}, "tts": "https://d1vq87e9lcf771.cloudfront.net/miguel/7b3bffa0f47d5e573530de76232902d3"}, {"value": " "}, {"value": "son", "hintTable": {"rows": [[{"hint": "are", "colspan": 1}], [{"hint": "(they) are", "colspan": 1}], [{"hint": "(you) are", "colspan": 1}]], "references": []}, "tts": "https://d1vq87e9lcf771.cloudfront.net/miguel/30c0054f6e0b41836d128f0ecd0bf8ed"}, {"value": " "}, {"value": "animales", "hintTable": {"rows": [[{"hint": "animals", "colspan": 1}]], "references": []}, "tts": "https://d1vq87e9lcf771.cloudfront.net/miguel/e6b2890a9155c8fd27631da95690c684"}, {"value": " "}, {"value": "fuertes", "hintTable": {"rows": [[{"hint": "strong", "colspan": 1}], [{"hint": "loud", "colspan": 1}], [{"hint": "severe", "colspan": 1}]], "references": []}, "tts": "https://d1vq87e9lcf771.cloudfront.net/miguel/939d94b9e34dda9ff0c05078830a02e1"}, {"value": " "}, {"value": "y", "hintTable": {"rows": [[{"hint": "and", "colspan": 1}]], "references": []}, "tts": "https://d1vq87e9lcf771.cloudfront.net/miguel/05e3848edd76360dcc4340e158ad7843"}, {"value": " "}, {"value": "hermosos", "hintTable": {"rows": [[{"hint": "beautiful", "colspan": 1}]], "references": []}, "tts": "https://d1vq87e9lcf771.cloudfront.net/miguel/2708e956be46cd429597b63bbbe963b1"}, {"value": "."}]}, "subtext": {"styledString": {"text": "Horses are strong, beautiful animals.", "styling": [{"from": 0, "to": 37, "attributes": {"alignment": "left", "fontSize": 19, "fontWeight": "normal", "textColor": "AFAFAF", "lineSpacing": 5}}]}, "tokenTTS": {"tokenTTSCollection": []}}, "ttsURL": "https://d1vq87e9lcf771.cloudfront.net/miguel/8a88b31df4dbfd8befb8512a833680e4"}, {"text": {"styledString": {"text": "Y corren r\u00e1pido.", "styling": [{"from": 0, "to": 16, "attributes": {"alignment": "left", "fontSize": 19, "fontWeight": "normal", "textColor": "4B4B4B", "lineSpacing": 5}}]}, "tokenTTS": {"tokenTTSCollection": []}, "blockHints": [{"value": "Y", "hintTable": {"rows": [[{"hint": "and", "colspan": 1}]], "references": []}, "tts": "https://d1vq87e9lcf771.cloudfront.net/miguel/05e3848edd76360dcc4340e158ad7843"}, {"value": " "}, {"value": "corren", "hintTable": {"rows": [[{"hint": "run", "colspan": 1}], [{"hint": "(they) run", "colspan": 1}], [{"hint": "are running", "colspan": 1}]], "references": []}, "tts": "https://d1vq87e9lcf771.cloudfront.net/miguel/de3397d03b0cb0534e2fcd9fa4a86150"}, {"value": " "}, {"value": "r\u00e1pido", "hintTable": {"rows": [[{"hint": "quick", "colspan": 1}], [{"hint": "quickly", "colspan": 1}], [{"hint": "smarter", "colspan": 1}]], "references": []}, "tts": "https://d1vq87e9lcf771.cloudfront.net/miguel/1b9159c4292cfa3d549fa7bdba481f7f"}, {"value": "."}]}, "subtext": {"styledString": {"text": "And they run fast.", "styling": [{"from": 0, "to": 18, "attributes": {"alignment": "left", "fontSize": 19, "fontWeight": "normal", "textColor": "AFAFAF", "lineSpacing": 5}}]}, "tokenTTS": {"tokenTTSCollection": []}}, "ttsURL": "https://d1vq87e9lcf771.cloudfront.net/miguel/b7e1d92de46869c96f81e8453ab20324"}]}, "meta": {"autoPlayableTTS": [], "sectionIndex": 0, "backgroundColor": null}}, {"type": "verticalSpace", "element": 16, "meta": {"autoPlayableTTS": [], "sectionIndex": 0, "backgroundColor": null}}, {"type": "dialogue", "element": {"phrases": [{"text": {"styledString": {"text": "Los m\u00e9dicos tienen que estudiar mucho.", "styling": [{"from": 0, "to": 38, "attributes": {"alignment": "left", "fontSize": 19, "fontWeight": "normal", "textColor": "4B4B4B", "lineSpacing": 5}}]}, "tokenTTS": {"tokenTTSCollection": []}, "blockHints": [{"value": "Los", "hintTable": {"rows": [[{"hint": "the", "colspan": 1}], [{"hint": "their", "colspan": 1}], [{"hint": "your", "colspan": 1}]], "references": []}, "tts": "https://d1vq87e9lcf771.cloudfront.net/miguel/d863d8aa552c7c1c67edddbdd43fc33f"}, {"value": " "}, {"value": "m\u00e9dicos", "hintTable": {"rows": [[{"hint": "doctors", "colspan": 1}], [{"hint": "medical", "colspan": 1}]], "references": []}, "tts": "https://d1vq87e9lcf771.cloudfront.net/miguel/9be258abf37401ca104d541b98ea0f5d"}, {"value": " "}, {"value": "tienen", "hintTable": {"headers": ["tienen", "que"], "rows": [[{"hint": "(they) have to", "colspan": 2}], [{"hint": "has to", "colspan": 2}], [{"hint": "(?) do you need to go", "colspan": 2}], [{"hint": "(you) have", "colspan": 1}, {"colspan": 1}], [{"hint": "have", "colspan": 1}, {"colspan": 1}], [{"hint": "(they) have", "colspan": 1}, {"colspan": 1}]], "references": [3]}, "tts": "https://d1vq87e9lcf771.cloudfront.net/miguel/33c11c3b68dd50b8ac1d6a55038f1baf"}, {"value": " "}, {"value": "que", "hintTable": {"headers": ["tienen", "que"], "rows": [[{"hint": "(they) have to", "colspan": 2}], [{"hint": "has to", "colspan": 2}], [{"hint": "(?) do you need to go", "colspan": 2}], [{"colspan": 1}, {"hint": "to", "colspan": 1}], [{"colspan": 1}, {"hint": "for", "colspan": 1}], [{"colspan": 1}, {"hint": "because", "colspan": 1}]], "references": [2]}, "tts": "https://d1vq87e9lcf771.cloudfront.net/miguel/a1ac789b0b8d37cb82d476eff39cdd67"}, {"value": " "}, {"value": "estudiar", "hintTable": {"rows": [[{"hint": "(to) study", "colspan": 1}], [{"hint": "study", "colspan": 1}], [{"hint": "studying", "colspan": 1}]], "references": []}, "tts": "https://d1vq87e9lcf771.cloudfront.net/miguel/ef9b2fd4dd81bdba5cd74172326dcfee"}, {"value": " "}, {"value": "mucho", "hintTable": {"rows": [[{"hint": "a lot", "colspan": 1}], [{"hint": "a lot of", "colspan": 1}], [{"hint": "long", "colspan": 1}]], "references": []}, "tts": "https://d1vq87e9lcf771.cloudfront.net/penelope/caadf9e19061cdbcccfdc8d286125db2"}, {"value": "."}]}, "subtext": {"styledString": {"text": "Doctors have to study a lot.", "styling": [{"from": 0, "to": 28, "attributes": {"alignment": "left", "fontSize": 19, "fontWeight": "normal", "textColor": "AFAFAF", "lineSpacing": 5}}]}, "tokenTTS": {"tokenTTSCollection": []}}, "ttsURL": "https://d1vq87e9lcf771.cloudfront.net/miguel/0b1bc5188d28187f4ad3a29b32880ced"}, {"text": {"styledString": {"text": "S\u00ed, y trabajan de d\u00eda y de noche.", "styling": [{"from": 0, "to": 33, "attributes": {"alignment": "left", "fontSize": 19, "fontWeight": "normal", "textColor": "4B4B4B", "lineSpacing": 5}}]}, "tokenTTS": {"tokenTTSCollection": []}, "blockHints": [{"value": "S\u00ed", "hintTable": {"rows": [[{"hint": "we do", "colspan": 1}], [{"hint": "yeah", "colspan": 1}], [{"hint": "I do", "colspan": 1}]], "references": []}, "tts": "https://d1vq87e9lcf771.cloudfront.net/miguel/04b793f812f070e10d57115925381be8"}, {"value": ","}, {"value": " "}, {"value": "y", "hintTable": {"rows": [[{"hint": "and", "colspan": 1}]], "references": []}, "tts": "https://d1vq87e9lcf771.cloudfront.net/miguel/05e3848edd76360dcc4340e158ad7843"}, {"value": " "}, {"value": "trabajan", "hintTable": {"rows": [[{"hint": "(?) do they work", "colspan": 1}], [{"hint": "work", "colspan": 1}], [{"hint": "they've worked", "colspan": 1}]], "references": []}, "tts": "https://d1vq87e9lcf771.cloudfront.net/miguel/51a40fea03a849b8204a70cb22c4eddc"}, {"value": " "}, {"value": "de", "hintTable": {"headers": ["de", "d\u00eda"], "rows": [[{"hint": "in the day", "colspan": 2}], [{"hint": "during the day", "colspan": 2}], [{"hint": "with", "colspan": 1}, {"colspan": 1}], [{"hint": "made of", "colspan": 1}, {"colspan": 1}], [{"hint": "off", "colspan": 1}, {"colspan": 1}]], "references": [4]}, "tts": "https://d1vq87e9lcf771.cloudfront.net/miguel/7c3dc4295f4bfedec518e38299ea8dc5"}, {"value": " "}, {"value": "d\u00eda", "hintTable": {"headers": ["de", "d\u00eda"], "rows": [[{"hint": "in the day", "colspan": 2}], [{"hint": "during the day", "colspan": 2}], [{"colspan": 1}, {"hint": "day", "colspan": 1}]], "references": [3]}, "tts": "https://d1vq87e9lcf771.cloudfront.net/miguel/fa27b6757238681c4b0a81bd5b6d1e68"}, {"value": " "}, {"value": "y", "hintTable": {"rows": [[{"hint": "and", "colspan": 1}]], "references": []}, "tts": "https://d1vq87e9lcf771.cloudfront.net/miguel/05e3848edd76360dcc4340e158ad7843"}, {"value": " "}, {"value": "de", "hintTable": {"headers": ["de", "noche"], "rows": [[{"hint": "at night", "colspan": 2}], [{"hint": "with", "colspan": 1}, {"colspan": 1}], [{"hint": "made of", "colspan": 1}, {"colspan": 1}], [{"hint": "off", "colspan": 1}, {"colspan": 1}]], "references": [7]}, "tts": "https://d1vq87e9lcf771.cloudfront.net/miguel/7c3dc4295f4bfedec518e38299ea8dc5"}, {"value": " "}, {"value": "noche", "hintTable": {"headers": ["de", "noche"], "rows": [[{"hint": "at night", "colspan": 2}], [{"colspan": 1}, {"hint": "night", "colspan": 1}], [{"colspan": 1}, {"hint": "evening", "colspan": 1}]], "references": [6]}, "tts": "https://d1vq87e9lcf771.cloudfront.net/miguel/b3bc947d0a76db0e56945d02ecab8ec2"}, {"value": "."}]}, "subtext": {"styledString": {"text": "Yes, and they work day and night.", "styling": [{"from": 0, "to": 33, "attributes": {"alignment": "left", "fontSize": 19, "fontWeight": "normal", "textColor": "AFAFAF", "lineSpacing": 5}}]}, "tokenTTS": {"tokenTTSCollection": []}}, "ttsURL": "https://d1vq87e9lcf771.cloudfront.net/miguel/f9fd0aa047f6ef1e46b2443ad01f36d9"}]}, "meta": {"autoPlayableTTS": [], "sectionIndex": 0, "backgroundColor": null}}, {"type": "verticalSpace", "element": 16, "meta": {"autoPlayableTTS": [], "sectionIndex": 0, "backgroundColor": null}}, {"type": "dialogue", "element": {"phrases": [{"text": {"styledString": {"text": "Los lunes son d\u00edas de trabajo.", "styling": [{"from": 0, "to": 30, "attributes": {"alignment": "left", "fontSize": 19, "fontWeight": "normal", "textColor": "4B4B4B", "lineSpacing": 5}}]}, "tokenTTS": {"tokenTTSCollection": []}, "blockHints": [{"value": "Los", "hintTable": {"headers": ["los", "lunes"], "rows": [[{"hint": "mondays", "colspan": 2}], [{"hint": "the", "colspan": 1}, {"colspan": 1}], [{"hint": "their", "colspan": 1}, {"colspan": 1}], [{"hint": "your", "colspan": 1}, {"colspan": 1}]], "references": [1]}, "tts": "https://d1vq87e9lcf771.cloudfront.net/miguel/d863d8aa552c7c1c67edddbdd43fc33f"}, {"value": " "}, {"value": "lunes", "hintTable": {"headers": ["los", "lunes"], "rows": [[{"hint": "mondays", "colspan": 2}], [{"colspan": 1}, {"hint": "Mondays", "colspan": 1}], [{"colspan": 1}, {"hint": "Monday", "colspan": 1}]], "references": [0]}, "tts": "https://d1vq87e9lcf771.cloudfront.net/miguel/6043c3cc2e312606cacb2ee16961bdca"}, {"value": " "}, {"value": "son", "hintTable": {"rows": [[{"hint": "are", "colspan": 1}], [{"hint": "(they) are", "colspan": 1}], [{"hint": "(you) are", "colspan": 1}]], "references": []}, "tts": "https://d1vq87e9lcf771.cloudfront.net/miguel/30c0054f6e0b41836d128f0ecd0bf8ed"}, {"value": " "}, {"value": "d\u00edas", "hintTable": {"rows": [[{"hint": "days", "colspan": 1}], [{"hint": "day", "colspan": 1}]], "references": []}, "tts": "https://d1vq87e9lcf771.cloudfront.net/miguel/fb2fbe10903adb9b8cdc2c5a7f4b7458"}, {"value": " "}, {"value": "de", "hintTable": {"headers": ["de", "trabajo"], "rows": [[{"hint": "business", "colspan": 2}], [{"hint": "working", "colspan": 2}], [{"hint": "'s", "colspan": 1}, {"colspan": 1}], [{"hint": "with", "colspan": 1}, {"colspan": 1}], [{"hint": "made of", "colspan": 1}, {"colspan": 1}]], "references": [5]}, "tts": "https://d1vq87e9lcf771.cloudfront.net/miguel/7c3dc4295f4bfedec518e38299ea8dc5"}, {"value": " "}, {"value": "trabajo", "hintTable": {"headers": ["de", "trabajo"], "rows": [[{"hint": "business", "colspan": 2}], [{"hint": "working", "colspan": 2}], [{"colspan": 1}, {"hint": "work", "colspan": 1}], [{"colspan": 1}, {"hint": "(I) work", "colspan": 1}], [{"colspan": 1}, {"hint": "jobs", "colspan": 1}]], "references": [4]}, "tts": "https://d1vq87e9lcf771.cloudfront.net/miguel/2cdec0e12320dafae21c03b3d14a3019"}, {"value": "."}]}, "subtext": {"styledString": {"text": "Mondays are work days.", "styling": [{"from": 0, "to": 22, "attributes": {"alignment": "left", "fontSize": 19, "fontWeight": "normal", "textColor": "AFAFAF", "lineSpacing": 5}}]}, "tokenTTS": {"tokenTTSCollection": []}}, "ttsURL": "https://d1vq87e9lcf771.cloudfront.net/miguel/f846515537eb4ae05f76178e2546bf4f"}, {"text": {"styledString": {"text": "S\u00ed, los lunes son d\u00edas dif\u00edciles.", "styling": [{"from": 0, "to": 33, "attributes": {"alignment": "left", "fontSize": 19, "fontWeight": "normal", "textColor": "4B4B4B", "lineSpacing": 5}}]}, "tokenTTS": {"tokenTTSCollection": []}, "blockHints": [{"value": "S\u00ed", "hintTable": {"rows": [[{"hint": "we do", "colspan": 1}], [{"hint": "yeah", "colspan": 1}], [{"hint": "I do", "colspan": 1}]], "references": []}, "tts": "https://d1vq87e9lcf771.cloudfront.net/miguel/04b793f812f070e10d57115925381be8"}, {"value": ","}, {"value": " "}, {"value": "los", "hintTable": {"headers": ["los", "lunes"], "rows": [[{"hint": "mondays", "colspan": 2}], [{"hint": "the", "colspan": 1}, {"colspan": 1}], [{"hint": "their", "colspan": 1}, {"colspan": 1}], [{"hint": "your", "colspan": 1}, {"colspan": 1}]], "references": [2]}, "tts": "https://d1vq87e9lcf771.cloudfront.net/miguel/d863d8aa552c7c1c67edddbdd43fc33f"}, {"value": " "}, {"value": "lunes", "hintTable": {"headers": ["los", "lunes"], "rows": [[{"hint": "mondays", "colspan": 2}], [{"colspan": 1}, {"hint": "Monday", "colspan": 1}], [{"colspan": 1}, {"hint": "Mondays", "colspan": 1}]], "references": [1]}, "tts": "https://d1vq87e9lcf771.cloudfront.net/miguel/6043c3cc2e312606cacb2ee16961bdca"}, {"value": " "}, {"value": "son", "hintTable": {"rows": [[{"hint": "(?) are they", "colspan": 1}], [{"hint": "are", "colspan": 1}], [{"hint": "(they) are", "colspan": 1}]], "references": []}, "tts": "https://d1vq87e9lcf771.cloudfront.net/miguel/30c0054f6e0b41836d128f0ecd0bf8ed"}, {"value": " "}, {"value": "d\u00edas", "hintTable": {"rows": [[{"hint": "days", "colspan": 1}], [{"hint": "day", "colspan": 1}]], "references": []}, "tts": "https://d1vq87e9lcf771.cloudfront.net/miguel/fb2fbe10903adb9b8cdc2c5a7f4b7458"}, {"value": " "}, {"value": "dif\u00edciles", "hintTable": {"rows": [[{"hint": "difficult", "colspan": 1}], [{"hint": "hard", "colspan": 1}]], "references": []}, "tts": "https://d1vq87e9lcf771.cloudfront.net/miguel/75ecf8b6f4461b7ff842a373cf31ed6c"}, {"value": "."}]}, "subtext": {"styledString": {"text": "Yes, Mondays are difficult days.", "styling": [{"from": 0, "to": 32, "attributes": {"alignment": "left", "fontSize": 19, "fontWeight": "normal", "textColor": "AFAFAF", "lineSpacing": 5}}]}, "tokenTTS": {"tokenTTSCollection": []}}, "ttsURL": "https://d1vq87e9lcf771.cloudfront.net/miguel/336d6d2443cb27da24a21b67a5f6994a"}]}, "meta": {"autoPlayableTTS": [], "sectionIndex": 0, "backgroundColor": null}}, {"type": "verticalSpace", "element": 24, "meta": {"autoPlayableTTS": [], "sectionIndex": 0, "backgroundColor": null}}, {"type": "verticalSpace", "element": 24, "meta": {"autoPlayableTTS": [], "sectionIndex": 0, "backgroundColor": "DDF4FF"}}, {"type": "text", "element": {"styledString": {"text": "TIP", "styling": [{"from": 0, "to": 3, "attributes": {"alignment": "left", "fontSize": 17, "fontWeight": "bold", "textColor": "1CB0F6", "lineSpacing": 4}}]}, "tokenTTS": {"tokenTTSCollection": []}}, "meta": {"autoPlayableTTS": [], "sectionIndex": 0, "backgroundColor": "DDF4FF"}}, {"type": "verticalSpace", "element": 8, "meta": {"autoPlayableTTS": [], "sectionIndex": 0, "backgroundColor": "DDF4FF"}}, {"type": "text", "element": {"styledString": {"text": "Los monos son inteligentes", "styling": [{"from": 0, "to": 26, "attributes": {"alignment": "left", "fontSize": 25, "fontWeight": "bold", "textColor": "4B4B4B", "lineSpacing": 4}}]}, "tokenTTS": {"tokenTTSCollection": []}, "hints": {"hints": [], "hintLinks": []}}, "meta": {"autoPlayableTTS": [], "sectionIndex": 0, "backgroundColor": "DDF4FF"}}, {"type": "verticalSpace", "element": 12, "meta": {"autoPlayableTTS": [], "sectionIndex": 0, "backgroundColor": "DDF4FF"}}, {"type": "text", "element": {"styledString": {"text": "Here\u2019s a pro\u2011tip for you! General statements in Spanish usually begin with el, la, los, or las.\u200b", "styling": [{"from": 0, "to": 75, "attributes": {"alignment": "left", "fontSize": 19, "fontWeight": "normal", "textColor": "4B4B4B", "lineSpacing": 5}}, {"from": 75, "to": 77, "attributes": {"alignment": "left", "fontSize": 19, "fontWeight": "bold", "textColor": "4B4B4B", "lineSpacing": 5}}, {"from": 77, "to": 79, "attributes": {"alignment": "left", "fontSize": 19, "fontWeight": "normal", "textColor": "4B4B4B", "lineSpacing": 5}}, {"from": 79, "to": 81, "attributes": {"alignment": "left", "fontSize": 19, "fontWeight": "bold", "textColor": "4B4B4B", "lineSpacing": 5}}, {"from": 81, "to": 83, "attributes": {"alignment": "left", "fontSize": 19, "fontWeight": "normal", "textColor": "4B4B4B", "lineSpacing": 5}}, {"from": 83, "to": 86, "attributes": {"alignment": "left", "fontSize": 19, "fontWeight": "bold", "textColor": "4B4B4B", "lineSpacing": 5}}, {"from": 86, "to": 91, "attributes": {"alignment": "left", "fontSize": 19, "fontWeight": "normal", "textColor": "4B4B4B", "lineSpacing": 5}}, {"from": 91, "to": 94, "attributes": {"alignment": "left", "fontSize": 19, "fontWeight": "bold", "textColor": "4B4B4B", "lineSpacing": 5}}, {"from": 94, "to": 96, "attributes": {"alignment": "left", "fontSize": 19, "fontWeight": "normal", "textColor": "4B4B4B", "lineSpacing": 5}}]}, "tokenTTS": {"tokenTTSCollection": [{"startIndex": 75, "endIndex": 76, "ttsURL": "https://d1vq87e9lcf771.cloudfront.net/miguel/0da8d3a25ff188f86e101f013e8cdcc8"}, {"startIndex": 79, "endIndex": 80, "ttsURL": "https://d1vq87e9lcf771.cloudfront.net/miguel/e9ea010281921357dd4b130d51e7488b"}, {"startIndex": 83, "endIndex": 85, "ttsURL": "https://d1vq87e9lcf771.cloudfront.net/miguel/d863d8aa552c7c1c67edddbdd43fc33f"}, {"startIndex": 91, "endIndex": 93, "ttsURL": "https://d1vq87e9lcf771.cloudfront.net/miguel/091132295dc9ca2d2c6c7bec077b625b"}]}, "hints": {"hints": ["the", "the", "the", "the"], "hintLinks": [{"index": 0, "rangeStart": 75, "rangeEnd": 76}, {"index": 1, "rangeStart": 79, "rangeEnd": 80}, {"index": 2, "rangeStart": 83, "rangeEnd": 85}, {"index": 3, "rangeStart": 91, "rangeEnd": 93}]}}, "meta": {"autoPlayableTTS": [], "sectionIndex": 0, "backgroundColor": "DDF4FF"}}, {"type": "verticalSpace", "element": 24, "meta": {"autoPlayableTTS": [], "sectionIndex": 1, "backgroundColor": "DDF4FF"}}, {"type": "exampleCaptionedImage", "element": {"image": {"url": "https://d1btvuu4dwu627.cloudfront.net/1935260bb45227d2abc8062355f5ce9f/cd20f4d4ef7863fe7c72ccadfb153c79/images/32ae6408d260430d85401ee03e7410ba.pdf"}, "examples": [{"text": {"styledString": {"text": "Los monos son animales inteligentes.", "styling": [{"from": 0, "to": 36, "attributes": {"alignment": "center", "fontSize": 19, "fontWeight": "normal", "textColor": "4B4B4B", "lineSpacing": 5}}]}, "tokenTTS": {"tokenTTSCollection": [{"startIndex": 0, "endIndex": 35, "ttsURL": "https://d1vq87e9lcf771.cloudfront.net/miguel/d220ea6e2e2f4a17b6de3884a7aa3885"}]}, "hints": {"hints": ["monkeys are intelligent animals"], "hintLinks": [{"index": 0, "rangeStart": 0, "rangeEnd": 35}]}}, "subtext": {"styledString": {"text": "Monkeys are intelligent animals.", "styling": [{"from": 0, "to": 32, "attributes": {"alignment": "center", "fontSize": 19, "fontWeight": "normal", "textColor": "AFAFAF", "lineSpacing": 8}}]}, "tokenTTS": {"tokenTTSCollection": []}, "hints": {"hints": [], "hintLinks": []}}, "ttsURL": "https://d1vq87e9lcf771.cloudfront.net/miguel/d220ea6e2e2f4a17b6de3884a7aa3885"}], "layout": "wideImageWithTextBelow"}, "meta": {"autoPlayableTTS": [], "sectionIndex": 1, "backgroundColor": "DDF4FF"}}, {"type": "verticalSpace", "element": 24, "meta": {"autoPlayableTTS": [], "sectionIndex": 2, "backgroundColor": "DDF4FF"}}, {"type": "exampleCaptionedImage", "element": {"image": {"url": "https://d1btvuu4dwu627.cloudfront.net/1935260bb45227d2abc8062355f5ce9f/cd20f4d4ef7863fe7c72ccadfb153c79/images/f6df11049cd34a89a171a41f0f18290b.pdf"}, "examples": [{"text": {"styledString": {"text": "Las computadoras son \u00fatiles.\u200b", "styling": [{"from": 0, "to": 29, "attributes": {"alignment": "center", "fontSize": 19, "fontWeight": "normal", "textColor": "4B4B4B", "lineSpacing": 5}}]}, "tokenTTS": {"tokenTTSCollection": [{"startIndex": 0, "endIndex": 27, "ttsURL": "https://d1vq87e9lcf771.cloudfront.net/miguel/d0a8720a4a0a841567156d371721c81d"}]}, "hints": {"hints": ["computers are useful"], "hintLinks": [{"index": 0, "rangeStart": 0, "rangeEnd": 27}]}}, "subtext": {"styledString": {"text": "Computers are useful.\u200b", "styling": [{"from": 0, "to": 22, "attributes": {"alignment": "center", "fontSize": 19, "fontWeight": "normal", "textColor": "AFAFAF", "lineSpacing": 8}}]}, "tokenTTS": {"tokenTTSCollection": []}, "hints": {"hints": [], "hintLinks": []}}, "ttsURL": "https://d1vq87e9lcf771.cloudfront.net/miguel/d0a8720a4a0a841567156d371721c81d"}], "layout": "wideImageWithTextBelow"}, "meta": {"autoPlayableTTS": [], "sectionIndex": 2, "backgroundColor": "DDF4FF"}}, {"type": "verticalSpace", "element": 24, "meta": {"autoPlayableTTS": [], "sectionIndex": 0, "backgroundColor": "DDF4FF"}}, {"type": "verticalSpace", "element": 2, "meta": {"autoPlayableTTS": [], "sectionIndex": 0, "backgroundColor": "84D8FF"}}, {"type": "verticalSpace", "element": 24, "meta": {"autoPlayableTTS": [], "sectionIndex": 0, "backgroundColor": "DDF4FF"}}, {"type": "text", "element": {"styledString": {"text": "TIP", "styling": [{"from": 0, "to": 3, "attributes": {"alignment": "left", "fontSize": 17, "fontWeight": "bold", "textColor": "1CB0F6", "lineSpacing": 4}}]}, "tokenTTS": {"tokenTTSCollection": []}}, "meta": {"autoPlayableTTS": [], "sectionIndex": 0, "backgroundColor": "DDF4FF"}}, {"type": "verticalSpace", "element": 8, "meta": {"autoPlayableTTS": [], "sectionIndex": 0, "backgroundColor": "DDF4FF"}}, {"type": "text", "element": {"styledString": {"text": "Let\u2019s talk about the imperfect tense!\u200b", "styling": [{"from": 0, "to": 38, "attributes": {"alignment": "left", "fontSize": 25, "fontWeight": "bold", "textColor": "4B4B4B", "lineSpacing": 4}}]}, "tokenTTS": {"tokenTTSCollection": []}, "hints": {"hints": [], "hintLinks": []}}, "meta": {"autoPlayableTTS": [], "sectionIndex": 0, "backgroundColor": "DDF4FF"}}, {"type": "verticalSpace", "element": 12, "meta": {"autoPlayableTTS": [], "sectionIndex": 0, "backgroundColor": "DDF4FF"}}, {"type": "text", "element": {"styledString": {"text": "To say things like I used to talk instead of I talked, \u2011ar verbs follow one pattern, and \u2011er and \u2011ir verbs follow another!\u200b", "styling": [{"from": 0, "to": 19, "attributes": {"alignment": "left", "fontSize": 19, "fontWeight": "normal", "textColor": "4B4B4B", "lineSpacing": 5}}, {"from": 19, "to": 33, "attributes": {"alignment": "left", "fontSize": 19, "fontWeight": "bold", "textColor": "4B4B4B", "lineSpacing": 5}}, {"from": 33, "to": 45, "attributes": {"alignment": "left", "fontSize": 19, "fontWeight": "normal", "textColor": "4B4B4B", "lineSpacing": 5}}, {"from": 45, "to": 53, "attributes": {"alignment": "left", "fontSize": 19, "fontWeight": "bold", "textColor": "4B4B4B", "lineSpacing": 5}}, {"from": 53, "to": 55, "attributes": {"alignment": "left", "fontSize": 19, "fontWeight": "normal", "textColor": "4B4B4B", "lineSpacing": 5}}, {"from": 55, "to": 58, "attributes": {"alignment": "left", "fontSize": 19, "fontWeight": "bold", "textColor": "4B4B4B", "lineSpacing": 5}}, {"from": 58, "to": 89, "attributes": {"alignment": "left", "fontSize": 19, "fontWeight": "normal", "textColor": "4B4B4B", "lineSpacing": 5}}, {"from": 89, "to": 92, "attributes": {"alignment": "left", "fontSize": 19, "fontWeight": "bold", "textColor": "4B4B4B", "lineSpacing": 5}}, {"from": 92, "to": 97, "attributes": {"alignment": "left", "fontSize": 19, "fontWeight": "normal", "textColor": "4B4B4B", "lineSpacing": 5}}, {"from": 97, "to": 100, "attributes": {"alignment": "left", "fontSize": 19, "fontWeight": "bold", "textColor": "4B4B4B", "lineSpacing": 5}}, {"from": 100, "to": 123, "attributes": {"alignment": "left", "fontSize": 19, "fontWeight": "normal", "textColor": "4B4B4B", "lineSpacing": 5}}]}, "tokenTTS": {"tokenTTSCollection": []}, "hints": {"hints": ["A verb expresses an action (\u201cLuis cooks every day\u201d) or a state of being (\u201cI am sick\u201d)."], "hintLinks": [{"index": 0, "rangeStart": 59, "rangeEnd": 63}]}}, "meta": {"autoPlayableTTS": [], "sectionIndex": 0, "backgroundColor": "DDF4FF"}}, {"type": "verticalSpace", "element": 24, "meta": {"autoPlayableTTS": [], "sectionIndex": 0, "backgroundColor": "DDF4FF"}}, {"type": "table", "element": {"cells": [[{"styledString": {"text": "subject", "styling": [{"from": 0, "to": 7, "attributes": {"alignment": "left", "fontSize": 19, "fontWeight": "bold", "textColor": "4B4B4B", "lineSpacing": 2}}]}, "tokenTTS": {"tokenTTSCollection": []}, "hints": {"hints": ["The subject of a sentence is the person, place, thing, or idea that is doing or being something."], "hintLinks": [{"index": 0, "rangeStart": 0, "rangeEnd": 6}]}}, {"styledString": {"text": "verb (hablar)", "styling": [{"from": 0, "to": 13, "attributes": {"alignment": "left", "fontSize": 19, "fontWeight": "bold", "textColor": "4B4B4B", "lineSpacing": 2}}]}, "tokenTTS": {"tokenTTSCollection": [{"startIndex": 6, "endIndex": 11, "ttsURL": "https://d1vq87e9lcf771.cloudfront.net/miguel/68f83db92edd0348a1992e0b1e458e80"}]}, "hints": {"hints": ["A verb expresses an action (\u201cLuis cooks every day\u201d) or a state of being (\u201cI am sick\u201d).", "to speak"], "hintLinks": [{"index": 0, "rangeStart": 0, "rangeEnd": 3}, {"index": 1, "rangeStart": 6, "rangeEnd": 11}]}}], [{"styledString": {"text": "yo", "styling": [{"from": 0, "to": 2, "attributes": {"alignment": "left", "fontSize": 19, "fontWeight": "normal", "textColor": "4B4B4B", "lineSpacing": 5}}]}, "tokenTTS": {"tokenTTSCollection": [{"startIndex": 0, "endIndex": 1, "ttsURL": "https://d1vq87e9lcf771.cloudfront.net/miguel/aa0ff446f41920bd854cbcfe38a476e2"}]}, "hints": {"hints": ["I"], "hintLinks": [{"index": 0, "rangeStart": 0, "rangeEnd": 1}]}}, {"styledString": {"text": "hablaba", "styling": [{"from": 0, "to": 4, "attributes": {"alignment": "left", "fontSize": 19, "fontWeight": "normal", "textColor": "4B4B4B", "lineSpacing": 5}}, {"from": 4, "to": 7, "attributes": {"alignment": "left", "fontSize": 19, "fontWeight": "bold", "textColor": "1CB0F6", "lineSpacing": 5}}]}, "tokenTTS": {"tokenTTSCollection": [{"startIndex": 0, "endIndex": 6, "ttsURL": "https://d1vq87e9lcf771.cloudfront.net/miguel/987b7dbb430ba7ca6d3651e2b964c2c8"}]}, "hints": {"hints": ["used to talk"], "hintLinks": [{"index": 0, "rangeStart": 0, "rangeEnd": 6}]}}], [{"styledString": {"text": "t\u00fa", "styling": [{"from": 0, "to": 2, "attributes": {"alignment": "left", "fontSize": 19, "fontWeight": "normal", "textColor": "4B4B4B", "lineSpacing": 5}}]}, "tokenTTS": {"tokenTTSCollection": [{"startIndex": 0, "endIndex": 1, "ttsURL": "https://d1vq87e9lcf771.cloudfront.net/miguel/2e717e2fe5783a547e2995fe3699350a"}]}, "hints": {"hints": ["you"], "hintLinks": [{"index": 0, "rangeStart": 0, "rangeEnd": 1}]}}, {"styledString": {"text": "hablabas", "styling": [{"from": 0, "to": 4, "attributes": {"alignment": "left", "fontSize": 19, "fontWeight": "normal", "textColor": "4B4B4B", "lineSpacing": 5}}, {"from": 4, "to": 8, "attributes": {"alignment": "left", "fontSize": 19, "fontWeight": "bold", "textColor": "1CB0F6", "lineSpacing": 5}}]}, "tokenTTS": {"tokenTTSCollection": [{"startIndex": 0, "endIndex": 7, "ttsURL": "https://d1vq87e9lcf771.cloudfront.net/miguel/4a37bb7b53f1a9e12860f0b0db22d529"}]}, "hints": {"hints": ["used to talk"], "hintLinks": [{"index": 0, "rangeStart": 0, "rangeEnd": 7}]}}], [{"styledString": {"text": "\u00e9l / ella / usted", "styling": [{"from": 0, "to": 17, "attributes": {"alignment": "left", "fontSize": 19, "fontWeight": "normal", "textColor": "4B4B4B", "lineSpacing": 5}}]}, "tokenTTS": {"tokenTTSCollection": [{"startIndex": 0, "endIndex": 1, "ttsURL": "https://d1vq87e9lcf771.cloudfront.net/miguel/eb6fb864f3757379acec898fb9018d30"}, {"startIndex": 5, "endIndex": 8, "ttsURL": "https://d1vq87e9lcf771.cloudfront.net/miguel/7ba0a4fe127b1af95b81af18714bbbbb"}, {"startIndex": 12, "endIndex": 16, "ttsURL": "https://d1vq87e9lcf771.cloudfront.net/miguel/3160e30c83ba5403b1bf949dbafd83db"}]}, "hints": {"hints": ["he", "she", "you"], "hintLinks": [{"index": 0, "rangeStart": 0, "rangeEnd": 1}, {"index": 1, "rangeStart": 5, "rangeEnd": 8}, {"index": 2, "rangeStart": 12, "rangeEnd": 16}]}}, {"styledString": {"text": "hablaba", "styling": [{"from": 0, "to": 4, "attributes": {"alignment": "left", "fontSize": 19, "fontWeight": "normal", "textColor": "4B4B4B", "lineSpacing": 5}}, {"from": 4, "to": 7, "attributes": {"alignment": "left", "fontSize": 19, "fontWeight": "bold", "textColor": "1CB0F6", "lineSpacing": 5}}]}, "tokenTTS": {"tokenTTSCollection": [{"startIndex": 0, "endIndex": 6, "ttsURL": "https://d1vq87e9lcf771.cloudfront.net/miguel/987b7dbb430ba7ca6d3651e2b964c2c8"}]}, "hints": {"hints": ["used to talk"], "hintLinks": [{"index": 0, "rangeStart": 0, "rangeEnd": 6}]}}], [{"styledString": {"text": "nosotros / nosotras", "styling": [{"from": 0, "to": 19, "attributes": {"alignment": "left", "fontSize": 19, "fontWeight": "normal", "textColor": "4B4B4B", "lineSpacing": 5}}]}, "tokenTTS": {"tokenTTSCollection": [{"startIndex": 0, "endIndex": 7, "ttsURL": "https://d1vq87e9lcf771.cloudfront.net/miguel/a624405f3a9f9478a2bdb7ea193ca619"}, {"startIndex": 11, "endIndex": 18, "ttsURL": "https://d1vq87e9lcf771.cloudfront.net/miguel/1fa59319dfeea3fc7bc267a1e0dfc644"}]}, "hints": {"hints": ["we", "we"], "hintLinks": [{"index": 0, "rangeStart": 0, "rangeEnd": 7}, {"index": 1, "rangeStart": 11, "rangeEnd": 18}]}}, {"styledString": {"text": "habl\u00e1bamos", "styling": [{"from": 0, "to": 4, "attributes": {"alignment": "left", "fontSize": 19, "fontWeight": "normal", "textColor": "4B4B4B", "lineSpacing": 5}}, {"from": 4, "to": 10, "attributes": {"alignment": "left", "fontSize": 19, "fontWeight": "bold", "textColor": "1CB0F6", "lineSpacing": 5}}]}, "tokenTTS": {"tokenTTSCollection": [{"startIndex": 0, "endIndex": 9, "ttsURL": "https://d1vq87e9lcf771.cloudfront.net/miguel/faa90b58b7bc50c6ad81e1d509b9dccd"}]}, "hints": {"hints": ["used to talk"], "hintLinks": [{"index": 0, "rangeStart": 0, "rangeEnd": 9}]}}], [{"styledString": {"text": "ellos / ellas / ustedes", "styling": [{"from": 0, "to": 23, "attributes": {"alignment": "left", "fontSize": 19, "fontWeight": "normal", "textColor": "4B4B4B", "lineSpacing": 5}}]}, "tokenTTS": {"tokenTTSCollection": [{"startIndex": 0, "endIndex": 4, "ttsURL": "https://d1vq87e9lcf771.cloudfront.net/miguel/4881d6e90516a1bca7871cfae5ef97f7"}, {"startIndex": 8, "endIndex": 12, "ttsURL": "https://d1vq87e9lcf771.cloudfront.net/miguel/a5ad1c36b3c049bc1da655b309cf1269"}, {"startIndex": 16, "endIndex": 22, "ttsURL": "https://d1vq87e9lcf771.cloudfront.net/miguel/adaff35042eaa60b1635593807ea3e15"}]}, "hints": {"hints": ["they", "they", "you"], "hintLinks": [{"index": 0, "rangeStart": 0, "rangeEnd": 4}, {"index": 1, "rangeStart": 8, "rangeEnd": 12}, {"index": 2, "rangeStart": 16, "rangeEnd": 22}]}}, {"styledString": {"text": "hablaban", "styling": [{"from": 0, "to": 4, "attributes": {"alignment": "left", "fontSize": 19, "fontWeight": "normal", "textColor": "4B4B4B", "lineSpacing": 5}}, {"from": 4, "to": 8, "attributes": {"alignment": "left", "fontSize": 19, "fontWeight": "bold", "textColor": "1CB0F6", "lineSpacing": 5}}]}, "tokenTTS": {"tokenTTSCollection": [{"startIndex": 0, "endIndex": 7, "ttsURL": "https://d1vq87e9lcf771.cloudfront.net/miguel/1d9a685607c9a73c46111709ebb407df"}]}, "hints": {"hints": ["used to talk"], "hintLinks": [{"index": 0, "rangeStart": 0, "rangeEnd": 7}]}}]], "hasShadedHeader": true}, "meta": {"autoPlayableTTS": [], "sectionIndex": 0, "backgroundColor": "DDF4FF"}}, {"type": "verticalSpace", "element": 24, "meta": {"autoPlayableTTS": [], "sectionIndex": 0, "backgroundColor": "DDF4FF"}}, {"type": "table", "element": {"cells": [[{"styledString": {"text": "subject", "styling": [{"from": 0, "to": 7, "attributes": {"alignment": "left", "fontSize": 19, "fontWeight": "bold", "textColor": "4B4B4B", "lineSpacing": 2}}]}, "tokenTTS": {"tokenTTSCollection": []}, "hints": {"hints": ["The subject of a sentence is the person, place, thing, or idea that is doing or being something."], "hintLinks": [{"index": 0, "rangeStart": 0, "rangeEnd": 6}]}}, {"styledString": {"text": "verb (comer)", "styling": [{"from": 0, "to": 12, "attributes": {"alignment": "left", "fontSize": 19, "fontWeight": "bold", "textColor": "4B4B4B", "lineSpacing": 2}}]}, "tokenTTS": {"tokenTTSCollection": [{"startIndex": 6, "endIndex": 10, "ttsURL": "https://d1vq87e9lcf771.cloudfront.net/miguel/84217bc760fdfdb51d8110f9be636bea"}]}, "hints": {"hints": ["A verb expresses an action (\u201cLuis cooks every day\u201d) or a state of being (\u201cI am sick\u201d).", "to eat"], "hintLinks": [{"index": 0, "rangeStart": 0, "rangeEnd": 3}, {"index": 1, "rangeStart": 6, "rangeEnd": 10}]}}], [{"styledString": {"text": "yo", "styling": [{"from": 0, "to": 2, "attributes": {"alignment": "left", "fontSize": 19, "fontWeight": "normal", "textColor": "4B4B4B", "lineSpacing": 5}}]}, "tokenTTS": {"tokenTTSCollection": [{"startIndex": 0, "endIndex": 1, "ttsURL": "https://d1vq87e9lcf771.cloudfront.net/miguel/aa0ff446f41920bd854cbcfe38a476e2"}]}, "hints": {"hints": ["I"], "hintLinks": [{"index": 0, "rangeStart": 0, "rangeEnd": 1}]}}, {"styledString": {"text": "com\u00eda", "styling": [{"from": 0, "to": 3, "attributes": {"alignment": "left", "fontSize": 19, "fontWeight": "normal", "textColor": "4B4B4B", "lineSpacing": 5}}, {"from": 3, "to": 5, "attributes": {"alignment": "left", "fontSize": 19, "fontWeight": "bold", "textColor": "1CB0F6", "lineSpacing": 5}}]}, "tokenTTS": {"tokenTTSCollection": [{"startIndex": 0, "endIndex": 4, "ttsURL": "https://d1vq87e9lcf771.cloudfront.net/miguel/7eea4ced156a131393d652c58eab8631"}]}, "hints": {"hints": ["used to eat"], "hintLinks": [{"index": 0, "rangeStart": 0, "rangeEnd": 4}]}}], [{"styledString": {"text": "t\u00fa", "styling": [{"from": 0, "to": 2, "attributes": {"alignment": "left", "fontSize": 19, "fontWeight": "normal", "textColor": "4B4B4B", "lineSpacing": 5}}]}, "tokenTTS": {"tokenTTSCollection": [{"startIndex": 0, "endIndex": 1, "ttsURL": "https://d1vq87e9lcf771.cloudfront.net/miguel/2e717e2fe5783a547e2995fe3699350a"}]}, "hints": {"hints": ["you"], "hintLinks": [{"index": 0, "rangeStart": 0, "rangeEnd": 1}]}}, {"styledString": {"text": "com\u00edas", "styling": [{"from": 0, "to": 3, "attributes": {"alignment": "left", "fontSize": 19, "fontWeight": "normal", "textColor": "4B4B4B", "lineSpacing": 5}}, {"from": 3, "to": 6, "attributes": {"alignment": "left", "fontSize": 19, "fontWeight": "bold", "textColor": "1CB0F6", "lineSpacing": 5}}]}, "tokenTTS": {"tokenTTSCollection": [{"startIndex": 0, "endIndex": 5, "ttsURL": "https://d1vq87e9lcf771.cloudfront.net/miguel/f731b44138ffc61825869bcf03d1df14"}]}, "hints": {"hints": ["used to eat"], "hintLinks": [{"index": 0, "rangeStart": 0, "rangeEnd": 5}]}}], [{"styledString": {"text": "\u00e9l / ella / usted", "styling": [{"from": 0, "to": 17, "attributes": {"alignment": "left", "fontSize": 19, "fontWeight": "normal", "textColor": "4B4B4B", "lineSpacing": 5}}]}, "tokenTTS": {"tokenTTSCollection": [{"startIndex": 0, "endIndex": 1, "ttsURL": "https://d1vq87e9lcf771.cloudfront.net/miguel/eb6fb864f3757379acec898fb9018d30"}, {"startIndex": 5, "endIndex": 8, "ttsURL": "https://d1vq87e9lcf771.cloudfront.net/miguel/7ba0a4fe127b1af95b81af18714bbbbb"}, {"startIndex": 12, "endIndex": 16, "ttsURL": "https://d1vq87e9lcf771.cloudfront.net/miguel/3160e30c83ba5403b1bf949dbafd83db"}]}, "hints": {"hints": ["he", "she", "you"], "hintLinks": [{"index": 0, "rangeStart": 0, "rangeEnd": 1}, {"index": 1, "rangeStart": 5, "rangeEnd": 8}, {"index": 2, "rangeStart": 12, "rangeEnd": 16}]}}, {"styledString": {"text": "com\u00eda", "styling": [{"from": 0, "to": 3, "attributes": {"alignment": "left", "fontSize": 19, "fontWeight": "normal", "textColor": "4B4B4B", "lineSpacing": 5}}, {"from": 3, "to": 5, "attributes": {"alignment": "left", "fontSize": 19, "fontWeight": "bold", "textColor": "1CB0F6", "lineSpacing": 5}}]}, "tokenTTS": {"tokenTTSCollection": [{"startIndex": 0, "endIndex": 4, "ttsURL": "https://d1vq87e9lcf771.cloudfront.net/miguel/7eea4ced156a131393d652c58eab8631"}]}, "hints": {"hints": ["used to eat"], "hintLinks": [{"index": 0, "rangeStart": 0, "rangeEnd": 4}]}}], [{"styledString": {"text": "nosotros / nosotras", "styling": [{"from": 0, "to": 19, "attributes": {"alignment": "left", "fontSize": 19, "fontWeight": "normal", "textColor": "4B4B4B", "lineSpacing": 5}}]}, "tokenTTS": {"tokenTTSCollection": [{"startIndex": 0, "endIndex": 7, "ttsURL": "https://d1vq87e9lcf771.cloudfront.net/miguel/a624405f3a9f9478a2bdb7ea193ca619"}, {"startIndex": 11, "endIndex": 18, "ttsURL": "https://d1vq87e9lcf771.cloudfront.net/miguel/1fa59319dfeea3fc7bc267a1e0dfc644"}]}, "hints": {"hints": ["we", "we"], "hintLinks": [{"index": 0, "rangeStart": 0, "rangeEnd": 7}, {"index": 1, "rangeStart": 11, "rangeEnd": 18}]}}, {"styledString": {"text": "com\u00edamos", "styling": [{"from": 0, "to": 3, "attributes": {"alignment": "left", "fontSize": 19, "fontWeight": "normal", "textColor": "4B4B4B", "lineSpacing": 5}}, {"from": 3, "to": 8, "attributes": {"alignment": "left", "fontSize": 19, "fontWeight": "bold", "textColor": "1CB0F6", "lineSpacing": 5}}]}, "tokenTTS": {"tokenTTSCollection": [{"startIndex": 0, "endIndex": 7, "ttsURL": "https://d1vq87e9lcf771.cloudfront.net/miguel/333bbec2e8dddd8410f550c256af2632"}]}, "hints": {"hints": ["used to eat"], "hintLinks": [{"index": 0, "rangeStart": 0, "rangeEnd": 7}]}}], [{"styledString": {"text": "ellos / ellas / ustedes", "styling": [{"from": 0, "to": 23, "attributes": {"alignment": "left", "fontSize": 19, "fontWeight": "normal", "textColor": "4B4B4B", "lineSpacing": 5}}]}, "tokenTTS": {"tokenTTSCollection": [{"startIndex": 0, "endIndex": 4, "ttsURL": "https://d1vq87e9lcf771.cloudfront.net/miguel/4881d6e90516a1bca7871cfae5ef97f7"}, {"startIndex": 8, "endIndex": 12, "ttsURL": "https://d1vq87e9lcf771.cloudfront.net/miguel/a5ad1c36b3c049bc1da655b309cf1269"}, {"startIndex": 16, "endIndex": 22, "ttsURL": "https://d1vq87e9lcf771.cloudfront.net/miguel/adaff35042eaa60b1635593807ea3e15"}]}, "hints": {"hints": ["they", "they", "you"], "hintLinks": [{"index": 0, "rangeStart": 0, "rangeEnd": 4}, {"index": 1, "rangeStart": 8, "rangeEnd": 12}, {"index": 2, "rangeStart": 16, "rangeEnd": 22}]}}, {"styledString": {"text": "com\u00edan", "styling": [{"from": 0, "to": 3, "attributes": {"alignment": "left", "fontSize": 19, "fontWeight": "normal", "textColor": "4B4B4B", "lineSpacing": 5}}, {"from": 3, "to": 6, "attributes": {"alignment": "left", "fontSize": 19, "fontWeight": "bold", "textColor": "1CB0F6", "lineSpacing": 5}}]}, "tokenTTS": {"tokenTTSCollection": [{"startIndex": 0, "endIndex": 5, "ttsURL": "https://d1vq87e9lcf771.cloudfront.net/miguel/7907d54d83607bad6da99cf5b19e6253"}]}, "hints": {"hints": ["used to eat"], "hintLinks": [{"index": 0, "rangeStart": 0, "rangeEnd": 5}]}}]], "hasShadedHeader": true}, "meta": {"autoPlayableTTS": [], "sectionIndex": 0, "backgroundColor": "DDF4FF"}}, {"type": "verticalSpace", "element": 24, "meta": {"autoPlayableTTS": [], "sectionIndex": 0, "backgroundColor": "DDF4FF"}}], "resourcesToPrefetch": [{"required": false, "url": "https://d1vq87e9lcf771.cloudfront.net/miguel/adaff35042eaa60b1635593807ea3e15", "type": "mp3"}, {"required": false, "url": "https://d1vq87e9lcf771.cloudfront.net/miguel/d220ea6e2e2f4a17b6de3884a7aa3885", "type": "mp3"}, {"required": false, "url": "https://d1vq87e9lcf771.cloudfront.net/miguel/84217bc760fdfdb51d8110f9be636bea", "type": "mp3"}, {"required": false, "url": "https://d1vq87e9lcf771.cloudfront.net/miguel/eb6fb864f3757379acec898fb9018d30", "type": "mp3"}, {"required": false, "url": "https://d1vq87e9lcf771.cloudfront.net/miguel/faa90b58b7bc50c6ad81e1d509b9dccd", "type": "mp3"}, {"required": false, "url": "https://d1vq87e9lcf771.cloudfront.net/miguel/f731b44138ffc61825869bcf03d1df14", "type": "mp3"}, {"required": false, "url": "https://d1vq87e9lcf771.cloudfront.net/miguel/4881d6e90516a1bca7871cfae5ef97f7", "type": "mp3"}, {"required": true, "url": "https://d1btvuu4dwu627.cloudfront.net/1935260bb45227d2abc8062355f5ce9f/cd20f4d4ef7863fe7c72ccadfb153c79/images/32ae6408d260430d85401ee03e7410ba.pdf", "type": "pdf"}, {"required": false, "url": "https://d1vq87e9lcf771.cloudfront.net/miguel/336d6d2443cb27da24a21b67a5f6994a", "type": "mp3"}, {"required": false, "url": "https://d1vq87e9lcf771.cloudfront.net/miguel/0da8d3a25ff188f86e101f013e8cdcc8", "type": "mp3"}, {"required": false, "url": "https://d1vq87e9lcf771.cloudfront.net/miguel/aa0ff446f41920bd854cbcfe38a476e2", "type": "mp3"}, {"required": false, "url": "https://d1vq87e9lcf771.cloudfront.net/miguel/b7e1d92de46869c96f81e8453ab20324", "type": "mp3"}, {"required": false, "url": "https://d1vq87e9lcf771.cloudfront.net/miguel/1d9a685607c9a73c46111709ebb407df", "type": "mp3"}, {"required": false, "url": "https://d1vq87e9lcf771.cloudfront.net/miguel/f9fd0aa047f6ef1e46b2443ad01f36d9", "type": "mp3"}, {"required": false, "url": "https://d1vq87e9lcf771.cloudfront.net/miguel/8a88b31df4dbfd8befb8512a833680e4", "type": "mp3"}, {"required": false, "url": "https://d1vq87e9lcf771.cloudfront.net/miguel/7907d54d83607bad6da99cf5b19e6253", "type": "mp3"}, {"required": false, "url": "https://d1vq87e9lcf771.cloudfront.net/miguel/1fa59319dfeea3fc7bc267a1e0dfc644", "type": "mp3"}, {"required": false, "url": "https://d1vq87e9lcf771.cloudfront.net/miguel/4a37bb7b53f1a9e12860f0b0db22d529", "type": "mp3"}, {"required": false, "url": "https://d1vq87e9lcf771.cloudfront.net/miguel/987b7dbb430ba7ca6d3651e2b964c2c8", "type": "mp3"}, {"required": true, "url": "https://d1btvuu4dwu627.cloudfront.net/1935260bb45227d2abc8062355f5ce9f/cd20f4d4ef7863fe7c72ccadfb153c79/images/f6df11049cd34a89a171a41f0f18290b.pdf", "type": "pdf"}, {"required": false, "url": "https://d1vq87e9lcf771.cloudfront.net/miguel/e9ea010281921357dd4b130d51e7488b", "type": "mp3"}, {"required": false, "url": "https://d1vq87e9lcf771.cloudfront.net/miguel/a624405f3a9f9478a2bdb7ea193ca619", "type": "mp3"}, {"required": false, "url": "https://d1vq87e9lcf771.cloudfront.net/miguel/7ba0a4fe127b1af95b81af18714bbbbb", "type": "mp3"}, {"required": false, "url": "https://d1vq87e9lcf771.cloudfront.net/miguel/333bbec2e8dddd8410f550c256af2632", "type": "mp3"}, {"required": false, "url": "https://d1vq87e9lcf771.cloudfront.net/miguel/f846515537eb4ae05f76178e2546bf4f", "type": "mp3"}, {"required": false, "url": "https://d1vq87e9lcf771.cloudfront.net/miguel/091132295dc9ca2d2c6c7bec077b625b", "type": "mp3"}, {"required": false, "url": "https://d1vq87e9lcf771.cloudfront.net/miguel/3160e30c83ba5403b1bf949dbafd83db", "type": "mp3"}, {"required": false, "url": "https://d1vq87e9lcf771.cloudfront.net/miguel/d0a8720a4a0a841567156d371721c81d", "type": "mp3"}, {"required": false, "url": "https://d1vq87e9lcf771.cloudfront.net/miguel/0b1bc5188d28187f4ad3a29b32880ced", "type": "mp3"}, {"required": false, "url": "https://d1vq87e9lcf771.cloudfront.net/miguel/a5ad1c36b3c049bc1da655b309cf1269", "type": "mp3"}, {"required": false, "url": "https://d1vq87e9lcf771.cloudfront.net/miguel/7eea4ced156a131393d652c58eab8631", "type": "mp3"}, {"required": false, "url": "https://d1vq87e9lcf771.cloudfront.net/miguel/68f83db92edd0348a1992e0b1e458e80", "type": "mp3"}, {"required": false, "url": "https://d1vq87e9lcf771.cloudfront.net/miguel/d863d8aa552c7c1c67edddbdd43fc33f", "type": "mp3"}, {"required": false, "url": "https://d1vq87e9lcf771.cloudfront.net/miguel/2e717e2fe5783a547e2995fe3699350a", "type": "mp3"}]}