{"elements": [{"type": "verticalSpace", "element": 2, "meta": {"autoPlayableTTS": [], "sectionIndex": 0, "backgroundColor": "E5E5E5"}}, {"type": "verticalSpace", "element": 24, "meta": {"autoPlayableTTS": [], "sectionIndex": 0, "backgroundColor": null}}, {"type": "text", "element": {"styledString": {"text": "KEY PHRASES", "styling": [{"from": 0, "to": 11, "attributes": {"alignment": "left", "fontSize": 17, "fontWeight": "bold", "textColor": "1CB0F6", "lineSpacing": 4}}]}, "tokenTTS": {"tokenTTSCollection": []}}, "meta": {"autoPlayableTTS": [], "sectionIndex": 0, "backgroundColor": null}}, {"type": "verticalSpace", "element": 8, "meta": {"autoPlayableTTS": [], "sectionIndex": 0, "backgroundColor": null}}, {"type": "text", "element": {"styledString": {"text": "Talk about holidays", "styling": [{"from": 0, "to": 19, "attributes": {"alignment": "left", "fontSize": 25, "fontWeight": "bold", "textColor": "4B4B4B", "lineSpacing": 4}}]}, "tokenTTS": {"tokenTTSCollection": []}}, "meta": {"autoPlayableTTS": [], "sectionIndex": 0, "backgroundColor": null}}, {"type": "verticalSpace", "element": 16, "meta": {"autoPlayableTTS": [], "sectionIndex": 0, "backgroundColor": null}}, {"type": "dialogue", "element": {"phrases": [{"text": {"styledString": {"text": "\u00bfSe compran flores para el D\u00eda de los Muertos?", "styling": [{"from": 0, "to": 46, "attributes": {"alignment": "left", "fontSize": 19, "fontWeight": "normal", "textColor": "4B4B4B", "lineSpacing": 5}}]}, "tokenTTS": {"tokenTTSCollection": []}, "blockHints": [{"value": "\u00bf"}, {"value": "Se", "hintTable": {"headers": ["se", "compran"], "rows": [[{"hint": "(they/you-plural)  buy", "colspan": 2}], [{"hint": "(they/you-plural)  purchase", "colspan": 2}], [{"hint": "they", "colspan": 1}, {"colspan": 1}], [{"hint": "you", "colspan": 1}, {"colspan": 1}], [{"hint": "are", "colspan": 1}, {"colspan": 1}]], "references": [1]}, "tts": "https://d1vq87e9lcf771.cloudfront.net/penelope/50bf590e9131f900980801ba11e0d871"}, {"value": " "}, {"value": "compran", "hintTable": {"headers": ["se", "compran"], "rows": [[{"hint": "(they/you-plural)  buy", "colspan": 2}], [{"hint": "(they/you-plural)  purchase", "colspan": 2}], [{"colspan": 1}, {"hint": "(they) buy", "colspan": 1}], [{"colspan": 1}, {"hint": "buy", "colspan": 1}], [{"colspan": 1}, {"hint": "(?) do you buy", "colspan": 1}]], "references": [0]}, "tts": "https://d1vq87e9lcf771.cloudfront.net/miguel/63e1656f30285843d7443bcefb1844cb"}, {"value": " "}, {"value": "flores", "hintTable": {"rows": [[{"hint": "flowers", "colspan": 1}], [{"hint": "flower", "colspan": 1}], [{"hint": "Flores", "colspan": 1}]], "references": []}, "tts": "https://d1vq87e9lcf771.cloudfront.net/miguel/c25b7e82116a53e1576d9415c75c69a3"}, {"value": " "}, {"value": "para", "hintTable": {"rows": [[{"hint": "for", "colspan": 1}], [{"hint": "(you) stop", "colspan": 1}], [{"hint": "with", "colspan": 1}]], "references": []}, "tts": "https://d1vq87e9lcf771.cloudfront.net/miguel/6f3d0512a9245756279b8c3ebecaae1b"}, {"value": " "}, {"value": "el", "hintTable": {"rows": [[{"hint": "the", "colspan": 1}], [{"hint": "your", "colspan": 1}], [{"hint": "her", "colspan": 1}]], "references": []}, "tts": "https://d1vq87e9lcf771.cloudfront.net/penelope/b47f0c6243dc0dd607abd744189eec05"}, {"value": " "}, {"value": "D\u00eda", "hintTable": {"rows": [[{"hint": "day", "colspan": 1}]], "references": []}, "tts": "https://d1vq87e9lcf771.cloudfront.net/miguel/fa27b6757238681c4b0a81bd5b6d1e68"}, {"value": " "}, {"value": "de", "hintTable": {"headers": ["de", "los"], "rows": [[{"hint": "'s", "colspan": 2}], [{"hint": "for", "colspan": 1}, {"colspan": 1}], [{"hint": "of", "colspan": 1}, {"colspan": 1}], [{"hint": "the", "colspan": 1}, {"colspan": 1}]], "references": [7]}, "tts": "https://d1vq87e9lcf771.cloudfront.net/miguel/7c3dc4295f4bfedec518e38299ea8dc5"}, {"value": " "}, {"value": "los", "hintTable": {"headers": ["de", "los"], "rows": [[{"hint": "'s", "colspan": 2}], [{"colspan": 1}, {"hint": "the", "colspan": 1}], [{"colspan": 1}, {"hint": "you", "colspan": 1}], [{"colspan": 1}, {"hint": "their", "colspan": 1}]], "references": [6]}, "tts": "https://d1vq87e9lcf771.cloudfront.net/miguel/d863d8aa552c7c1c67edddbdd43fc33f"}, {"value": " "}, {"value": "Muertos", "hintTable": {"rows": [[{"hint": "dead", "colspan": 1}]], "references": []}, "tts": "https://d1vq87e9lcf771.cloudfront.net/miguel/be1ddaecd3790b4982448a21b0f274f1"}, {"value": "?"}]}, "subtext": {"styledString": {"text": "Do people buy flowers for the Day of the Dead?", "styling": [{"from": 0, "to": 46, "attributes": {"alignment": "left", "fontSize": 19, "fontWeight": "normal", "textColor": "AFAFAF", "lineSpacing": 5}}]}, "tokenTTS": {"tokenTTSCollection": []}}, "ttsURL": "https://d1vq87e9lcf771.cloudfront.net/miguel/4b2d1014dd4bc6999e1f1d60e73831b3"}, {"text": {"styledString": {"text": "Aqu\u00ed se venden muchas flores amarillas ese d\u00eda.", "styling": [{"from": 0, "to": 47, "attributes": {"alignment": "left", "fontSize": 19, "fontWeight": "normal", "textColor": "4B4B4B", "lineSpacing": 5}}]}, "tokenTTS": {"tokenTTSCollection": []}, "blockHints": [{"value": "Aqu\u00ed", "hintTable": {"rows": [[{"hint": "here", "colspan": 1}]], "references": []}, "tts": "https://d1vq87e9lcf771.cloudfront.net/miguel/b4b03c7841b0ca940c16d88eb7409201"}, {"value": " "}, {"value": "se", "hintTable": {"headers": ["se", "venden"], "rows": [[{"hint": "are sold", "colspan": 2}], [{"hint": "sold", "colspan": 2}], [{"hint": "they", "colspan": 1}, {"colspan": 1}], [{"hint": "you", "colspan": 1}, {"colspan": 1}], [{"hint": "are", "colspan": 1}, {"colspan": 1}]], "references": [2]}, "tts": "https://d1vq87e9lcf771.cloudfront.net/penelope/50bf590e9131f900980801ba11e0d871"}, {"value": " "}, {"value": "venden", "hintTable": {"headers": ["se", "venden"], "rows": [[{"hint": "are sold", "colspan": 2}], [{"hint": "sold", "colspan": 2}], [{"colspan": 1}, {"hint": "(they) sell", "colspan": 1}], [{"colspan": 1}, {"hint": "sell", "colspan": 1}], [{"colspan": 1}, {"hint": "(?) do they sell", "colspan": 1}]], "references": [1]}, "tts": "https://d1vq87e9lcf771.cloudfront.net/miguel/36b1c63ffe9a75f5b9c03adcc06d7196"}, {"value": " "}, {"value": "muchas", "hintTable": {"rows": [[{"hint": "a lot of", "colspan": 1}], [{"hint": "lots of", "colspan": 1}], [{"hint": "many", "colspan": 1}]], "references": []}, "tts": "https://d1vq87e9lcf771.cloudfront.net/miguel/674fd617e573909aa12863fd4f6c21b6"}, {"value": " "}, {"value": "flores", "hintTable": {"rows": [[{"hint": "flowers", "colspan": 1}], [{"hint": "flower", "colspan": 1}], [{"hint": "Flores", "colspan": 1}]], "references": []}, "tts": "https://d1vq87e9lcf771.cloudfront.net/miguel/c25b7e82116a53e1576d9415c75c69a3"}, {"value": " "}, {"value": "amarillas", "hintTable": {"rows": [[{"hint": "yellow", "colspan": 1}]], "references": []}, "tts": "https://d1vq87e9lcf771.cloudfront.net/miguel/73bbb3757f21b85553e8c3ef611b7d0e"}, {"value": " "}, {"value": "ese", "hintTable": {"rows": [[{"hint": "that", "colspan": 1}], [{"hint": "the", "colspan": 1}]], "references": []}, "tts": "https://d1vq87e9lcf771.cloudfront.net/miguel/da66116e2742533c54f0d39ea9e668be"}, {"value": " "}, {"value": "d\u00eda", "hintTable": {"rows": [[{"hint": "day", "colspan": 1}]], "references": []}, "tts": "https://d1vq87e9lcf771.cloudfront.net/miguel/fa27b6757238681c4b0a81bd5b6d1e68"}, {"value": "."}]}, "subtext": {"styledString": {"text": "They sell a lot of yellow flowers here that day.", "styling": [{"from": 0, "to": 48, "attributes": {"alignment": "left", "fontSize": 19, "fontWeight": "normal", "textColor": "AFAFAF", "lineSpacing": 5}}]}, "tokenTTS": {"tokenTTSCollection": []}}, "ttsURL": "https://d1vq87e9lcf771.cloudfront.net/miguel/0cdeb4fa6c496e337ec09dfc77f25b1a"}]}, "meta": {"autoPlayableTTS": [], "sectionIndex": 0, "backgroundColor": null}}, {"type": "verticalSpace", "element": 16, "meta": {"autoPlayableTTS": [], "sectionIndex": 0, "backgroundColor": null}}, {"type": "dialogue", "element": {"phrases": [{"text": {"styledString": {"text": "Nuestros vecinos nos invitaron a cenar en Januc\u00e1.", "styling": [{"from": 0, "to": 49, "attributes": {"alignment": "left", "fontSize": 19, "fontWeight": "normal", "textColor": "4B4B4B", "lineSpacing": 5}}]}, "tokenTTS": {"tokenTTSCollection": []}, "blockHints": [{"value": "Nuestros", "hintTable": {"rows": [[{"hint": "our", "colspan": 1}], [{"hint": "ours", "colspan": 1}]], "references": []}, "tts": "https://d1vq87e9lcf771.cloudfront.net/miguel/be6bf37557a4b61b7b127c969ddb138f"}, {"value": " "}, {"value": "vecinos", "hintTable": {"rows": [[{"hint": "neighbors", "colspan": 1}], [{"hint": "residents", "colspan": 1}], [{"hint": "neighbors'", "colspan": 1}]], "references": []}, "tts": "https://d1vq87e9lcf771.cloudfront.net/miguel/702a353c00fa0b238f815e48dc28f2a3"}, {"value": " "}, {"value": "nos", "hintTable": {"rows": [[{"hint": "for us", "colspan": 1}], [{"hint": "us", "colspan": 1}], [{"hint": "our", "colspan": 1}]], "references": []}, "tts": "https://d1vq87e9lcf771.cloudfront.net/miguel/3086923da928a5f1e76aee61c55ff0b0"}, {"value": " "}, {"value": "invitaron", "hintTable": {"headers": ["invitaron", "a"], "rows": [[{"hint": "stood", "colspan": 2}], [{"hint": "(they) invited", "colspan": 1}, {"colspan": 1}], [{"hint": "invite", "colspan": 1}, {"colspan": 1}]], "references": [4]}, "tts": "https://d1vq87e9lcf771.cloudfront.net/miguel/8977f6bc5bad7b8bbed74f506accdbe0"}, {"value": " "}, {"value": "a", "hintTable": {"headers": ["invitaron", "a"], "rows": [[{"hint": "stood", "colspan": 2}], [{"colspan": 1}, {"hint": "for", "colspan": 1}], [{"colspan": 1}, {"hint": "to", "colspan": 1}], [{"colspan": 1}, {"hint": "at", "colspan": 1}]], "references": [3]}, "tts": "https://d1vq87e9lcf771.cloudfront.net/miguel/a615ab7aef51e62ab81ce9255166fc65"}, {"value": " "}, {"value": "cenar", "hintTable": {"rows": [[{"hint": "dinner", "colspan": 1}], [{"hint": "(to) eat dinner", "colspan": 1}], [{"hint": "(to) have dinner", "colspan": 1}]], "references": []}, "tts": "https://d1vq87e9lcf771.cloudfront.net/miguel/7f44318d97769a32435e06b39f9249fc"}, {"value": " "}, {"value": "en", "hintTable": {"rows": [[{"hint": "for", "colspan": 1}], [{"hint": "during", "colspan": 1}], [{"hint": "at", "colspan": 1}]], "references": []}, "tts": "https://d1vq87e9lcf771.cloudfront.net/miguel/953baa0ff97009a5374e3a2695ce7f5c"}, {"value": " "}, {"value": "Januc\u00e1", "hintTable": {"rows": [[{"hint": "Hanukkah", "colspan": 1}]], "references": []}, "tts": "https://d1vq87e9lcf771.cloudfront.net/miguel/c29c5f9f6c2c2082e4bc28c1b637e742"}, {"value": "."}]}, "subtext": {"styledString": {"text": "Our neighbors invited us for dinner during Hanukkah.", "styling": [{"from": 0, "to": 52, "attributes": {"alignment": "left", "fontSize": 19, "fontWeight": "normal", "textColor": "AFAFAF", "lineSpacing": 5}}]}, "tokenTTS": {"tokenTTSCollection": []}}, "ttsURL": "https://d1vq87e9lcf771.cloudfront.net/miguel/ab3c6bba1f4aad09f1e94b977b61dfa9"}, {"text": {"styledString": {"text": "\u00bfQu\u00e9 tipos de comida hacen en Januc\u00e1?", "styling": [{"from": 0, "to": 37, "attributes": {"alignment": "left", "fontSize": 19, "fontWeight": "normal", "textColor": "4B4B4B", "lineSpacing": 5}}]}, "tokenTTS": {"tokenTTSCollection": []}, "blockHints": [{"value": "\u00bf"}, {"value": "Qu\u00e9", "hintTable": {"rows": [[{"hint": "what an", "colspan": 1}], [{"hint": "what a", "colspan": 1}], [{"hint": "so", "colspan": 1}]], "references": []}, "tts": "https://d1vq87e9lcf771.cloudfront.net/miguel/10cae84a9e87a16bf1d6dce8af8406b3"}, {"value": " "}, {"value": "tipos", "hintTable": {"rows": [[{"hint": "kind", "colspan": 1}], [{"hint": "types", "colspan": 1}], [{"hint": "kinds", "colspan": 1}]], "references": []}, "tts": "https://d1vq87e9lcf771.cloudfront.net/miguel/055e80755b0a5aeed6d1d0bee7409c1c"}, {"value": " "}, {"value": "de", "hintTable": {"rows": [[{"hint": "with", "colspan": 1}], [{"hint": "made of", "colspan": 1}], [{"hint": "off", "colspan": 1}]], "references": []}, "tts": "https://d1vq87e9lcf771.cloudfront.net/miguel/7c3dc4295f4bfedec518e38299ea8dc5"}, {"value": " "}, {"value": "comida", "hintTable": {"rows": [[{"hint": "eaten", "colspan": 1}], [{"hint": "food", "colspan": 1}], [{"hint": "meal", "colspan": 1}]], "references": []}, "tts": "https://d1vq87e9lcf771.cloudfront.net/miguel/e5a3a190408915eb3ddc4b1fcfd5ce1a"}, {"value": " "}, {"value": "hacen", "hintTable": {"rows": [[{"hint": "(they) do", "colspan": 1}], [{"hint": "(?) are you doing", "colspan": 1}], [{"hint": "made", "colspan": 1}]], "references": []}, "tts": "https://d1vq87e9lcf771.cloudfront.net/miguel/b29a8d8fb9871803ac582792b23424bb"}, {"value": " "}, {"value": "en", "hintTable": {"rows": [[{"hint": "under", "colspan": 1}], [{"hint": "with", "colspan": 1}], [{"hint": "a", "colspan": 1}]], "references": []}, "tts": "https://d1vq87e9lcf771.cloudfront.net/miguel/953baa0ff97009a5374e3a2695ce7f5c"}, {"value": " "}, {"value": "Januc\u00e1", "hintTable": {"rows": [[{"hint": "Hanukkah", "colspan": 1}]], "references": []}, "tts": "https://d1vq87e9lcf771.cloudfront.net/miguel/67fa3a9eae76deb0d869c83ce1c95223"}, {"value": "?"}]}, "subtext": {"styledString": {"text": "What types of food do they make during Hanukkah?", "styling": [{"from": 0, "to": 48, "attributes": {"alignment": "left", "fontSize": 19, "fontWeight": "normal", "textColor": "AFAFAF", "lineSpacing": 5}}]}, "tokenTTS": {"tokenTTSCollection": []}}, "ttsURL": "https://d1vq87e9lcf771.cloudfront.net/miguel/22081d53070432f3db7c9bfc724cecb2"}]}, "meta": {"autoPlayableTTS": [], "sectionIndex": 0, "backgroundColor": null}}, {"type": "verticalSpace", "element": 16, "meta": {"autoPlayableTTS": [], "sectionIndex": 0, "backgroundColor": null}}, {"type": "dialogue", "element": {"phrases": [{"text": {"styledString": {"text": "\u00bfEn tu pa\u00eds no se trabaja en los d\u00edas festivos?", "styling": [{"from": 0, "to": 47, "attributes": {"alignment": "left", "fontSize": 19, "fontWeight": "normal", "textColor": "4B4B4B", "lineSpacing": 5}}]}, "tokenTTS": {"tokenTTSCollection": []}, "blockHints": [{"value": "\u00bf"}, {"value": "En", "hintTable": {"rows": [[{"hint": "on", "colspan": 1}], [{"hint": "in", "colspan": 1}], [{"hint": "during", "colspan": 1}]], "references": []}, "tts": "https://d1vq87e9lcf771.cloudfront.net/miguel/953baa0ff97009a5374e3a2695ce7f5c"}, {"value": " "}, {"value": "tu", "hintTable": {"rows": [[{"hint": "your", "colspan": 1}]], "references": []}, "tts": "https://d1vq87e9lcf771.cloudfront.net/miguel/cea183a755ba1637d85a81c6072829ac"}, {"value": " "}, {"value": "pa\u00eds", "hintTable": {"rows": [[{"hint": "country", "colspan": 1}], [{"hint": "land", "colspan": 1}]], "references": []}, "tts": "https://d1vq87e9lcf771.cloudfront.net/miguel/0e1c83ac8c949aa1bdc77605111dc7d4"}, {"value": " "}, {"value": "no", "hintTable": {"headers": ["no", "se"], "rows": [[{"hint": "isn't", "colspan": 2}], [{"hint": "aren't", "colspan": 2}], [{"hint": "don't", "colspan": 1}, {"colspan": 1}], [{"hint": "do not", "colspan": 1}, {"colspan": 1}], [{"hint": "n't", "colspan": 1}, {"colspan": 1}]], "references": [4]}, "tts": "https://d1vq87e9lcf771.cloudfront.net/miguel/e56dc9c59b5e999bbe4a986911a59034"}, {"value": " "}, {"value": "se", "hintTable": {"headers": ["no", "se"], "rows": [[{"hint": "isn't", "colspan": 2}], [{"hint": "aren't", "colspan": 2}], [{"colspan": 1}, {"hint": "people work", "colspan": 2}], [{"colspan": 1}, {"hint": "they", "colspan": 1}], [{"colspan": 1}, {"hint": "you", "colspan": 1}]], "references": [5]}, "tts": "https://d1vq87e9lcf771.cloudfront.net/penelope/50bf590e9131f900980801ba11e0d871"}, {"value": " "}, {"value": "trabaja", "hintTable": {"headers": ["se", "trabaja"], "rows": [[{"hint": "people work", "colspan": 2}], [{"colspan": 1}, {"hint": "(you) work", "colspan": 1}], [{"colspan": 1}, {"hint": "work", "colspan": 1}], [{"colspan": 1}, {"hint": "(?) does she work", "colspan": 1}]], "references": [4]}, "tts": "https://d1vq87e9lcf771.cloudfront.net/miguel/33e4bfa1b3ca568e0c125873497a4f73"}, {"value": " "}, {"value": "en", "hintTable": {"rows": [[{"hint": "on", "colspan": 1}], [{"hint": "in", "colspan": 1}], [{"hint": "during", "colspan": 1}]], "references": []}, "tts": "https://d1vq87e9lcf771.cloudfront.net/miguel/953baa0ff97009a5374e3a2695ce7f5c"}, {"value": " "}, {"value": "los", "hintTable": {"rows": [[{"hint": "your", "colspan": 1}], [{"hint": "on", "colspan": 1}], [{"hint": "you", "colspan": 1}]], "references": []}, "tts": "https://d1vq87e9lcf771.cloudfront.net/miguel/d863d8aa552c7c1c67edddbdd43fc33f"}, {"value": " "}, {"value": "d\u00edas", "hintTable": {"headers": ["d\u00edas", "festivos"], "rows": [[{"hint": "holidays", "colspan": 2}], [{"hint": "holiday", "colspan": 2}], [{"hint": "days", "colspan": 1}, {"colspan": 1}], [{"hint": "day", "colspan": 1}, {"colspan": 1}]], "references": [9]}, "tts": "https://d1vq87e9lcf771.cloudfront.net/miguel/fb2fbe10903adb9b8cdc2c5a7f4b7458"}, {"value": " "}, {"value": "festivos", "hintTable": {"headers": ["d\u00edas", "festivos"], "rows": [[{"hint": "holidays", "colspan": 2}], [{"hint": "holiday", "colspan": 2}], [{"colspan": 1}, {"hint": "holidays", "colspan": 1}], [{"colspan": 1}, {"hint": "parties", "colspan": 1}]], "references": [8]}, "tts": "https://d1vq87e9lcf771.cloudfront.net/miguel/469153c606df430e9be9f4262e91ae04"}, {"value": "?"}]}, "subtext": {"styledString": {"text": "In your country, people don't work on holidays?", "styling": [{"from": 0, "to": 47, "attributes": {"alignment": "left", "fontSize": 19, "fontWeight": "normal", "textColor": "AFAFAF", "lineSpacing": 5}}]}, "tokenTTS": {"tokenTTSCollection": []}}, "ttsURL": "https://d1vq87e9lcf771.cloudfront.net/miguel/d4ba84e1ac88650245d27b227f32d615"}]}, "meta": {"autoPlayableTTS": [], "sectionIndex": 0, "backgroundColor": null}}, {"type": "verticalSpace", "element": 16, "meta": {"autoPlayableTTS": [], "sectionIndex": 0, "backgroundColor": null}}, {"type": "dialogue", "element": {"phrases": [{"text": {"styledString": {"text": "\u00bfNo se cantan canciones en Semana Santa?", "styling": [{"from": 0, "to": 40, "attributes": {"alignment": "left", "fontSize": 19, "fontWeight": "normal", "textColor": "4B4B4B", "lineSpacing": 5}}]}, "tokenTTS": {"tokenTTSCollection": []}, "blockHints": [{"value": "\u00bf"}, {"value": "No", "hintTable": {"headers": ["no", "se"], "rows": [[{"hint": "aren't", "colspan": 2}], [{"hint": "isn't", "colspan": 2}], [{"hint": "don't", "colspan": 1}, {"colspan": 1}], [{"hint": "do not", "colspan": 1}, {"colspan": 1}], [{"hint": "n't", "colspan": 1}, {"colspan": 1}]], "references": [1]}, "tts": "https://d1vq87e9lcf771.cloudfront.net/miguel/e56dc9c59b5e999bbe4a986911a59034"}, {"value": " "}, {"value": "se", "hintTable": {"headers": ["no", "se"], "rows": [[{"hint": "aren't", "colspan": 2}], [{"hint": "isn't", "colspan": 2}], [{"colspan": 1}, {"hint": "they", "colspan": 1}], [{"colspan": 1}, {"hint": "you", "colspan": 1}], [{"colspan": 1}, {"hint": "are", "colspan": 1}]], "references": [0]}, "tts": "https://d1vq87e9lcf771.cloudfront.net/penelope/50bf590e9131f900980801ba11e0d871"}, {"value": " "}, {"value": "cantan", "hintTable": {"rows": [[{"hint": "(you) sing", "colspan": 1}], [{"hint": "sing", "colspan": 1}], [{"hint": "(they) are singing", "colspan": 1}]], "references": []}, "tts": "https://d1vq87e9lcf771.cloudfront.net/miguel/e2078d9f9b77abc5ffe0ce7d5bac6711"}, {"value": " "}, {"value": "canciones", "hintTable": {"rows": [[{"hint": "songs", "colspan": 1}]], "references": []}, "tts": "https://d1vq87e9lcf771.cloudfront.net/miguel/2a5323b60aa13b7d026c1e4d71288ecb"}, {"value": " "}, {"value": "en", "hintTable": {"rows": [[{"hint": "during", "colspan": 1}], [{"hint": "for", "colspan": 1}], [{"hint": "in", "colspan": 1}]], "references": []}, "tts": "https://d1vq87e9lcf771.cloudfront.net/miguel/953baa0ff97009a5374e3a2695ce7f5c"}, {"value": " "}, {"value": "Semana", "hintTable": {"headers": ["semana", "santa"], "rows": [[{"hint": "easter", "colspan": 2}], [{"hint": "week", "colspan": 1}, {"colspan": 1}]], "references": [6]}, "tts": "https://d1vq87e9lcf771.cloudfront.net/miguel/483750b144fbfddecb5a7ac77d6e9304"}, {"value": " "}, {"value": "Santa", "hintTable": {"headers": ["semana", "santa"], "rows": [[{"hint": "easter", "colspan": 2}], [{"colspan": 1}, {"hint": "holy", "colspan": 1}], [{"colspan": 1}, {"hint": "saint", "colspan": 1}], [{"colspan": 1}, {"hint": "St", "colspan": 1}]], "references": [5]}, "tts": "https://d1vq87e9lcf771.cloudfront.net/miguel/772ecc1e46a4987d822d86b014f237ba"}, {"value": "?"}]}, "subtext": {"styledString": {"text": "Don't people sing songs during Holy Week?", "styling": [{"from": 0, "to": 41, "attributes": {"alignment": "left", "fontSize": 19, "fontWeight": "normal", "textColor": "AFAFAF", "lineSpacing": 5}}]}, "tokenTTS": {"tokenTTSCollection": []}}, "ttsURL": "https://d1vq87e9lcf771.cloudfront.net/miguel/2bd862991d5a714397c9f44129006fda"}]}, "meta": {"autoPlayableTTS": [], "sectionIndex": 0, "backgroundColor": null}}, {"type": "verticalSpace", "element": 24, "meta": {"autoPlayableTTS": [], "sectionIndex": 0, "backgroundColor": null}}], "resourcesToPrefetch": [{"required": false, "url": "https://d1vq87e9lcf771.cloudfront.net/miguel/ab3c6bba1f4aad09f1e94b977b61dfa9", "type": "mp3"}, {"required": false, "url": "https://d1vq87e9lcf771.cloudfront.net/miguel/4b2d1014dd4bc6999e1f1d60e73831b3", "type": "mp3"}, {"required": false, "url": "https://d1vq87e9lcf771.cloudfront.net/miguel/2bd862991d5a714397c9f44129006fda", "type": "mp3"}, {"required": false, "url": "https://d1vq87e9lcf771.cloudfront.net/miguel/0cdeb4fa6c496e337ec09dfc77f25b1a", "type": "mp3"}, {"required": false, "url": "https://d1vq87e9lcf771.cloudfront.net/miguel/22081d53070432f3db7c9bfc724cecb2", "type": "mp3"}, {"required": false, "url": "https://d1vq87e9lcf771.cloudfront.net/miguel/d4ba84e1ac88650245d27b227f32d615", "type": "mp3"}]}