{"elements": [{"type": "verticalSpace", "element": 2, "meta": {"autoPlayableTTS": [], "sectionIndex": 0, "backgroundColor": "E5E5E5"}}, {"type": "verticalSpace", "element": 24, "meta": {"autoPlayableTTS": [], "sectionIndex": 0, "backgroundColor": null}}, {"type": "text", "element": {"styledString": {"text": "KEY PHRASES", "styling": [{"from": 0, "to": 11, "attributes": {"alignment": "left", "fontSize": 17, "fontWeight": "bold", "textColor": "1CB0F6", "lineSpacing": 4}}]}, "tokenTTS": {"tokenTTSCollection": []}}, "meta": {"autoPlayableTTS": [], "sectionIndex": 0, "backgroundColor": null}}, {"type": "verticalSpace", "element": 8, "meta": {"autoPlayableTTS": [], "sectionIndex": 0, "backgroundColor": null}}, {"type": "text", "element": {"styledString": {"text": "Use y and en", "styling": [{"from": 0, "to": 12, "attributes": {"alignment": "left", "fontSize": 25, "fontWeight": "bold", "textColor": "4B4B4B", "lineSpacing": 4}}]}, "tokenTTS": {"tokenTTSCollection": []}}, "meta": {"autoPlayableTTS": [], "sectionIndex": 0, "backgroundColor": null}}, {"type": "verticalSpace", "element": 16, "meta": {"autoPlayableTTS": [], "sectionIndex": 0, "backgroundColor": null}}, {"type": "dialogue", "element": {"phrases": [{"text": {"styledString": {"text": "Tu am\u00e8neras Sarah \u00e0 son cours de piano demain ?", "styling": [{"from": 0, "to": 47, "attributes": {"alignment": "left", "fontSize": 19, "fontWeight": "normal", "textColor": "4B4B4B", "lineSpacing": 5}}]}, "tokenTTS": {"tokenTTSCollection": []}, "blockHints": [{"value": "Tu", "hintTable": {"rows": [[{"hint": "you", "colspan": 1}], [{"hint": "you'll", "colspan": 1}]], "references": []}, "tts": "https://d1vq87e9lcf771.cloudfront.net/danielle/108696c9e1fe68d2beb23bb6f937a618"}, {"value": " "}, {"value": "am\u00e8neras", "hintTable": {"rows": [[{"hint": "will take", "colspan": 1}], [{"hint": "will bring", "colspan": 1}]], "references": []}, "tts": "https://d1vq87e9lcf771.cloudfront.net/danielle/4f0d371b3d84d0040a288a61b06ede17"}, {"value": " "}, {"value": "Sarah", "hintTable": {"rows": [[{"hint": "Sarah", "colspan": 1}]], "references": []}, "tts": "https://d1vq87e9lcf771.cloudfront.net/danielle/ddeb544fa2dc568fe5d19d1867380350"}, {"value": " "}, {"value": "\u00e0", "hintTable": {"rows": [[{"hint": "to", "colspan": 1}], [{"hint": "see you", "colspan": 1}], [{"hint": "on", "colspan": 1}]], "references": []}, "tts": "https://d1vq87e9lcf771.cloudfront.net/danielle/525d3aba641b4330345f33346eb9959d"}, {"value": " "}, {"value": "son", "hintTable": {"rows": [[{"hint": "her", "colspan": 1}], [{"hint": "one's", "colspan": 1}], [{"hint": "sound", "colspan": 1}]], "references": []}, "tts": "https://d1vq87e9lcf771.cloudfront.net/danielle/4a10da13e483d70eac385f1e61888f36"}, {"value": " "}, {"value": "cours", "hintTable": {"rows": [[{"hint": "class", "colspan": 1}], [{"hint": "lesson", "colspan": 1}], [{"hint": "classes", "colspan": 1}]], "references": []}, "tts": "https://d1vq87e9lcf771.cloudfront.net/danielle/4e320128ba6de5446914a8df764524ee"}, {"value": " "}, {"value": "de", "hintTable": {"rows": [[{"hint": "to", "colspan": 1}], [{"hint": "any", "colspan": 1}], [{"hint": "with", "colspan": 1}]], "references": []}, "tts": "https://d1vq87e9lcf771.cloudfront.net/danielle/440a31450593e609451ea2168f76e988"}, {"value": " "}, {"value": "piano", "hintTable": {"rows": [[{"hint": "piano", "colspan": 1}]], "references": []}, "tts": "https://d1vq87e9lcf771.cloudfront.net/danielle/929fced31631b6351c1a3e4d8d4ba44e"}, {"value": " "}, {"value": "demain", "hintTable": {"rows": [[{"hint": "tomorrow", "colspan": 1}]], "references": []}, "tts": "https://d1vq87e9lcf771.cloudfront.net/danielle/f63b7e3b762c370a09db710c59ff8ae1"}, {"value": " "}, {"value": "?"}]}, "subtext": {"styledString": {"text": "Will you take Sarah to her piano class tomorrow?", "styling": [{"from": 0, "to": 48, "attributes": {"alignment": "left", "fontSize": 19, "fontWeight": "normal", "textColor": "AFAFAF", "lineSpacing": 5}}]}, "tokenTTS": {"tokenTTSCollection": []}}, "ttsURL": "https://d1vq87e9lcf771.cloudfront.net/danielle/23a67d3ec95e6c8e3c66ef7043285c24"}, {"text": {"styledString": {"text": "Non, je dois m'en aller avant dix heures.", "styling": [{"from": 0, "to": 41, "attributes": {"alignment": "left", "fontSize": 19, "fontWeight": "normal", "textColor": "4B4B4B", "lineSpacing": 5}}]}, "tokenTTS": {"tokenTTSCollection": []}, "blockHints": [{"value": "Non", "hintTable": {"rows": [[{"hint": "is not", "colspan": 1}], [{"hint": "no", "colspan": 1}], [{"hint": "does not", "colspan": 1}]], "references": []}, "tts": "https://d1vq87e9lcf771.cloudfront.net/danielle/015ca584cfbc5f0a54a3066c0e1b9487"}, {"value": ","}, {"value": " "}, {"value": "je", "hintTable": {"rows": [[{"hint": "I", "colspan": 1}], [{"hint": "me", "colspan": 1}]], "references": []}, "tts": "https://d1vq87e9lcf771.cloudfront.net/danielle/bc9e4b13acbd7ff5019b443aa471b4de"}, {"value": " "}, {"value": "dois", "hintTable": {"rows": [[{"hint": "have to", "colspan": 1}], [{"hint": "need to", "colspan": 1}], [{"hint": "must", "colspan": 1}]], "references": []}, "tts": "https://d1vq87e9lcf771.cloudfront.net/danielle/d10cc7ffb0d9aa4ff09b682121046334"}, {"value": " "}, {"value": "m'", "hintTable": {"headers": ["m'", "en", "aller"], "rows": [[{"hint": "to take off", "colspan": 3}], [{"hint": "me", "colspan": 1}, {"colspan": 1}, {"colspan": 1}], [{"hint": "to me", "colspan": 1}, {"colspan": 1}, {"colspan": 1}], [{"hint": "love me", "colspan": 1}, {"colspan": 1}, {"colspan": 1}]], "references": [4, 5]}, "tts": "https://d1vq87e9lcf771.cloudfront.net/danielle/f57b1d6a722676910082420de2240c44"}, {"value": "en", "hintTable": {"headers": ["m'", "en", "aller"], "rows": [[{"hint": "to take off", "colspan": 3}], [{"colspan": 1}, {"hint": "at", "colspan": 1}, {"colspan": 1}], [{"colspan": 1}, {"hint": "of", "colspan": 1}, {"colspan": 1}], [{"colspan": 1}, {"hint": "made out of", "colspan": 1}, {"colspan": 1}]], "references": [3, 5]}, "tts": "https://d1vq87e9lcf771.cloudfront.net/danielle/d78cc0266039b684b7f869230583dc45"}, {"value": " "}, {"value": "aller", "hintTable": {"headers": ["m'", "en", "aller"], "rows": [[{"hint": "to take off", "colspan": 3}], [{"colspan": 1}, {"colspan": 1}, {"hint": "to go", "colspan": 1}], [{"colspan": 1}, {"colspan": 1}, {"hint": "go", "colspan": 1}], [{"colspan": 1}, {"colspan": 1}, {"hint": "going", "colspan": 1}]], "references": [3, 4]}, "tts": "https://d1vq87e9lcf771.cloudfront.net/danielle/5dd8062bcb4b69c8f190f9c97fbc2583"}, {"value": " "}, {"value": "avant", "hintTable": {"rows": [[{"hint": "before", "colspan": 1}], [{"hint": "until", "colspan": 1}], [{"hint": "by", "colspan": 1}]], "references": []}, "tts": "https://d1vq87e9lcf771.cloudfront.net/danielle/6da3c6e510b357c5f47624f90d34dfec"}, {"value": " "}, {"value": "dix", "hintTable": {"headers": ["dix", "heures"], "rows": [[{"hint": "ten", "colspan": 2}], [{"hint": "ten", "colspan": 1}, {"colspan": 1}], [{"hint": "tenth", "colspan": 1}, {"colspan": 1}]], "references": [8]}, "tts": "https://d1vq87e9lcf771.cloudfront.net/danielle/15e97dd7545a2c8d6dfdd95d9c878f00"}, {"value": " "}, {"value": "heures", "hintTable": {"headers": ["dix", "heures"], "rows": [[{"hint": "ten", "colspan": 2}], [{"colspan": 1}, {"hint": "o'clock", "colspan": 1}], [{"colspan": 1}, {"hint": "hours", "colspan": 1}]], "references": [7]}, "tts": "https://d1vq87e9lcf771.cloudfront.net/danielle/8e770e1651115c0789b0d6c00b4d1438"}, {"value": "."}]}, "subtext": {"styledString": {"text": "Non, I have to take off before ten o'clock.", "styling": [{"from": 0, "to": 43, "attributes": {"alignment": "left", "fontSize": 19, "fontWeight": "normal", "textColor": "AFAFAF", "lineSpacing": 5}}]}, "tokenTTS": {"tokenTTSCollection": []}}, "ttsURL": "https://d1vq87e9lcf771.cloudfront.net/danielle/f431d12ff5858ea08a81ddbd0e27fc3f"}]}, "meta": {"autoPlayableTTS": [], "sectionIndex": 0, "backgroundColor": null}}, {"type": "verticalSpace", "element": 16, "meta": {"autoPlayableTTS": [], "sectionIndex": 0, "backgroundColor": null}}, {"type": "dialogue", "element": {"phrases": [{"text": {"styledString": {"text": "On va \u00e0 la Poste \u00e0 dix heures, on vous y emm\u00e8ne ?", "styling": [{"from": 0, "to": 49, "attributes": {"alignment": "left", "fontSize": 19, "fontWeight": "normal", "textColor": "4B4B4B", "lineSpacing": 5}}]}, "tokenTTS": {"tokenTTSCollection": []}, "blockHints": [{"value": "On", "hintTable": {"rows": [[{"hint": "we", "colspan": 1}], [{"hint": "you", "colspan": 1}], [{"hint": "one", "colspan": 1}]], "references": []}, "tts": "https://d1vq87e9lcf771.cloudfront.net/danielle/d2cbfd71b6f44951b88f87810127a705"}, {"value": " "}, {"value": "va", "hintTable": {"headers": ["va", "\u00e0"], "rows": [[{"hint": "suits", "colspan": 2}], [{"hint": "going", "colspan": 1}, {"colspan": 1}], [{"hint": "is going", "colspan": 1}, {"colspan": 1}], [{"hint": "go", "colspan": 1}, {"colspan": 1}]], "references": [2]}, "tts": "https://d1vq87e9lcf771.cloudfront.net/danielle/7f1186315dd7902408941711dc0166cf"}, {"value": " "}, {"value": "\u00e0", "hintTable": {"headers": ["va", "\u00e0"], "rows": [[{"hint": "suits", "colspan": 2}], [{"colspan": 1}, {"hint": "with", "colspan": 2}], [{"colspan": 1}, {"hint": "at", "colspan": 1}], [{"colspan": 1}, {"hint": "to", "colspan": 1}]], "references": [3]}, "tts": "https://d1vq87e9lcf771.cloudfront.net/danielle/525d3aba641b4330345f33346eb9959d"}, {"value": " "}, {"value": "la", "hintTable": {"headers": ["\u00e0", "la"], "rows": [[{"hint": "with", "colspan": 2}], [{"colspan": 1}, {"hint": "the", "colspan": 1}], [{"colspan": 1}, {"hint": "it", "colspan": 1}], [{"colspan": 1}, {"hint": "your", "colspan": 1}]], "references": [2]}, "tts": "https://d1vq87e9lcf771.cloudfront.net/danielle/a3839459c4a22bd261d776fc91b0977e"}, {"value": " "}, {"value": "Poste", "hintTable": {"rows": [[{"hint": "post office", "colspan": 1}], [{"hint": "position", "colspan": 1}], [{"hint": "posts", "colspan": 1}]], "references": []}, "tts": "https://d1vq87e9lcf771.cloudfront.net/danielle/8a871116629a06de898b2f52c3750e65"}, {"value": " "}, {"value": "\u00e0", "hintTable": {"rows": [[{"hint": "at", "colspan": 1}], [{"hint": "to", "colspan": 1}], [{"hint": "see you", "colspan": 1}]], "references": []}, "tts": "https://d1vq87e9lcf771.cloudfront.net/danielle/525d3aba641b4330345f33346eb9959d"}, {"value": " "}, {"value": "dix", "hintTable": {"headers": ["dix", "heures"], "rows": [[{"hint": "ten", "colspan": 2}], [{"hint": "ten", "colspan": 1}, {"colspan": 1}], [{"hint": "tenth", "colspan": 1}, {"colspan": 1}]], "references": [7]}, "tts": "https://d1vq87e9lcf771.cloudfront.net/danielle/15e97dd7545a2c8d6dfdd95d9c878f00"}, {"value": " "}, {"value": "heures", "hintTable": {"headers": ["dix", "heures"], "rows": [[{"hint": "ten", "colspan": 2}], [{"colspan": 1}, {"hint": "o'clock", "colspan": 1}], [{"colspan": 1}, {"hint": "hours", "colspan": 1}]], "references": [6]}, "tts": "https://d1vq87e9lcf771.cloudfront.net/danielle/8e770e1651115c0789b0d6c00b4d1438"}, {"value": ","}, {"value": " "}, {"value": "on", "hintTable": {"rows": [[{"hint": "we", "colspan": 1}], [{"hint": "you", "colspan": 1}], [{"hint": "one", "colspan": 1}]], "references": []}, "tts": "https://d1vq87e9lcf771.cloudfront.net/danielle/d2cbfd71b6f44951b88f87810127a705"}, {"value": " "}, {"value": "vous", "hintTable": {"rows": [[{"hint": "to you", "colspan": 1}], [{"hint": "you", "colspan": 1}], [{"hint": "for you", "colspan": 1}]], "references": []}, "tts": "https://d1vq87e9lcf771.cloudfront.net/danielle/480892a594f400f082857d91ad80c042"}, {"value": " "}, {"value": "y", "hintTable": {"rows": [[{"hint": "there", "colspan": 1}], [{"hint": "to it", "colspan": 1}], [{"hint": "in it", "colspan": 1}]], "references": []}, "tts": "https://d1vq87e9lcf771.cloudfront.net/danielle/e85bc122d9c95886e919f2a99c5437c8"}, {"value": " "}, {"value": "emm\u00e8ne", "hintTable": {"rows": [[{"hint": "bring", "colspan": 1}], [{"hint": "take", "colspan": 1}], [{"hint": "is taking", "colspan": 1}]], "references": []}, "tts": "https://d1vq87e9lcf771.cloudfront.net/danielle/85d50540b5e9f3fdc229273460a40541"}, {"value": " "}, {"value": "?"}]}, "subtext": {"styledString": {"text": "We're going to the post office at ten o'clock; should we bring you there?", "styling": [{"from": 0, "to": 73, "attributes": {"alignment": "left", "fontSize": 19, "fontWeight": "normal", "textColor": "AFAFAF", "lineSpacing": 5}}]}, "tokenTTS": {"tokenTTSCollection": []}}, "ttsURL": "https://d1vq87e9lcf771.cloudfront.net/danielle/a2d25081379c781039c8843a7ffe61d0"}]}, "meta": {"autoPlayableTTS": [], "sectionIndex": 0, "backgroundColor": null}}, {"type": "verticalSpace", "element": 16, "meta": {"autoPlayableTTS": [], "sectionIndex": 0, "backgroundColor": null}}, {"type": "dialogue", "element": {"phrases": [{"text": {"styledString": {"text": "Je m'en vais, mais je reviendrai dans deux jours.", "styling": [{"from": 0, "to": 49, "attributes": {"alignment": "left", "fontSize": 19, "fontWeight": "normal", "textColor": "4B4B4B", "lineSpacing": 5}}]}, "tokenTTS": {"tokenTTSCollection": []}, "blockHints": [{"value": "Je", "hintTable": {"rows": [[{"hint": "I", "colspan": 1}], [{"hint": "me", "colspan": 1}]], "references": []}, "tts": "https://d1vq87e9lcf771.cloudfront.net/danielle/bc9e4b13acbd7ff5019b443aa471b4de"}, {"value": " "}, {"value": "m'", "hintTable": {"headers": ["m'", "en", "vais"], "rows": [[{"hint": "am taking off", "colspan": 3}], [{"hint": "take off", "colspan": 3}], [{"hint": "me", "colspan": 1}, {"colspan": 1}, {"colspan": 1}], [{"hint": "to me", "colspan": 1}, {"colspan": 1}, {"colspan": 1}], [{"hint": "love me", "colspan": 1}, {"colspan": 1}, {"colspan": 1}]], "references": [2, 3]}, "tts": "https://d1vq87e9lcf771.cloudfront.net/danielle/f57b1d6a722676910082420de2240c44"}, {"value": "en", "hintTable": {"headers": ["m'", "en", "vais"], "rows": [[{"hint": "am taking off", "colspan": 3}], [{"hint": "take off", "colspan": 3}], [{"colspan": 1}, {"hint": "in", "colspan": 1}, {"colspan": 1}], [{"colspan": 1}, {"hint": "in a", "colspan": 1}, {"colspan": 1}], [{"colspan": 1}, {"hint": "in an", "colspan": 1}, {"colspan": 1}]], "references": [1, 3]}, "tts": "https://d1vq87e9lcf771.cloudfront.net/danielle/d78cc0266039b684b7f869230583dc45"}, {"value": " "}, {"value": "vais", "hintTable": {"headers": ["m'", "en", "vais"], "rows": [[{"hint": "am taking off", "colspan": 3}], [{"hint": "take off", "colspan": 3}], [{"colspan": 1}, {"colspan": 1}, {"hint": "going", "colspan": 1}], [{"colspan": 1}, {"colspan": 1}, {"hint": "am going", "colspan": 1}], [{"colspan": 1}, {"colspan": 1}, {"hint": "am going to", "colspan": 1}]], "references": [1, 2]}, "tts": "https://d1vq87e9lcf771.cloudfront.net/danielle/59d5931cc5e0f0c0414423dbb6b62b2b"}, {"value": ","}, {"value": " "}, {"value": "mais", "hintTable": {"rows": [[{"hint": "but", "colspan": 1}], [{"hint": "yet", "colspan": 1}]], "references": []}, "tts": "https://d1vq87e9lcf771.cloudfront.net/danielle/b60d61ecd1d7be70dd729035daf22229"}, {"value": " "}, {"value": "je", "hintTable": {"rows": [[{"hint": "I", "colspan": 1}], [{"hint": "me", "colspan": 1}]], "references": []}, "tts": "https://d1vq87e9lcf771.cloudfront.net/danielle/bc9e4b13acbd7ff5019b443aa471b4de"}, {"value": " "}, {"value": "reviendrai", "hintTable": {"rows": [[{"hint": "will come back", "colspan": 1}], [{"hint": "will go back", "colspan": 1}]], "references": []}, "tts": "https://d1vq87e9lcf771.cloudfront.net/danielle/303f1783de99cb4c9421d1651b671bc9"}, {"value": " "}, {"value": "dans", "hintTable": {"rows": [[{"hint": "in", "colspan": 1}], [{"hint": "to", "colspan": 1}], [{"hint": "into", "colspan": 1}]], "references": []}, "tts": "https://d1vq87e9lcf771.cloudfront.net/danielle/c4232879fe12ea9d37d2fda9eb1704bb"}, {"value": " "}, {"value": "deux", "hintTable": {"rows": [[{"hint": "two", "colspan": 1}], [{"hint": "both", "colspan": 1}]], "references": []}, "tts": "https://d1vq87e9lcf771.cloudfront.net/danielle/4975fd3ac18ff8c5de57242a9e3d6978"}, {"value": " "}, {"value": "jours", "hintTable": {"rows": [[{"hint": "days", "colspan": 1}]], "references": []}, "tts": "https://d1vq87e9lcf771.cloudfront.net/danielle/05b7574fe7d3644446dcea6dca19351b"}, {"value": "."}]}, "subtext": {"styledString": {"text": "I'm taking off, but I'll come back in two days.", "styling": [{"from": 0, "to": 47, "attributes": {"alignment": "left", "fontSize": 19, "fontWeight": "normal", "textColor": "AFAFAF", "lineSpacing": 5}}]}, "tokenTTS": {"tokenTTSCollection": []}}, "ttsURL": "https://d1vq87e9lcf771.cloudfront.net/danielle/ab01307d93ce9329cfe9eefefaec81e1"}, {"text": {"styledString": {"text": "Si tu vas \u00e0 la gare maintenant, tu m'y emm\u00e8nes ?", "styling": [{"from": 0, "to": 48, "attributes": {"alignment": "left", "fontSize": 19, "fontWeight": "normal", "textColor": "4B4B4B", "lineSpacing": 5}}]}, "tokenTTS": {"tokenTTSCollection": []}, "blockHints": [{"value": "Si", "hintTable": {"rows": [[{"hint": "can you", "colspan": 1}], [{"hint": "if", "colspan": 1}], [{"hint": "could you", "colspan": 1}]], "references": []}, "tts": "https://d1vq87e9lcf771.cloudfront.net/danielle/adaac1cb1288e9005d1ab5e2e325063c"}, {"value": " "}, {"value": "tu", "hintTable": {"rows": [[{"hint": "you", "colspan": 1}], [{"hint": "you'll", "colspan": 1}]], "references": []}, "tts": "https://d1vq87e9lcf771.cloudfront.net/danielle/108696c9e1fe68d2beb23bb6f937a618"}, {"value": " "}, {"value": "vas", "hintTable": {"rows": [[{"hint": "going", "colspan": 1}], [{"hint": "are going to", "colspan": 1}], [{"hint": "are going", "colspan": 1}]], "references": []}, "tts": "https://d1vq87e9lcf771.cloudfront.net/danielle/4ee603fc7dbc38caad303276fbc0f914"}, {"value": " "}, {"value": "\u00e0", "hintTable": {"headers": ["\u00e0", "la"], "rows": [[{"hint": "with", "colspan": 2}], [{"hint": "to", "colspan": 1}, {"colspan": 1}], [{"hint": "see you", "colspan": 1}, {"colspan": 1}], [{"hint": "with", "colspan": 1}, {"colspan": 1}]], "references": [4]}, "tts": "https://d1vq87e9lcf771.cloudfront.net/danielle/525d3aba641b4330345f33346eb9959d"}, {"value": " "}, {"value": "la", "hintTable": {"headers": ["\u00e0", "la"], "rows": [[{"hint": "with", "colspan": 2}], [{"colspan": 1}, {"hint": "the", "colspan": 1}], [{"colspan": 1}, {"hint": "it", "colspan": 1}], [{"colspan": 1}, {"hint": "your", "colspan": 1}]], "references": [3]}, "tts": "https://d1vq87e9lcf771.cloudfront.net/danielle/a3839459c4a22bd261d776fc91b0977e"}, {"value": " "}, {"value": "gare", "hintTable": {"rows": [[{"hint": "train station", "colspan": 1}], [{"hint": "park", "colspan": 1}], [{"hint": "parks", "colspan": 1}]], "references": []}, "tts": "https://d1vq87e9lcf771.cloudfront.net/danielle/675dd4e55fd4521940e55d8a3a31b3d9"}, {"value": " "}, {"value": "maintenant", "hintTable": {"rows": [[{"hint": "now", "colspan": 1}]], "references": []}, "tts": "https://d1vq87e9lcf771.cloudfront.net/danielle/9d88e57a43093d4cf8093979789b171d"}, {"value": ","}, {"value": " "}, {"value": "tu", "hintTable": {"rows": [[{"hint": "you", "colspan": 1}], [{"hint": "you'll", "colspan": 1}]], "references": []}, "tts": "https://d1vq87e9lcf771.cloudfront.net/danielle/108696c9e1fe68d2beb23bb6f937a618"}, {"value": " "}, {"value": "m'", "hintTable": {"rows": [[{"hint": "to me", "colspan": 1}], [{"hint": "me", "colspan": 1}], [{"hint": "love me", "colspan": 1}]], "references": []}, "tts": "https://d1vq87e9lcf771.cloudfront.net/danielle/f57b1d6a722676910082420de2240c44"}, {"value": "y", "hintTable": {"rows": [[{"hint": "there", "colspan": 1}], [{"hint": "to it", "colspan": 1}], [{"hint": "in it", "colspan": 1}]], "references": []}, "tts": "https://d1vq87e9lcf771.cloudfront.net/danielle/e85bc122d9c95886e919f2a99c5437c8"}, {"value": " "}, {"value": "emm\u00e8nes", "hintTable": {"rows": [[{"hint": "bring", "colspan": 1}], [{"hint": "are bringing", "colspan": 1}], [{"hint": "take", "colspan": 1}]], "references": []}, "tts": "https://d1vq87e9lcf771.cloudfront.net/danielle/2285d0b64f9ea546b861fe581759f1db"}, {"value": " "}, {"value": "?"}]}, "subtext": {"styledString": {"text": "If you're going to the train station now, can you bring me there?", "styling": [{"from": 0, "to": 65, "attributes": {"alignment": "left", "fontSize": 19, "fontWeight": "normal", "textColor": "AFAFAF", "lineSpacing": 5}}]}, "tokenTTS": {"tokenTTSCollection": []}}, "ttsURL": "https://d1vq87e9lcf771.cloudfront.net/danielle/3678ccbe037a084b2f9177c61c22d9ec"}]}, "meta": {"autoPlayableTTS": [], "sectionIndex": 0, "backgroundColor": null}}, {"type": "verticalSpace", "element": 16, "meta": {"autoPlayableTTS": [], "sectionIndex": 0, "backgroundColor": null}}, {"type": "dialogue", "element": {"phrases": [{"text": {"styledString": {"text": "Regarde, il y a plein de panneaux au carrefour.", "styling": [{"from": 0, "to": 47, "attributes": {"alignment": "left", "fontSize": 19, "fontWeight": "normal", "textColor": "4B4B4B", "lineSpacing": 5}}]}, "tokenTTS": {"tokenTTSCollection": []}, "blockHints": [{"value": "Regarde", "hintTable": {"rows": [[{"hint": "look at", "colspan": 1}], [{"hint": "look", "colspan": 1}], [{"hint": "am looking at", "colspan": 1}]], "references": []}, "tts": "https://d1vq87e9lcf771.cloudfront.net/danielle/c966da26cf49beee6eb837ee3fdba8d4"}, {"value": ","}, {"value": " "}, {"value": "il", "hintTable": {"headers": ["il", "y", "a"], "rows": [[{"hint": "there are", "colspan": 3}], [{"hint": "there is", "colspan": 3}], [{"hint": "there's", "colspan": 3}], [{"hint": "him", "colspan": 1}, {"colspan": 1}, {"colspan": 1}], [{"hint": "it", "colspan": 1}, {"colspan": 1}, {"colspan": 1}], [{"hint": "he", "colspan": 1}, {"colspan": 1}, {"colspan": 1}]], "references": [2, 3]}, "tts": "https://d1vq87e9lcf771.cloudfront.net/danielle/2cc14eeacdf034fdbb20a8fbdb782326"}, {"value": " "}, {"value": "y", "hintTable": {"headers": ["il", "y", "a"], "rows": [[{"hint": "there are", "colspan": 3}], [{"hint": "there is", "colspan": 3}], [{"hint": "there's", "colspan": 3}], [{"colspan": 1}, {"hint": "there", "colspan": 1}, {"colspan": 1}], [{"colspan": 1}, {"hint": "there's", "colspan": 1}, {"colspan": 1}], [{"colspan": 1}, {"hint": "to it", "colspan": 1}, {"colspan": 1}]], "references": [1, 3]}, "tts": "https://d1vq87e9lcf771.cloudfront.net/danielle/e85bc122d9c95886e919f2a99c5437c8"}, {"value": " "}, {"value": "a", "hintTable": {"headers": ["il", "y", "a"], "rows": [[{"hint": "there are", "colspan": 3}], [{"hint": "there is", "colspan": 3}], [{"hint": "there's", "colspan": 3}], [{"colspan": 1}, {"colspan": 1}, {"hint": "gets", "colspan": 1}], [{"colspan": 1}, {"colspan": 1}, {"hint": "has", "colspan": 1}], [{"colspan": 1}, {"colspan": 1}, {"hint": "get", "colspan": 1}]], "references": [1, 2]}, "tts": "https://d1vq87e9lcf771.cloudfront.net/danielle/634fc80350d4866a1d055dc60cc43de0"}, {"value": " "}, {"value": "plein", "hintTable": {"headers": ["plein", "de"], "rows": [[{"hint": "a lot of", "colspan": 2}], [{"hint": "a lot of", "colspan": 1}, {"colspan": 1}], [{"hint": "a lot", "colspan": 1}, {"colspan": 1}], [{"hint": "full", "colspan": 1}, {"colspan": 1}]], "references": [5]}, "tts": "https://d1vq87e9lcf771.cloudfront.net/danielle/6292bcd243a3b87017163595cc10dcf8"}, {"value": " "}, {"value": "de", "hintTable": {"headers": ["plein", "de"], "rows": [[{"hint": "a lot of", "colspan": 2}], [{"colspan": 1}, {"hint": "of", "colspan": 1}], [{"colspan": 1}, {"hint": "a", "colspan": 1}], [{"colspan": 1}, {"hint": "out of", "colspan": 1}]], "references": [4]}, "tts": "https://d1vq87e9lcf771.cloudfront.net/danielle/440a31450593e609451ea2168f76e988"}, {"value": " "}, {"value": "panneaux", "hintTable": {"rows": [[{"hint": "signs", "colspan": 1}], [{"hint": "panels", "colspan": 1}]], "references": []}, "tts": "https://d1vq87e9lcf771.cloudfront.net/danielle/57abf630aef5087e3e859bf9ebfbd7d6"}, {"value": " "}, {"value": "au", "hintTable": {"rows": [[{"hint": "at the", "colspan": 1}], [{"hint": "at", "colspan": 1}], [{"hint": "to the", "colspan": 1}]], "references": []}, "tts": "https://d1vq87e9lcf771.cloudfront.net/danielle/5a70187831616db7fb39a0c6397f276d"}, {"value": " "}, {"value": "carrefour", "hintTable": {"rows": [[{"hint": "intersection", "colspan": 1}]], "references": []}, "tts": "https://d1vq87e9lcf771.cloudfront.net/danielle/56eb6ea78db44dd667a369d4f2a18ec8"}, {"value": "."}]}, "subtext": {"styledString": {"text": "Look, there are a lot of signs at the intersection.", "styling": [{"from": 0, "to": 51, "attributes": {"alignment": "left", "fontSize": 19, "fontWeight": "normal", "textColor": "AFAFAF", "lineSpacing": 5}}]}, "tokenTTS": {"tokenTTSCollection": []}}, "ttsURL": "https://d1vq87e9lcf771.cloudfront.net/danielle/bb7accb4bb4a38cf782d6d6fc867b50b"}]}, "meta": {"autoPlayableTTS": [], "sectionIndex": 0, "backgroundColor": null}}, {"type": "verticalSpace", "element": 24, "meta": {"autoPlayableTTS": [], "sectionIndex": 0, "backgroundColor": null}}], "resourcesToPrefetch": [{"required": false, "url": "https://d1vq87e9lcf771.cloudfront.net/danielle/ab01307d93ce9329cfe9eefefaec81e1", "type": "mp3"}, {"required": false, "url": "https://d1vq87e9lcf771.cloudfront.net/danielle/f431d12ff5858ea08a81ddbd0e27fc3f", "type": "mp3"}, {"required": false, "url": "https://d1vq87e9lcf771.cloudfront.net/danielle/bb7accb4bb4a38cf782d6d6fc867b50b", "type": "mp3"}, {"required": false, "url": "https://d1vq87e9lcf771.cloudfront.net/danielle/23a67d3ec95e6c8e3c66ef7043285c24", "type": "mp3"}, {"required": false, "url": "https://d1vq87e9lcf771.cloudfront.net/danielle/3678ccbe037a084b2f9177c61c22d9ec", "type": "mp3"}, {"required": false, "url": "https://d1vq87e9lcf771.cloudfront.net/danielle/a2d25081379c781039c8843a7ffe61d0", "type": "mp3"}]}