{"elements": [{"type": "dialogue", "element": {"phrases": [{"text": {"styledString": {"text": "Mon p\u00e8re est amusant.", "styling": [{"styleClass": "text", "from": 0, "to": 21, "attributes": {}}]}, "tokenTTS": {"tokenTTSCollection": []}, "blockHints": [{"value": "Mon", "hintTable": {"rows": [[{"hint": "my", "colspan": 1}]], "references": []}, "tts": "https://d1vq87e9lcf771.cloudfront.net/juniorfr/77cbe785d83e3c2a722f85e6f8e3b7b9"}, {"value": " "}, {"value": "p\u00e8re", "hintTable": {"rows": [[{"hint": "father", "colspan": 1}], [{"hint": "dad", "colspan": 1}]], "references": []}, "tts": "https://d1vq87e9lcf771.cloudfront.net/juniorfr/a2c3dabfac11ce221b1f1552ec9abb2b"}, {"value": " "}, {"value": "est", "hintTable": {"rows": [[{"hint": "is", "colspan": 1}], [{"hint": "east", "colspan": 1}], [{"hint": "feel", "colspan": 1}]], "references": []}, "tts": "https://d1vq87e9lcf771.cloudfront.net/juniorfr/736be48ba6e3efc0b16f3d075a2bd180"}, {"value": " "}, {"value": "amusant", "hintTable": {"rows": [[{"hint": "funny", "colspan": 1}]], "references": []}, "tts": "https://d1vq87e9lcf771.cloudfront.net/juniorfr/0c3312414d9db83e75ea8bb162225b21"}, {"value": "."}]}, "subtext": {"styledString": {"text": "My father is funny.", "styling": [{"styleClass": "light", "from": 0, "to": 19, "attributes": {}}]}, "tokenTTS": {"tokenTTSCollection": []}}, "gender": "male", "character": "junior", "ttsURL": "https://d1vq87e9lcf771.cloudfront.net/juniorfr/5f62b77ef595e2ea9516aadcb2cbb6b1"}]}, "meta": {"sectionIndex": 0, "backgroundColor": null}}, {"type": "dialogue", "element": {"phrases": [{"text": {"styledString": {"text": "Il a beaucoup de chiens!", "styling": [{"styleClass": "text", "from": 0, "to": 24, "attributes": {}}]}, "tokenTTS": {"tokenTTSCollection": []}, "blockHints": [{"value": "Il", "hintTable": {"rows": [[{"hint": "it's", "colspan": 1}], [{"hint": "him", "colspan": 1}], [{"hint": "it", "colspan": 1}]], "references": []}, "tts": "https://d1vq87e9lcf771.cloudfront.net/lilyfr/0d4bde8b3148e82e9fd6e11e6eea452a"}, {"value": " "}, {"value": "a", "hintTable": {"rows": [[{"hint": "get", "colspan": 1}], [{"hint": "gets", "colspan": 1}], [{"hint": "have", "colspan": 1}]], "references": []}, "tts": "https://d1vq87e9lcf771.cloudfront.net/lilyfr/77fab5f67698b02d92b8b6a1263d6b05"}, {"value": " "}, {"value": "beaucoup", "hintTable": {"headers": ["beaucoup", "de"], "rows": [[{"hint": "a lot of", "colspan": 2}], [{"hint": "much", "colspan": 2}], [{"hint": "many", "colspan": 2}], [{"hint": "very much", "colspan": 1}, {"colspan": 1}], [{"hint": "really", "colspan": 1}, {"colspan": 1}], [{"hint": "much", "colspan": 1}, {"colspan": 1}]], "references": [3]}, "tts": "https://d1vq87e9lcf771.cloudfront.net/lilyfr/ef4e0b1cb79e6c8a1f5357c5c2305d6f"}, {"value": " "}, {"value": "de", "hintTable": {"headers": ["beaucoup", "de"], "rows": [[{"hint": "a lot of", "colspan": 2}], [{"hint": "much", "colspan": 2}], [{"hint": "many", "colspan": 2}], [{"colspan": 1}, {"hint": "any", "colspan": 1}], [{"colspan": 1}, {"hint": "with", "colspan": 1}], [{"colspan": 1}, {"hint": "de", "colspan": 1}]], "references": [2]}, "tts": "https://d1vq87e9lcf771.cloudfront.net/lilyfr/7ac1a0fdf9c02264013aeea83d4d043f"}, {"value": " "}, {"value": "chiens", "hintTable": {"rows": [[{"hint": "dogs", "colspan": 1}], [{"hint": "dogs'", "colspan": 1}]], "references": []}, "tts": "https://d1vq87e9lcf771.cloudfront.net/lilyfr/650ccedd1b4b2232032af3212191361e"}, {"value": "!"}]}, "subtext": {"styledString": {"text": "He has a lot of dogs!", "styling": [{"styleClass": "light", "from": 0, "to": 21, "attributes": {}}]}, "tokenTTS": {"tokenTTSCollection": []}}, "gender": "female", "character": "lily", "ttsURL": "https://d1vq87e9lcf771.cloudfront.net/lilyfr/2385442276a2f11181eef4b7630c0353"}]}, "meta": {"sectionIndex": 0, "backgroundColor": null}}, {"type": "dialogue", "element": {"phrases": [{"text": {"styledString": {"text": "Le mari de Julia est mexicain.", "styling": [{"styleClass": "text", "from": 0, "to": 30, "attributes": {}}]}, "tokenTTS": {"tokenTTSCollection": []}, "blockHints": [{"value": "Le", "hintTable": {"headers": ["le", "mari", "de", "julia"], "rows": [[{"hint": "Julia's husband", "colspan": 4}], [{"hint": "husband", "colspan": 2}, {"colspan": 1}, {"colspan": 1}], [{"hint": "the", "colspan": 1}, {"colspan": 1}, {"colspan": 1}, {"colspan": 1}], [{"hint": "your", "colspan": 1}, {"colspan": 1}, {"colspan": 1}, {"colspan": 1}], [{"hint": "her", "colspan": 1}, {"colspan": 1}, {"colspan": 1}, {"colspan": 1}]], "references": [1]}, "tts": "https://d1vq87e9lcf771.cloudfront.net/vikramfr/558378cd0e101be36aefe5fd2ada284a"}, {"value": " "}, {"value": "mari", "hintTable": {"headers": ["le", "mari", "de", "julia"], "rows": [[{"hint": "Julia's husband", "colspan": 4}], [{"hint": "husband", "colspan": 2}, {"colspan": 1}, {"colspan": 1}], [{"colspan": 1}, {"hint": "husband", "colspan": 1}, {"colspan": 1}, {"colspan": 1}]], "references": [0]}, "tts": "https://d1vq87e9lcf771.cloudfront.net/vikramfr/ac1cd9a18b09d290e7eab59c5155e2ca"}, {"value": " "}, {"value": "de", "hintTable": {"headers": ["le", "mari", "de", "julia"], "rows": [[{"hint": "Julia's husband", "colspan": 4}], [{"colspan": 1}, {"colspan": 1}, {"hint": "'s", "colspan": 1}, {"colspan": 1}], [{"colspan": 1}, {"colspan": 1}, {"hint": "a", "colspan": 1}, {"colspan": 1}], [{"colspan": 1}, {"colspan": 1}, {"hint": "of", "colspan": 1}, {"colspan": 1}]], "references": [0, 1, 3]}, "tts": "https://d1vq87e9lcf771.cloudfront.net/vikramfr/3e73f16c8dd1a622501b318b620e8586"}, {"value": " "}, {"value": "Julia", "hintTable": {"headers": ["le", "mari", "de", "julia"], "rows": [[{"hint": "Julia's husband", "colspan": 4}], [{"colspan": 1}, {"colspan": 1}, {"colspan": 1}, {"hint": "Julia", "colspan": 1}]], "references": [0, 1, 2]}, "tts": "https://d1vq87e9lcf771.cloudfront.net/vikramfr/c261ee89ea5d93f8d1d70c726c52fdbe"}, {"value": " "}, {"value": "est", "hintTable": {"rows": [[{"hint": "is", "colspan": 1}], [{"hint": "'s", "colspan": 1}], [{"hint": "east", "colspan": 1}]], "references": []}, "tts": "https://d1vq87e9lcf771.cloudfront.net/vikramfr/50ea7d805fc9d6ffcde64b645d96e70c"}, {"value": " "}, {"value": "mexicain", "hintTable": {"rows": [[{"hint": "Mexican", "colspan": 1}]], "references": []}, "tts": "https://d1vq87e9lcf771.cloudfront.net/vikramfr/74de5ab271dfabff1b890d2997d43ff4"}, {"value": "."}]}, "subtext": {"styledString": {"text": "Julia's husband is Mexican.", "styling": [{"styleClass": "light", "from": 0, "to": 27, "attributes": {}}]}, "tokenTTS": {"tokenTTSCollection": []}}, "gender": "male", "character": "vikram", "ttsURL": "https://d1vq87e9lcf771.cloudfront.net/vikramfr/3c2c98190288d3cf3291d77c7040e5ca"}]}, "meta": {"sectionIndex": 0, "backgroundColor": null}}, {"type": "dialogue", "element": {"phrases": [{"text": {"styledString": {"text": "Quel \u00e2ge ont vos enfants ?", "styling": [{"styleClass": "text", "from": 0, "to": 26, "attributes": {}}]}, "tokenTTS": {"tokenTTSCollection": []}, "blockHints": [{"value": "Quel", "hintTable": {"headers": ["quel", "\u00e2ge", "ont"], "rows": [[{"hint": "how old are", "colspan": 3}], [{"hint": "how old", "colspan": 2}, {"colspan": 1}], [{"hint": "what", "colspan": 1}, {"colspan": 1}, {"colspan": 1}], [{"hint": "what a", "colspan": 1}, {"colspan": 1}, {"colspan": 1}], [{"hint": "who", "colspan": 1}, {"colspan": 1}, {"colspan": 1}]], "references": [1]}, "tts": "https://d1vq87e9lcf771.cloudfront.net/zarifr/9f3e663f5ee4eebc10b56543af221187"}, {"value": " "}, {"value": "\u00e2ge", "hintTable": {"headers": ["quel", "\u00e2ge", "ont"], "rows": [[{"hint": "how old are", "colspan": 3}], [{"hint": "how old", "colspan": 2}, {"colspan": 1}], [{"colspan": 1}, {"hint": "age", "colspan": 1}, {"colspan": 1}]], "references": [0]}, "tts": "https://d1vq87e9lcf771.cloudfront.net/zarifr/f42566660bfb201b5ef77a39aced1741"}, {"value": " "}, {"value": "ont", "hintTable": {"headers": ["quel", "\u00e2ge", "ont"], "rows": [[{"hint": "how old are", "colspan": 3}], [{"colspan": 1}, {"colspan": 1}, {"hint": "get", "colspan": 1}], [{"colspan": 1}, {"colspan": 1}, {"hint": "have", "colspan": 1}]], "references": [0, 1]}, "tts": "https://d1vq87e9lcf771.cloudfront.net/zarifr/f29477a50d7a162c6eabb2c34ae1cfdf"}, {"value": " "}, {"value": "vos", "hintTable": {"rows": [[{"hint": "your", "colspan": 1}]], "references": []}, "tts": "https://d1vq87e9lcf771.cloudfront.net/zarifr/1d27febb84dfb40753e34673a6c72421"}, {"value": " "}, {"value": "enfants", "hintTable": {"rows": [[{"hint": "children", "colspan": 1}], [{"hint": "kids", "colspan": 1}]], "references": []}, "tts": "https://d1vq87e9lcf771.cloudfront.net/zarifr/d2f1e9a11033c6d57f95d58a2abaa110"}, {"value": " "}, {"value": "?"}]}, "subtext": {"styledString": {"text": "How old are your children?", "styling": [{"styleClass": "light", "from": 0, "to": 26, "attributes": {}}]}, "tokenTTS": {"tokenTTSCollection": []}}, "gender": "female", "character": "zari", "ttsURL": "https://d1vq87e9lcf771.cloudfront.net/zarifr/41c091fd5bcc28fda7585c4c67b6efd6"}, {"text": {"styledString": {"text": "Ils ont douze et treize ans.", "styling": [{"styleClass": "text", "from": 0, "to": 28, "attributes": {}}]}, "tokenTTS": {"tokenTTSCollection": []}, "blockHints": [{"value": "Ils", "hintTable": {"rows": [[{"hint": "they", "colspan": 1}], [{"hint": "they'll", "colspan": 1}], [{"hint": "they're", "colspan": 1}]], "references": []}, "tts": "https://d1vq87e9lcf771.cloudfront.net/falstafffr/d000a67c4bc215ed48520d5c7cfd290a"}, {"value": " "}, {"value": "ont", "hintTable": {"headers": ["ont", "...", "ans"], "rows": [[{"hint": "are ... years old", "colspan": 3}], [{"hint": "get", "colspan": 1}, {"colspan": 1}, {"colspan": 1}], [{"hint": "have", "colspan": 1}, {"colspan": 1}, {"colspan": 1}]], "references": [3]}, "tts": "https://d1vq87e9lcf771.cloudfront.net/falstafffr/c16a92ce63840ed00a0c9c30bd23edaf"}, {"value": " "}, {"value": "douze", "hintTable": {"rows": [[{"hint": "twelve", "colspan": 1}]], "references": []}, "tts": "https://d1vq87e9lcf771.cloudfront.net/falstafffr/6f048e9c4739680c81b034e0ff837801"}, {"value": " "}, {"value": "et", "hintTable": {"rows": [[{"hint": "and", "colspan": 1}]], "references": []}, "tts": "https://d1vq87e9lcf771.cloudfront.net/falstafffr/de685785d49e5b211a96fb76692a747d"}, {"value": " "}, {"value": "treize", "hintTable": {"rows": [[{"hint": "thirteen", "colspan": 1}], [{"hint": "thirteenth", "colspan": 1}]], "references": []}, "tts": "https://d1vq87e9lcf771.cloudfront.net/falstafffr/a392d251d2f077e9323d6ccea01f3d02"}, {"value": " "}, {"value": "ans", "hintTable": {"headers": ["ont", "...", "ans"], "rows": [[{"hint": "are ... years old", "colspan": 3}], [{"colspan": 1}, {"colspan": 1}, {"hint": "years", "colspan": 1}], [{"colspan": 1}, {"colspan": 1}, {"hint": "old", "colspan": 1}], [{"colspan": 1}, {"colspan": 1}, {"hint": "years old", "colspan": 1}]], "references": [3]}, "tts": "https://d1vq87e9lcf771.cloudfront.net/falstafffr/6919a2e671c10a007884816415744000"}, {"value": "."}]}, "subtext": {"styledString": {"text": "They are twelve and thirteen.", "styling": [{"styleClass": "light", "from": 0, "to": 29, "attributes": {}}]}, "tokenTTS": {"tokenTTSCollection": []}}, "gender": "male", "character": "falstaff", "ttsURL": "https://d1vq87e9lcf771.cloudfront.net/falstafffr/d507108e23b69d09b31284fdc1dcb478"}]}, "meta": {"sectionIndex": 0, "backgroundColor": null}}]}