{"elements": [{"type": "verticalSpace", "element": 2, "meta": {"autoPlayableTTS": [], "sectionIndex": 0, "backgroundColor": "E5E5E5"}}, {"type": "verticalSpace", "element": 24, "meta": {"autoPlayableTTS": [], "sectionIndex": 0, "backgroundColor": null}}, {"type": "text", "element": {"styledString": {"text": "KEY PHRASES", "styling": [{"from": 0, "to": 11, "attributes": {"alignment": "left", "fontSize": 17, "fontWeight": "bold", "textColor": "1CB0F6", "lineSpacing": 4}}]}, "tokenTTS": {"tokenTTSCollection": []}}, "meta": {"autoPlayableTTS": [], "sectionIndex": 0, "backgroundColor": null}}, {"type": "verticalSpace", "element": 8, "meta": {"autoPlayableTTS": [], "sectionIndex": 0, "backgroundColor": null}}, {"type": "text", "element": {"styledString": {"text": "Comment on clothes", "styling": [{"from": 0, "to": 18, "attributes": {"alignment": "left", "fontSize": 25, "fontWeight": "bold", "textColor": "4B4B4B", "lineSpacing": 4}}]}, "tokenTTS": {"tokenTTSCollection": []}}, "meta": {"autoPlayableTTS": [], "sectionIndex": 0, "backgroundColor": null}}, {"type": "verticalSpace", "element": 16, "meta": {"autoPlayableTTS": [], "sectionIndex": 0, "backgroundColor": null}}, {"type": "dialogue", "element": {"phrases": [{"text": {"styledString": {"text": "Ce jean est plein de taches, remboursez-le-moi.", "styling": [{"from": 0, "to": 47, "attributes": {"alignment": "left", "fontSize": 19, "fontWeight": "normal", "textColor": "4B4B4B", "lineSpacing": 5}}]}, "tokenTTS": {"tokenTTSCollection": []}, "blockHints": [{"value": "Ce", "hintTable": {"headers": ["ce", "jean"], "rows": [[{"hint": "these jeans", "colspan": 2}], [{"hint": "it", "colspan": 1}, {"colspan": 1}], [{"hint": "this", "colspan": 1}, {"colspan": 1}], [{"hint": "that", "colspan": 1}, {"colspan": 1}]], "references": [1]}, "tts": "https://d1vq87e9lcf771.cloudfront.net/danielle/7a1b56deded82e10d0dbe21416f241bb"}, {"value": " "}, {"value": "jean", "hintTable": {"headers": ["ce", "jean"], "rows": [[{"hint": "these jeans", "colspan": 2}], [{"colspan": 1}, {"hint": "jeans", "colspan": 1}], [{"colspan": 1}, {"hint": "pair of jeans", "colspan": 1}], [{"colspan": 1}, {"hint": "Jean", "colspan": 1}]], "references": [0]}, "tts": "https://d1vq87e9lcf771.cloudfront.net/danielle/bb0ab92794a181f9d948b06c129163e7"}, {"value": " "}, {"value": "est", "hintTable": {"rows": [[{"hint": "are", "colspan": 1}], [{"hint": "is", "colspan": 1}], [{"hint": "'s", "colspan": 1}]], "references": []}, "tts": "https://d1vq87e9lcf771.cloudfront.net/beafr/878a35a874ca5ef63f6af2af92a1a0a4"}, {"value": " "}, {"value": "plein", "hintTable": {"headers": ["plein", "de"], "rows": [[{"hint": "lots of", "colspan": 2}], [{"hint": "full", "colspan": 1}, {"colspan": 1}], [{"hint": "lots", "colspan": 1}, {"colspan": 1}]], "references": [4]}, "tts": "https://d1vq87e9lcf771.cloudfront.net/danielle/6292bcd243a3b87017163595cc10dcf8"}, {"value": " "}, {"value": "de", "hintTable": {"headers": ["plein", "de"], "rows": [[{"hint": "lots of", "colspan": 2}], [{"colspan": 1}, {"hint": "for", "colspan": 1}], [{"colspan": 1}, {"hint": "of", "colspan": 1}], [{"colspan": 1}, {"hint": "out of", "colspan": 1}]], "references": [3]}, "tts": "https://d1vq87e9lcf771.cloudfront.net/danielle/440a31450593e609451ea2168f76e988"}, {"value": " "}, {"value": "taches", "hintTable": {"rows": [[{"hint": "stains", "colspan": 1}]], "references": []}, "tts": "https://d1vq87e9lcf771.cloudfront.net/danielle/efd53c109b294b5ec0f26484ff01c743"}, {"value": ","}, {"value": " "}, {"value": "remboursez", "hintTable": {"rows": [[{"hint": "refund", "colspan": 1}], [{"hint": "pay back for", "colspan": 1}], [{"hint": "pay back", "colspan": 1}]], "references": []}, "tts": "https://d1vq87e9lcf771.cloudfront.net/danielle/bb2379de355ff2d300631a3fc839977d"}, {"value": "-"}, {"value": "le", "hintTable": {"rows": [[{"hint": "it", "colspan": 1}], [{"hint": "your", "colspan": 1}], [{"hint": "her", "colspan": 1}]], "references": []}, "tts": "https://d1vq87e9lcf771.cloudfront.net/danielle/53635582b04179582406de15f6c2a6fa"}, {"value": "-"}, {"value": "moi", "hintTable": {"rows": [[{"hint": "me", "colspan": 1}], [{"hint": "to me", "colspan": 1}], [{"hint": "myself", "colspan": 1}]], "references": []}, "tts": "https://d1vq87e9lcf771.cloudfront.net/danielle/bbedfc056261bb7c715d936ed9541463"}, {"value": "."}]}, "subtext": {"styledString": {"text": "These jeans are full of stains; refund me for it.", "styling": [{"from": 0, "to": 49, "attributes": {"alignment": "left", "fontSize": 19, "fontWeight": "normal", "textColor": "AFAFAF", "lineSpacing": 5}}]}, "tokenTTS": {"tokenTTSCollection": []}}, "ttsURL": "https://d1vq87e9lcf771.cloudfront.net/danielle/ddb36639f1d91049e9921b3658f5d82a"}]}, "meta": {"autoPlayableTTS": [], "sectionIndex": 0, "backgroundColor": null}}, {"type": "verticalSpace", "element": 16, "meta": {"autoPlayableTTS": [], "sectionIndex": 0, "backgroundColor": null}}, {"type": "dialogue", "element": {"phrases": [{"text": {"styledString": {"text": "Si tu as un fer \u00e0 repasser, pr\u00eate-le-moi.", "styling": [{"from": 0, "to": 41, "attributes": {"alignment": "left", "fontSize": 19, "fontWeight": "normal", "textColor": "4B4B4B", "lineSpacing": 5}}]}, "tokenTTS": {"tokenTTSCollection": []}, "blockHints": [{"value": "Si", "hintTable": {"rows": [[{"hint": "if", "colspan": 1}], [{"hint": "could you", "colspan": 1}], [{"hint": "was it", "colspan": 1}]], "references": []}, "tts": "https://d1vq87e9lcf771.cloudfront.net/danielle/adaac1cb1288e9005d1ab5e2e325063c"}, {"value": " "}, {"value": "tu", "hintTable": {"headers": ["tu", "as"], "rows": [[{"hint": "you've", "colspan": 2}], [{"hint": "you", "colspan": 1}, {"colspan": 1}], [{"hint": "you'll", "colspan": 1}, {"colspan": 1}]], "references": [2]}, "tts": "https://d1vq87e9lcf771.cloudfront.net/danielle/108696c9e1fe68d2beb23bb6f937a618"}, {"value": " "}, {"value": "as", "hintTable": {"headers": ["tu", "as"], "rows": [[{"hint": "you've", "colspan": 2}], [{"colspan": 1}, {"hint": "have", "colspan": 1}], [{"colspan": 1}, {"hint": "feel", "colspan": 1}]], "references": [1]}, "tts": "https://d1vq87e9lcf771.cloudfront.net/danielle/80d6d172a6d5f0018bf3dd204213cfff"}, {"value": " "}, {"value": "un", "hintTable": {"rows": [[{"hint": "an", "colspan": 1}], [{"hint": "a", "colspan": 1}], [{"hint": "one", "colspan": 1}]], "references": []}, "tts": "https://d1vq87e9lcf771.cloudfront.net/danielle/848ed0134fe5035cc26127d08f5412fe"}, {"value": " "}, {"value": "fer", "hintTable": {"headers": ["fer", "\u00e0", "repasser"], "rows": [[{"hint": "iron", "colspan": 3}], [{"hint": "iron", "colspan": 1}, {"colspan": 1}, {"colspan": 1}]], "references": [5, 6]}, "tts": "https://d1vq87e9lcf771.cloudfront.net/danielle/19b68ee9caff442a7982bcadcc08d74d"}, {"value": " "}, {"value": "\u00e0", "hintTable": {"headers": ["fer", "\u00e0", "repasser"], "rows": [[{"hint": "iron", "colspan": 3}], [{"colspan": 1}, {"hint": "to", "colspan": 1}, {"colspan": 1}], [{"colspan": 1}, {"hint": "see you", "colspan": 1}, {"colspan": 1}], [{"colspan": 1}, {"hint": "on", "colspan": 1}, {"colspan": 1}]], "references": [4, 6]}, "tts": "https://d1vq87e9lcf771.cloudfront.net/danielle/525d3aba641b4330345f33346eb9959d"}, {"value": " "}, {"value": "repasser", "hintTable": {"headers": ["fer", "\u00e0", "repasser"], "rows": [[{"hint": "iron", "colspan": 3}], [{"colspan": 1}, {"colspan": 1}, {"hint": "to iron", "colspan": 1}]], "references": [4, 5]}, "tts": "https://d1vq87e9lcf771.cloudfront.net/danielle/19ef2136efb1031ef8ba92b66680d93f"}, {"value": ","}, {"value": " "}, {"value": "pr\u00eate", "hintTable": {"rows": [[{"hint": "lend", "colspan": 1}], [{"hint": "is lending", "colspan": 1}], [{"hint": "lending", "colspan": 1}]], "references": []}, "tts": "https://d1vq87e9lcf771.cloudfront.net/danielle/d5a75fb50fe4fe359c36db087e82e5e4"}, {"value": "-"}, {"value": "le", "hintTable": {"rows": [[{"hint": "it", "colspan": 1}], [{"hint": "your", "colspan": 1}], [{"hint": "her", "colspan": 1}]], "references": []}, "tts": "https://d1vq87e9lcf771.cloudfront.net/danielle/53635582b04179582406de15f6c2a6fa"}, {"value": "-"}, {"value": "moi", "hintTable": {"rows": [[{"hint": "to me", "colspan": 1}], [{"hint": "me", "colspan": 1}], [{"hint": "myself", "colspan": 1}]], "references": []}, "tts": "https://d1vq87e9lcf771.cloudfront.net/danielle/bbedfc056261bb7c715d936ed9541463"}, {"value": "."}]}, "subtext": {"styledString": {"text": "If you have an iron, lend it to me.", "styling": [{"from": 0, "to": 35, "attributes": {"alignment": "left", "fontSize": 19, "fontWeight": "normal", "textColor": "AFAFAF", "lineSpacing": 5}}]}, "tokenTTS": {"tokenTTSCollection": []}}, "ttsURL": "https://d1vq87e9lcf771.cloudfront.net/danielle/3fddcdca2f284397e3d0133225c4d6b9"}]}, "meta": {"autoPlayableTTS": [], "sectionIndex": 0, "backgroundColor": null}}, {"type": "verticalSpace", "element": 16, "meta": {"autoPlayableTTS": [], "sectionIndex": 0, "backgroundColor": null}}, {"type": "dialogue", "element": {"phrases": [{"text": {"styledString": {"text": "J'adore ta robe, tu ne veux pas me la vendre ?", "styling": [{"from": 0, "to": 46, "attributes": {"alignment": "left", "fontSize": 19, "fontWeight": "normal", "textColor": "4B4B4B", "lineSpacing": 5}}]}, "tokenTTS": {"tokenTTSCollection": []}, "blockHints": [{"value": "J'", "hintTable": {"rows": [[{"hint": "I", "colspan": 1}]], "references": []}, "tts": "https://d1vq87e9lcf771.cloudfront.net/danielle/c839fdc2ccbaf9f6fe27b78659f801f2"}, {"value": "adore", "hintTable": {"rows": [[{"hint": "love", "colspan": 1}], [{"hint": "loves", "colspan": 1}]], "references": []}, "tts": "https://d1vq87e9lcf771.cloudfront.net/danielle/ee70b434ff1f28b6470814ded8efea5b"}, {"value": " "}, {"value": "ta", "hintTable": {"rows": [[{"hint": "your", "colspan": 1}]], "references": []}, "tts": "https://d1vq87e9lcf771.cloudfront.net/danielle/6a2ad7f25fb32af5eafd6d1ae20498ff"}, {"value": " "}, {"value": "robe", "hintTable": {"rows": [[{"hint": "dress", "colspan": 1}]], "references": []}, "tts": "https://d1vq87e9lcf771.cloudfront.net/danielle/9a562a0683f940d6391f99068c51f6e1"}, {"value": ","}, {"value": " "}, {"value": "tu", "hintTable": {"rows": [[{"hint": "you", "colspan": 1}], [{"hint": "you'll", "colspan": 1}]], "references": []}, "tts": "https://d1vq87e9lcf771.cloudfront.net/danielle/108696c9e1fe68d2beb23bb6f937a618"}, {"value": " "}, {"value": "ne", "hintTable": {"headers": ["ne", "...", "pas"], "rows": [[{"hint": "don't", "colspan": 3}], [{"hint": "do not", "colspan": 3}], [{"hint": "not", "colspan": 3}], [{"hint": "don't", "colspan": 1}, {"colspan": 1}, {"colspan": 1}], [{"hint": "do not", "colspan": 1}, {"colspan": 1}, {"colspan": 1}], [{"hint": "not", "colspan": 1}, {"colspan": 1}, {"colspan": 1}]], "references": [7]}, "tts": "https://d1vq87e9lcf771.cloudfront.net/danielle/fe3f8d62d97c884f0447fe90d9a2f872"}, {"value": " "}, {"value": "veux", "hintTable": {"rows": [[{"hint": "want", "colspan": 1}]], "references": []}, "tts": "https://d1vq87e9lcf771.cloudfront.net/danielle/7ec7ff8612b06ac797f0962965a4b44e"}, {"value": " "}, {"value": "pas", "hintTable": {"headers": ["ne", "...", "pas"], "rows": [[{"hint": "don't", "colspan": 3}], [{"hint": "do not", "colspan": 3}], [{"hint": "not", "colspan": 3}], [{"colspan": 1}, {"colspan": 1}, {"hint": "don't", "colspan": 1}], [{"colspan": 1}, {"colspan": 1}, {"hint": "not", "colspan": 1}], [{"colspan": 1}, {"colspan": 1}, {"hint": "no", "colspan": 1}]], "references": [5]}, "tts": "https://d1vq87e9lcf771.cloudfront.net/danielle/c456a9e187b2f0772875204436cd741c"}, {"value": " "}, {"value": "me", "hintTable": {"rows": [[{"hint": "to me", "colspan": 1}], [{"hint": "I", "colspan": 1}], [{"hint": "me", "colspan": 1}]], "references": []}, "tts": "https://d1vq87e9lcf771.cloudfront.net/danielle/305c003fd21f5bb114c361f7d293da2c"}, {"value": " "}, {"value": "la", "hintTable": {"rows": [[{"hint": "it", "colspan": 1}], [{"hint": "your", "colspan": 1}], [{"hint": "the", "colspan": 1}]], "references": []}, "tts": "https://d1vq87e9lcf771.cloudfront.net/danielle/a3839459c4a22bd261d776fc91b0977e"}, {"value": " "}, {"value": "vendre", "hintTable": {"rows": [[{"hint": "to sell", "colspan": 1}], [{"hint": "sell", "colspan": 1}], [{"hint": "selling", "colspan": 1}]], "references": []}, "tts": "https://d1vq87e9lcf771.cloudfront.net/danielle/5c461934c9836f76c6dec8d948f1ff11"}, {"value": " "}, {"value": "?"}]}, "subtext": {"styledString": {"text": "I love your dress; you don't want to sell it to me?", "styling": [{"from": 0, "to": 51, "attributes": {"alignment": "left", "fontSize": 19, "fontWeight": "normal", "textColor": "AFAFAF", "lineSpacing": 5}}]}, "tokenTTS": {"tokenTTSCollection": []}}, "ttsURL": "https://d1vq87e9lcf771.cloudfront.net/danielle/14dd430d3f62980ef041daf250e2b483"}]}, "meta": {"autoPlayableTTS": [], "sectionIndex": 0, "backgroundColor": null}}, {"type": "verticalSpace", "element": 16, "meta": {"autoPlayableTTS": [], "sectionIndex": 0, "backgroundColor": null}}, {"type": "dialogue", "element": {"phrases": [{"text": {"styledString": {"text": "Suspends-les plut\u00f4t sur ce cintre en bois.", "styling": [{"from": 0, "to": 42, "attributes": {"alignment": "left", "fontSize": 19, "fontWeight": "normal", "textColor": "4B4B4B", "lineSpacing": 5}}]}, "tokenTTS": {"tokenTTSCollection": []}, "blockHints": [{"value": "Suspends", "hintTable": {"rows": [[{"hint": "hang", "colspan": 1}]], "references": []}, "tts": "https://d1vq87e9lcf771.cloudfront.net/danielle/9c19b569d72d8d9117bb17a6f3e31e5c"}, {"value": "-"}, {"value": "les", "hintTable": {"rows": [[{"hint": "them", "colspan": 1}], [{"hint": "your", "colspan": 1}], [{"hint": "the", "colspan": 1}]], "references": []}, "tts": "https://d1vq87e9lcf771.cloudfront.net/danielle/c4fd76f4b436a8eacbb40f9d77fb66f6"}, {"value": " "}, {"value": "plut\u00f4t", "hintTable": {"rows": [[{"hint": "rather", "colspan": 1}], [{"hint": "instead", "colspan": 1}], [{"hint": "pretty", "colspan": 1}]], "references": []}, "tts": "https://d1vq87e9lcf771.cloudfront.net/danielle/212abccd722906298f23d68b18b784e9"}, {"value": " "}, {"value": "sur", "hintTable": {"rows": [[{"hint": "on", "colspan": 1}], [{"hint": "out of", "colspan": 1}], [{"hint": "at", "colspan": 1}]], "references": []}, "tts": "https://d1vq87e9lcf771.cloudfront.net/danielle/422ef6e876b524c148c0a0a1733e830f"}, {"value": " "}, {"value": "ce", "hintTable": {"rows": [[{"hint": "this", "colspan": 1}], [{"hint": "that", "colspan": 1}], [{"hint": "it", "colspan": 1}]], "references": []}, "tts": "https://d1vq87e9lcf771.cloudfront.net/danielle/7a1b56deded82e10d0dbe21416f241bb"}, {"value": " "}, {"value": "cintre", "hintTable": {"rows": [[{"hint": "hanger", "colspan": 1}]], "references": []}, "tts": "https://d1vq87e9lcf771.cloudfront.net/danielle/a43441b22a149a54052fa9bbb5eaa55e"}, {"value": " "}, {"value": "en", "hintTable": {"headers": ["en", "bois"], "rows": [[{"hint": "wood", "colspan": 2}], [{"hint": "wooden", "colspan": 2}], [{"hint": "on", "colspan": 1}, {"colspan": 1}], [{"hint": "them", "colspan": 1}, {"colspan": 1}], [{"hint": "of them", "colspan": 1}, {"colspan": 1}]], "references": [7]}, "tts": "https://d1vq87e9lcf771.cloudfront.net/danielle/d78cc0266039b684b7f869230583dc45"}, {"value": " "}, {"value": "bois", "hintTable": {"headers": ["en", "bois"], "rows": [[{"hint": "wood", "colspan": 2}], [{"hint": "wooden", "colspan": 2}], [{"colspan": 1}, {"hint": "wood", "colspan": 1}], [{"colspan": 1}, {"hint": "drink", "colspan": 1}], [{"colspan": 1}, {"hint": "are drinking", "colspan": 1}]], "references": [6]}, "tts": "https://d1vq87e9lcf771.cloudfront.net/danielle/6474f9e8b3347bfd5cbaf5cd618addc3"}, {"value": "."}]}, "subtext": {"styledString": {"text": "Hang them rather on this wood hanger.", "styling": [{"from": 0, "to": 37, "attributes": {"alignment": "left", "fontSize": 19, "fontWeight": "normal", "textColor": "AFAFAF", "lineSpacing": 5}}]}, "tokenTTS": {"tokenTTSCollection": []}}, "ttsURL": "https://d1vq87e9lcf771.cloudfront.net/danielle/e2ff821c4dab1497bd59927ec004399d"}]}, "meta": {"autoPlayableTTS": [], "sectionIndex": 0, "backgroundColor": null}}, {"type": "verticalSpace", "element": 16, "meta": {"autoPlayableTTS": [], "sectionIndex": 0, "backgroundColor": null}}, {"type": "dialogue", "element": {"phrases": [{"text": {"styledString": {"text": "Le pull qu'il m'a pr\u00eat\u00e9, je le lui rapporterai.", "styling": [{"from": 0, "to": 47, "attributes": {"alignment": "left", "fontSize": 19, "fontWeight": "normal", "textColor": "4B4B4B", "lineSpacing": 5}}]}, "tokenTTS": {"tokenTTSCollection": []}, "blockHints": [{"value": "Le", "hintTable": {"rows": [[{"hint": "the", "colspan": 1}], [{"hint": "him", "colspan": 1}], [{"hint": "it", "colspan": 1}]], "references": []}, "tts": "https://d1vq87e9lcf771.cloudfront.net/danielle/53635582b04179582406de15f6c2a6fa"}, {"value": " "}, {"value": "pull", "hintTable": {"rows": [[{"hint": "sweater", "colspan": 1}]], "references": []}, "tts": "https://d1vq87e9lcf771.cloudfront.net/danielle/0660a207a2788e2bd42f179b43886587"}, {"value": " "}, {"value": "qu'", "hintTable": {"rows": [[{"hint": "that", "colspan": 1}], [{"hint": "which", "colspan": 1}], [{"hint": "only", "colspan": 1}]], "references": []}, "tts": "https://d1vq87e9lcf771.cloudfront.net/danielle/4b617eb072e829480cac0f6a39d33d3e"}, {"value": "il", "hintTable": {"rows": [[{"hint": "him", "colspan": 1}], [{"hint": "it", "colspan": 1}], [{"hint": "he", "colspan": 1}]], "references": []}, "tts": "https://d1vq87e9lcf771.cloudfront.net/danielle/2cc14eeacdf034fdbb20a8fbdb782326"}, {"value": " "}, {"value": "m'", "hintTable": {"rows": [[{"hint": "to me", "colspan": 1}], [{"hint": "me", "colspan": 1}], [{"hint": "love me", "colspan": 1}]], "references": []}, "tts": "https://d1vq87e9lcf771.cloudfront.net/danielle/f57b1d6a722676910082420de2240c44"}, {"value": "a", "hintTable": {"rows": [[{"hint": "has", "colspan": 1}], [{"hint": "get", "colspan": 1}], [{"hint": "gets", "colspan": 1}]], "references": []}, "tts": "https://d1vq87e9lcf771.cloudfront.net/danielle/634fc80350d4866a1d055dc60cc43de0"}, {"value": " "}, {"value": "pr\u00eat\u00e9", "hintTable": {"rows": [[{"hint": "lent", "colspan": 1}]], "references": []}, "tts": "https://d1vq87e9lcf771.cloudfront.net/danielle/856c451152d6893f1c531ec4c1a64e7b"}, {"value": ","}, {"value": " "}, {"value": "je", "hintTable": {"rows": [[{"hint": "I", "colspan": 1}], [{"hint": "me", "colspan": 1}]], "references": []}, "tts": "https://d1vq87e9lcf771.cloudfront.net/danielle/bc9e4b13acbd7ff5019b443aa471b4de"}, {"value": " "}, {"value": "le", "hintTable": {"rows": [[{"hint": "the", "colspan": 1}], [{"hint": "him", "colspan": 1}], [{"hint": "it", "colspan": 1}]], "references": []}, "tts": "https://d1vq87e9lcf771.cloudfront.net/danielle/53635582b04179582406de15f6c2a6fa"}, {"value": " "}, {"value": "lui", "hintTable": {"rows": [[{"hint": "to him", "colspan": 1}], [{"hint": "it", "colspan": 1}], [{"hint": "him", "colspan": 1}]], "references": []}, "tts": "https://d1vq87e9lcf771.cloudfront.net/danielle/d415a3d2fd96062ffa27d2d47abe31a8"}, {"value": " "}, {"value": "rapporterai", "hintTable": {"rows": [[{"hint": "will bring back", "colspan": 1}], [{"hint": "return", "colspan": 1}], [{"hint": "pay", "colspan": 1}]], "references": []}, "tts": "https://d1vq87e9lcf771.cloudfront.net/danielle/87aad03150df9a188da3a93656d1a924"}, {"value": "."}]}, "subtext": {"styledString": {"text": "The sweater he lent me, I will bring it back to him.", "styling": [{"from": 0, "to": 52, "attributes": {"alignment": "left", "fontSize": 19, "fontWeight": "normal", "textColor": "AFAFAF", "lineSpacing": 5}}]}, "tokenTTS": {"tokenTTSCollection": []}}, "ttsURL": "https://d1vq87e9lcf771.cloudfront.net/danielle/91f3d64fd3038994f36470e51b050a1b"}]}, "meta": {"autoPlayableTTS": [], "sectionIndex": 0, "backgroundColor": null}}, {"type": "verticalSpace", "element": 16, "meta": {"autoPlayableTTS": [], "sectionIndex": 0, "backgroundColor": null}}, {"type": "dialogue", "element": {"phrases": [{"text": {"styledString": {"text": "Ces bottes en plastique sont tout \u00e0 fait appropri\u00e9es.", "styling": [{"from": 0, "to": 53, "attributes": {"alignment": "left", "fontSize": 19, "fontWeight": "normal", "textColor": "4B4B4B", "lineSpacing": 5}}]}, "tokenTTS": {"tokenTTSCollection": []}, "blockHints": [{"value": "Ces", "hintTable": {"rows": [[{"hint": "these", "colspan": 1}], [{"hint": "those", "colspan": 1}], [{"hint": "this", "colspan": 1}]], "references": []}, "tts": "https://d1vq87e9lcf771.cloudfront.net/danielle/ef450df7df84305c73316c2e5fc80399"}, {"value": " "}, {"value": "bottes", "hintTable": {"rows": [[{"hint": "boots", "colspan": 1}]], "references": []}, "tts": "https://d1vq87e9lcf771.cloudfront.net/danielle/13f6a990b6b8f9d87bfa6f5e75a8d792"}, {"value": " "}, {"value": "en", "hintTable": {"rows": [[{"hint": "of", "colspan": 1}], [{"hint": "made out of", "colspan": 1}], [{"hint": "from", "colspan": 1}]], "references": []}, "tts": "https://d1vq87e9lcf771.cloudfront.net/danielle/d78cc0266039b684b7f869230583dc45"}, {"value": " "}, {"value": "plastique", "hintTable": {"rows": [[{"hint": "plastic", "colspan": 1}]], "references": []}, "tts": "https://d1vq87e9lcf771.cloudfront.net/danielle/1a61550ab92c743f780d72975971983e"}, {"value": " "}, {"value": "sont", "hintTable": {"rows": [[{"hint": "are", "colspan": 1}], [{"hint": "feel", "colspan": 1}], [{"hint": "is", "colspan": 1}]], "references": []}, "tts": "https://d1vq87e9lcf771.cloudfront.net/danielle/7406bdd8bd4cc1df11a12c87149fcef6"}, {"value": " "}, {"value": "tout", "hintTable": {"headers": ["tout", "\u00e0", "fait"], "rows": [[{"hint": "totally", "colspan": 3}], [{"hint": "completely", "colspan": 3}], [{"hint": "exactly", "colspan": 3}], [{"hint": "any", "colspan": 1}, {"colspan": 1}, {"colspan": 1}], [{"hint": "all", "colspan": 1}, {"colspan": 1}, {"colspan": 1}], [{"hint": "their all", "colspan": 1}, {"colspan": 1}, {"colspan": 1}]], "references": [6, 7]}, "tts": "https://d1vq87e9lcf771.cloudfront.net/danielle/71131532950192f488af03eb4ee32486"}, {"value": " "}, {"value": "\u00e0", "hintTable": {"headers": ["tout", "\u00e0", "fait"], "rows": [[{"hint": "totally", "colspan": 3}], [{"hint": "completely", "colspan": 3}], [{"hint": "exactly", "colspan": 3}], [{"colspan": 1}, {"hint": "of", "colspan": 1}, {"colspan": 1}], [{"colspan": 1}, {"hint": "from", "colspan": 1}, {"colspan": 1}], [{"colspan": 1}, {"hint": "on", "colspan": 1}, {"colspan": 1}]], "references": [5, 7]}, "tts": "https://d1vq87e9lcf771.cloudfront.net/danielle/525d3aba641b4330345f33346eb9959d"}, {"value": " "}, {"value": "fait", "hintTable": {"headers": ["tout", "\u00e0", "fait"], "rows": [[{"hint": "totally", "colspan": 3}], [{"hint": "completely", "colspan": 3}], [{"hint": "exactly", "colspan": 3}], [{"colspan": 1}, {"colspan": 1}, {"hint": "made", "colspan": 1}], [{"colspan": 1}, {"colspan": 1}, {"hint": "is", "colspan": 1}], [{"colspan": 1}, {"colspan": 1}, {"hint": "makes", "colspan": 1}]], "references": [5, 6]}, "tts": "https://d1vq87e9lcf771.cloudfront.net/danielle/5090fbfcf1e1f8fe8be61e9b7010fc1b"}, {"value": " "}, {"value": "appropri\u00e9es", "hintTable": {"rows": [[{"hint": "appropriate", "colspan": 1}]], "references": []}, "tts": "https://d1vq87e9lcf771.cloudfront.net/danielle/e41b543a6d89426df34c7df83dd2df26"}, {"value": "."}]}, "subtext": {"styledString": {"text": "These plastic boots are totally appropriate.", "styling": [{"from": 0, "to": 44, "attributes": {"alignment": "left", "fontSize": 19, "fontWeight": "normal", "textColor": "AFAFAF", "lineSpacing": 5}}]}, "tokenTTS": {"tokenTTSCollection": []}}, "ttsURL": "https://d1vq87e9lcf771.cloudfront.net/danielle/39642e54c4ab4bfa315088e205b3ab54"}]}, "meta": {"autoPlayableTTS": [], "sectionIndex": 0, "backgroundColor": null}}, {"type": "verticalSpace", "element": 24, "meta": {"autoPlayableTTS": [], "sectionIndex": 0, "backgroundColor": null}}], "resourcesToPrefetch": [{"required": false, "url": "https://d1vq87e9lcf771.cloudfront.net/danielle/e2ff821c4dab1497bd59927ec004399d", "type": "mp3"}, {"required": false, "url": "https://d1vq87e9lcf771.cloudfront.net/danielle/91f3d64fd3038994f36470e51b050a1b", "type": "mp3"}, {"required": false, "url": "https://d1vq87e9lcf771.cloudfront.net/danielle/39642e54c4ab4bfa315088e205b3ab54", "type": "mp3"}, {"required": false, "url": "https://d1vq87e9lcf771.cloudfront.net/danielle/14dd430d3f62980ef041daf250e2b483", "type": "mp3"}, {"required": false, "url": "https://d1vq87e9lcf771.cloudfront.net/danielle/3fddcdca2f284397e3d0133225c4d6b9", "type": "mp3"}, {"required": false, "url": "https://d1vq87e9lcf771.cloudfront.net/danielle/ddb36639f1d91049e9921b3658f5d82a", "type": "mp3"}]}