{"elements": [{"type": "verticalSpace", "element": 2, "meta": {"autoPlayableTTS": [], "sectionIndex": 0, "backgroundColor": "E5E5E5"}}, {"type": "verticalSpace", "element": 24, "meta": {"autoPlayableTTS": [], "sectionIndex": 0, "backgroundColor": null}}, {"type": "text", "element": {"styledString": {"text": "KEY PHRASES", "styling": [{"from": 0, "to": 11, "attributes": {"alignment": "left", "fontSize": 17, "fontWeight": "bold", "textColor": "1CB0F6", "lineSpacing": 4}}]}, "tokenTTS": {"tokenTTSCollection": []}}, "meta": {"autoPlayableTTS": [], "sectionIndex": 0, "backgroundColor": null}}, {"type": "verticalSpace", "element": 8, "meta": {"autoPlayableTTS": [], "sectionIndex": 0, "backgroundColor": null}}, {"type": "text", "element": {"styledString": {"text": "Criticize someone", "styling": [{"from": 0, "to": 17, "attributes": {"alignment": "left", "fontSize": 25, "fontWeight": "bold", "textColor": "4B4B4B", "lineSpacing": 4}}]}, "tokenTTS": {"tokenTTSCollection": []}}, "meta": {"autoPlayableTTS": [], "sectionIndex": 0, "backgroundColor": null}}, {"type": "verticalSpace", "element": 16, "meta": {"autoPlayableTTS": [], "sectionIndex": 0, "backgroundColor": null}}, {"type": "dialogue", "element": {"phrases": [{"text": {"styledString": {"text": "Yo le agregar\u00eda m\u00e1s sal al pescado, \u00a1est\u00e1 muy desabrido!", "styling": [{"from": 0, "to": 56, "attributes": {"alignment": "left", "fontSize": 19, "fontWeight": "normal", "textColor": "4B4B4B", "lineSpacing": 5}}]}, "tokenTTS": {"tokenTTSCollection": []}, "blockHints": [{"value": "Yo", "hintTable": {"rows": [[{"hint": "I", "colspan": 1}], [{"hint": "i'd", "colspan": 1}], [{"hint": "me", "colspan": 1}]], "references": []}, "tts": "https://d1vq87e9lcf771.cloudfront.net/miguel/aa0ff446f41920bd854cbcfe38a476e2"}, {"value": " "}, {"value": "le", "hintTable": {"rows": [[{"hint": "to her", "colspan": 1}], [{"hint": "it", "colspan": 1}], [{"hint": "her", "colspan": 1}]], "references": []}, "tts": "https://d1vq87e9lcf771.cloudfront.net/miguel/5294d7c142fb663d4095a409656be72f"}, {"value": " "}, {"value": "agregar\u00eda", "hintTable": {"rows": [[{"hint": "would add", "colspan": 1}]], "references": []}, "tts": "https://d1vq87e9lcf771.cloudfront.net/miguel/babadb67a2a63923f9f9819fa3deac71"}, {"value": " "}, {"value": "m\u00e1s", "hintTable": {"rows": [[{"hint": "the more", "colspan": 1}], [{"hint": "more", "colspan": 1}], [{"hint": "any", "colspan": 1}]], "references": []}, "tts": "https://d1vq87e9lcf771.cloudfront.net/penelope/af681eccd75ccf2240e1043949ba30d8"}, {"value": " "}, {"value": "sal", "hintTable": {"rows": [[{"hint": "salt", "colspan": 1}], [{"hint": "(you) get out", "colspan": 1}], [{"hint": "leave", "colspan": 1}]], "references": []}, "tts": "https://d1vq87e9lcf771.cloudfront.net/miguel/d8220f6f58d362f25ea081c8f9c01c01"}, {"value": " "}, {"value": "al", "hintTable": {"rows": [[{"hint": "to the", "colspan": 1}], [{"hint": "the", "colspan": 1}], [{"hint": "to", "colspan": 1}]], "references": []}, "tts": "https://d1vq87e9lcf771.cloudfront.net/miguel/96cab1b14b78e988600b8ec5432007c6"}, {"value": " "}, {"value": "pescado", "hintTable": {"rows": [[{"hint": "fish", "colspan": 1}], [{"hint": "caught", "colspan": 1}]], "references": []}, "tts": "https://d1vq87e9lcf771.cloudfront.net/miguel/1ee0a693ef634f32570377e839db8a86"}, {"value": ","}, {"value": " "}, {"value": "\u00a1"}, {"value": "est\u00e1", "hintTable": {"rows": [[{"hint": "it's", "colspan": 1}], [{"hint": "(it) is", "colspan": 1}], [{"hint": "is", "colspan": 1}]], "references": []}, "tts": "https://d1vq87e9lcf771.cloudfront.net/miguel/23737857dcae6a6dae5bd490d7a5d54b"}, {"value": " "}, {"value": "muy", "hintTable": {"rows": [[{"hint": "really", "colspan": 1}], [{"hint": "so", "colspan": 1}], [{"hint": "very", "colspan": 1}]], "references": []}, "tts": "https://d1vq87e9lcf771.cloudfront.net/miguel/c0486c2ad2d37a42897436a25be629eb"}, {"value": " "}, {"value": "desabrido", "hintTable": {"rows": [[{"hint": "bland", "colspan": 1}]], "references": []}, "tts": "https://d1vq87e9lcf771.cloudfront.net/miguel/f1ea1d1823907a0620eaaa69cda7c04f"}, {"value": "!"}]}, "subtext": {"styledString": {"text": "I would add more salt to the fish, it's really bland!", "styling": [{"from": 0, "to": 53, "attributes": {"alignment": "left", "fontSize": 19, "fontWeight": "normal", "textColor": "AFAFAF", "lineSpacing": 5}}]}, "tokenTTS": {"tokenTTSCollection": []}}, "ttsURL": "https://d1vq87e9lcf771.cloudfront.net/miguel/9457971583e75f6c1cf54f5d3280db2d"}]}, "meta": {"autoPlayableTTS": [], "sectionIndex": 0, "backgroundColor": null}}, {"type": "verticalSpace", "element": 16, "meta": {"autoPlayableTTS": [], "sectionIndex": 0, "backgroundColor": null}}, {"type": "dialogue", "element": {"phrases": [{"text": {"styledString": {"text": "Mi nuera no cocina bien.", "styling": [{"from": 0, "to": 24, "attributes": {"alignment": "left", "fontSize": 19, "fontWeight": "normal", "textColor": "4B4B4B", "lineSpacing": 5}}]}, "tokenTTS": {"tokenTTSCollection": []}, "blockHints": [{"value": "Mi", "hintTable": {"rows": [[{"hint": "my", "colspan": 1}]], "references": []}, "tts": "https://d1vq87e9lcf771.cloudfront.net/miguel/b082510d0e48798ab32883bfe8d655b6"}, {"value": " "}, {"value": "nuera", "hintTable": {"rows": [[{"hint": "daughter in law", "colspan": 1}]], "references": []}, "tts": "https://d1vq87e9lcf771.cloudfront.net/miguel/65f749f3ec75abf0dd7b60e31a04622c"}, {"value": " "}, {"value": "no", "hintTable": {"rows": [[{"hint": "doesn't", "colspan": 1}], [{"hint": "n't", "colspan": 1}], [{"hint": "wasn't", "colspan": 1}]], "references": []}, "tts": "https://d1vq87e9lcf771.cloudfront.net/miguel/e56dc9c59b5e999bbe4a986911a59034"}, {"value": " "}, {"value": "cocina", "hintTable": {"rows": [[{"hint": "(you) cook", "colspan": 1}], [{"hint": "(he) is cooking", "colspan": 1}], [{"hint": "kitchen", "colspan": 1}]], "references": []}, "tts": "https://d1vq87e9lcf771.cloudfront.net/miguel/7487529599371bf507162d87dcac1c7e"}, {"value": " "}, {"value": "bien", "hintTable": {"rows": [[{"hint": "well", "colspan": 1}], [{"hint": "good", "colspan": 1}], [{"hint": "all right", "colspan": 1}]], "references": []}, "tts": "https://d1vq87e9lcf771.cloudfront.net/miguel/7276a7800a976e2e8af2554796127d07"}, {"value": "."}]}, "subtext": {"styledString": {"text": "My daughter-in-law doesn't cook well.", "styling": [{"from": 0, "to": 37, "attributes": {"alignment": "left", "fontSize": 19, "fontWeight": "normal", "textColor": "AFAFAF", "lineSpacing": 5}}]}, "tokenTTS": {"tokenTTSCollection": []}}, "ttsURL": "https://d1vq87e9lcf771.cloudfront.net/miguel/f31ff87cf6cc1cfc662dc57b41bf3ed7"}]}, "meta": {"autoPlayableTTS": [], "sectionIndex": 0, "backgroundColor": null}}, {"type": "verticalSpace", "element": 16, "meta": {"autoPlayableTTS": [], "sectionIndex": 0, "backgroundColor": null}}, {"type": "dialogue", "element": {"phrases": [{"text": {"styledString": {"text": "\u00a1Me mira como si yo fuera incapaz de batir huevos!", "styling": [{"from": 0, "to": 50, "attributes": {"alignment": "left", "fontSize": 19, "fontWeight": "normal", "textColor": "4B4B4B", "lineSpacing": 5}}]}, "tokenTTS": {"tokenTTSCollection": []}, "blockHints": [{"value": "\u00a1"}, {"value": "Me", "hintTable": {"headers": ["me", "mira"], "rows": [[{"hint": "(he/she/it)  looks at (me)", "colspan": 2}], [{"hint": "(you)  look at (me)", "colspan": 2}], [{"hint": "(he/she/it)  watches (me)", "colspan": 2}], [{"hint": "I", "colspan": 1}, {"colspan": 1}], [{"hint": "me", "colspan": 1}, {"colspan": 1}], [{"hint": "for me", "colspan": 1}, {"colspan": 1}]], "references": [1]}, "tts": "https://d1vq87e9lcf771.cloudfront.net/miguel/e0523aab2519a0650d3b9410064d0876"}, {"value": " "}, {"value": "mira", "hintTable": {"headers": ["me", "mira"], "rows": [[{"hint": "(he/she/it)  looks at (me)", "colspan": 2}], [{"hint": "(you)  look at (me)", "colspan": 2}], [{"hint": "(he/she/it)  watches (me)", "colspan": 2}], [{"colspan": 1}, {"hint": "looks at", "colspan": 1}], [{"colspan": 1}, {"hint": "looks", "colspan": 1}], [{"colspan": 1}, {"hint": "look at", "colspan": 1}]], "references": [0]}, "tts": "https://d1vq87e9lcf771.cloudfront.net/miguel/642f06dc39735f0992d909d9b03d36ef"}, {"value": " "}, {"value": "como", "hintTable": {"rows": [[{"hint": "as", "colspan": 1}], [{"hint": "kind of like", "colspan": 1}], [{"hint": "(I) eat", "colspan": 1}]], "references": []}, "tts": "https://d1vq87e9lcf771.cloudfront.net/miguel/bd029d36d61148169ae8a053a42c11b9"}, {"value": " "}, {"value": "si", "hintTable": {"rows": [[{"hint": "if", "colspan": 1}], [{"hint": "though", "colspan": 1}], [{"hint": "alternatively", "colspan": 1}]], "references": []}, "tts": "https://d1vq87e9lcf771.cloudfront.net/miguel/c955c40055195c3a4a1d37a5f24041f0"}, {"value": " "}, {"value": "yo", "hintTable": {"rows": [[{"hint": "I", "colspan": 1}], [{"hint": "me", "colspan": 1}], [{"hint": "i'd", "colspan": 1}]], "references": []}, "tts": "https://d1vq87e9lcf771.cloudfront.net/miguel/aa0ff446f41920bd854cbcfe38a476e2"}, {"value": " "}, {"value": "fuera", "hintTable": {"rows": [[{"hint": "were", "colspan": 1}], [{"hint": "(I) was", "colspan": 1}], [{"hint": "(she) was", "colspan": 1}]], "references": []}, "tts": "https://d1vq87e9lcf771.cloudfront.net/miguel/72c05f41bb9840fbb2aca9cdd8d08df8"}, {"value": " "}, {"value": "incapaz", "hintTable": {"rows": [[{"hint": "incapable", "colspan": 1}]], "references": []}, "tts": "https://d1vq87e9lcf771.cloudfront.net/miguel/50a2264164512fe63b19db45414c6506"}, {"value": " "}, {"value": "de", "hintTable": {"rows": [[{"hint": "as", "colspan": 1}], [{"hint": "at", "colspan": 1}], [{"hint": "of", "colspan": 1}]], "references": []}, "tts": "https://d1vq87e9lcf771.cloudfront.net/miguel/7c3dc4295f4bfedec518e38299ea8dc5"}, {"value": " "}, {"value": "batir", "hintTable": {"rows": [[{"hint": "beating", "colspan": 1}], [{"hint": "(to) beat", "colspan": 1}], [{"hint": "beat", "colspan": 1}]], "references": []}, "tts": "https://d1vq87e9lcf771.cloudfront.net/miguel/3245220bc1902015513e058daf52e488"}, {"value": " "}, {"value": "huevos", "hintTable": {"rows": [[{"hint": "eggs", "colspan": 1}], [{"hint": "nuts", "colspan": 1}]], "references": []}, "tts": "https://d1vq87e9lcf771.cloudfront.net/miguel/723ed8ab0c5e139a0ee83bd67e579e81"}, {"value": "!"}]}, "subtext": {"styledString": {"text": "She looks at me as if I were incapable of beating eggs!", "styling": [{"from": 0, "to": 55, "attributes": {"alignment": "left", "fontSize": 19, "fontWeight": "normal", "textColor": "AFAFAF", "lineSpacing": 5}}]}, "tokenTTS": {"tokenTTSCollection": []}}, "ttsURL": "https://d1vq87e9lcf771.cloudfront.net/miguel/7066daaf0318e03b281045641b656358"}]}, "meta": {"autoPlayableTTS": [], "sectionIndex": 0, "backgroundColor": null}}, {"type": "verticalSpace", "element": 16, "meta": {"autoPlayableTTS": [], "sectionIndex": 0, "backgroundColor": null}}, {"type": "dialogue", "element": {"phrases": [{"text": {"styledString": {"text": "\u00a1Me niego a arruinar mi lasa\u00f1a con la salsa de tu madre!", "styling": [{"from": 0, "to": 56, "attributes": {"alignment": "left", "fontSize": 19, "fontWeight": "normal", "textColor": "4B4B4B", "lineSpacing": 5}}]}, "tokenTTS": {"tokenTTSCollection": []}, "blockHints": [{"value": "\u00a1"}, {"value": "Me", "hintTable": {"headers": ["me", "niego"], "rows": [[{"hint": "(I) refuse", "colspan": 2}], [{"hint": "I", "colspan": 1}, {"colspan": 1}], [{"hint": "myself", "colspan": 1}, {"colspan": 1}], [{"hint": "me", "colspan": 1}, {"colspan": 1}]], "references": [1]}, "tts": "https://d1vq87e9lcf771.cloudfront.net/miguel/e0523aab2519a0650d3b9410064d0876"}, {"value": " "}, {"value": "niego", "hintTable": {"headers": ["me", "niego"], "rows": [[{"hint": "(I) refuse", "colspan": 2}], [{"colspan": 1}, {"hint": "deny", "colspan": 1}]], "references": [0]}, "tts": "https://d1vq87e9lcf771.cloudfront.net/miguel/eeb9aeac1355189a810e6ebd7d6fb259"}, {"value": " "}, {"value": "a", "hintTable": {"rows": [[{"hint": "to", "colspan": 1}], [{"hint": "with", "colspan": 1}], [{"hint": "from", "colspan": 1}]], "references": []}, "tts": "https://d1vq87e9lcf771.cloudfront.net/miguel/a615ab7aef51e62ab81ce9255166fc65"}, {"value": " "}, {"value": "arruinar", "hintTable": {"rows": [[{"hint": "ruin", "colspan": 1}], [{"hint": "spoil", "colspan": 1}], [{"hint": "mess", "colspan": 1}]], "references": []}, "tts": "https://d1vq87e9lcf771.cloudfront.net/miguel/10d929639f27ffb0964240c8ec824e59"}, {"value": " "}, {"value": "mi", "hintTable": {"rows": [[{"hint": "my", "colspan": 1}]], "references": []}, "tts": "https://d1vq87e9lcf771.cloudfront.net/miguel/b082510d0e48798ab32883bfe8d655b6"}, {"value": " "}, {"value": "lasa\u00f1a", "hintTable": {"rows": [[{"hint": "lasagna", "colspan": 1}]], "references": []}, "tts": "https://d1vq87e9lcf771.cloudfront.net/miguel/e8b01049a55aaa001e18c4c50357b2ff"}, {"value": " "}, {"value": "con", "hintTable": {"rows": [[{"hint": "with", "colspan": 1}], [{"hint": "to", "colspan": 1}], [{"hint": "at", "colspan": 1}]], "references": []}, "tts": "https://d1vq87e9lcf771.cloudfront.net/miguel/d7193db818951a8d1c580fbb779f1d5d"}, {"value": " "}, {"value": "la", "hintTable": {"rows": [[{"hint": "your", "colspan": 1}], [{"hint": "my", "colspan": 1}], [{"hint": "the", "colspan": 1}]], "references": []}, "tts": "https://d1vq87e9lcf771.cloudfront.net/miguel/e9ea010281921357dd4b130d51e7488b"}, {"value": " "}, {"value": "salsa", "hintTable": {"rows": [[{"hint": "sauce", "colspan": 1}], [{"hint": "salsa", "colspan": 1}], [{"hint": "dip", "colspan": 1}]], "references": []}, "tts": "https://d1vq87e9lcf771.cloudfront.net/miguel/f7d7bd09f9ad23d551a70d563d21f21a"}, {"value": " "}, {"value": "de", "hintTable": {"rows": [[{"hint": "with", "colspan": 1}], [{"hint": "'s", "colspan": 1}], [{"hint": "to", "colspan": 1}]], "references": []}, "tts": "https://d1vq87e9lcf771.cloudfront.net/miguel/7c3dc4295f4bfedec518e38299ea8dc5"}, {"value": " "}, {"value": "tu", "hintTable": {"rows": [[{"hint": "your", "colspan": 1}]], "references": []}, "tts": "https://d1vq87e9lcf771.cloudfront.net/miguel/cea183a755ba1637d85a81c6072829ac"}, {"value": " "}, {"value": "madre", "hintTable": {"rows": [[{"hint": "mother", "colspan": 1}], [{"hint": "mom", "colspan": 1}], [{"hint": "parent", "colspan": 1}]], "references": []}, "tts": "https://d1vq87e9lcf771.cloudfront.net/miguel/b493faf22cde92fa565140392fea83f3"}, {"value": "!"}]}, "subtext": {"styledString": {"text": "I refuse to ruin my lasagna with your mother's sauce!", "styling": [{"from": 0, "to": 53, "attributes": {"alignment": "left", "fontSize": 19, "fontWeight": "normal", "textColor": "AFAFAF", "lineSpacing": 5}}]}, "tokenTTS": {"tokenTTSCollection": []}}, "ttsURL": "https://d1vq87e9lcf771.cloudfront.net/miguel/a5f10104be8eb0654ef16f8d9d48c9fc"}]}, "meta": {"autoPlayableTTS": [], "sectionIndex": 0, "backgroundColor": null}}, {"type": "verticalSpace", "element": 16, "meta": {"autoPlayableTTS": [], "sectionIndex": 0, "backgroundColor": null}}, {"type": "dialogue", "element": {"phrases": [{"text": {"styledString": {"text": "\u00a1La langosta no se cocina as\u00ed!", "styling": [{"from": 0, "to": 30, "attributes": {"alignment": "left", "fontSize": 19, "fontWeight": "normal", "textColor": "4B4B4B", "lineSpacing": 5}}]}, "tokenTTS": {"tokenTTSCollection": []}, "blockHints": [{"value": "\u00a1"}, {"value": "La", "hintTable": {"rows": [[{"hint": "the", "colspan": 1}], [{"hint": "one", "colspan": 1}], [{"hint": "your", "colspan": 1}]], "references": []}, "tts": "https://d1vq87e9lcf771.cloudfront.net/miguel/e9ea010281921357dd4b130d51e7488b"}, {"value": " "}, {"value": "langosta", "hintTable": {"rows": [[{"hint": "lobster", "colspan": 1}]], "references": []}, "tts": "https://d1vq87e9lcf771.cloudfront.net/miguel/6588d96dc90d8d7b860397bd8b970e42"}, {"value": " "}, {"value": "no", "hintTable": {"headers": ["no", "se"], "rows": [[{"hint": "isn't", "colspan": 2}], [{"hint": "aren't", "colspan": 2}], [{"hint": "do not", "colspan": 1}, {"colspan": 1}], [{"hint": "so", "colspan": 1}, {"colspan": 1}], [{"hint": "not", "colspan": 1}, {"colspan": 1}]], "references": [3]}, "tts": "https://d1vq87e9lcf771.cloudfront.net/miguel/e56dc9c59b5e999bbe4a986911a59034"}, {"value": " "}, {"value": "se", "hintTable": {"headers": ["se", "cocina"], "rows": [[{"hint": "gets cook", "colspan": 2}], [{"hint": "is", "colspan": 1}, {"colspan": 1}], [{"hint": "you", "colspan": 1}, {"colspan": 1}], [{"hint": "she", "colspan": 1}, {"colspan": 1}]], "references": [2]}, "tts": "https://d1vq87e9lcf771.cloudfront.net/penelope/50bf590e9131f900980801ba11e0d871"}, {"value": " "}, {"value": "cocina", "hintTable": {"headers": ["se", "cocina"], "rows": [[{"hint": "gets cook", "colspan": 2}], [{"colspan": 1}, {"hint": "(you) cook", "colspan": 1}], [{"colspan": 1}, {"hint": "(he) is cooking", "colspan": 1}], [{"colspan": 1}, {"hint": "kitchen", "colspan": 1}]], "references": [3]}, "tts": "https://d1vq87e9lcf771.cloudfront.net/miguel/7487529599371bf507162d87dcac1c7e"}, {"value": " "}, {"value": "as\u00ed", "hintTable": {"rows": [[{"hint": "that way", "colspan": 1}], [{"hint": "this way", "colspan": 1}], [{"hint": "like that", "colspan": 1}]], "references": []}, "tts": "https://d1vq87e9lcf771.cloudfront.net/miguel/033d57d35bda6abcceafba74b423a95f"}, {"value": "!"}]}, "subtext": {"styledString": {"text": "Lobster isn't cooked that way!", "styling": [{"from": 0, "to": 30, "attributes": {"alignment": "left", "fontSize": 19, "fontWeight": "normal", "textColor": "AFAFAF", "lineSpacing": 5}}]}, "tokenTTS": {"tokenTTSCollection": []}}, "ttsURL": "https://d1vq87e9lcf771.cloudfront.net/miguel/e354cb461b87412b34f56cdae80a0c6f"}]}, "meta": {"autoPlayableTTS": [], "sectionIndex": 0, "backgroundColor": null}}, {"type": "verticalSpace", "element": 16, "meta": {"autoPlayableTTS": [], "sectionIndex": 0, "backgroundColor": null}}, {"type": "dialogue", "element": {"phrases": [{"text": {"styledString": {"text": "\u00bfQuiere decir que mi pasta es incomible?", "styling": [{"from": 0, "to": 40, "attributes": {"alignment": "left", "fontSize": 19, "fontWeight": "normal", "textColor": "4B4B4B", "lineSpacing": 5}}]}, "tokenTTS": {"tokenTTSCollection": []}, "blockHints": [{"value": "\u00bf"}, {"value": "Quiere", "hintTable": {"headers": ["quiere", "decir"], "rows": [[{"hint": "(you-formal) mean", "colspan": 2}], [{"hint": "(you-formal) want to say", "colspan": 2}], [{"hint": "(he/she/it) wants to say", "colspan": 2}], [{"hint": "mean", "colspan": 1}, {"colspan": 1}], [{"hint": "(?) do you want", "colspan": 1}, {"colspan": 1}], [{"hint": "(you) want", "colspan": 1}, {"colspan": 1}]], "references": [1]}, "tts": "https://d1vq87e9lcf771.cloudfront.net/miguel/afb5378bac2e293b8c4e068e47a038b7"}, {"value": " "}, {"value": "decir", "hintTable": {"headers": ["quiere", "decir"], "rows": [[{"hint": "(you-formal) mean", "colspan": 2}], [{"hint": "(you-formal) want to say", "colspan": 2}], [{"hint": "(he/she/it) wants to say", "colspan": 2}], [{"colspan": 1}, {"hint": "mean", "colspan": 1}], [{"colspan": 1}, {"hint": "(to) say", "colspan": 1}], [{"colspan": 1}, {"hint": "say", "colspan": 1}]], "references": [0]}, "tts": "https://d1vq87e9lcf771.cloudfront.net/miguel/9c90bf67c906d552424245afc1daf313"}, {"value": " "}, {"value": "que", "hintTable": {"rows": [[{"hint": "that", "colspan": 1}], [{"hint": "to", "colspan": 1}], [{"hint": "because", "colspan": 1}]], "references": []}, "tts": "https://d1vq87e9lcf771.cloudfront.net/miguel/a1ac789b0b8d37cb82d476eff39cdd67"}, {"value": " "}, {"value": "mi", "hintTable": {"rows": [[{"hint": "my", "colspan": 1}]], "references": []}, "tts": "https://d1vq87e9lcf771.cloudfront.net/miguel/b082510d0e48798ab32883bfe8d655b6"}, {"value": " "}, {"value": "pasta", "hintTable": {"rows": [[{"hint": "pasta", "colspan": 1}]], "references": []}, "tts": "https://d1vq87e9lcf771.cloudfront.net/miguel/3063faf0d5b53301209ae5ba8d433064"}, {"value": " "}, {"value": "es", "hintTable": {"rows": [[{"hint": "(it) is", "colspan": 1}], [{"hint": "(she) is", "colspan": 1}], [{"hint": "(he) is", "colspan": 1}]], "references": []}, "tts": "https://d1vq87e9lcf771.cloudfront.net/miguel/88bcf53446c728520f69b8a164c6e011"}, {"value": " "}, {"value": "incomible", "hintTable": {"rows": [[{"hint": "inedible", "colspan": 1}]], "references": []}, "tts": "https://d1vq87e9lcf771.cloudfront.net/miguel/415e8ed4cc67d4e821925f604a773b64"}, {"value": "?"}]}, "subtext": {"styledString": {"text": "Do you mean my pasta is inedible?", "styling": [{"from": 0, "to": 33, "attributes": {"alignment": "left", "fontSize": 19, "fontWeight": "normal", "textColor": "AFAFAF", "lineSpacing": 5}}]}, "tokenTTS": {"tokenTTSCollection": []}}, "ttsURL": "https://d1vq87e9lcf771.cloudfront.net/miguel/eef0eeb24e06b5ce563859e7d1aacab4"}]}, "meta": {"autoPlayableTTS": [], "sectionIndex": 0, "backgroundColor": null}}, {"type": "verticalSpace", "element": 24, "meta": {"autoPlayableTTS": [], "sectionIndex": 0, "backgroundColor": null}}], "resourcesToPrefetch": [{"required": false, "url": "https://d1vq87e9lcf771.cloudfront.net/miguel/9457971583e75f6c1cf54f5d3280db2d", "type": "mp3"}, {"required": false, "url": "https://d1vq87e9lcf771.cloudfront.net/miguel/eef0eeb24e06b5ce563859e7d1aacab4", "type": "mp3"}, {"required": false, "url": "https://d1vq87e9lcf771.cloudfront.net/miguel/a5f10104be8eb0654ef16f8d9d48c9fc", "type": "mp3"}, {"required": false, "url": "https://d1vq87e9lcf771.cloudfront.net/miguel/7066daaf0318e03b281045641b656358", "type": "mp3"}, {"required": false, "url": "https://d1vq87e9lcf771.cloudfront.net/miguel/e354cb461b87412b34f56cdae80a0c6f", "type": "mp3"}, {"required": false, "url": "https://d1vq87e9lcf771.cloudfront.net/miguel/f31ff87cf6cc1cfc662dc57b41bf3ed7", "type": "mp3"}]}