{"elements": [{"type": "verticalSpace", "element": 2, "meta": {"autoPlayableTTS": [], "sectionIndex": 0, "backgroundColor": "E5E5E5"}}, {"type": "verticalSpace", "element": 24, "meta": {"autoPlayableTTS": [], "sectionIndex": 0, "backgroundColor": null}}, {"type": "text", "element": {"styledString": {"text": "KEY PHRASES", "styling": [{"from": 0, "to": 11, "attributes": {"alignment": "left", "fontSize": 17, "fontWeight": "bold", "textColor": "1CB0F6", "lineSpacing": 4}}]}, "tokenTTS": {"tokenTTSCollection": []}}, "meta": {"autoPlayableTTS": [], "sectionIndex": 0, "backgroundColor": null}}, {"type": "verticalSpace", "element": 8, "meta": {"autoPlayableTTS": [], "sectionIndex": 0, "backgroundColor": null}}, {"type": "text", "element": {"styledString": {"text": "Request information", "styling": [{"from": 0, "to": 19, "attributes": {"alignment": "left", "fontSize": 25, "fontWeight": "bold", "textColor": "4B4B4B", "lineSpacing": 4}}]}, "tokenTTS": {"tokenTTSCollection": []}}, "meta": {"autoPlayableTTS": [], "sectionIndex": 0, "backgroundColor": null}}, {"type": "verticalSpace", "element": 16, "meta": {"autoPlayableTTS": [], "sectionIndex": 0, "backgroundColor": null}}, {"type": "dialogue", "element": {"phrases": [{"text": {"styledString": {"text": "\u00bfEn qu\u00e9 multinacional trabajaste antes?", "styling": [{"from": 0, "to": 39, "attributes": {"alignment": "left", "fontSize": 19, "fontWeight": "normal", "textColor": "4B4B4B", "lineSpacing": 5}}]}, "tokenTTS": {"tokenTTSCollection": []}, "blockHints": [{"value": "\u00bf"}, {"value": "En", "hintTable": {"rows": [[{"hint": "in", "colspan": 1}], [{"hint": "for", "colspan": 1}], [{"hint": "at", "colspan": 1}]], "references": []}, "tts": "https://d1vq87e9lcf771.cloudfront.net/miguel/953baa0ff97009a5374e3a2695ce7f5c"}, {"value": " "}, {"value": "qu\u00e9", "hintTable": {"rows": [[{"hint": "what", "colspan": 1}], [{"hint": "what an", "colspan": 1}], [{"hint": "what a", "colspan": 1}]], "references": []}, "tts": "https://d1vq87e9lcf771.cloudfront.net/miguel/10cae84a9e87a16bf1d6dce8af8406b3"}, {"value": " "}, {"value": "multinacional", "hintTable": {"rows": [[{"hint": "multinational company", "colspan": 1}], [{"hint": "multinational", "colspan": 1}]], "references": []}, "tts": "https://d1vq87e9lcf771.cloudfront.net/miguel/4da6610c3640c4981c49a5c30d582e71"}, {"value": " "}, {"value": "trabajaste", "hintTable": {"rows": [[{"hint": "(?) did you work", "colspan": 1}], [{"hint": "(you) worked", "colspan": 1}], [{"hint": "worked", "colspan": 1}]], "references": []}, "tts": "https://d1vq87e9lcf771.cloudfront.net/miguel/4f4e1c8552f6c806df386a1f0a340d8a"}, {"value": " "}, {"value": "antes", "hintTable": {"rows": [[{"hint": "before", "colspan": 1}], [{"hint": "previously", "colspan": 1}], [{"hint": "first", "colspan": 1}]], "references": []}, "tts": "https://d1vq87e9lcf771.cloudfront.net/miguel/24647be708dd783472b30f61e3ce4ddc"}, {"value": "?"}]}, "subtext": {"styledString": {"text": "What multinational company did you work in before?", "styling": [{"from": 0, "to": 50, "attributes": {"alignment": "left", "fontSize": 19, "fontWeight": "normal", "textColor": "AFAFAF", "lineSpacing": 5}}]}, "tokenTTS": {"tokenTTSCollection": []}}, "ttsURL": "https://d1vq87e9lcf771.cloudfront.net/miguel/0dc7e330c1037c6581fec1486e1006da"}, {"text": {"styledString": {"text": "Antes, trabaj\u00e9 en una multinacional de refrescos.", "styling": [{"from": 0, "to": 49, "attributes": {"alignment": "left", "fontSize": 19, "fontWeight": "normal", "textColor": "4B4B4B", "lineSpacing": 5}}]}, "tokenTTS": {"tokenTTSCollection": []}, "blockHints": [{"value": "Antes", "hintTable": {"rows": [[{"hint": "before", "colspan": 1}], [{"hint": "previously", "colspan": 1}], [{"hint": "first", "colspan": 1}]], "references": []}, "tts": "https://d1vq87e9lcf771.cloudfront.net/miguel/24647be708dd783472b30f61e3ce4ddc"}, {"value": ","}, {"value": " "}, {"value": "trabaj\u00e9", "hintTable": {"rows": [[{"hint": "(I) worked", "colspan": 1}], [{"hint": "worked", "colspan": 1}], [{"hint": "work", "colspan": 1}]], "references": []}, "tts": "https://d1vq87e9lcf771.cloudfront.net/miguel/cf412a4a500346b764b75e8c42c55418"}, {"value": " "}, {"value": "en", "hintTable": {"rows": [[{"hint": "a", "colspan": 1}], [{"hint": "at", "colspan": 1}], [{"hint": "for", "colspan": 1}]], "references": []}, "tts": "https://d1vq87e9lcf771.cloudfront.net/miguel/953baa0ff97009a5374e3a2695ce7f5c"}, {"value": " "}, {"value": "una", "hintTable": {"rows": [[{"hint": "a", "colspan": 1}], [{"hint": "one", "colspan": 1}], [{"hint": "1", "colspan": 1}]], "references": []}, "tts": "https://d1vq87e9lcf771.cloudfront.net/miguel/9f4116cf1d768fa9eb00e290f9285cc7"}, {"value": " "}, {"value": "multinacional", "hintTable": {"rows": [[{"hint": "multinational company", "colspan": 1}], [{"hint": "multinational", "colspan": 1}]], "references": []}, "tts": "https://d1vq87e9lcf771.cloudfront.net/miguel/4da6610c3640c4981c49a5c30d582e71"}, {"value": " "}, {"value": "de", "hintTable": {"rows": [[{"hint": "at", "colspan": 1}], [{"hint": "for", "colspan": 1}], [{"hint": "in", "colspan": 1}]], "references": []}, "tts": "https://d1vq87e9lcf771.cloudfront.net/miguel/7c3dc4295f4bfedec518e38299ea8dc5"}, {"value": " "}, {"value": "refrescos", "hintTable": {"rows": [[{"hint": "soda", "colspan": 1}], [{"hint": "sodas", "colspan": 1}]], "references": []}, "tts": "https://d1vq87e9lcf771.cloudfront.net/miguel/6d974a8ef2165cc58da3a1d979d5c719"}, {"value": "."}]}, "subtext": {"styledString": {"text": "Before, I worked at a multinational soda company.", "styling": [{"from": 0, "to": 49, "attributes": {"alignment": "left", "fontSize": 19, "fontWeight": "normal", "textColor": "AFAFAF", "lineSpacing": 5}}]}, "tokenTTS": {"tokenTTSCollection": []}}, "ttsURL": "https://d1vq87e9lcf771.cloudfront.net/miguel/f8573d520aab354af92c64fd639f2853"}, {"text": {"styledString": {"text": "\u00bfY desde cu\u00e1ndo esa multinacional est\u00e1 en Chile?", "styling": [{"from": 0, "to": 48, "attributes": {"alignment": "left", "fontSize": 19, "fontWeight": "normal", "textColor": "4B4B4B", "lineSpacing": 5}}]}, "tokenTTS": {"tokenTTSCollection": []}, "blockHints": [{"value": "\u00bf"}, {"value": "Y", "hintTable": {"rows": [[{"hint": "and", "colspan": 1}]], "references": []}, "tts": "https://d1vq87e9lcf771.cloudfront.net/miguel/05e3848edd76360dcc4340e158ad7843"}, {"value": " "}, {"value": "desde", "hintTable": {"headers": ["desde", "cu\u00e1ndo"], "rows": [[{"hint": "How long", "colspan": 2}], [{"hint": "since", "colspan": 1}, {"colspan": 1}], [{"hint": "from", "colspan": 1}, {"colspan": 1}], [{"hint": "as", "colspan": 1}, {"colspan": 1}]], "references": [2]}, "tts": "https://d1vq87e9lcf771.cloudfront.net/miguel/89b508c8d2aa9da8418707e4d245c027"}, {"value": " "}, {"value": "cu\u00e1ndo", "hintTable": {"headers": ["desde", "cu\u00e1ndo"], "rows": [[{"hint": "How long", "colspan": 2}], [{"colspan": 1}, {"hint": "when", "colspan": 1}]], "references": [1]}, "tts": "https://d1vq87e9lcf771.cloudfront.net/miguel/2865c9b5e1985d82444f3fd41755f943"}, {"value": " "}, {"value": "esa", "hintTable": {"rows": [[{"hint": "that", "colspan": 1}], [{"hint": "those", "colspan": 1}], [{"hint": "that one", "colspan": 1}]], "references": []}, "tts": "https://d1vq87e9lcf771.cloudfront.net/miguel/158211501bbdacb919de50824c696f4e"}, {"value": " "}, {"value": "multinacional", "hintTable": {"rows": [[{"hint": "multinational company", "colspan": 1}], [{"hint": "multinational", "colspan": 1}]], "references": []}, "tts": "https://d1vq87e9lcf771.cloudfront.net/miguel/4da6610c3640c4981c49a5c30d582e71"}, {"value": " "}, {"value": "est\u00e1", "hintTable": {"rows": [[{"hint": "is", "colspan": 1}], [{"hint": "it's", "colspan": 1}], [{"hint": "has been (since)", "colspan": 1}]], "references": []}, "tts": "https://d1vq87e9lcf771.cloudfront.net/miguel/23737857dcae6a6dae5bd490d7a5d54b"}, {"value": " "}, {"value": "en", "hintTable": {"rows": [[{"hint": "under", "colspan": 1}], [{"hint": "with", "colspan": 1}], [{"hint": "a", "colspan": 1}]], "references": []}, "tts": "https://d1vq87e9lcf771.cloudfront.net/miguel/953baa0ff97009a5374e3a2695ce7f5c"}, {"value": " "}, {"value": "Chile", "hintTable": {"rows": [[{"hint": "Chile", "colspan": 1}], [{"hint": "chili pepper", "colspan": 1}], [{"hint": "chili", "colspan": 1}]], "references": []}, "tts": "https://d1vq87e9lcf771.cloudfront.net/miguel/3440d7a6d3dcd030fa29e85ff429c9c6"}, {"value": "?"}]}, "subtext": {"styledString": {"text": "And how long has that multinational company been in Chile?", "styling": [{"from": 0, "to": 58, "attributes": {"alignment": "left", "fontSize": 19, "fontWeight": "normal", "textColor": "AFAFAF", "lineSpacing": 5}}]}, "tokenTTS": {"tokenTTSCollection": []}}, "ttsURL": "https://d1vq87e9lcf771.cloudfront.net/miguel/afb527e54148b91d18eb8b84715dd50f"}]}, "meta": {"autoPlayableTTS": [], "sectionIndex": 0, "backgroundColor": null}}, {"type": "verticalSpace", "element": 16, "meta": {"autoPlayableTTS": [], "sectionIndex": 0, "backgroundColor": null}}, {"type": "dialogue", "element": {"phrases": [{"text": {"styledString": {"text": "\u00bfPor d\u00f3nde llego a la oficina del gerente?", "styling": [{"from": 0, "to": 42, "attributes": {"alignment": "left", "fontSize": 19, "fontWeight": "normal", "textColor": "4B4B4B", "lineSpacing": 5}}]}, "tokenTTS": {"tokenTTSCollection": []}, "blockHints": [{"value": "\u00bf"}, {"value": "Por", "hintTable": {"headers": ["por", "d\u00f3nde"], "rows": [[{"hint": "how", "colspan": 2}], [{"hint": "to", "colspan": 1}, {"colspan": 1}], [{"hint": "at", "colspan": 1}, {"colspan": 1}], [{"hint": "of", "colspan": 1}, {"colspan": 1}]], "references": [1]}, "tts": "https://d1vq87e9lcf771.cloudfront.net/miguel/e339e0bfe581d755bb02344cc04edecc"}, {"value": " "}, {"value": "d\u00f3nde", "hintTable": {"headers": ["por", "d\u00f3nde"], "rows": [[{"hint": "how", "colspan": 2}], [{"colspan": 1}, {"hint": "where", "colspan": 1}], [{"colspan": 1}, {"hint": "wherever", "colspan": 1}]], "references": [0]}, "tts": "https://d1vq87e9lcf771.cloudfront.net/miguel/c073e4d8e11592d52ce6b85a63ec0e56"}, {"value": " "}, {"value": "llego", "hintTable": {"rows": [[{"hint": "(?) do I get", "colspan": 1}], [{"hint": "get", "colspan": 1}], [{"hint": "(I) arrive", "colspan": 1}]], "references": []}, "tts": "https://d1vq87e9lcf771.cloudfront.net/miguel/64e4c938806ca58a8e4764d70568e035"}, {"value": " "}, {"value": "a", "hintTable": {"headers": ["a", "la"], "rows": [[{"hint": "to", "colspan": 2}], [{"hint": "at", "colspan": 2}], [{"hint": "to", "colspan": 1}, {"colspan": 1}], [{"hint": "at", "colspan": 1}, {"colspan": 1}], [{"hint": "of", "colspan": 1}, {"colspan": 1}]], "references": [4]}, "tts": "https://d1vq87e9lcf771.cloudfront.net/miguel/a615ab7aef51e62ab81ce9255166fc65"}, {"value": " "}, {"value": "la", "hintTable": {"headers": ["a", "la"], "rows": [[{"hint": "to", "colspan": 2}], [{"hint": "at", "colspan": 2}], [{"colspan": 1}, {"hint": "the", "colspan": 1}], [{"colspan": 1}, {"hint": "your", "colspan": 1}], [{"colspan": 1}, {"hint": "her", "colspan": 1}]], "references": [3]}, "tts": "https://d1vq87e9lcf771.cloudfront.net/miguel/e9ea010281921357dd4b130d51e7488b"}, {"value": " "}, {"value": "oficina", "hintTable": {"rows": [[{"hint": "office", "colspan": 1}]], "references": []}, "tts": "https://d1vq87e9lcf771.cloudfront.net/miguel/c9e32fee85e98ee4e430d2729bcbb47c"}, {"value": " "}, {"value": "del", "hintTable": {"rows": [[{"hint": "to the", "colspan": 1}], [{"hint": "the", "colspan": 1}], [{"hint": "'s", "colspan": 1}]], "references": []}, "tts": "https://d1vq87e9lcf771.cloudfront.net/miguel/24021e61f03ad742805c732e31f4f3cc"}, {"value": " "}, {"value": "gerente", "hintTable": {"rows": [[{"hint": "manager", "colspan": 1}]], "references": []}, "tts": "https://d1vq87e9lcf771.cloudfront.net/miguel/4e64ce1198f0a0c7f9e90913f4118e25"}, {"value": "?"}]}, "subtext": {"styledString": {"text": "How do I get to the manager's office?", "styling": [{"from": 0, "to": 37, "attributes": {"alignment": "left", "fontSize": 19, "fontWeight": "normal", "textColor": "AFAFAF", "lineSpacing": 5}}]}, "tokenTTS": {"tokenTTSCollection": []}}, "ttsURL": "https://d1vq87e9lcf771.cloudfront.net/miguel/5dd5bb2038e3267dc2d42b9379dd9e24"}]}, "meta": {"autoPlayableTTS": [], "sectionIndex": 0, "backgroundColor": null}}, {"type": "verticalSpace", "element": 16, "meta": {"autoPlayableTTS": [], "sectionIndex": 0, "backgroundColor": null}}, {"type": "dialogue", "element": {"phrases": [{"text": {"styledString": {"text": "\u00bfA qu\u00e9 distancia est\u00e1 tu oficina?", "styling": [{"from": 0, "to": 33, "attributes": {"alignment": "left", "fontSize": 19, "fontWeight": "normal", "textColor": "4B4B4B", "lineSpacing": 5}}]}, "tokenTTS": {"tokenTTSCollection": []}, "blockHints": [{"value": "\u00bf"}, {"value": "A", "hintTable": {"headers": ["a", "qu\u00e9", "distancia"], "rows": [[{"hint": "how far", "colspan": 3}], [{"hint": "away", "colspan": 1}, {"colspan": 1}, {"colspan": 1}], [{"hint": "to", "colspan": 1}, {"colspan": 1}, {"colspan": 1}], [{"hint": "with", "colspan": 1}, {"colspan": 1}, {"colspan": 1}]], "references": [1, 2]}, "tts": "https://d1vq87e9lcf771.cloudfront.net/miguel/a615ab7aef51e62ab81ce9255166fc65"}, {"value": " "}, {"value": "qu\u00e9", "hintTable": {"headers": ["a", "qu\u00e9", "distancia"], "rows": [[{"hint": "how far", "colspan": 3}], [{"colspan": 1}, {"hint": "how", "colspan": 1}, {"colspan": 1}], [{"colspan": 1}, {"hint": "what an", "colspan": 1}, {"colspan": 1}], [{"colspan": 1}, {"hint": "what a", "colspan": 1}, {"colspan": 1}]], "references": [0, 2]}, "tts": "https://d1vq87e9lcf771.cloudfront.net/miguel/10cae84a9e87a16bf1d6dce8af8406b3"}, {"value": " "}, {"value": "distancia", "hintTable": {"headers": ["a", "qu\u00e9", "distancia"], "rows": [[{"hint": "how far", "colspan": 3}], [{"colspan": 1}, {"colspan": 1}, {"hint": "away", "colspan": 1}], [{"colspan": 1}, {"colspan": 1}, {"hint": "distance", "colspan": 1}]], "references": [0, 1]}, "tts": "https://d1vq87e9lcf771.cloudfront.net/miguel/a15236593e8e786008adf502a0fd18d7"}, {"value": " "}, {"value": "est\u00e1", "hintTable": {"rows": [[{"hint": "is", "colspan": 1}], [{"hint": "(it) is", "colspan": 1}], [{"hint": "(she) is", "colspan": 1}]], "references": []}, "tts": "https://d1vq87e9lcf771.cloudfront.net/miguel/23737857dcae6a6dae5bd490d7a5d54b"}, {"value": " "}, {"value": "tu", "hintTable": {"rows": [[{"hint": "your", "colspan": 1}]], "references": []}, "tts": "https://d1vq87e9lcf771.cloudfront.net/miguel/cea183a755ba1637d85a81c6072829ac"}, {"value": " "}, {"value": "oficina", "hintTable": {"rows": [[{"hint": "office", "colspan": 1}]], "references": []}, "tts": "https://d1vq87e9lcf771.cloudfront.net/miguel/c9e32fee85e98ee4e430d2729bcbb47c"}, {"value": "?"}]}, "subtext": {"styledString": {"text": "How close is your office?", "styling": [{"from": 0, "to": 25, "attributes": {"alignment": "left", "fontSize": 19, "fontWeight": "normal", "textColor": "AFAFAF", "lineSpacing": 5}}]}, "tokenTTS": {"tokenTTSCollection": []}}, "ttsURL": "https://d1vq87e9lcf771.cloudfront.net/miguel/d7e806b5b259027371fd79fa8ef0f145"}]}, "meta": {"autoPlayableTTS": [], "sectionIndex": 0, "backgroundColor": null}}, {"type": "verticalSpace", "element": 16, "meta": {"autoPlayableTTS": [], "sectionIndex": 0, "backgroundColor": null}}, {"type": "dialogue", "element": {"phrases": [{"text": {"styledString": {"text": "\u00bfCon cu\u00e1l vendedor hablaste, con Paula o con Fred?", "styling": [{"from": 0, "to": 50, "attributes": {"alignment": "left", "fontSize": 19, "fontWeight": "normal", "textColor": "4B4B4B", "lineSpacing": 5}}]}, "tokenTTS": {"tokenTTSCollection": []}, "blockHints": [{"value": "\u00bf"}, {"value": "Con", "hintTable": {"rows": [[{"hint": "to", "colspan": 1}], [{"hint": "with", "colspan": 1}], [{"hint": "at", "colspan": 1}]], "references": []}, "tts": "https://d1vq87e9lcf771.cloudfront.net/miguel/d7193db818951a8d1c580fbb779f1d5d"}, {"value": " "}, {"value": "cu\u00e1l", "hintTable": {"rows": [[{"hint": "which", "colspan": 1}], [{"hint": "which one", "colspan": 1}], [{"hint": "what", "colspan": 1}]], "references": []}, "tts": "https://d1vq87e9lcf771.cloudfront.net/miguel/ce8b657c61c1ac9e99979df779994aeb"}, {"value": " "}, {"value": "vendedor", "hintTable": {"rows": [[{"hint": "seller", "colspan": 1}], [{"hint": "salesman", "colspan": 1}], [{"hint": "salesperson", "colspan": 1}]], "references": []}, "tts": "https://d1vq87e9lcf771.cloudfront.net/miguel/e7e2e90e89b2004a0e136ae7a2558a19"}, {"value": " "}, {"value": "hablaste", "hintTable": {"rows": [[{"hint": "talk", "colspan": 1}], [{"hint": "(?) did you speak", "colspan": 1}], [{"hint": "(you) talked", "colspan": 1}]], "references": []}, "tts": "https://d1vq87e9lcf771.cloudfront.net/miguel/f463386b1f47b05469033e5f4abab033"}, {"value": ","}, {"value": " "}, {"value": "con", "hintTable": {"rows": [[{"hint": "to", "colspan": 1}], [{"hint": "with", "colspan": 1}], [{"hint": "at", "colspan": 1}]], "references": []}, "tts": "https://d1vq87e9lcf771.cloudfront.net/miguel/d7193db818951a8d1c580fbb779f1d5d"}, {"value": " "}, {"value": "Paula", "hintTable": {"rows": [[{"hint": "Paula", "colspan": 1}]], "references": []}, "tts": "https://d1vq87e9lcf771.cloudfront.net/miguel/99c149cce168baebad28bf1862d39289"}, {"value": " "}, {"value": "o", "hintTable": {"rows": [[{"hint": "or", "colspan": 1}], [{"hint": "and", "colspan": 1}], [{"hint": "either", "colspan": 1}]], "references": []}, "tts": "https://d1vq87e9lcf771.cloudfront.net/miguel/5fb913a785872a8cd6f3eac869e6202d"}, {"value": " "}, {"value": "con", "hintTable": {"rows": [[{"hint": "to", "colspan": 1}], [{"hint": "with", "colspan": 1}], [{"hint": "at", "colspan": 1}]], "references": []}, "tts": "https://d1vq87e9lcf771.cloudfront.net/miguel/d7193db818951a8d1c580fbb779f1d5d"}, {"value": " "}, {"value": "Fred", "hintTable": {"rows": [[{"hint": "Fred", "colspan": 1}]], "references": []}, "tts": "https://d1vq87e9lcf771.cloudfront.net/miguel/79cfbde32d967122d2c0f28feeffc3b5"}, {"value": "?"}]}, "subtext": {"styledString": {"text": "Which seller did you talk to, Paula or Fred?", "styling": [{"from": 0, "to": 44, "attributes": {"alignment": "left", "fontSize": 19, "fontWeight": "normal", "textColor": "AFAFAF", "lineSpacing": 5}}]}, "tokenTTS": {"tokenTTSCollection": []}}, "ttsURL": "https://d1vq87e9lcf771.cloudfront.net/miguel/5158022fb66a0287c5264077957bd4ea"}]}, "meta": {"autoPlayableTTS": [], "sectionIndex": 0, "backgroundColor": null}}, {"type": "verticalSpace", "element": 24, "meta": {"autoPlayableTTS": [], "sectionIndex": 0, "backgroundColor": null}}], "resourcesToPrefetch": [{"required": false, "url": "https://d1vq87e9lcf771.cloudfront.net/miguel/5dd5bb2038e3267dc2d42b9379dd9e24", "type": "mp3"}, {"required": false, "url": "https://d1vq87e9lcf771.cloudfront.net/miguel/d7e806b5b259027371fd79fa8ef0f145", "type": "mp3"}, {"required": false, "url": "https://d1vq87e9lcf771.cloudfront.net/miguel/0dc7e330c1037c6581fec1486e1006da", "type": "mp3"}, {"required": false, "url": "https://d1vq87e9lcf771.cloudfront.net/miguel/5158022fb66a0287c5264077957bd4ea", "type": "mp3"}, {"required": false, "url": "https://d1vq87e9lcf771.cloudfront.net/miguel/afb527e54148b91d18eb8b84715dd50f", "type": "mp3"}, {"required": false, "url": "https://d1vq87e9lcf771.cloudfront.net/miguel/f8573d520aab354af92c64fd639f2853", "type": "mp3"}]}