{"elements": [{"type": "verticalSpace", "element": 2, "meta": {"autoPlayableTTS": [], "sectionIndex": 0, "backgroundColor": "E5E5E5"}}, {"type": "verticalSpace", "element": 24, "meta": {"autoPlayableTTS": [], "sectionIndex": 0, "backgroundColor": null}}, {"type": "text", "element": {"styledString": {"text": "KEY PHRASES", "styling": [{"from": 0, "to": 11, "attributes": {"alignment": "left", "fontSize": 17, "fontWeight": "bold", "textColor": "1CB0F6", "lineSpacing": 4}}]}, "tokenTTS": {"tokenTTSCollection": []}}, "meta": {"autoPlayableTTS": [], "sectionIndex": 0, "backgroundColor": null}}, {"type": "verticalSpace", "element": 8, "meta": {"autoPlayableTTS": [], "sectionIndex": 0, "backgroundColor": null}}, {"type": "text", "element": {"styledString": {"text": "Provide explanations", "styling": [{"from": 0, "to": 20, "attributes": {"alignment": "left", "fontSize": 25, "fontWeight": "bold", "textColor": "4B4B4B", "lineSpacing": 4}}]}, "tokenTTS": {"tokenTTSCollection": []}}, "meta": {"autoPlayableTTS": [], "sectionIndex": 0, "backgroundColor": null}}, {"type": "verticalSpace", "element": 16, "meta": {"autoPlayableTTS": [], "sectionIndex": 0, "backgroundColor": null}}, {"type": "dialogue", "element": {"phrases": [{"text": {"styledString": {"text": "Laisse-moi au moins me justifier.", "styling": [{"from": 0, "to": 33, "attributes": {"alignment": "left", "fontSize": 19, "fontWeight": "normal", "textColor": "4B4B4B", "lineSpacing": 5}}]}, "tokenTTS": {"tokenTTSCollection": []}, "blockHints": [{"value": "Laisse", "hintTable": {"rows": [[{"hint": "let", "colspan": 1}], [{"hint": "let go", "colspan": 1}], [{"hint": "lets", "colspan": 1}]], "references": []}, "tts": "https://d1vq87e9lcf771.cloudfront.net/danielle/9b491f35a3a850a51e0011f64da42444"}, {"value": "-"}, {"value": "moi", "hintTable": {"rows": [[{"hint": "me", "colspan": 1}], [{"hint": "myself", "colspan": 1}], [{"hint": "to me", "colspan": 1}]], "references": []}, "tts": "https://d1vq87e9lcf771.cloudfront.net/danielle/bbedfc056261bb7c715d936ed9541463"}, {"value": " "}, {"value": "au", "hintTable": {"headers": ["au", "moins"], "rows": [[{"hint": "at least", "colspan": 2}], [{"hint": "at", "colspan": 1}, {"colspan": 1}], [{"hint": "at the", "colspan": 1}, {"colspan": 1}], [{"hint": "to the", "colspan": 1}, {"colspan": 1}]], "references": [3]}, "tts": "https://d1vq87e9lcf771.cloudfront.net/danielle/5a70187831616db7fb39a0c6397f276d"}, {"value": " "}, {"value": "moins", "hintTable": {"headers": ["au", "moins"], "rows": [[{"hint": "at least", "colspan": 2}], [{"colspan": 1}, {"hint": "fewer", "colspan": 1}], [{"colspan": 1}, {"hint": "less", "colspan": 1}]], "references": [2]}, "tts": "https://d1vq87e9lcf771.cloudfront.net/danielle/00ab52987022dafb97e1b60e0ab8841d"}, {"value": " "}, {"value": "me", "hintTable": {"rows": [[{"hint": "at me", "colspan": 1}], [{"hint": "me", "colspan": 1}], [{"hint": "myself", "colspan": 1}]], "references": []}, "tts": "https://d1vq87e9lcf771.cloudfront.net/danielle/305c003fd21f5bb114c361f7d293da2c"}, {"value": " "}, {"value": "justifier", "hintTable": {"rows": [[{"hint": "explain", "colspan": 1}], [{"hint": "justify", "colspan": 1}], [{"hint": "excuses", "colspan": 1}]], "references": []}, "tts": "https://d1vq87e9lcf771.cloudfront.net/danielle/96cdbeb70e170de70376f1fb5e354b36"}, {"value": "."}]}, "subtext": {"styledString": {"text": "Let me at least explain myself.", "styling": [{"from": 0, "to": 31, "attributes": {"alignment": "left", "fontSize": 19, "fontWeight": "normal", "textColor": "AFAFAF", "lineSpacing": 5}}]}, "tokenTTS": {"tokenTTSCollection": []}}, "ttsURL": "https://d1vq87e9lcf771.cloudfront.net/danielle/c01fc359cfe03291f77d2be37f61d8aa"}, {"text": {"styledString": {"text": "J'hallucine, mais qu'est-ce qui s'est pass\u00e9 ici ?", "styling": [{"from": 0, "to": 49, "attributes": {"alignment": "left", "fontSize": 19, "fontWeight": "normal", "textColor": "4B4B4B", "lineSpacing": 5}}]}, "tokenTTS": {"tokenTTSCollection": []}, "blockHints": [{"value": "J'", "hintTable": {"rows": [[{"hint": "I", "colspan": 1}]], "references": []}, "tts": "https://d1vq87e9lcf771.cloudfront.net/danielle/c839fdc2ccbaf9f6fe27b78659f801f2"}, {"value": "hallucine", "hintTable": {"rows": [[{"hint": "can't believe it", "colspan": 1}]], "references": []}, "tts": "https://d1vq87e9lcf771.cloudfront.net/danielle/202e6ec1986080b5b08912c6ae8b211b"}, {"value": ","}, {"value": " "}, {"value": "mais", "hintTable": {"rows": [[{"hint": "but", "colspan": 1}], [{"hint": "yet", "colspan": 1}]], "references": []}, "tts": "https://d1vq87e9lcf771.cloudfront.net/danielle/b60d61ecd1d7be70dd729035daf22229"}, {"value": " "}, {"value": "qu'", "hintTable": {"headers": ["qu'", "est", "-", "ce", "qui"], "rows": [[{"hint": "what", "colspan": 4}], [{"hint": "whatever", "colspan": 4}], [{"hint": "what does", "colspan": 4}], [{"hint": "what", "colspan": 1}, {"colspan": 1}, {"colspan": 1}, {"colspan": 1}], [{"hint": "only", "colspan": 1}, {"colspan": 1}, {"colspan": 1}, {"colspan": 1}], [{"hint": "that", "colspan": 1}, {"colspan": 1}, {"colspan": 1}, {"colspan": 1}]], "references": [4, 5, 6]}, "tts": "https://d1vq87e9lcf771.cloudfront.net/danielle/4b617eb072e829480cac0f6a39d33d3e"}, {"value": "est", "hintTable": {"headers": ["qu'", "est", "-", "ce", "qui"], "rows": [[{"hint": "what", "colspan": 4}], [{"hint": "whatever", "colspan": 4}], [{"hint": "what does", "colspan": 4}], [{"colspan": 1}, {"hint": "do?", "colspan": 3}], [{"colspan": 1}, {"hint": "does?", "colspan": 3}], [{"colspan": 1}, {"hint": "is", "colspan": 1}, {"colspan": 1}, {"colspan": 1}]], "references": [5, 6]}, "tts": "https://d1vq87e9lcf771.cloudfront.net/beafr/878a35a874ca5ef63f6af2af92a1a0a4"}, {"value": "-"}, {"value": "ce", "hintTable": {"headers": ["qu'", "est", "-", "ce", "qui"], "rows": [[{"hint": "what", "colspan": 4}], [{"hint": "whatever", "colspan": 4}], [{"hint": "what does", "colspan": 4}], [{"colspan": 1}, {"hint": "do?", "colspan": 3}], [{"colspan": 1}, {"hint": "does?", "colspan": 3}], [{"colspan": 1}, {"colspan": 1}, {"hint": "what", "colspan": 2}]], "references": [6]}, "tts": "https://d1vq87e9lcf771.cloudfront.net/danielle/7a1b56deded82e10d0dbe21416f241bb"}, {"value": " "}, {"value": "qui", "hintTable": {"headers": ["qu'", "est", "-", "ce", "qui"], "rows": [[{"hint": "what does", "colspan": 4}], [{"hint": "what is", "colspan": 4}], [{"hint": "what do", "colspan": 4}], [{"colspan": 1}, {"hint": "do?", "colspan": 3}], [{"colspan": 1}, {"hint": "does?", "colspan": 3}], [{"colspan": 1}, {"colspan": 1}, {"hint": "what", "colspan": 2}]], "references": [5]}, "tts": "https://d1vq87e9lcf771.cloudfront.net/danielle/61bfa62229ad557283c6bdcf256e213f"}, {"value": " "}, {"value": "s'", "hintTable": {"headers": ["s'", "est", "pass\u00e9"], "rows": [[{"hint": "happened", "colspan": 3}], [{"hint": "went", "colspan": 3}], [{"hint": "go", "colspan": 3}], [{"hint": "each other", "colspan": 1}, {"colspan": 1}, {"colspan": 1}], [{"hint": "themselves", "colspan": 1}, {"colspan": 1}, {"colspan": 1}], [{"hint": "himself", "colspan": 1}, {"colspan": 1}, {"colspan": 1}]], "references": [8, 9]}, "tts": "https://d1vq87e9lcf771.cloudfront.net/danielle/6602946c8261e036670d7c0791fad663"}, {"value": "est", "hintTable": {"headers": ["s'", "est", "pass\u00e9"], "rows": [[{"hint": "happened", "colspan": 3}], [{"hint": "went", "colspan": 3}], [{"hint": "go", "colspan": 3}], [{"colspan": 1}, {"hint": "went", "colspan": 2}], [{"colspan": 1}, {"hint": "stopped by", "colspan": 2}], [{"colspan": 1}, {"hint": "was on", "colspan": 2}]], "references": [9]}, "tts": "https://d1vq87e9lcf771.cloudfront.net/beafr/878a35a874ca5ef63f6af2af92a1a0a4"}, {"value": " "}, {"value": "pass\u00e9", "hintTable": {"headers": ["s'", "est", "pass\u00e9"], "rows": [[{"hint": "happened", "colspan": 3}], [{"hint": "went", "colspan": 3}], [{"hint": "go", "colspan": 3}], [{"colspan": 1}, {"hint": "went", "colspan": 2}], [{"colspan": 1}, {"hint": "stopped by", "colspan": 2}], [{"colspan": 1}, {"hint": "was on", "colspan": 2}]], "references": [8]}, "tts": "https://d1vq87e9lcf771.cloudfront.net/danielle/d445d0dd237d3024057da20c84b93c84"}, {"value": " "}, {"value": "ici", "hintTable": {"rows": [[{"hint": "here", "colspan": 1}]], "references": []}, "tts": "https://d1vq87e9lcf771.cloudfront.net/danielle/8f111c1142e84689274c2d2506cd7f20"}, {"value": " "}, {"value": "?"}]}, "subtext": {"styledString": {"text": "I can't believe it, but what happened here?", "styling": [{"from": 0, "to": 43, "attributes": {"alignment": "left", "fontSize": 19, "fontWeight": "normal", "textColor": "AFAFAF", "lineSpacing": 5}}]}, "tokenTTS": {"tokenTTSCollection": []}}, "ttsURL": "https://d1vq87e9lcf771.cloudfront.net/danielle/754d7d72ccd5ff4d655c4b3ee11e71ad"}, {"text": {"styledString": {"text": "C'est juste qu'on \u00e9tait un peu nombreux.", "styling": [{"from": 0, "to": 40, "attributes": {"alignment": "left", "fontSize": 19, "fontWeight": "normal", "textColor": "4B4B4B", "lineSpacing": 5}}]}, "tokenTTS": {"tokenTTSCollection": []}, "blockHints": [{"value": "C'", "hintTable": {"headers": ["c'", "est"], "rows": [[{"hint": "it's", "colspan": 2}], [{"hint": "that's", "colspan": 2}], [{"hint": "she is", "colspan": 2}], [{"hint": "that", "colspan": 1}, {"colspan": 1}], [{"hint": "she", "colspan": 1}, {"colspan": 1}], [{"hint": "this", "colspan": 1}, {"colspan": 1}]], "references": [1]}, "tts": "https://d1vq87e9lcf771.cloudfront.net/danielle/cef1db0bcfbaf9e2ebefb3be8843759d"}, {"value": "est", "hintTable": {"headers": ["c'", "est"], "rows": [[{"hint": "it's", "colspan": 2}], [{"hint": "that's", "colspan": 2}], [{"hint": "she is", "colspan": 2}], [{"colspan": 1}, {"hint": "is", "colspan": 1}], [{"colspan": 1}, {"hint": "east", "colspan": 1}], [{"colspan": 1}, {"hint": "feel", "colspan": 1}]], "references": [0]}, "tts": "https://d1vq87e9lcf771.cloudfront.net/beafr/878a35a874ca5ef63f6af2af92a1a0a4"}, {"value": " "}, {"value": "juste", "hintTable": {"rows": [[{"hint": "just", "colspan": 1}], [{"hint": "right", "colspan": 1}], [{"hint": "fair", "colspan": 1}]], "references": []}, "tts": "https://d1vq87e9lcf771.cloudfront.net/danielle/bc9a8162feb7f3ca0dd59e8cc3cc22d6"}, {"value": " "}, {"value": "qu'", "hintTable": {"headers": ["qu'", "on"], "rows": [[{"hint": "for us", "colspan": 2}], [{"hint": "that", "colspan": 1}, {"colspan": 1}], [{"hint": "only", "colspan": 1}, {"colspan": 1}], [{"hint": "than", "colspan": 1}, {"colspan": 1}]], "references": [4]}, "tts": "https://d1vq87e9lcf771.cloudfront.net/danielle/4b617eb072e829480cac0f6a39d33d3e"}, {"value": "on", "hintTable": {"headers": ["on", "\u00e9tait"], "rows": [[{"hint": "it was", "colspan": 2}], [{"hint": "we", "colspan": 1}, {"colspan": 1}], [{"hint": "one", "colspan": 1}, {"colspan": 1}], [{"hint": "they", "colspan": 1}, {"colspan": 1}]], "references": [3]}, "tts": "https://d1vq87e9lcf771.cloudfront.net/danielle/d2cbfd71b6f44951b88f87810127a705"}, {"value": " "}, {"value": "\u00e9tait", "hintTable": {"headers": ["on", "\u00e9tait"], "rows": [[{"hint": "it was", "colspan": 2}], [{"colspan": 1}, {"hint": "were", "colspan": 1}], [{"colspan": 1}, {"hint": "used to be", "colspan": 1}], [{"colspan": 1}, {"hint": "was", "colspan": 1}]], "references": [4]}, "tts": "https://d1vq87e9lcf771.cloudfront.net/danielle/7c9e9821d2c4f8aa94e530ed9cfa9166"}, {"value": " "}, {"value": "un", "hintTable": {"headers": ["un", "peu"], "rows": [[{"hint": "a little", "colspan": 2}], [{"hint": "a", "colspan": 1}, {"colspan": 1}], [{"hint": "an", "colspan": 1}, {"colspan": 1}], [{"hint": "one", "colspan": 1}, {"colspan": 1}]], "references": [7]}, "tts": "https://d1vq87e9lcf771.cloudfront.net/danielle/848ed0134fe5035cc26127d08f5412fe"}, {"value": " "}, {"value": "peu", "hintTable": {"headers": ["un", "peu"], "rows": [[{"hint": "a little", "colspan": 2}], [{"colspan": 1}, {"hint": "a little", "colspan": 1}], [{"colspan": 1}, {"hint": "little", "colspan": 1}], [{"colspan": 1}, {"hint": "much", "colspan": 1}]], "references": [6]}, "tts": "https://d1vq87e9lcf771.cloudfront.net/danielle/e28368b63a3271a900f91ca0b939bf46"}, {"value": " "}, {"value": "nombreux", "hintTable": {"rows": [[{"hint": "numerous", "colspan": 1}]], "references": []}, "tts": "https://d1vq87e9lcf771.cloudfront.net/danielle/30f37b68c67aacb39306d3284cc08577"}, {"value": "."}]}, "subtext": {"styledString": {"text": "It's just that we were a little numerous.", "styling": [{"from": 0, "to": 41, "attributes": {"alignment": "left", "fontSize": 19, "fontWeight": "normal", "textColor": "AFAFAF", "lineSpacing": 5}}]}, "tokenTTS": {"tokenTTSCollection": []}}, "ttsURL": "https://d1vq87e9lcf771.cloudfront.net/danielle/37a40fb345615831c3dc010722fa35b5"}, {"text": {"styledString": {"text": "Mais, on n'a pas cass\u00e9 tant de choses que \u00e7a.", "styling": [{"from": 0, "to": 45, "attributes": {"alignment": "left", "fontSize": 19, "fontWeight": "normal", "textColor": "4B4B4B", "lineSpacing": 5}}]}, "tokenTTS": {"tokenTTSCollection": []}, "blockHints": [{"value": "Mais", "hintTable": {"rows": [[{"hint": "but", "colspan": 1}], [{"hint": "yet", "colspan": 1}]], "references": []}, "tts": "https://d1vq87e9lcf771.cloudfront.net/danielle/b60d61ecd1d7be70dd729035daf22229"}, {"value": ","}, {"value": " "}, {"value": "on", "hintTable": {"rows": [[{"hint": "we", "colspan": 1}], [{"hint": "one", "colspan": 1}], [{"hint": "they", "colspan": 1}]], "references": []}, "tts": "https://d1vq87e9lcf771.cloudfront.net/danielle/d2cbfd71b6f44951b88f87810127a705"}, {"value": " "}, {"value": "n'", "hintTable": {"headers": ["n'", "a", "pas", "cass\u00e9"], "rows": [[{"hint": "didn't break", "colspan": 4}], [{"hint": "didn't", "colspan": 3}, {"colspan": 1}], [{"hint": "do not", "colspan": 1}, {"colspan": 1}, {"colspan": 1}, {"colspan": 1}], [{"hint": "don't", "colspan": 1}, {"colspan": 1}, {"colspan": 1}, {"colspan": 1}], [{"hint": "does not", "colspan": 1}, {"colspan": 1}, {"colspan": 1}, {"colspan": 1}]], "references": [3, 4]}, "tts": "https://d1vq87e9lcf771.cloudfront.net/danielle/9689399b2fce8825c17cae9a38ac2700"}, {"value": "a", "hintTable": {"headers": ["n'", "a", "pas", "cass\u00e9"], "rows": [[{"hint": "didn't break", "colspan": 4}], [{"hint": "didn't", "colspan": 3}, {"colspan": 1}], [{"colspan": 1}, {"hint": "gets", "colspan": 1}, {"colspan": 1}, {"colspan": 1}], [{"colspan": 1}, {"hint": "has", "colspan": 1}, {"colspan": 1}, {"colspan": 1}], [{"colspan": 1}, {"hint": "get", "colspan": 1}, {"colspan": 1}, {"colspan": 1}]], "references": [2, 4]}, "tts": "https://d1vq87e9lcf771.cloudfront.net/danielle/634fc80350d4866a1d055dc60cc43de0"}, {"value": " "}, {"value": "pas", "hintTable": {"headers": ["n'", "a", "pas", "cass\u00e9"], "rows": [[{"hint": "didn't break", "colspan": 4}], [{"hint": "didn't", "colspan": 3}, {"colspan": 1}], [{"colspan": 1}, {"colspan": 1}, {"hint": "no", "colspan": 1}, {"colspan": 1}], [{"colspan": 1}, {"colspan": 1}, {"hint": "steps", "colspan": 1}, {"colspan": 1}], [{"colspan": 1}, {"colspan": 1}, {"hint": "step", "colspan": 1}, {"colspan": 1}]], "references": [2, 3]}, "tts": "https://d1vq87e9lcf771.cloudfront.net/danielle/c456a9e187b2f0772875204436cd741c"}, {"value": " "}, {"value": "cass\u00e9", "hintTable": {"headers": ["n'", "a", "pas", "cass\u00e9"], "rows": [[{"hint": "didn't break", "colspan": 4}], [{"colspan": 1}, {"colspan": 1}, {"colspan": 1}, {"hint": "broken", "colspan": 1}], [{"colspan": 1}, {"colspan": 1}, {"colspan": 1}, {"hint": "broke", "colspan": 1}]], "references": [2, 3, 4]}, "tts": "https://d1vq87e9lcf771.cloudfront.net/danielle/a81e9797567264f9decdba9272633aaf"}, {"value": " "}, {"value": "tant", "hintTable": {"headers": ["tant", "de"], "rows": [[{"hint": "so much", "colspan": 2}], [{"hint": "such", "colspan": 2}], [{"hint": "so many", "colspan": 2}], [{"hint": "so much", "colspan": 1}, {"colspan": 1}], [{"hint": "as", "colspan": 1}, {"colspan": 1}], [{"hint": "so many", "colspan": 1}, {"colspan": 1}]], "references": [7]}, "tts": "https://d1vq87e9lcf771.cloudfront.net/danielle/31c694bbed0f4f638109edde4e0b99c3"}, {"value": " "}, {"value": "de", "hintTable": {"headers": ["tant", "de"], "rows": [[{"hint": "so much", "colspan": 2}], [{"hint": "such", "colspan": 2}], [{"hint": "so many", "colspan": 2}], [{"colspan": 1}, {"hint": "any", "colspan": 1}], [{"colspan": 1}, {"hint": "with", "colspan": 1}], [{"colspan": 1}, {"hint": "off", "colspan": 1}]], "references": [6]}, "tts": "https://d1vq87e9lcf771.cloudfront.net/danielle/440a31450593e609451ea2168f76e988"}, {"value": " "}, {"value": "choses", "hintTable": {"rows": [[{"hint": "things", "colspan": 1}]], "references": []}, "tts": "https://d1vq87e9lcf771.cloudfront.net/danielle/007b5a6f560eec2716e3e829e4660606"}, {"value": " "}, {"value": "que", "hintTable": {"headers": ["n'", "...", "que"], "rows": [[{"hint": "only", "colspan": 3}], [{"colspan": 1}, {"colspan": 1}, {"hint": "that", "colspan": 1}], [{"colspan": 1}, {"colspan": 1}, {"hint": "than", "colspan": 1}], [{"colspan": 1}, {"colspan": 1}, {"hint": "those", "colspan": 1}]], "references": [7]}, "tts": "https://d1vq87e9lcf771.cloudfront.net/danielle/f7a988c9818f00f37039ade65f8d6b1c"}, {"value": " "}, {"value": "\u00e7a", "hintTable": {"rows": [[{"hint": "this", "colspan": 1}], [{"hint": "that", "colspan": 1}], [{"hint": "it", "colspan": 1}]], "references": []}, "tts": "https://d1vq87e9lcf771.cloudfront.net/danielle/f241d1adcb010ceb024987ac8f233e84"}, {"value": "."}]}, "subtext": {"styledString": {"text": "But we didn't break as many things as that.", "styling": [{"from": 0, "to": 43, "attributes": {"alignment": "left", "fontSize": 19, "fontWeight": "normal", "textColor": "AFAFAF", "lineSpacing": 5}}]}, "tokenTTS": {"tokenTTSCollection": []}}, "ttsURL": "https://d1vq87e9lcf771.cloudfront.net/danielle/655edbcf78ab0356c2604297a27b8a50"}]}, "meta": {"autoPlayableTTS": [], "sectionIndex": 0, "backgroundColor": null}}, {"type": "verticalSpace", "element": 16, "meta": {"autoPlayableTTS": [], "sectionIndex": 0, "backgroundColor": null}}, {"type": "dialogue", "element": {"phrases": [{"text": {"styledString": {"text": "Je comptais le faire, mais je me suis endormi.", "styling": [{"from": 0, "to": 46, "attributes": {"alignment": "left", "fontSize": 19, "fontWeight": "normal", "textColor": "4B4B4B", "lineSpacing": 5}}]}, "tokenTTS": {"tokenTTSCollection": []}, "blockHints": [{"value": "Je", "hintTable": {"rows": [[{"hint": "I", "colspan": 1}], [{"hint": "me", "colspan": 1}]], "references": []}, "tts": "https://d1vq87e9lcf771.cloudfront.net/danielle/bc9e4b13acbd7ff5019b443aa471b4de"}, {"value": " "}, {"value": "comptais", "hintTable": {"rows": [[{"hint": "intended", "colspan": 1}], [{"hint": "used to count", "colspan": 1}], [{"hint": "counted", "colspan": 1}]], "references": []}, "tts": "https://d1vq87e9lcf771.cloudfront.net/danielle/ada60782b185af9ab882addc78640ce7"}, {"value": " "}, {"value": "le", "hintTable": {"headers": ["le", "faire"], "rows": [[{"hint": "do it", "colspan": 2}], [{"hint": "it", "colspan": 1}, {"colspan": 1}], [{"hint": "on", "colspan": 1}, {"colspan": 1}], [{"hint": "your", "colspan": 1}, {"colspan": 1}]], "references": [3]}, "tts": "https://d1vq87e9lcf771.cloudfront.net/danielle/53635582b04179582406de15f6c2a6fa"}, {"value": " "}, {"value": "faire", "hintTable": {"headers": ["le", "faire"], "rows": [[{"hint": "do it", "colspan": 2}], [{"colspan": 1}, {"hint": "to do", "colspan": 1}], [{"colspan": 1}, {"hint": "do", "colspan": 1}], [{"colspan": 1}, {"hint": "do things", "colspan": 1}]], "references": [2]}, "tts": "https://d1vq87e9lcf771.cloudfront.net/danielle/04c1bee6cf38d6ddf617c15a910dda91"}, {"value": ","}, {"value": " "}, {"value": "mais", "hintTable": {"rows": [[{"hint": "but", "colspan": 1}], [{"hint": "yet", "colspan": 1}]], "references": []}, "tts": "https://d1vq87e9lcf771.cloudfront.net/danielle/b60d61ecd1d7be70dd729035daf22229"}, {"value": " "}, {"value": "je", "hintTable": {"rows": [[{"hint": "I", "colspan": 1}], [{"hint": "me", "colspan": 1}]], "references": []}, "tts": "https://d1vq87e9lcf771.cloudfront.net/danielle/bc9e4b13acbd7ff5019b443aa471b4de"}, {"value": " "}, {"value": "me", "hintTable": {"headers": ["me", "suis", "endormi"], "rows": [[{"hint": "fell asleep", "colspan": 3}], [{"hint": "I", "colspan": 1}, {"colspan": 1}, {"colspan": 1}], [{"hint": "to me", "colspan": 1}, {"colspan": 1}, {"colspan": 1}], [{"hint": "at me", "colspan": 1}, {"colspan": 1}, {"colspan": 1}]], "references": [7, 8]}, "tts": "https://d1vq87e9lcf771.cloudfront.net/danielle/305c003fd21f5bb114c361f7d293da2c"}, {"value": " "}, {"value": "suis", "hintTable": {"headers": ["me", "suis", "endormi"], "rows": [[{"hint": "fell asleep", "colspan": 3}], [{"colspan": 1}, {"hint": "am", "colspan": 1}, {"colspan": 1}], [{"colspan": 1}, {"hint": "feel", "colspan": 1}, {"colspan": 1}], [{"colspan": 1}, {"hint": "follow", "colspan": 1}, {"colspan": 1}]], "references": [6, 8]}, "tts": "https://d1vq87e9lcf771.cloudfront.net/danielle/b14e2f4b5ec66da7ea387889786eae8a"}, {"value": " "}, {"value": "endormi", "hintTable": {"headers": ["me", "suis", "endormi"], "rows": [[{"hint": "fell asleep", "colspan": 3}], [{"colspan": 1}, {"colspan": 1}, {"hint": "asleep", "colspan": 1}], [{"colspan": 1}, {"colspan": 1}, {"hint": "sent [somebody] to sleep", "colspan": 1}], [{"colspan": 1}, {"colspan": 1}, {"hint": "put [somebody] to sleep", "colspan": 1}]], "references": [6, 7]}, "tts": "https://d1vq87e9lcf771.cloudfront.net/danielle/52d28ac89ef788d7d195ac340dc73020"}, {"value": "."}]}, "subtext": {"styledString": {"text": "I intended to do it, but I fell asleep.", "styling": [{"from": 0, "to": 39, "attributes": {"alignment": "left", "fontSize": 19, "fontWeight": "normal", "textColor": "AFAFAF", "lineSpacing": 5}}]}, "tokenTTS": {"tokenTTSCollection": []}}, "ttsURL": "https://d1vq87e9lcf771.cloudfront.net/victor/89bf9a400ab47cc3c6aea1d2bf53a6fe"}]}, "meta": {"autoPlayableTTS": [], "sectionIndex": 0, "backgroundColor": null}}, {"type": "verticalSpace", "element": 24, "meta": {"autoPlayableTTS": [], "sectionIndex": 0, "backgroundColor": null}}], "resourcesToPrefetch": [{"required": false, "url": "https://d1vq87e9lcf771.cloudfront.net/danielle/c01fc359cfe03291f77d2be37f61d8aa", "type": "mp3"}, {"required": false, "url": "https://d1vq87e9lcf771.cloudfront.net/danielle/655edbcf78ab0356c2604297a27b8a50", "type": "mp3"}, {"required": false, "url": "https://d1vq87e9lcf771.cloudfront.net/danielle/754d7d72ccd5ff4d655c4b3ee11e71ad", "type": "mp3"}, {"required": false, "url": "https://d1vq87e9lcf771.cloudfront.net/danielle/37a40fb345615831c3dc010722fa35b5", "type": "mp3"}, {"required": false, "url": "https://d1vq87e9lcf771.cloudfront.net/victor/89bf9a400ab47cc3c6aea1d2bf53a6fe", "type": "mp3"}]}