{"elements": [{"element": 15, "meta": {"autoPlayableTTS": [], "backgroundColor": null, "sectionIndex": 0}, "type": "verticalSpace"}, {"element": {"hints": {"hintLinks": [], "hints": []}, "styledString": {"styling": [{"attributes": {"alignment": "left", "fontSize": 25, "fontWeight": "bold", "lineSpacing": 4, "textColor": "4B4B4B"}, "from": 0, "to": 14}], "text": "\u00bfD\u00f3nde est\u00e1s?\u200b"}, "tokenTTS": {"tokenTTSCollection": []}}, "meta": {"autoPlayableTTS": [], "backgroundColor": null, "sectionIndex": 0}, "type": "text"}, {"element": 12, "meta": {"autoPlayableTTS": [], "backgroundColor": null, "sectionIndex": 0}, "type": "verticalSpace"}, {"element": {"hints": {"hintLinks": [{"index": 0, "rangeEnd": 24, "rangeStart": 20}, {"index": 1, "rangeEnd": 93, "rangeStart": 89}], "hints": ["to be", "to be"]}, "styledString": {"styling": [{"attributes": {"alignment": "left", "fontSize": 19, "fontWeight": "normal", "lineSpacing": 5, "textColor": "4B4B4B"}, "from": 0, "to": 20}, {"attributes": {"alignment": "left", "fontSize": 19, "fontWeight": "bold", "lineSpacing": 5, "textColor": "4B4B4B"}, "from": 20, "to": 25}, {"attributes": {"alignment": "left", "fontSize": 19, "fontWeight": "normal", "lineSpacing": 5, "textColor": "4B4B4B"}, "from": 25, "to": 89}, {"attributes": {"alignment": "left", "fontSize": 19, "fontWeight": "bold", "lineSpacing": 5, "textColor": "4B4B4B"}, "from": 89, "to": 94}, {"attributes": {"alignment": "left", "fontSize": 19, "fontWeight": "normal", "lineSpacing": 5, "textColor": "4B4B4B"}, "from": 94, "to": 154}], "text": "You already saw how estar can be used to describe temporary conditions. You can also use estar to talk about the location of places, objects, or people. \u200b"}, "tokenTTS": {"tokenTTSCollection": [{"endIndex": 24, "startIndex": 20, "ttsURL": "https://d1vq87e9lcf771.cloudfront.net/miguel/8161921ed53ab772c7764ca123924afc"}, {"endIndex": 93, "startIndex": 89, "ttsURL": "https://d1vq87e9lcf771.cloudfront.net/miguel/8161921ed53ab772c7764ca123924afc"}]}}, "meta": {"autoPlayableTTS": [], "backgroundColor": null, "sectionIndex": 0}, "type": "text"}, {"element": 24, "meta": {"autoPlayableTTS": [], "backgroundColor": null, "sectionIndex": 1}, "type": "verticalSpace"}, {"element": {"examples": [{"subtext": {"hints": {"hintLinks": [], "hints": []}, "styledString": {"styling": [{"attributes": {"alignment": "center", "fontSize": 19, "fontWeight": "normal", "lineSpacing": 8, "textColor": "AFAFAF"}, "from": 0, "to": 19}], "text": "We are in the park."}, "tokenTTS": {"tokenTTSCollection": []}}, "text": {"hints": {"hintLinks": [{"index": 0, "rangeEnd": 29, "rangeStart": 0}], "hints": ["we are in the park"]}, "styledString": {"styling": [{"attributes": {"alignment": "center", "fontSize": 19, "fontWeight": "normal", "lineSpacing": 5, "textColor": "4B4B4B"}, "from": 0, "to": 30}], "text": "Nosotras estamos en el parque."}, "tokenTTS": {"tokenTTSCollection": [{"endIndex": 29, "startIndex": 0, "ttsURL": "https://d1vq87e9lcf771.cloudfront.net/miguel/7e515a71d44d5f961b6e5f90298452d1"}]}}, "ttsURL": "https://d1vq87e9lcf771.cloudfront.net/miguel/7e515a71d44d5f961b6e5f90298452d1"}], "image": {"url": "https://d1btvuu4dwu627.cloudfront.net/3cdc03288e3c6f85b686b505cbfe29f3/a66509728cbd6159e05366e942bdbec4/images/2235eeeb94224e9b9c81bde26c8e044c.pdf"}, "layout": "wideImageWithTextBelow"}, "meta": {"autoPlayableTTS": [], "backgroundColor": null, "sectionIndex": 1}, "type": "exampleCaptionedImage"}, {"element": 24, "meta": {"autoPlayableTTS": [], "backgroundColor": null, "sectionIndex": 2}, "type": "verticalSpace"}, {"element": {"examples": [{"subtext": {"hints": {"hintLinks": [], "hints": []}, "styledString": {"styling": [{"attributes": {"alignment": "center", "fontSize": 19, "fontWeight": "normal", "lineSpacing": 8, "textColor": "AFAFAF"}, "from": 0, "to": 29}], "text": "The hospital is in the city.\u200b"}, "tokenTTS": {"tokenTTSCollection": []}}, "text": {"hints": {"hintLinks": [{"index": 0, "rangeEnd": 29, "rangeStart": 0}], "hints": ["the hospital is in the city"]}, "styledString": {"styling": [{"attributes": {"alignment": "center", "fontSize": 19, "fontWeight": "normal", "lineSpacing": 5, "textColor": "4B4B4B"}, "from": 0, "to": 30}], "text": "El hospital est\u00e1 en la ciudad."}, "tokenTTS": {"tokenTTSCollection": [{"endIndex": 29, "startIndex": 0, "ttsURL": "https://d1vq87e9lcf771.cloudfront.net/miguel/38f8bc9bbe485181688ee2442da358be"}]}}, "ttsURL": "https://d1vq87e9lcf771.cloudfront.net/miguel/38f8bc9bbe485181688ee2442da358be"}], "image": {"url": "https://d1btvuu4dwu627.cloudfront.net/3cdc03288e3c6f85b686b505cbfe29f3/a66509728cbd6159e05366e942bdbec4/images/de4b6e456f2344b7bda0b75bd54212cf.pdf"}, "layout": "wideImageWithTextBelow"}, "meta": {"autoPlayableTTS": [], "backgroundColor": null, "sectionIndex": 2}, "type": "exampleCaptionedImage"}, {"element": 36, "meta": {"autoPlayableTTS": [], "backgroundColor": null, "sectionIndex": 3}, "type": "verticalSpace"}, {"element": {"hints": {"hintLinks": [], "hints": []}, "styledString": {"styling": [{"attributes": {"alignment": "left", "fontSize": 25, "fontWeight": "bold", "lineSpacing": 4, "textColor": "4B4B4B"}, "from": 0, "to": 10}], "text": "Al and del"}, "tokenTTS": {"tokenTTSCollection": []}}, "meta": {"autoPlayableTTS": [], "backgroundColor": null, "sectionIndex": 3}, "type": "text"}, {"element": 12, "meta": {"autoPlayableTTS": [], "backgroundColor": null, "sectionIndex": 3}, "type": "verticalSpace"}, {"element": {"hints": {"hintLinks": [{"index": 0, "rangeEnd": 27, "rangeStart": 26}, {"index": 1, "rangeEnd": 30, "rangeStart": 29}, {"index": 2, "rangeEnd": 83, "rangeStart": 81}], "hints": ["of / in / on / for / at", "the", "of/in/on/for/at the"]}, "styledString": {"styling": [{"attributes": {"alignment": "left", "fontSize": 19, "fontWeight": "normal", "lineSpacing": 5, "textColor": "4B4B4B"}, "from": 0, "to": 26}, {"attributes": {"alignment": "left", "fontSize": 19, "fontWeight": "bold", "lineSpacing": 5, "textColor": "4B4B4B"}, "from": 26, "to": 28}, {"attributes": {"alignment": "left", "fontSize": 19, "fontWeight": "normal", "lineSpacing": 5, "textColor": "4B4B4B"}, "from": 28, "to": 29}, {"attributes": {"alignment": "left", "fontSize": 19, "fontWeight": "bold", "lineSpacing": 5, "textColor": "4B4B4B"}, "from": 29, "to": 31}, {"attributes": {"alignment": "left", "fontSize": 19, "fontWeight": "normal", "lineSpacing": 5, "textColor": "4B4B4B"}, "from": 31, "to": 81}, {"attributes": {"alignment": "left", "fontSize": 19, "fontWeight": "bold", "lineSpacing": 5, "textColor": "1CB0F6"}, "from": 81, "to": 84}, {"attributes": {"alignment": "left", "fontSize": 19, "fontWeight": "normal", "lineSpacing": 5, "textColor": "4B4B4B"}, "from": 84, "to": 86}], "text": "In Spanish, you never say de el. Instead, these words are combined together into del.\u200b"}, "tokenTTS": {"tokenTTSCollection": [{"endIndex": 27, "startIndex": 26, "ttsURL": "https://d1vq87e9lcf771.cloudfront.net/miguel/7c3dc4295f4bfedec518e38299ea8dc5"}, {"endIndex": 30, "startIndex": 29, "ttsURL": "https://d1vq87e9lcf771.cloudfront.net/miguel/0da8d3a25ff188f86e101f013e8cdcc8"}, {"endIndex": 83, "startIndex": 81, "ttsURL": "https://d1vq87e9lcf771.cloudfront.net/miguel/24021e61f03ad742805c732e31f4f3cc"}]}}, "meta": {"autoPlayableTTS": [], "backgroundColor": null, "sectionIndex": 3}, "type": "text"}, {"element": 24, "meta": {"autoPlayableTTS": [], "backgroundColor": null, "sectionIndex": 4}, "type": "verticalSpace"}, {"element": {"examples": [{"subtext": {"hints": {"hintLinks": [], "hints": []}, "styledString": {"styling": [{"attributes": {"alignment": "center", "fontSize": 19, "fontWeight": "normal", "lineSpacing": 8, "textColor": "AFAFAF"}, "from": 0, "to": 29}], "text": "We are close to the cafe now."}, "tokenTTS": {"tokenTTSCollection": []}}, "text": {"hints": {"hintLinks": [{"index": 0, "rangeEnd": 28, "rangeStart": 0}], "hints": ["we are close to the cafe now"]}, "styledString": {"styling": [{"attributes": {"alignment": "center", "fontSize": 19, "fontWeight": "normal", "lineSpacing": 5, "textColor": "4B4B4B"}, "from": 0, "to": 14}, {"attributes": {"alignment": "center", "fontSize": 19, "fontWeight": "bold", "lineSpacing": 8, "textColor": "1CB0F6"}, "from": 14, "to": 17}, {"attributes": {"alignment": "center", "fontSize": 19, "fontWeight": "normal", "lineSpacing": 5, "textColor": "4B4B4B"}, "from": 17, "to": 29}], "text": "Estamos cerca del caf\u00e9 ahora."}, "tokenTTS": {"tokenTTSCollection": [{"endIndex": 28, "startIndex": 0, "ttsURL": "https://d1vq87e9lcf771.cloudfront.net/miguel/bfef0fbe7de52d9ac2baf8a6699c360e"}]}}, "ttsURL": "https://d1vq87e9lcf771.cloudfront.net/miguel/bfef0fbe7de52d9ac2baf8a6699c360e"}], "image": {"url": "https://d1btvuu4dwu627.cloudfront.net/3cdc03288e3c6f85b686b505cbfe29f3/a66509728cbd6159e05366e942bdbec4/images/6018f4e5d83e4b9f9f34b79a1b0d53dd.pdf"}, "layout": "wideImageWithTextBelow"}, "meta": {"autoPlayableTTS": [], "backgroundColor": null, "sectionIndex": 4}, "type": "exampleCaptionedImage"}, {"element": 24, "meta": {"autoPlayableTTS": [], "backgroundColor": null, "sectionIndex": 5}, "type": "verticalSpace"}, {"element": {"hints": {"hintLinks": [{"index": 0, "rangeEnd": 11, "rangeStart": 11}, {"index": 1, "rangeEnd": 18, "rangeStart": 17}, {"index": 2, "rangeEnd": 55, "rangeStart": 54}], "hints": ["to", "the", "to the"]}, "styledString": {"styling": [{"attributes": {"alignment": "left", "fontSize": 19, "fontWeight": "normal", "lineSpacing": 5, "textColor": "4B4B4B"}, "from": 0, "to": 11}, {"attributes": {"alignment": "left", "fontSize": 19, "fontWeight": "bold", "lineSpacing": 5, "textColor": "4B4B4B"}, "from": 11, "to": 12}, {"attributes": {"alignment": "left", "fontSize": 19, "fontWeight": "normal", "lineSpacing": 5, "textColor": "4B4B4B"}, "from": 12, "to": 17}, {"attributes": {"alignment": "left", "fontSize": 19, "fontWeight": "bold", "lineSpacing": 5, "textColor": "4B4B4B"}, "from": 17, "to": 19}, {"attributes": {"alignment": "left", "fontSize": 19, "fontWeight": "normal", "lineSpacing": 5, "textColor": "4B4B4B"}, "from": 19, "to": 54}, {"attributes": {"alignment": "left", "fontSize": 19, "fontWeight": "bold", "lineSpacing": 5, "textColor": "1CB0F6"}, "from": 54, "to": 56}, {"attributes": {"alignment": "left", "fontSize": 19, "fontWeight": "normal", "lineSpacing": 5, "textColor": "4B4B4B"}, "from": 56, "to": 58}], "text": "Similarly, a and el are always combined together into al.\u200b"}, "tokenTTS": {"tokenTTSCollection": [{"endIndex": 11, "startIndex": 11, "ttsURL": "https://d1vq87e9lcf771.cloudfront.net/miguel/a615ab7aef51e62ab81ce9255166fc65"}, {"endIndex": 18, "startIndex": 17, "ttsURL": "https://d1vq87e9lcf771.cloudfront.net/miguel/0da8d3a25ff188f86e101f013e8cdcc8"}, {"endIndex": 55, "startIndex": 54, "ttsURL": "https://d1vq87e9lcf771.cloudfront.net/miguel/96cab1b14b78e988600b8ec5432007c6"}]}}, "meta": {"autoPlayableTTS": [], "backgroundColor": null, "sectionIndex": 5}, "type": "text"}, {"element": 24, "meta": {"autoPlayableTTS": [], "backgroundColor": null, "sectionIndex": 6}, "type": "verticalSpace"}, {"element": {"examples": [{"subtext": {"hints": {"hintLinks": [], "hints": []}, "styledString": {"styling": [{"attributes": {"alignment": "center", "fontSize": 19, "fontWeight": "normal", "lineSpacing": 8, "textColor": "AFAFAF"}, "from": 0, "to": 43}], "text": "I want to go to the airport in the morning."}, "tokenTTS": {"tokenTTSCollection": []}}, "text": {"hints": {"hintLinks": [{"index": 0, "rangeEnd": 36, "rangeStart": 0}], "hints": ["I want to go to the airport in the morning"]}, "styledString": {"styling": [{"attributes": {"alignment": "center", "fontSize": 19, "fontWeight": "normal", "lineSpacing": 5, "textColor": "4B4B4B"}, "from": 0, "to": 10}, {"attributes": {"alignment": "center", "fontSize": 19, "fontWeight": "bold", "lineSpacing": 8, "textColor": "1CB0F6"}, "from": 10, "to": 12}, {"attributes": {"alignment": "center", "fontSize": 19, "fontWeight": "normal", "lineSpacing": 5, "textColor": "4B4B4B"}, "from": 12, "to": 37}], "text": "Quiero ir al aeropuerto en la ma\u00f1ana."}, "tokenTTS": {"tokenTTSCollection": [{"endIndex": 36, "startIndex": 0, "ttsURL": "https://d1vq87e9lcf771.cloudfront.net/miguel/dfe0e16fb5ae152e411ab45a25a7047f"}]}}, "ttsURL": "https://d1vq87e9lcf771.cloudfront.net/miguel/dfe0e16fb5ae152e411ab45a25a7047f"}], "image": {"url": "https://d1btvuu4dwu627.cloudfront.net/3cdc03288e3c6f85b686b505cbfe29f3/a66509728cbd6159e05366e942bdbec4/images/68b8a66f3afb4574b3c2244cf2c2b683.pdf"}, "layout": "wideImageWithTextBelow"}, "meta": {"autoPlayableTTS": [], "backgroundColor": null, "sectionIndex": 6}, "type": "exampleCaptionedImage"}, {"element": 24, "meta": {"autoPlayableTTS": [], "backgroundColor": null, "sectionIndex": 7}, "type": "verticalSpace"}, {"element": {"hints": {"hintLinks": [{"index": 0, "rangeEnd": 5, "rangeStart": 4}, {"index": 1, "rangeEnd": 11, "rangeStart": 11}, {"index": 2, "rangeEnd": 33, "rangeStart": 32}, {"index": 3, "rangeEnd": 38, "rangeStart": 36}, {"index": 4, "rangeEnd": 46, "rangeStart": 44}], "hints": ["of / in / on / for / at", "to", "the", "the", "the"]}, "styledString": {"styling": [{"attributes": {"alignment": "left", "fontSize": 19, "fontWeight": "normal", "lineSpacing": 5, "textColor": "4B4B4B"}, "from": 0, "to": 4}, {"attributes": {"alignment": "left", "fontSize": 19, "fontWeight": "bold", "lineSpacing": 5, "textColor": "4B4B4B"}, "from": 4, "to": 6}, {"attributes": {"alignment": "left", "fontSize": 19, "fontWeight": "normal", "lineSpacing": 5, "textColor": "4B4B4B"}, "from": 6, "to": 11}, {"attributes": {"alignment": "left", "fontSize": 19, "fontWeight": "bold", "lineSpacing": 5, "textColor": "4B4B4B"}, "from": 11, "to": 12}, {"attributes": {"alignment": "left", "fontSize": 19, "fontWeight": "normal", "lineSpacing": 5, "textColor": "4B4B4B"}, "from": 12, "to": 32}, {"attributes": {"alignment": "left", "fontSize": 19, "fontWeight": "bold", "lineSpacing": 5, "textColor": "4B4B4B"}, "from": 32, "to": 34}, {"attributes": {"alignment": "left", "fontSize": 19, "fontWeight": "normal", "lineSpacing": 5, "textColor": "4B4B4B"}, "from": 34, "to": 36}, {"attributes": {"alignment": "left", "fontSize": 19, "fontWeight": "bold", "lineSpacing": 5, "textColor": "4B4B4B"}, "from": 36, "to": 39}, {"attributes": {"alignment": "left", "fontSize": 19, "fontWeight": "normal", "lineSpacing": 5, "textColor": "4B4B4B"}, "from": 39, "to": 44}, {"attributes": {"alignment": "left", "fontSize": 19, "fontWeight": "bold", "lineSpacing": 5, "textColor": "4B4B4B"}, "from": 44, "to": 47}, {"attributes": {"alignment": "left", "fontSize": 19, "fontWeight": "normal", "lineSpacing": 5, "textColor": "4B4B4B"}, "from": 47, "to": 48}], "text": "But de and a don't combine with la, los, or las."}, "tokenTTS": {"tokenTTSCollection": [{"endIndex": 5, "startIndex": 4, "ttsURL": "https://d1vq87e9lcf771.cloudfront.net/miguel/7c3dc4295f4bfedec518e38299ea8dc5"}, {"endIndex": 11, "startIndex": 11, "ttsURL": "https://d1vq87e9lcf771.cloudfront.net/miguel/a615ab7aef51e62ab81ce9255166fc65"}, {"endIndex": 33, "startIndex": 32, "ttsURL": "https://d1vq87e9lcf771.cloudfront.net/miguel/e9ea010281921357dd4b130d51e7488b"}, {"endIndex": 38, "startIndex": 36, "ttsURL": "https://d1vq87e9lcf771.cloudfront.net/miguel/d863d8aa552c7c1c67edddbdd43fc33f"}, {"endIndex": 46, "startIndex": 44, "ttsURL": "https://d1vq87e9lcf771.cloudfront.net/miguel/091132295dc9ca2d2c6c7bec077b625b"}]}}, "meta": {"autoPlayableTTS": [], "backgroundColor": null, "sectionIndex": 7}, "type": "text"}, {"element": 24, "meta": {"autoPlayableTTS": [], "backgroundColor": null, "sectionIndex": 8}, "type": "verticalSpace"}, {"element": {"subtext": {"hints": {"hintLinks": [], "hints": []}, "styledString": {"styling": [{"attributes": {"alignment": "left", "fontSize": 19, "fontWeight": "normal", "lineSpacing": 5, "textColor": "AFAFAF"}, "from": 0, "to": 27}], "text": "We are close to the street."}, "tokenTTS": {"tokenTTSCollection": []}}, "text": {"hints": {"hintLinks": [{"index": 0, "rangeEnd": 25, "rangeStart": 0}], "hints": ["we are close to the street"]}, "styledString": {"styling": [{"attributes": {"alignment": "left", "fontSize": 19, "fontWeight": "normal", "lineSpacing": 5, "textColor": "4B4B4B"}, "from": 0, "to": 26}], "text": "Estamos cerca de la calle."}, "tokenTTS": {"tokenTTSCollection": [{"endIndex": 25, "startIndex": 0, "ttsURL": "https://d1vq87e9lcf771.cloudfront.net/miguel/e02d2c981c15c5013b2ca351a300c119"}]}}, "ttsURL": "https://d1vq87e9lcf771.cloudfront.net/miguel/e02d2c981c15c5013b2ca351a300c119"}, "meta": {"autoPlayableTTS": [], "backgroundColor": null, "sectionIndex": 8}, "type": "example"}, {"element": 12, "meta": {"autoPlayableTTS": [], "backgroundColor": null, "sectionIndex": 9}, "type": "verticalSpace"}, {"element": {"subtext": {"hints": {"hintLinks": [], "hints": []}, "styledString": {"styling": [{"attributes": {"alignment": "left", "fontSize": 19, "fontWeight": "normal", "lineSpacing": 5, "textColor": "AFAFAF"}, "from": 0, "to": 38}], "text": "Why don't you want to go to the parks?"}, "tokenTTS": {"tokenTTSCollection": []}}, "text": {"hints": {"hintLinks": [{"index": 0, "rangeEnd": 36, "rangeStart": 0}], "hints": ["why don't you want to go to the parks"]}, "styledString": {"styling": [{"attributes": {"alignment": "left", "fontSize": 19, "fontWeight": "normal", "lineSpacing": 5, "textColor": "4B4B4B"}, "from": 0, "to": 37}], "text": "\u00bfPor qu\u00e9 no quieres ir a los parques?"}, "tokenTTS": {"tokenTTSCollection": [{"endIndex": 36, "startIndex": 0, "ttsURL": "https://d1vq87e9lcf771.cloudfront.net/miguel/75d6401ebf2c269f729ef596f00788fd"}]}}, "ttsURL": "https://d1vq87e9lcf771.cloudfront.net/miguel/75d6401ebf2c269f729ef596f00788fd"}, "meta": {"autoPlayableTTS": [], "backgroundColor": null, "sectionIndex": 9}, "type": "example"}, {"element": 15, "meta": {"autoPlayableTTS": [], "backgroundColor": null, "sectionIndex": 9}, "type": "verticalSpace"}], "intro": null, "resourcesToPrefetch": [{"required": false, "type": "mp3", "url": "https://d1vq87e9lcf771.cloudfront.net/miguel/bfef0fbe7de52d9ac2baf8a6699c360e"}, {"required": false, "type": "mp3", "url": "https://d1vq87e9lcf771.cloudfront.net/miguel/dfe0e16fb5ae152e411ab45a25a7047f"}, {"required": false, "type": "mp3", "url": "https://d1vq87e9lcf771.cloudfront.net/miguel/e9ea010281921357dd4b130d51e7488b"}, {"required": false, "type": "mp3", "url": "https://d1vq87e9lcf771.cloudfront.net/miguel/8161921ed53ab772c7764ca123924afc"}, {"required": false, "type": "mp3", "url": "https://d1vq87e9lcf771.cloudfront.net/miguel/d863d8aa552c7c1c67edddbdd43fc33f"}, {"required": false, "type": "mp3", "url": "https://d1vq87e9lcf771.cloudfront.net/miguel/091132295dc9ca2d2c6c7bec077b625b"}, {"required": false, "type": "mp3", "url": "https://d1vq87e9lcf771.cloudfront.net/miguel/0da8d3a25ff188f86e101f013e8cdcc8"}, {"required": false, "type": "mp3", "url": "https://d1vq87e9lcf771.cloudfront.net/miguel/75d6401ebf2c269f729ef596f00788fd"}, {"required": false, "type": "mp3", "url": "https://d1vq87e9lcf771.cloudfront.net/miguel/a615ab7aef51e62ab81ce9255166fc65"}, {"required": false, "type": "mp3", "url": "https://d1vq87e9lcf771.cloudfront.net/miguel/7c3dc4295f4bfedec518e38299ea8dc5"}, {"required": true, "type": "pdf", "url": "https://d1btvuu4dwu627.cloudfront.net/3cdc03288e3c6f85b686b505cbfe29f3/a66509728cbd6159e05366e942bdbec4/images/de4b6e456f2344b7bda0b75bd54212cf.pdf"}, {"required": false, "type": "mp3", "url": "https://d1vq87e9lcf771.cloudfront.net/miguel/96cab1b14b78e988600b8ec5432007c6"}, {"required": true, "type": "pdf", "url": "https://d1btvuu4dwu627.cloudfront.net/3cdc03288e3c6f85b686b505cbfe29f3/a66509728cbd6159e05366e942bdbec4/images/68b8a66f3afb4574b3c2244cf2c2b683.pdf"}, {"required": false, "type": "mp3", "url": "https://d1vq87e9lcf771.cloudfront.net/miguel/38f8bc9bbe485181688ee2442da358be"}, {"required": true, "type": "pdf", "url": "https://d1btvuu4dwu627.cloudfront.net/3cdc03288e3c6f85b686b505cbfe29f3/a66509728cbd6159e05366e942bdbec4/images/2235eeeb94224e9b9c81bde26c8e044c.pdf"}, {"required": false, "type": "mp3", "url": "https://d1vq87e9lcf771.cloudfront.net/miguel/24021e61f03ad742805c732e31f4f3cc"}, {"required": true, "type": "pdf", "url": "https://d1btvuu4dwu627.cloudfront.net/3cdc03288e3c6f85b686b505cbfe29f3/a66509728cbd6159e05366e942bdbec4/images/6018f4e5d83e4b9f9f34b79a1b0d53dd.pdf"}, {"required": false, "type": "mp3", "url": "https://d1vq87e9lcf771.cloudfront.net/miguel/7e515a71d44d5f961b6e5f90298452d1"}, {"required": false, "type": "mp3", "url": "https://d1vq87e9lcf771.cloudfront.net/miguel/e02d2c981c15c5013b2ca351a300c119"}], "skillID": "dba1cdbcb8668dd44b1f58366294433f", "title": "Travel 3"}