{"elements": [{"type": "verticalSpace", "element": 2, "meta": {"autoPlayableTTS": [], "sectionIndex": 0, "backgroundColor": "E5E5E5"}}, {"type": "verticalSpace", "element": 24, "meta": {"autoPlayableTTS": [], "sectionIndex": 0, "backgroundColor": null}}, {"type": "text", "element": {"styledString": {"text": "KEY PHRASES", "styling": [{"from": 0, "to": 11, "attributes": {"alignment": "left", "fontSize": 17, "fontWeight": "bold", "textColor": "1CB0F6", "lineSpacing": 4}}]}, "tokenTTS": {"tokenTTSCollection": []}}, "meta": {"autoPlayableTTS": [], "sectionIndex": 0, "backgroundColor": null}}, {"type": "verticalSpace", "element": 8, "meta": {"autoPlayableTTS": [], "sectionIndex": 0, "backgroundColor": null}}, {"type": "text", "element": {"styledString": {"text": "Describe your weekend", "styling": [{"from": 0, "to": 21, "attributes": {"alignment": "left", "fontSize": 25, "fontWeight": "bold", "textColor": "4B4B4B", "lineSpacing": 4}}]}, "tokenTTS": {"tokenTTSCollection": []}}, "meta": {"autoPlayableTTS": [], "sectionIndex": 0, "backgroundColor": null}}, {"type": "verticalSpace", "element": 16, "meta": {"autoPlayableTTS": [], "sectionIndex": 0, "backgroundColor": null}}, {"type": "dialogue", "element": {"phrases": [{"text": {"styledString": {"text": "Ayer pasamos un d\u00eda hermoso en la nieve.", "styling": [{"from": 0, "to": 40, "attributes": {"alignment": "left", "fontSize": 19, "fontWeight": "normal", "textColor": "4B4B4B", "lineSpacing": 5}}]}, "tokenTTS": {"tokenTTSCollection": []}, "blockHints": [{"value": "Ayer", "hintTable": {"rows": [[{"hint": "yesterday", "colspan": 1}]], "references": []}, "tts": "https://d1vq87e9lcf771.cloudfront.net/miguel/ad52383bacc330110b3b2935ce459555"}, {"value": " "}, {"value": "pasamos", "hintTable": {"rows": [[{"hint": "(we) spent", "colspan": 1}], [{"hint": "we're stopping by", "colspan": 1}], [{"hint": "(?) did we send", "colspan": 1}]], "references": []}, "tts": "https://d1vq87e9lcf771.cloudfront.net/miguel/03d5ad1098c62d5ba58bb346b2c34a16"}, {"value": " "}, {"value": "un", "hintTable": {"rows": [[{"hint": "a", "colspan": 1}], [{"hint": "an", "colspan": 1}], [{"hint": "one", "colspan": 1}]], "references": []}, "tts": "https://d1vq87e9lcf771.cloudfront.net/miguel/77f436e44094f0912fa76368e873f996"}, {"value": " "}, {"value": "d\u00eda", "hintTable": {"rows": [[{"hint": "day", "colspan": 1}]], "references": []}, "tts": "https://d1vq87e9lcf771.cloudfront.net/miguel/fa27b6757238681c4b0a81bd5b6d1e68"}, {"value": " "}, {"value": "hermoso", "hintTable": {"rows": [[{"hint": "lovely", "colspan": 1}], [{"hint": "beautiful", "colspan": 1}], [{"hint": "beautifully", "colspan": 1}]], "references": []}, "tts": "https://d1vq87e9lcf771.cloudfront.net/miguel/60a44fd186aaf9d20d2ca23c2f1f6723"}, {"value": " "}, {"value": "en", "hintTable": {"headers": ["en", "la"], "rows": [[{"hint": "to", "colspan": 2}], [{"hint": "a", "colspan": 1}, {"colspan": 1}], [{"hint": "in", "colspan": 1}, {"colspan": 1}], [{"hint": "under", "colspan": 1}, {"colspan": 1}]], "references": [6]}, "tts": "https://d1vq87e9lcf771.cloudfront.net/miguel/953baa0ff97009a5374e3a2695ce7f5c"}, {"value": " "}, {"value": "la", "hintTable": {"headers": ["en", "la"], "rows": [[{"hint": "to", "colspan": 2}], [{"colspan": 1}, {"hint": "the", "colspan": 1}], [{"colspan": 1}, {"hint": "your", "colspan": 1}], [{"colspan": 1}, {"hint": "her", "colspan": 1}]], "references": [5]}, "tts": "https://d1vq87e9lcf771.cloudfront.net/miguel/e9ea010281921357dd4b130d51e7488b"}, {"value": " "}, {"value": "nieve", "hintTable": {"rows": [[{"hint": "snow", "colspan": 1}]], "references": []}, "tts": "https://d1vq87e9lcf771.cloudfront.net/miguel/89b950ba30e399514901145fbc4ad692"}, {"value": "."}]}, "subtext": {"styledString": {"text": "Yesterday we spent a lovely day in the snow.", "styling": [{"from": 0, "to": 44, "attributes": {"alignment": "left", "fontSize": 19, "fontWeight": "normal", "textColor": "AFAFAF", "lineSpacing": 5}}]}, "tokenTTS": {"tokenTTSCollection": []}}, "ttsURL": "https://d1vq87e9lcf771.cloudfront.net/miguel/7b4c9fc4630da081db5ce2ada0342632"}]}, "meta": {"autoPlayableTTS": [], "sectionIndex": 0, "backgroundColor": null}}, {"type": "verticalSpace", "element": 16, "meta": {"autoPlayableTTS": [], "sectionIndex": 0, "backgroundColor": null}}, {"type": "dialogue", "element": {"phrases": [{"text": {"styledString": {"text": "Disfrutamos mucho tu fiesta el s\u00e1bado pasado.", "styling": [{"from": 0, "to": 45, "attributes": {"alignment": "left", "fontSize": 19, "fontWeight": "normal", "textColor": "4B4B4B", "lineSpacing": 5}}]}, "tokenTTS": {"tokenTTSCollection": []}, "blockHints": [{"value": "Disfrutamos", "hintTable": {"rows": [[{"hint": "(we) enjoyed", "colspan": 1}], [{"hint": "(we) enjoy", "colspan": 1}], [{"hint": "(we) are enjoying", "colspan": 1}]], "references": []}, "tts": "https://d1vq87e9lcf771.cloudfront.net/miguel/8e92a5ccbcc9d7e6145b535d3b46cf8f"}, {"value": " "}, {"value": "mucho", "hintTable": {"rows": [[{"hint": "really", "colspan": 1}], [{"hint": "a lot", "colspan": 1}], [{"hint": "very", "colspan": 1}]], "references": []}, "tts": "https://d1vq87e9lcf771.cloudfront.net/penelope/caadf9e19061cdbcccfdc8d286125db2"}, {"value": " "}, {"value": "tu", "hintTable": {"rows": [[{"hint": "your", "colspan": 1}]], "references": []}, "tts": "https://d1vq87e9lcf771.cloudfront.net/miguel/cea183a755ba1637d85a81c6072829ac"}, {"value": " "}, {"value": "fiesta", "hintTable": {"rows": [[{"hint": "party", "colspan": 1}], [{"hint": "celebration", "colspan": 1}], [{"hint": "parties", "colspan": 1}]], "references": []}, "tts": "https://d1vq87e9lcf771.cloudfront.net/miguel/a93b1a3c051a525b62c3e17affdcff15"}, {"value": " "}, {"value": "el", "hintTable": {"rows": [[{"hint": "your", "colspan": 1}], [{"hint": "the", "colspan": 1}], [{"hint": "her", "colspan": 1}]], "references": []}, "tts": "https://d1vq87e9lcf771.cloudfront.net/penelope/b47f0c6243dc0dd607abd744189eec05"}, {"value": " "}, {"value": "s\u00e1bado", "hintTable": {"rows": [[{"hint": "Saturday", "colspan": 1}]], "references": []}, "tts": "https://d1vq87e9lcf771.cloudfront.net/miguel/b8b848513718cae23390def2da6404e4"}, {"value": " "}, {"value": "pasado", "hintTable": {"rows": [[{"hint": "last", "colspan": 1}], [{"hint": "past", "colspan": 1}], [{"hint": "had", "colspan": 1}]], "references": []}, "tts": "https://d1vq87e9lcf771.cloudfront.net/miguel/623b9858040bf4ad13099875ee01b44d"}, {"value": "."}]}, "subtext": {"styledString": {"text": "We really enjoyed your party last Saturday.", "styling": [{"from": 0, "to": 43, "attributes": {"alignment": "left", "fontSize": 19, "fontWeight": "normal", "textColor": "AFAFAF", "lineSpacing": 5}}]}, "tokenTTS": {"tokenTTSCollection": []}}, "ttsURL": "https://d1vq87e9lcf771.cloudfront.net/miguel/4363911cb3965b69287ebf799f08e1c3"}]}, "meta": {"autoPlayableTTS": [], "sectionIndex": 0, "backgroundColor": null}}, {"type": "verticalSpace", "element": 16, "meta": {"autoPlayableTTS": [], "sectionIndex": 0, "backgroundColor": null}}, {"type": "dialogue", "element": {"phrases": [{"text": {"styledString": {"text": "Comimos mucho en la fiesta anoche.", "styling": [{"from": 0, "to": 34, "attributes": {"alignment": "left", "fontSize": 19, "fontWeight": "normal", "textColor": "4B4B4B", "lineSpacing": 5}}]}, "tokenTTS": {"tokenTTSCollection": []}, "blockHints": [{"value": "Comimos", "hintTable": {"rows": [[{"hint": "(we) ate", "colspan": 1}], [{"hint": "ate", "colspan": 1}], [{"hint": "(we) had", "colspan": 1}]], "references": []}, "tts": "https://d1vq87e9lcf771.cloudfront.net/miguel/7d62483bdd37752ffad1698ca1fdd6de"}, {"value": " "}, {"value": "mucho", "hintTable": {"rows": [[{"hint": "a lot", "colspan": 1}], [{"hint": "a lot of", "colspan": 1}], [{"hint": "lots of", "colspan": 1}]], "references": []}, "tts": "https://d1vq87e9lcf771.cloudfront.net/penelope/caadf9e19061cdbcccfdc8d286125db2"}, {"value": " "}, {"value": "en", "hintTable": {"headers": ["en", "la"], "rows": [[{"hint": "to", "colspan": 2}], [{"hint": "a", "colspan": 1}, {"colspan": 1}], [{"hint": "at", "colspan": 1}, {"colspan": 1}], [{"hint": "under", "colspan": 1}, {"colspan": 1}]], "references": [3]}, "tts": "https://d1vq87e9lcf771.cloudfront.net/miguel/953baa0ff97009a5374e3a2695ce7f5c"}, {"value": " "}, {"value": "la", "hintTable": {"headers": ["en", "la"], "rows": [[{"hint": "to", "colspan": 2}], [{"colspan": 1}, {"hint": "the", "colspan": 1}], [{"colspan": 1}, {"hint": "your", "colspan": 1}], [{"colspan": 1}, {"hint": "her", "colspan": 1}]], "references": [2]}, "tts": "https://d1vq87e9lcf771.cloudfront.net/miguel/e9ea010281921357dd4b130d51e7488b"}, {"value": " "}, {"value": "fiesta", "hintTable": {"rows": [[{"hint": "party", "colspan": 1}], [{"hint": "parties", "colspan": 1}], [{"hint": "celebration", "colspan": 1}]], "references": []}, "tts": "https://d1vq87e9lcf771.cloudfront.net/miguel/a93b1a3c051a525b62c3e17affdcff15"}, {"value": " "}, {"value": "anoche", "hintTable": {"rows": [[{"hint": "last night", "colspan": 1}]], "references": []}, "tts": "https://d1vq87e9lcf771.cloudfront.net/miguel/be14c7e629242701baf0d1096729f2b5"}, {"value": "."}]}, "subtext": {"styledString": {"text": "We ate a lot at the party last night.", "styling": [{"from": 0, "to": 37, "attributes": {"alignment": "left", "fontSize": 19, "fontWeight": "normal", "textColor": "AFAFAF", "lineSpacing": 5}}]}, "tokenTTS": {"tokenTTSCollection": []}}, "ttsURL": "https://d1vq87e9lcf771.cloudfront.net/miguel/cacc046c87037fccfc260e3e533dcb91"}]}, "meta": {"autoPlayableTTS": [], "sectionIndex": 0, "backgroundColor": null}}, {"type": "verticalSpace", "element": 16, "meta": {"autoPlayableTTS": [], "sectionIndex": 0, "backgroundColor": null}}, {"type": "dialogue", "element": {"phrases": [{"text": {"styledString": {"text": "Nosotras bailamos toda la noche.", "styling": [{"from": 0, "to": 32, "attributes": {"alignment": "left", "fontSize": 19, "fontWeight": "normal", "textColor": "4B4B4B", "lineSpacing": 5}}]}, "tokenTTS": {"tokenTTSCollection": []}, "blockHints": [{"value": "Nosotras", "hintTable": {"rows": [[{"hint": "we", "colspan": 1}], [{"hint": "us", "colspan": 1}]], "references": []}, "tts": "https://d1vq87e9lcf771.cloudfront.net/miguel/1fa59319dfeea3fc7bc267a1e0dfc644"}, {"value": " "}, {"value": "bailamos", "hintTable": {"rows": [[{"hint": "(we) danced", "colspan": 1}], [{"hint": "danced", "colspan": 1}], [{"hint": "(?) should we dance", "colspan": 1}]], "references": []}, "tts": "https://d1vq87e9lcf771.cloudfront.net/miguel/12d14a05cc34fd3e408f7213f93226b3"}, {"value": " "}, {"value": "toda", "hintTable": {"rows": [[{"hint": "all", "colspan": 1}], [{"hint": "all of", "colspan": 1}], [{"hint": "whole", "colspan": 1}]], "references": []}, "tts": "https://d1vq87e9lcf771.cloudfront.net/miguel/fc48c2e991c6bd0246c873ba7932881e"}, {"value": " "}, {"value": "la", "hintTable": {"rows": [[{"hint": "the", "colspan": 1}], [{"hint": "your", "colspan": 1}], [{"hint": "her", "colspan": 1}]], "references": []}, "tts": "https://d1vq87e9lcf771.cloudfront.net/miguel/e9ea010281921357dd4b130d51e7488b"}, {"value": " "}, {"value": "noche", "hintTable": {"rows": [[{"hint": "night", "colspan": 1}], [{"hint": "evening", "colspan": 1}]], "references": []}, "tts": "https://d1vq87e9lcf771.cloudfront.net/miguel/b3bc947d0a76db0e56945d02ecab8ec2"}, {"value": "."}]}, "subtext": {"styledString": {"text": "We danced all night.", "styling": [{"from": 0, "to": 20, "attributes": {"alignment": "left", "fontSize": 19, "fontWeight": "normal", "textColor": "AFAFAF", "lineSpacing": 5}}]}, "tokenTTS": {"tokenTTSCollection": []}}, "ttsURL": "https://d1vq87e9lcf771.cloudfront.net/miguel/3fd1e4d11d1ae3cf650b9e6972e0b22a"}]}, "meta": {"autoPlayableTTS": [], "sectionIndex": 0, "backgroundColor": null}}, {"type": "verticalSpace", "element": 16, "meta": {"autoPlayableTTS": [], "sectionIndex": 0, "backgroundColor": null}}, {"type": "dialogue", "element": {"phrases": [{"text": {"styledString": {"text": "Conocimos a mucha gente interesante.", "styling": [{"from": 0, "to": 36, "attributes": {"alignment": "left", "fontSize": 19, "fontWeight": "normal", "textColor": "4B4B4B", "lineSpacing": 5}}]}, "tokenTTS": {"tokenTTSCollection": []}, "blockHints": [{"value": "Conocimos", "hintTable": {"rows": [[{"hint": "(we) met", "colspan": 1}], [{"hint": "met", "colspan": 1}], [{"hint": "(we) knew", "colspan": 1}]], "references": []}, "tts": "https://d1vq87e9lcf771.cloudfront.net/miguel/6e3d8bf9ffe890481dc804205f869e5e"}, {"value": " "}, {"value": "a", "hintTable": {"rows": [[{"hint": "a", "colspan": 1}], [{"hint": "of", "colspan": 1}], [{"hint": "to", "colspan": 1}]], "references": []}, "tts": "https://d1vq87e9lcf771.cloudfront.net/miguel/a615ab7aef51e62ab81ce9255166fc65"}, {"value": " "}, {"value": "mucha", "hintTable": {"rows": [[{"hint": "a lot of", "colspan": 1}], [{"hint": "a lot", "colspan": 1}], [{"hint": "lots of", "colspan": 1}]], "references": []}, "tts": "https://d1vq87e9lcf771.cloudfront.net/miguel/2786b02fc9a6e353b36a45efed09d62e"}, {"value": " "}, {"value": "gente", "hintTable": {"rows": [[{"hint": "people", "colspan": 1}]], "references": []}, "tts": "https://d1vq87e9lcf771.cloudfront.net/miguel/a94ce9394aa32d1c9231fa7dbff0bf52"}, {"value": " "}, {"value": "interesante", "hintTable": {"rows": [[{"hint": "interesting", "colspan": 1}]], "references": []}, "tts": "https://d1vq87e9lcf771.cloudfront.net/miguel/159baa4af6ea4d05e2e5b7640561b510"}, {"value": "."}]}, "subtext": {"styledString": {"text": "We met a lot of interesting people.", "styling": [{"from": 0, "to": 35, "attributes": {"alignment": "left", "fontSize": 19, "fontWeight": "normal", "textColor": "AFAFAF", "lineSpacing": 5}}]}, "tokenTTS": {"tokenTTSCollection": []}}, "ttsURL": "https://d1vq87e9lcf771.cloudfront.net/miguel/079b73008fb3d909a406dd2dadbde38e"}]}, "meta": {"autoPlayableTTS": [], "sectionIndex": 0, "backgroundColor": null}}, {"type": "verticalSpace", "element": 16, "meta": {"autoPlayableTTS": [], "sectionIndex": 0, "backgroundColor": null}}, {"type": "dialogue", "element": {"phrases": [{"text": {"styledString": {"text": "Dormimos mucho despu\u00e9s de la fiesta.", "styling": [{"from": 0, "to": 36, "attributes": {"alignment": "left", "fontSize": 19, "fontWeight": "normal", "textColor": "4B4B4B", "lineSpacing": 5}}]}, "tokenTTS": {"tokenTTSCollection": []}, "blockHints": [{"value": "Dormimos", "hintTable": {"rows": [[{"hint": "(we) slept", "colspan": 1}], [{"hint": "(we) sleep", "colspan": 1}], [{"hint": "(we) fell asleep", "colspan": 1}]], "references": []}, "tts": "https://d1vq87e9lcf771.cloudfront.net/miguel/19e229d8c25c76d8fc5eef6df296a932"}, {"value": " "}, {"value": "mucho", "hintTable": {"rows": [[{"hint": "a lot", "colspan": 1}], [{"hint": "a lot of", "colspan": 1}], [{"hint": "too", "colspan": 1}]], "references": []}, "tts": "https://d1vq87e9lcf771.cloudfront.net/penelope/caadf9e19061cdbcccfdc8d286125db2"}, {"value": " "}, {"value": "despu\u00e9s", "hintTable": {"rows": [[{"hint": "after", "colspan": 1}], [{"hint": "next", "colspan": 1}], [{"hint": "afterward", "colspan": 1}]], "references": []}, "tts": "https://d1vq87e9lcf771.cloudfront.net/miguel/0820de093265e34baea6f9a7e7dba007"}, {"value": " "}, {"value": "de", "hintTable": {"headers": ["de", "la"], "rows": [[{"hint": "'s", "colspan": 2}], [{"hint": "the", "colspan": 1}, {"colspan": 1}], [{"hint": "with", "colspan": 1}, {"colspan": 1}], [{"hint": "made of", "colspan": 1}, {"colspan": 1}]], "references": [4]}, "tts": "https://d1vq87e9lcf771.cloudfront.net/miguel/7c3dc4295f4bfedec518e38299ea8dc5"}, {"value": " "}, {"value": "la", "hintTable": {"headers": ["de", "la"], "rows": [[{"hint": "'s", "colspan": 2}], [{"colspan": 1}, {"hint": "the", "colspan": 1}], [{"colspan": 1}, {"hint": "your", "colspan": 1}], [{"colspan": 1}, {"hint": "her", "colspan": 1}]], "references": [3]}, "tts": "https://d1vq87e9lcf771.cloudfront.net/miguel/e9ea010281921357dd4b130d51e7488b"}, {"value": " "}, {"value": "fiesta", "hintTable": {"rows": [[{"hint": "party", "colspan": 1}], [{"hint": "celebration", "colspan": 1}], [{"hint": "parties", "colspan": 1}]], "references": []}, "tts": "https://d1vq87e9lcf771.cloudfront.net/miguel/a93b1a3c051a525b62c3e17affdcff15"}, {"value": "."}]}, "subtext": {"styledString": {"text": "We slept a lot after the party.", "styling": [{"from": 0, "to": 31, "attributes": {"alignment": "left", "fontSize": 19, "fontWeight": "normal", "textColor": "AFAFAF", "lineSpacing": 5}}]}, "tokenTTS": {"tokenTTSCollection": []}}, "ttsURL": "https://d1vq87e9lcf771.cloudfront.net/miguel/1f84410da8f3d678f4d4ffd71de06f48"}]}, "meta": {"autoPlayableTTS": [], "sectionIndex": 0, "backgroundColor": null}}, {"type": "verticalSpace", "element": 24, "meta": {"autoPlayableTTS": [], "sectionIndex": 0, "backgroundColor": null}}, {"type": "verticalSpace", "element": 24, "meta": {"autoPlayableTTS": [], "sectionIndex": 0, "backgroundColor": "DDF4FF"}}, {"type": "text", "element": {"styledString": {"text": "TIP", "styling": [{"from": 0, "to": 3, "attributes": {"alignment": "left", "fontSize": 17, "fontWeight": "bold", "textColor": "1CB0F6", "lineSpacing": 4}}]}, "tokenTTS": {"tokenTTSCollection": []}}, "meta": {"autoPlayableTTS": [], "sectionIndex": 0, "backgroundColor": "DDF4FF"}}, {"type": "verticalSpace", "element": 8, "meta": {"autoPlayableTTS": [], "sectionIndex": 0, "backgroundColor": "DDF4FF"}}, {"type": "text", "element": {"styledString": {"text": "Mi querido amigo Juan", "styling": [{"from": 0, "to": 21, "attributes": {"alignment": "left", "fontSize": 25, "fontWeight": "bold", "textColor": "4B4B4B", "lineSpacing": 4}}]}, "tokenTTS": {"tokenTTSCollection": []}, "hints": {"hints": [], "hintLinks": []}}, "meta": {"autoPlayableTTS": [], "sectionIndex": 0, "backgroundColor": "DDF4FF"}}, {"type": "verticalSpace", "element": 12, "meta": {"autoPlayableTTS": [], "sectionIndex": 0, "backgroundColor": "DDF4FF"}}, {"type": "text", "element": {"styledString": {"text": "You can use querido and querida to begin a letter.", "styling": [{"from": 0, "to": 12, "attributes": {"alignment": "left", "fontSize": 19, "fontWeight": "normal", "textColor": "4B4B4B", "lineSpacing": 5}}, {"from": 12, "to": 19, "attributes": {"alignment": "left", "fontSize": 19, "fontWeight": "bold", "textColor": "4B4B4B", "lineSpacing": 5}}, {"from": 19, "to": 24, "attributes": {"alignment": "left", "fontSize": 19, "fontWeight": "normal", "textColor": "4B4B4B", "lineSpacing": 5}}, {"from": 24, "to": 31, "attributes": {"alignment": "left", "fontSize": 19, "fontWeight": "bold", "textColor": "4B4B4B", "lineSpacing": 5}}, {"from": 31, "to": 50, "attributes": {"alignment": "left", "fontSize": 19, "fontWeight": "normal", "textColor": "4B4B4B", "lineSpacing": 5}}]}, "tokenTTS": {"tokenTTSCollection": [{"startIndex": 12, "endIndex": 18, "ttsURL": "https://d1vq87e9lcf771.cloudfront.net/miguel/886d4009e65d953c3f552cd136a089d8"}, {"startIndex": 24, "endIndex": 30, "ttsURL": "https://d1vq87e9lcf771.cloudfront.net/miguel/4353fdcbab794a28660b17d7dfa2bd24"}]}, "hints": {"hints": ["dear", "dear"], "hintLinks": [{"index": 0, "rangeStart": 12, "rangeEnd": 18}, {"index": 1, "rangeStart": 24, "rangeEnd": 30}]}}, "meta": {"autoPlayableTTS": [], "sectionIndex": 0, "backgroundColor": "DDF4FF"}}, {"type": "verticalSpace", "element": 24, "meta": {"autoPlayableTTS": [], "sectionIndex": 0, "backgroundColor": "DDF4FF"}}, {"type": "exampleCaptionedImage", "element": {"image": {"url": "https://d1btvuu4dwu627.cloudfront.net/1935260bb45227d2abc8062355f5ce9f/cfc76af5da2395ac3dffb767d66ff7fe/images/c53d1ff4d92d43ceafa753c4c81b23d6.pdf"}, "examples": [{"text": {"styledString": {"text": "Querido Juan, \u00bfqu\u00e9 tal?", "styling": [{"from": 0, "to": 23, "attributes": {"alignment": "center", "fontSize": 19, "fontWeight": "normal", "textColor": "4B4B4B", "lineSpacing": 5}}]}, "tokenTTS": {"tokenTTSCollection": [{"startIndex": 0, "endIndex": 22, "ttsURL": "https://d1vq87e9lcf771.cloudfront.net/miguel/9ef8da74e4720245d973861e71760518"}]}, "hints": {"hints": ["dear Juan, how are you"], "hintLinks": [{"index": 0, "rangeStart": 0, "rangeEnd": 22}]}}, "subtext": {"styledString": {"text": "Dear Juan, how are you?", "styling": [{"from": 0, "to": 23, "attributes": {"alignment": "center", "fontSize": 19, "fontWeight": "normal", "textColor": "AFAFAF", "lineSpacing": 8}}]}, "tokenTTS": {"tokenTTSCollection": []}, "hints": {"hints": [], "hintLinks": []}}, "ttsURL": "https://d1vq87e9lcf771.cloudfront.net/miguel/9ef8da74e4720245d973861e71760518"}], "layout": "wideImageWithTextBelow"}, "meta": {"autoPlayableTTS": [], "sectionIndex": 0, "backgroundColor": "DDF4FF"}}, {"type": "verticalSpace", "element": 24, "meta": {"autoPlayableTTS": [], "sectionIndex": 0, "backgroundColor": "DDF4FF"}}, {"type": "text", "element": {"styledString": {"text": "You can also use querido and querida to refer to someone you appreciate and beloved ones. ", "styling": [{"from": 0, "to": 17, "attributes": {"alignment": "left", "fontSize": 19, "fontWeight": "normal", "textColor": "4B4B4B", "lineSpacing": 5}}, {"from": 17, "to": 24, "attributes": {"alignment": "left", "fontSize": 19, "fontWeight": "bold", "textColor": "4B4B4B", "lineSpacing": 5}}, {"from": 24, "to": 29, "attributes": {"alignment": "left", "fontSize": 19, "fontWeight": "normal", "textColor": "4B4B4B", "lineSpacing": 5}}, {"from": 29, "to": 36, "attributes": {"alignment": "left", "fontSize": 19, "fontWeight": "bold", "textColor": "4B4B4B", "lineSpacing": 5}}, {"from": 36, "to": 90, "attributes": {"alignment": "left", "fontSize": 19, "fontWeight": "normal", "textColor": "4B4B4B", "lineSpacing": 5}}]}, "tokenTTS": {"tokenTTSCollection": [{"startIndex": 17, "endIndex": 23, "ttsURL": "https://d1vq87e9lcf771.cloudfront.net/miguel/886d4009e65d953c3f552cd136a089d8"}, {"startIndex": 29, "endIndex": 35, "ttsURL": "https://d1vq87e9lcf771.cloudfront.net/miguel/4353fdcbab794a28660b17d7dfa2bd24"}]}, "hints": {"hints": ["dear", "dear"], "hintLinks": [{"index": 0, "rangeStart": 17, "rangeEnd": 23}, {"index": 1, "rangeStart": 29, "rangeEnd": 35}]}}, "meta": {"autoPlayableTTS": [], "sectionIndex": 0, "backgroundColor": "DDF4FF"}}, {"type": "verticalSpace", "element": 24, "meta": {"autoPlayableTTS": [], "sectionIndex": 0, "backgroundColor": "DDF4FF"}}, {"type": "exampleCaptionedImage", "element": {"image": {"url": "https://d1btvuu4dwu627.cloudfront.net/1935260bb45227d2abc8062355f5ce9f/cfc76af5da2395ac3dffb767d66ff7fe/images/2c3570df3cb54ce3984828bd887ba637.pdf"}, "examples": [{"text": {"styledString": {"text": "Salimos a cenar con mi querida amiga Ana.", "styling": [{"from": 0, "to": 41, "attributes": {"alignment": "center", "fontSize": 19, "fontWeight": "normal", "textColor": "4B4B4B", "lineSpacing": 5}}]}, "tokenTTS": {"tokenTTSCollection": [{"startIndex": 0, "endIndex": 40, "ttsURL": "https://d1vq87e9lcf771.cloudfront.net/miguel/72bcbacce2c4873b848041a2d7a0682c"}]}, "hints": {"hints": ["we went out to dinner with my dear friend Ana"], "hintLinks": [{"index": 0, "rangeStart": 0, "rangeEnd": 40}]}}, "subtext": {"styledString": {"text": "We went out to dinner with my dear friend Ana.", "styling": [{"from": 0, "to": 46, "attributes": {"alignment": "center", "fontSize": 19, "fontWeight": "normal", "textColor": "AFAFAF", "lineSpacing": 8}}]}, "tokenTTS": {"tokenTTSCollection": []}, "hints": {"hints": [], "hintLinks": []}}, "ttsURL": "https://d1vq87e9lcf771.cloudfront.net/miguel/72bcbacce2c4873b848041a2d7a0682c"}], "layout": "wideImageWithTextBelow"}, "meta": {"autoPlayableTTS": [], "sectionIndex": 0, "backgroundColor": "DDF4FF"}}, {"type": "verticalSpace", "element": 24, "meta": {"autoPlayableTTS": [], "sectionIndex": 0, "backgroundColor": "DDF4FF"}}], "resourcesToPrefetch": [{"required": true, "url": "https://d1btvuu4dwu627.cloudfront.net/1935260bb45227d2abc8062355f5ce9f/cfc76af5da2395ac3dffb767d66ff7fe/images/c53d1ff4d92d43ceafa753c4c81b23d6.pdf", "type": "pdf"}, {"required": true, "url": "https://d1btvuu4dwu627.cloudfront.net/1935260bb45227d2abc8062355f5ce9f/cfc76af5da2395ac3dffb767d66ff7fe/images/2c3570df3cb54ce3984828bd887ba637.pdf", "type": "pdf"}, {"required": false, "url": "https://d1vq87e9lcf771.cloudfront.net/miguel/cacc046c87037fccfc260e3e533dcb91", "type": "mp3"}, {"required": false, "url": "https://d1vq87e9lcf771.cloudfront.net/miguel/1f84410da8f3d678f4d4ffd71de06f48", "type": "mp3"}, {"required": false, "url": "https://d1vq87e9lcf771.cloudfront.net/miguel/7b4c9fc4630da081db5ce2ada0342632", "type": "mp3"}, {"required": false, "url": "https://d1vq87e9lcf771.cloudfront.net/miguel/4363911cb3965b69287ebf799f08e1c3", "type": "mp3"}, {"required": false, "url": "https://d1vq87e9lcf771.cloudfront.net/miguel/9ef8da74e4720245d973861e71760518", "type": "mp3"}, {"required": false, "url": "https://d1vq87e9lcf771.cloudfront.net/miguel/4353fdcbab794a28660b17d7dfa2bd24", "type": "mp3"}, {"required": false, "url": "https://d1vq87e9lcf771.cloudfront.net/miguel/72bcbacce2c4873b848041a2d7a0682c", "type": "mp3"}, {"required": false, "url": "https://d1vq87e9lcf771.cloudfront.net/miguel/886d4009e65d953c3f552cd136a089d8", "type": "mp3"}, {"required": false, "url": "https://d1vq87e9lcf771.cloudfront.net/miguel/3fd1e4d11d1ae3cf650b9e6972e0b22a", "type": "mp3"}, {"required": false, "url": "https://d1vq87e9lcf771.cloudfront.net/miguel/079b73008fb3d909a406dd2dadbde38e", "type": "mp3"}]}