{"elements": [{"type": "verticalSpace", "element": 2, "meta": {"autoPlayableTTS": [], "sectionIndex": 0, "backgroundColor": "E5E5E5"}}, {"type": "verticalSpace", "element": 24, "meta": {"autoPlayableTTS": [], "sectionIndex": 0, "backgroundColor": null}}, {"type": "text", "element": {"styledString": {"text": "KEY PHRASES", "styling": [{"from": 0, "to": 11, "attributes": {"alignment": "left", "fontSize": 17, "fontWeight": "bold", "textColor": "1CB0F6", "lineSpacing": 4}}]}, "tokenTTS": {"tokenTTSCollection": []}}, "meta": {"autoPlayableTTS": [], "sectionIndex": 0, "backgroundColor": null}}, {"type": "verticalSpace", "element": 8, "meta": {"autoPlayableTTS": [], "sectionIndex": 0, "backgroundColor": null}}, {"type": "text", "element": {"styledString": {"text": "Describe your routine", "styling": [{"from": 0, "to": 21, "attributes": {"alignment": "left", "fontSize": 25, "fontWeight": "bold", "textColor": "4B4B4B", "lineSpacing": 4}}]}, "tokenTTS": {"tokenTTSCollection": []}}, "meta": {"autoPlayableTTS": [], "sectionIndex": 0, "backgroundColor": null}}, {"type": "verticalSpace", "element": 16, "meta": {"autoPlayableTTS": [], "sectionIndex": 0, "backgroundColor": null}}, {"type": "dialogue", "element": {"phrases": [{"text": {"styledString": {"text": "\u00bfA qu\u00e9 hora te levantas?", "styling": [{"from": 0, "to": 24, "attributes": {"alignment": "left", "fontSize": 19, "fontWeight": "normal", "textColor": "4B4B4B", "lineSpacing": 5}}]}, "tokenTTS": {"tokenTTSCollection": []}, "blockHints": [{"value": "\u00bf"}, {"value": "A", "hintTable": {"headers": ["a", "qu\u00e9", "hora"], "rows": [[{"hint": "(?) what time", "colspan": 3}], [{"hint": "when", "colspan": 3}], [{"hint": "to", "colspan": 1}, {"colspan": 1}, {"colspan": 1}], [{"hint": "at", "colspan": 1}, {"colspan": 1}, {"colspan": 1}], [{"hint": "of", "colspan": 1}, {"colspan": 1}, {"colspan": 1}]], "references": [1, 2]}, "tts": "https://d1vq87e9lcf771.cloudfront.net/miguel/a615ab7aef51e62ab81ce9255166fc65"}, {"value": " "}, {"value": "qu\u00e9", "hintTable": {"headers": ["a", "qu\u00e9", "hora"], "rows": [[{"hint": "(?) what time", "colspan": 3}], [{"hint": "when", "colspan": 3}], [{"colspan": 1}, {"hint": "what", "colspan": 1}, {"colspan": 1}], [{"colspan": 1}, {"hint": "what an", "colspan": 1}, {"colspan": 1}], [{"colspan": 1}, {"hint": "what a", "colspan": 1}, {"colspan": 1}]], "references": [0, 2]}, "tts": "https://d1vq87e9lcf771.cloudfront.net/miguel/10cae84a9e87a16bf1d6dce8af8406b3"}, {"value": " "}, {"value": "hora", "hintTable": {"headers": ["a", "qu\u00e9", "hora"], "rows": [[{"hint": "(?) what time", "colspan": 3}], [{"hint": "when", "colspan": 3}], [{"colspan": 1}, {"colspan": 1}, {"hint": "time", "colspan": 1}], [{"colspan": 1}, {"colspan": 1}, {"hint": "hour", "colspan": 1}]], "references": [0, 1]}, "tts": "https://d1vq87e9lcf771.cloudfront.net/miguel/fe3d58088e571a740020a276d944cda7"}, {"value": " "}, {"value": "te", "hintTable": {"headers": ["te", "levantas"], "rows": [[{"hint": "(?) do you get up", "colspan": 2}], [{"hint": "(you) get up", "colspan": 2}], [{"hint": "(you) are getting up", "colspan": 2}], [{"hint": "you", "colspan": 1}, {"colspan": 1}], [{"hint": "to you", "colspan": 1}, {"colspan": 1}], [{"hint": "your", "colspan": 1}, {"colspan": 1}]], "references": [4]}, "tts": "https://d1vq87e9lcf771.cloudfront.net/miguel/d7cd39e9a857d0b69e8da9436b0441c3"}, {"value": " "}, {"value": "levantas", "hintTable": {"headers": ["te", "levantas"], "rows": [[{"hint": "(?) do you get up", "colspan": 2}], [{"hint": "(you) get up", "colspan": 2}], [{"hint": "(you) are getting up", "colspan": 2}]], "references": [3]}, "tts": "https://d1vq87e9lcf771.cloudfront.net/miguel/3cb5e82fb3f99dc5bc8f6a0f895668cd"}, {"value": "?"}]}, "subtext": {"styledString": {"text": "What time do you get up?", "styling": [{"from": 0, "to": 24, "attributes": {"alignment": "left", "fontSize": 19, "fontWeight": "normal", "textColor": "AFAFAF", "lineSpacing": 5}}]}, "tokenTTS": {"tokenTTSCollection": []}}, "ttsURL": "https://d1vq87e9lcf771.cloudfront.net/miguel/d8f1e5d4a6f4d14d7ff05e8d5862ecac"}, {"text": {"styledString": {"text": "Los domingos me levanto a las doce.", "styling": [{"from": 0, "to": 35, "attributes": {"alignment": "left", "fontSize": 19, "fontWeight": "normal", "textColor": "4B4B4B", "lineSpacing": 5}}]}, "tokenTTS": {"tokenTTSCollection": []}, "blockHints": [{"value": "Los", "hintTable": {"rows": [[{"hint": "on", "colspan": 1}], [{"hint": "the", "colspan": 1}], [{"hint": "their", "colspan": 1}]], "references": []}, "tts": "https://d1vq87e9lcf771.cloudfront.net/miguel/d863d8aa552c7c1c67edddbdd43fc33f"}, {"value": " "}, {"value": "domingos", "hintTable": {"rows": [[{"hint": "Sundays", "colspan": 1}], [{"hint": "Sunday", "colspan": 1}]], "references": []}, "tts": "https://d1vq87e9lcf771.cloudfront.net/miguel/e06643d1c3045e0501d8aee9aac3f978"}, {"value": " "}, {"value": "me", "hintTable": {"headers": ["me", "levanto"], "rows": [[{"hint": "(I) get up", "colspan": 2}], [{"hint": "I", "colspan": 1}, {"colspan": 1}], [{"hint": "myself", "colspan": 1}, {"colspan": 1}], [{"hint": "me", "colspan": 1}, {"colspan": 1}]], "references": [3]}, "tts": "https://d1vq87e9lcf771.cloudfront.net/miguel/e0523aab2519a0650d3b9410064d0876"}, {"value": " "}, {"value": "levanto", "hintTable": {"headers": ["me", "levanto"], "rows": [[{"hint": "(I) get up", "colspan": 2}]], "references": [2]}, "tts": "https://d1vq87e9lcf771.cloudfront.net/miguel/f4c4426f00aba13fe655f6ae32b8d77a"}, {"value": " "}, {"value": "a", "hintTable": {"headers": ["a", "las"], "rows": [[{"hint": "at", "colspan": 2}], [{"hint": "at", "colspan": 1}, {"colspan": 1}], [{"hint": "on", "colspan": 1}, {"colspan": 1}], [{"hint": "of", "colspan": 1}, {"colspan": 1}]], "references": [5]}, "tts": "https://d1vq87e9lcf771.cloudfront.net/miguel/a615ab7aef51e62ab81ce9255166fc65"}, {"value": " "}, {"value": "las", "hintTable": {"headers": ["a", "las"], "rows": [[{"hint": "at", "colspan": 2}], [{"colspan": 1}, {"hint": "your", "colspan": 1}], [{"colspan": 1}, {"hint": "the", "colspan": 1}], [{"colspan": 1}, {"hint": "their", "colspan": 1}]], "references": [4]}, "tts": "https://d1vq87e9lcf771.cloudfront.net/miguel/091132295dc9ca2d2c6c7bec077b625b"}, {"value": " "}, {"value": "doce", "hintTable": {"rows": [[{"hint": "noon", "colspan": 1}], [{"hint": "twelve", "colspan": 1}], [{"hint": "12", "colspan": 1}]], "references": []}, "tts": "https://d1vq87e9lcf771.cloudfront.net/miguel/e40449c0f04e3b020d3c085711473e86"}, {"value": "."}]}, "subtext": {"styledString": {"text": "On Sundays I get up at noon.", "styling": [{"from": 0, "to": 28, "attributes": {"alignment": "left", "fontSize": 19, "fontWeight": "normal", "textColor": "AFAFAF", "lineSpacing": 5}}]}, "tokenTTS": {"tokenTTSCollection": []}}, "ttsURL": "https://d1vq87e9lcf771.cloudfront.net/miguel/80ede63a0610d00d3b14d2efcf6f8978"}]}, "meta": {"autoPlayableTTS": [], "sectionIndex": 0, "backgroundColor": null}}, {"type": "verticalSpace", "element": 16, "meta": {"autoPlayableTTS": [], "sectionIndex": 0, "backgroundColor": null}}, {"type": "dialogue", "element": {"phrases": [{"text": {"styledString": {"text": "\u00bfTienes que trabajar los s\u00e1bados?", "styling": [{"from": 0, "to": 33, "attributes": {"alignment": "left", "fontSize": 19, "fontWeight": "normal", "textColor": "4B4B4B", "lineSpacing": 5}}]}, "tokenTTS": {"tokenTTSCollection": []}, "blockHints": [{"value": "\u00bf"}, {"value": "Tienes", "hintTable": {"headers": ["tienes", "que"], "rows": [[{"hint": "(?) do you have to", "colspan": 2}], [{"hint": "(you) have to", "colspan": 2}], [{"hint": "(you) need", "colspan": 2}], [{"hint": "you have", "colspan": 1}, {"colspan": 1}], [{"hint": "have", "colspan": 1}, {"colspan": 1}], [{"hint": "are", "colspan": 1}, {"colspan": 1}]], "references": [1]}, "tts": "https://d1vq87e9lcf771.cloudfront.net/miguel/4c53c46b4421ab04864e9a3e789ab651"}, {"value": " "}, {"value": "que", "hintTable": {"headers": ["tienes", "que"], "rows": [[{"hint": "(?) do you have to", "colspan": 2}], [{"hint": "(you) have to", "colspan": 2}], [{"hint": "(you) need", "colspan": 2}], [{"colspan": 1}, {"hint": "to", "colspan": 1}], [{"colspan": 1}, {"hint": "because", "colspan": 1}], [{"colspan": 1}, {"hint": "that", "colspan": 1}]], "references": [0]}, "tts": "https://d1vq87e9lcf771.cloudfront.net/miguel/a1ac789b0b8d37cb82d476eff39cdd67"}, {"value": " "}, {"value": "trabajar", "hintTable": {"rows": [[{"hint": "(to) work", "colspan": 1}], [{"hint": "work", "colspan": 1}], [{"hint": "(?) does she work", "colspan": 1}]], "references": []}, "tts": "https://d1vq87e9lcf771.cloudfront.net/miguel/0d85ae8a1914b70890f7116a86887731"}, {"value": " "}, {"value": "los", "hintTable": {"rows": [[{"hint": "on", "colspan": 1}], [{"hint": "you", "colspan": 1}], [{"hint": "the", "colspan": 1}]], "references": []}, "tts": "https://d1vq87e9lcf771.cloudfront.net/miguel/d863d8aa552c7c1c67edddbdd43fc33f"}, {"value": " "}, {"value": "s\u00e1bados", "hintTable": {"rows": [[{"hint": "Saturdays", "colspan": 1}], [{"hint": "Saturday", "colspan": 1}]], "references": []}, "tts": "https://d1vq87e9lcf771.cloudfront.net/miguel/2a5027fa9d84d363c995db9995cfc39d"}, {"value": "?"}]}, "subtext": {"styledString": {"text": "Do you have to work on Saturdays?", "styling": [{"from": 0, "to": 33, "attributes": {"alignment": "left", "fontSize": 19, "fontWeight": "normal", "textColor": "AFAFAF", "lineSpacing": 5}}]}, "tokenTTS": {"tokenTTSCollection": []}}, "ttsURL": "https://d1vq87e9lcf771.cloudfront.net/miguel/729bf0f236b7f4c28304451c46380652"}, {"text": {"styledString": {"text": "S\u00ed, a menudo tengo que trabajar los s\u00e1bados.", "styling": [{"from": 0, "to": 44, "attributes": {"alignment": "left", "fontSize": 19, "fontWeight": "normal", "textColor": "4B4B4B", "lineSpacing": 5}}]}, "tokenTTS": {"tokenTTSCollection": []}, "blockHints": [{"value": "S\u00ed", "hintTable": {"rows": [[{"hint": "we do", "colspan": 1}], [{"hint": "yeah", "colspan": 1}], [{"hint": "I do", "colspan": 1}]], "references": []}, "tts": "https://d1vq87e9lcf771.cloudfront.net/miguel/04b793f812f070e10d57115925381be8"}, {"value": ","}, {"value": " "}, {"value": "a", "hintTable": {"headers": ["a", "menudo"], "rows": [[{"hint": "frequently", "colspan": 2}], [{"hint": "often", "colspan": 2}], [{"hint": "to", "colspan": 1}, {"colspan": 1}], [{"hint": "with", "colspan": 1}, {"colspan": 1}], [{"hint": "away", "colspan": 1}, {"colspan": 1}]], "references": [2]}, "tts": "https://d1vq87e9lcf771.cloudfront.net/miguel/a615ab7aef51e62ab81ce9255166fc65"}, {"value": " "}, {"value": "menudo", "hintTable": {"headers": ["a", "menudo"], "rows": [[{"hint": "frequently", "colspan": 2}], [{"hint": "often", "colspan": 2}], [{"colspan": 1}, {"hint": "slight", "colspan": 1}]], "references": [1]}, "tts": "https://d1vq87e9lcf771.cloudfront.net/miguel/4051996268649c2eb663488a4f2fcab4"}, {"value": " "}, {"value": "tengo", "hintTable": {"headers": ["tengo", "que"], "rows": [[{"hint": "(I) need to", "colspan": 2}], [{"hint": "(I) have to", "colspan": 2}], [{"hint": "have", "colspan": 2}], [{"hint": "I've got", "colspan": 1}, {"colspan": 1}], [{"hint": "is there", "colspan": 1}, {"colspan": 1}], [{"hint": "I'm having", "colspan": 1}, {"colspan": 1}]], "references": [4]}, "tts": "https://d1vq87e9lcf771.cloudfront.net/miguel/5be050ec66f7d545345c1f64a5dff62b"}, {"value": " "}, {"value": "que", "hintTable": {"headers": ["tengo", "que"], "rows": [[{"hint": "(I) need to", "colspan": 2}], [{"hint": "(I) have to", "colspan": 2}], [{"hint": "have", "colspan": 2}], [{"colspan": 1}, {"hint": "because", "colspan": 1}], [{"colspan": 1}, {"hint": "that", "colspan": 1}], [{"colspan": 1}, {"hint": "I hope", "colspan": 1}]], "references": [3]}, "tts": "https://d1vq87e9lcf771.cloudfront.net/miguel/a1ac789b0b8d37cb82d476eff39cdd67"}, {"value": " "}, {"value": "trabajar", "hintTable": {"rows": [[{"hint": "acting", "colspan": 1}], [{"hint": "work", "colspan": 1}], [{"hint": "(?) does she work", "colspan": 1}]], "references": []}, "tts": "https://d1vq87e9lcf771.cloudfront.net/miguel/0d85ae8a1914b70890f7116a86887731"}, {"value": " "}, {"value": "los", "hintTable": {"rows": [[{"hint": "the", "colspan": 1}], [{"hint": "their", "colspan": 1}], [{"hint": "your", "colspan": 1}]], "references": []}, "tts": "https://d1vq87e9lcf771.cloudfront.net/miguel/d863d8aa552c7c1c67edddbdd43fc33f"}, {"value": " "}, {"value": "s\u00e1bados", "hintTable": {"rows": [[{"hint": "Saturdays", "colspan": 1}], [{"hint": "Saturday", "colspan": 1}]], "references": []}, "tts": "https://d1vq87e9lcf771.cloudfront.net/miguel/2a5027fa9d84d363c995db9995cfc39d"}, {"value": "."}]}, "subtext": {"styledString": {"text": "Yes, I often have to work on Saturdays.", "styling": [{"from": 0, "to": 39, "attributes": {"alignment": "left", "fontSize": 19, "fontWeight": "normal", "textColor": "AFAFAF", "lineSpacing": 5}}]}, "tokenTTS": {"tokenTTSCollection": []}}, "ttsURL": "https://d1vq87e9lcf771.cloudfront.net/miguel/d404807a6a659139de7fe32767b02116"}]}, "meta": {"autoPlayableTTS": [], "sectionIndex": 0, "backgroundColor": null}}, {"type": "verticalSpace", "element": 16, "meta": {"autoPlayableTTS": [], "sectionIndex": 0, "backgroundColor": null}}, {"type": "dialogue", "element": {"phrases": [{"text": {"styledString": {"text": "Yo nunca estudio los domingos.", "styling": [{"from": 0, "to": 30, "attributes": {"alignment": "left", "fontSize": 19, "fontWeight": "normal", "textColor": "4B4B4B", "lineSpacing": 5}}]}, "tokenTTS": {"tokenTTSCollection": []}, "blockHints": [{"value": "Yo", "hintTable": {"rows": [[{"hint": "I", "colspan": 1}], [{"hint": "i'd", "colspan": 1}], [{"hint": "me", "colspan": 1}]], "references": []}, "tts": "https://d1vq87e9lcf771.cloudfront.net/miguel/aa0ff446f41920bd854cbcfe38a476e2"}, {"value": " "}, {"value": "nunca", "hintTable": {"rows": [[{"hint": "never", "colspan": 1}], [{"hint": "ever", "colspan": 1}]], "references": []}, "tts": "https://d1vq87e9lcf771.cloudfront.net/miguel/4e953663aad9a044188c34d18e5ae399"}, {"value": " "}, {"value": "estudio", "hintTable": {"rows": [[{"hint": "(I) study", "colspan": 1}], [{"hint": "study", "colspan": 1}], [{"hint": "(I) am studying", "colspan": 1}]], "references": []}, "tts": "https://d1vq87e9lcf771.cloudfront.net/miguel/109efebcd009846cac179748a3be6c6f"}, {"value": " "}, {"value": "los", "hintTable": {"rows": [[{"hint": "on", "colspan": 1}], [{"hint": "the", "colspan": 1}], [{"hint": "their", "colspan": 1}]], "references": []}, "tts": "https://d1vq87e9lcf771.cloudfront.net/miguel/d863d8aa552c7c1c67edddbdd43fc33f"}, {"value": " "}, {"value": "domingos", "hintTable": {"rows": [[{"hint": "Sundays", "colspan": 1}], [{"hint": "Sunday", "colspan": 1}]], "references": []}, "tts": "https://d1vq87e9lcf771.cloudfront.net/miguel/e06643d1c3045e0501d8aee9aac3f978"}, {"value": "."}]}, "subtext": {"styledString": {"text": "I never study on Sundays.", "styling": [{"from": 0, "to": 25, "attributes": {"alignment": "left", "fontSize": 19, "fontWeight": "normal", "textColor": "AFAFAF", "lineSpacing": 5}}]}, "tokenTTS": {"tokenTTSCollection": []}}, "ttsURL": "https://d1vq87e9lcf771.cloudfront.net/miguel/8d667491e45afbe5b718a5b3e52ea6d9"}, {"text": {"styledString": {"text": "Yo estudio espa\u00f1ol todos los d\u00edas.", "styling": [{"from": 0, "to": 34, "attributes": {"alignment": "left", "fontSize": 19, "fontWeight": "normal", "textColor": "4B4B4B", "lineSpacing": 5}}]}, "tokenTTS": {"tokenTTSCollection": []}, "blockHints": [{"value": "Yo", "hintTable": {"rows": [[{"hint": "I", "colspan": 1}], [{"hint": "i'd", "colspan": 1}], [{"hint": "me", "colspan": 1}]], "references": []}, "tts": "https://d1vq87e9lcf771.cloudfront.net/miguel/aa0ff446f41920bd854cbcfe38a476e2"}, {"value": " "}, {"value": "estudio", "hintTable": {"rows": [[{"hint": "(I) study", "colspan": 1}], [{"hint": "study", "colspan": 1}], [{"hint": "(I) am studying", "colspan": 1}]], "references": []}, "tts": "https://d1vq87e9lcf771.cloudfront.net/miguel/109efebcd009846cac179748a3be6c6f"}, {"value": " "}, {"value": "espa\u00f1ol", "hintTable": {"rows": [[{"hint": "Spanish", "colspan": 1}]], "references": []}, "tts": "https://d1vq87e9lcf771.cloudfront.net/miguel/0fb194e36c54155c433d0dc394709e30"}, {"value": " "}, {"value": "todos", "hintTable": {"headers": ["todos", "los", "d\u00edas"], "rows": [[{"hint": "every day", "colspan": 3}], [{"hint": "daily", "colspan": 3}], [{"hint": "everyday", "colspan": 3}], [{"hint": "every", "colspan": 1}, {"colspan": 1}, {"colspan": 1}], [{"hint": "all", "colspan": 1}, {"colspan": 1}, {"colspan": 1}], [{"hint": "all of", "colspan": 1}, {"colspan": 1}, {"colspan": 1}]], "references": [4, 5]}, "tts": "https://d1vq87e9lcf771.cloudfront.net/miguel/2f0afa304c9bd76885b18981266684c4"}, {"value": " "}, {"value": "los", "hintTable": {"headers": ["todos", "los", "d\u00edas"], "rows": [[{"hint": "every day", "colspan": 3}], [{"hint": "daily", "colspan": 3}], [{"hint": "everyday", "colspan": 3}], [{"colspan": 1}, {"hint": "the", "colspan": 1}, {"colspan": 1}], [{"colspan": 1}, {"hint": "their", "colspan": 1}, {"colspan": 1}], [{"colspan": 1}, {"hint": "your", "colspan": 1}, {"colspan": 1}]], "references": [3, 5]}, "tts": "https://d1vq87e9lcf771.cloudfront.net/miguel/d863d8aa552c7c1c67edddbdd43fc33f"}, {"value": " "}, {"value": "d\u00edas", "hintTable": {"headers": ["todos", "los", "d\u00edas"], "rows": [[{"hint": "every day", "colspan": 3}], [{"hint": "daily", "colspan": 3}], [{"hint": "everyday", "colspan": 3}], [{"colspan": 1}, {"colspan": 1}, {"hint": "day", "colspan": 1}], [{"colspan": 1}, {"colspan": 1}, {"hint": "days", "colspan": 1}]], "references": [3, 4]}, "tts": "https://d1vq87e9lcf771.cloudfront.net/miguel/fb2fbe10903adb9b8cdc2c5a7f4b7458"}, {"value": "."}]}, "subtext": {"styledString": {"text": "I study Spanish every day.", "styling": [{"from": 0, "to": 26, "attributes": {"alignment": "left", "fontSize": 19, "fontWeight": "normal", "textColor": "AFAFAF", "lineSpacing": 5}}]}, "tokenTTS": {"tokenTTSCollection": []}}, "ttsURL": "https://d1vq87e9lcf771.cloudfront.net/miguel/dc9b6d12fed1ea8e2457931f14128818"}]}, "meta": {"autoPlayableTTS": [], "sectionIndex": 0, "backgroundColor": null}}, {"type": "verticalSpace", "element": 24, "meta": {"autoPlayableTTS": [], "sectionIndex": 0, "backgroundColor": null}}, {"type": "verticalSpace", "element": 24, "meta": {"autoPlayableTTS": [], "sectionIndex": 0, "backgroundColor": "DDF4FF"}}, {"type": "text", "element": {"styledString": {"text": "TIP", "styling": [{"from": 0, "to": 3, "attributes": {"alignment": "left", "fontSize": 17, "fontWeight": "bold", "textColor": "1CB0F6", "lineSpacing": 4}}]}, "tokenTTS": {"tokenTTSCollection": []}}, "meta": {"autoPlayableTTS": [], "sectionIndex": 0, "backgroundColor": "DDF4FF"}}, {"type": "verticalSpace", "element": 8, "meta": {"autoPlayableTTS": [], "sectionIndex": 0, "backgroundColor": "DDF4FF"}}, {"type": "text", "element": {"styledString": {"text": "Special verbs ", "styling": [{"from": 0, "to": 14, "attributes": {"alignment": "left", "fontSize": 25, "fontWeight": "bold", "textColor": "4B4B4B", "lineSpacing": 4}}]}, "tokenTTS": {"tokenTTSCollection": []}, "hints": {"hints": [], "hintLinks": []}}, "meta": {"autoPlayableTTS": [], "sectionIndex": 0, "backgroundColor": "DDF4FF"}}, {"type": "verticalSpace", "element": 12, "meta": {"autoPlayableTTS": [], "sectionIndex": 0, "backgroundColor": "DDF4FF"}}, {"type": "text", "element": {"styledString": {"text": "Some common verbs, like ir, don't follow the regular patterns we've seen.", "styling": [{"from": 0, "to": 24, "attributes": {"alignment": "left", "fontSize": 19, "fontWeight": "normal", "textColor": "4B4B4B", "lineSpacing": 5}}, {"from": 24, "to": 26, "attributes": {"alignment": "left", "fontSize": 19, "fontWeight": "bold", "textColor": "4B4B4B", "lineSpacing": 5}}, {"from": 26, "to": 73, "attributes": {"alignment": "left", "fontSize": 19, "fontWeight": "normal", "textColor": "4B4B4B", "lineSpacing": 5}}]}, "tokenTTS": {"tokenTTSCollection": [{"startIndex": 24, "endIndex": 25, "ttsURL": "https://d1vq87e9lcf771.cloudfront.net/miguel/dc9239ea45abfb8a1f807d67adabe2b4"}]}, "hints": {"hints": ["A verb expresses an action (\u201cLuis cooks every day\u201d) or a state of being (\u201cI am sick\u201d).", "to go", "Regular words follow predictable, standard patterns of change."], "hintLinks": [{"index": 0, "rangeStart": 12, "rangeEnd": 16}, {"index": 1, "rangeStart": 24, "rangeEnd": 25}, {"index": 2, "rangeStart": 45, "rangeEnd": 51}]}}, "meta": {"autoPlayableTTS": [], "sectionIndex": 0, "backgroundColor": "DDF4FF"}}, {"type": "verticalSpace", "element": 24, "meta": {"autoPlayableTTS": [], "sectionIndex": 0, "backgroundColor": "DDF4FF"}}, {"type": "table", "element": {"cells": [[{"styledString": {"text": "subject", "styling": [{"from": 0, "to": 7, "attributes": {"alignment": "left", "fontSize": 19, "fontWeight": "bold", "textColor": "4B4B4B", "lineSpacing": 2}}]}, "tokenTTS": {"tokenTTSCollection": []}, "hints": {"hints": ["The subject of a sentence is the person, place, thing, or idea that is doing or being something."], "hintLinks": [{"index": 0, "rangeStart": 0, "rangeEnd": 6}]}}, {"styledString": {"text": "verb (ir)", "styling": [{"from": 0, "to": 9, "attributes": {"alignment": "left", "fontSize": 19, "fontWeight": "bold", "textColor": "4B4B4B", "lineSpacing": 2}}]}, "tokenTTS": {"tokenTTSCollection": [{"startIndex": 6, "endIndex": 7, "ttsURL": "https://d1vq87e9lcf771.cloudfront.net/miguel/dc9239ea45abfb8a1f807d67adabe2b4"}]}, "hints": {"hints": ["A verb expresses an action (\u201cLuis cooks every day\u201d) or a state of being (\u201cI am sick\u201d).", "A verb expresses an action (\u201cLuis cooks every day\u201d) or a state of being (\u201cI am sick\u201d).", "to go", "A verb expresses an action (\u201cLuis cooks every day\u201d) or a state of being (\u201cI am sick\u201d)."], "hintLinks": [{"index": 0, "rangeStart": 0, "rangeEnd": 3}, {"index": 1, "rangeStart": 5, "rangeEnd": 5}, {"index": 2, "rangeStart": 6, "rangeEnd": 7}, {"index": 3, "rangeStart": 8, "rangeEnd": 8}]}}], [{"styledString": {"text": "yo\nI", "styling": [{"from": 0, "to": 2, "attributes": {"alignment": "left", "fontSize": 19, "fontWeight": "bold", "textColor": "4B4B4B", "lineSpacing": 5}}, {"from": 2, "to": 3, "attributes": {"alignment": "left", "fontSize": 19, "fontWeight": "normal", "textColor": "4B4B4B", "lineSpacing": 5}}, {"from": 3, "to": 4, "attributes": {"alignment": "left", "fontSize": 19, "fontWeight": "normal", "textColor": "AFAFAF", "lineSpacing": 5}}]}, "tokenTTS": {"tokenTTSCollection": [{"startIndex": 0, "endIndex": 1, "ttsURL": "https://d1vq87e9lcf771.cloudfront.net/miguel/aa0ff446f41920bd854cbcfe38a476e2"}]}, "hints": {"hints": ["I"], "hintLinks": [{"index": 0, "rangeStart": 0, "rangeEnd": 1}]}}, {"styledString": {"text": "voy\ngo", "styling": [{"from": 0, "to": 3, "attributes": {"alignment": "left", "fontSize": 19, "fontWeight": "bold", "textColor": "1CB0F6", "lineSpacing": 5}}, {"from": 3, "to": 4, "attributes": {"alignment": "left", "fontSize": 19, "fontWeight": "normal", "textColor": "4B4B4B", "lineSpacing": 5}}, {"from": 4, "to": 6, "attributes": {"alignment": "left", "fontSize": 19, "fontWeight": "normal", "textColor": "AFAFAF", "lineSpacing": 5}}]}, "tokenTTS": {"tokenTTSCollection": [{"startIndex": 0, "endIndex": 2, "ttsURL": "https://d1vq87e9lcf771.cloudfront.net/miguel/bca264452af2333a2bf60cb7eacbd726"}]}, "hints": {"hints": ["I go"], "hintLinks": [{"index": 0, "rangeStart": 0, "rangeEnd": 2}]}}], [{"styledString": {"text": "t\u00fa\nyou", "styling": [{"from": 0, "to": 2, "attributes": {"alignment": "left", "fontSize": 19, "fontWeight": "bold", "textColor": "4B4B4B", "lineSpacing": 5}}, {"from": 2, "to": 3, "attributes": {"alignment": "left", "fontSize": 19, "fontWeight": "normal", "textColor": "4B4B4B", "lineSpacing": 5}}, {"from": 3, "to": 6, "attributes": {"alignment": "left", "fontSize": 19, "fontWeight": "normal", "textColor": "AFAFAF", "lineSpacing": 5}}]}, "tokenTTS": {"tokenTTSCollection": [{"startIndex": 0, "endIndex": 1, "ttsURL": "https://d1vq87e9lcf771.cloudfront.net/miguel/2e717e2fe5783a547e2995fe3699350a"}]}, "hints": {"hints": ["you (informal)"], "hintLinks": [{"index": 0, "rangeStart": 0, "rangeEnd": 1}]}}, {"styledString": {"text": "vas\ngo", "styling": [{"from": 0, "to": 3, "attributes": {"alignment": "left", "fontSize": 19, "fontWeight": "bold", "textColor": "1CB0F6", "lineSpacing": 5}}, {"from": 3, "to": 4, "attributes": {"alignment": "left", "fontSize": 19, "fontWeight": "normal", "textColor": "4B4B4B", "lineSpacing": 5}}, {"from": 4, "to": 6, "attributes": {"alignment": "left", "fontSize": 19, "fontWeight": "normal", "textColor": "AFAFAF", "lineSpacing": 5}}]}, "tokenTTS": {"tokenTTSCollection": [{"startIndex": 0, "endIndex": 2, "ttsURL": "https://d1vq87e9lcf771.cloudfront.net/miguel/1432bf3a8c5b6380e1df599a863d9ed0"}]}, "hints": {"hints": ["you go"], "hintLinks": [{"index": 0, "rangeStart": 0, "rangeEnd": 2}]}}], [{"styledString": {"text": "\u00e9l / ella / usted\nhe / she / you", "styling": [{"from": 0, "to": 2, "attributes": {"alignment": "left", "fontSize": 19, "fontWeight": "bold", "textColor": "4B4B4B", "lineSpacing": 5}}, {"from": 2, "to": 5, "attributes": {"alignment": "left", "fontSize": 19, "fontWeight": "normal", "textColor": "4B4B4B", "lineSpacing": 5}}, {"from": 5, "to": 9, "attributes": {"alignment": "left", "fontSize": 19, "fontWeight": "bold", "textColor": "4B4B4B", "lineSpacing": 5}}, {"from": 9, "to": 12, "attributes": {"alignment": "left", "fontSize": 19, "fontWeight": "normal", "textColor": "4B4B4B", "lineSpacing": 5}}, {"from": 12, "to": 17, "attributes": {"alignment": "left", "fontSize": 19, "fontWeight": "bold", "textColor": "4B4B4B", "lineSpacing": 5}}, {"from": 17, "to": 18, "attributes": {"alignment": "left", "fontSize": 19, "fontWeight": "normal", "textColor": "4B4B4B", "lineSpacing": 5}}, {"from": 18, "to": 32, "attributes": {"alignment": "left", "fontSize": 19, "fontWeight": "normal", "textColor": "AFAFAF", "lineSpacing": 5}}]}, "tokenTTS": {"tokenTTSCollection": [{"startIndex": 0, "endIndex": 1, "ttsURL": "https://d1vq87e9lcf771.cloudfront.net/miguel/eb6fb864f3757379acec898fb9018d30"}, {"startIndex": 5, "endIndex": 8, "ttsURL": "https://d1vq87e9lcf771.cloudfront.net/miguel/7ba0a4fe127b1af95b81af18714bbbbb"}, {"startIndex": 12, "endIndex": 16, "ttsURL": "https://d1vq87e9lcf771.cloudfront.net/miguel/3160e30c83ba5403b1bf949dbafd83db"}]}, "hints": {"hints": ["he", "she", "you (formal)"], "hintLinks": [{"index": 0, "rangeStart": 0, "rangeEnd": 1}, {"index": 1, "rangeStart": 5, "rangeEnd": 8}, {"index": 2, "rangeStart": 12, "rangeEnd": 16}]}}, {"styledString": {"text": "va\ngoes / go", "styling": [{"from": 0, "to": 2, "attributes": {"alignment": "left", "fontSize": 19, "fontWeight": "bold", "textColor": "1CB0F6", "lineSpacing": 5}}, {"from": 2, "to": 3, "attributes": {"alignment": "left", "fontSize": 19, "fontWeight": "normal", "textColor": "4B4B4B", "lineSpacing": 5}}, {"from": 3, "to": 12, "attributes": {"alignment": "left", "fontSize": 19, "fontWeight": "normal", "textColor": "AFAFAF", "lineSpacing": 5}}]}, "tokenTTS": {"tokenTTSCollection": [{"startIndex": 0, "endIndex": 1, "ttsURL": "https://d1vq87e9lcf771.cloudfront.net/miguel/0c0d6a3f02863d2582b995a891104d84"}]}, "hints": {"hints": ["he/she goes, you (formal) go"], "hintLinks": [{"index": 0, "rangeStart": 0, "rangeEnd": 1}]}}], [{"styledString": {"text": "nosotros / nosotras\nwe", "styling": [{"from": 0, "to": 8, "attributes": {"alignment": "left", "fontSize": 19, "fontWeight": "bold", "textColor": "4B4B4B", "lineSpacing": 5}}, {"from": 8, "to": 11, "attributes": {"alignment": "left", "fontSize": 19, "fontWeight": "normal", "textColor": "4B4B4B", "lineSpacing": 5}}, {"from": 11, "to": 19, "attributes": {"alignment": "left", "fontSize": 19, "fontWeight": "bold", "textColor": "4B4B4B", "lineSpacing": 5}}, {"from": 19, "to": 20, "attributes": {"alignment": "left", "fontSize": 19, "fontWeight": "normal", "textColor": "4B4B4B", "lineSpacing": 5}}, {"from": 20, "to": 22, "attributes": {"alignment": "left", "fontSize": 19, "fontWeight": "normal", "textColor": "AFAFAF", "lineSpacing": 5}}]}, "tokenTTS": {"tokenTTSCollection": [{"startIndex": 0, "endIndex": 7, "ttsURL": "https://d1vq87e9lcf771.cloudfront.net/miguel/a624405f3a9f9478a2bdb7ea193ca619"}, {"startIndex": 11, "endIndex": 18, "ttsURL": "https://d1vq87e9lcf771.cloudfront.net/miguel/1fa59319dfeea3fc7bc267a1e0dfc644"}]}, "hints": {"hints": ["we", "we"], "hintLinks": [{"index": 0, "rangeStart": 0, "rangeEnd": 7}, {"index": 1, "rangeStart": 11, "rangeEnd": 18}]}}, {"styledString": {"text": "vamos\ngo", "styling": [{"from": 0, "to": 5, "attributes": {"alignment": "left", "fontSize": 19, "fontWeight": "bold", "textColor": "1CB0F6", "lineSpacing": 5}}, {"from": 5, "to": 6, "attributes": {"alignment": "left", "fontSize": 19, "fontWeight": "normal", "textColor": "4B4B4B", "lineSpacing": 5}}, {"from": 6, "to": 8, "attributes": {"alignment": "left", "fontSize": 19, "fontWeight": "normal", "textColor": "AFAFAF", "lineSpacing": 5}}]}, "tokenTTS": {"tokenTTSCollection": [{"startIndex": 0, "endIndex": 4, "ttsURL": "https://d1vq87e9lcf771.cloudfront.net/miguel/bea3d043ffb67e60f76be0aac7407331"}]}, "hints": {"hints": ["we go"], "hintLinks": [{"index": 0, "rangeStart": 0, "rangeEnd": 4}]}}], [{"styledString": {"text": "ellos / ellas / ustedes\nthey / you all", "styling": [{"from": 0, "to": 5, "attributes": {"alignment": "left", "fontSize": 19, "fontWeight": "bold", "textColor": "4B4B4B", "lineSpacing": 5}}, {"from": 5, "to": 8, "attributes": {"alignment": "left", "fontSize": 19, "fontWeight": "normal", "textColor": "4B4B4B", "lineSpacing": 5}}, {"from": 8, "to": 13, "attributes": {"alignment": "left", "fontSize": 19, "fontWeight": "bold", "textColor": "4B4B4B", "lineSpacing": 5}}, {"from": 13, "to": 16, "attributes": {"alignment": "left", "fontSize": 19, "fontWeight": "normal", "textColor": "4B4B4B", "lineSpacing": 5}}, {"from": 16, "to": 23, "attributes": {"alignment": "left", "fontSize": 19, "fontWeight": "bold", "textColor": "4B4B4B", "lineSpacing": 5}}, {"from": 23, "to": 24, "attributes": {"alignment": "left", "fontSize": 19, "fontWeight": "normal", "textColor": "4B4B4B", "lineSpacing": 5}}, {"from": 24, "to": 38, "attributes": {"alignment": "left", "fontSize": 19, "fontWeight": "normal", "textColor": "AFAFAF", "lineSpacing": 5}}]}, "tokenTTS": {"tokenTTSCollection": [{"startIndex": 0, "endIndex": 4, "ttsURL": "https://d1vq87e9lcf771.cloudfront.net/miguel/4881d6e90516a1bca7871cfae5ef97f7"}, {"startIndex": 8, "endIndex": 12, "ttsURL": "https://d1vq87e9lcf771.cloudfront.net/miguel/a5ad1c36b3c049bc1da655b309cf1269"}, {"startIndex": 16, "endIndex": 22, "ttsURL": "https://d1vq87e9lcf771.cloudfront.net/miguel/adaff35042eaa60b1635593807ea3e15"}]}, "hints": {"hints": ["they", "they", "you all"], "hintLinks": [{"index": 0, "rangeStart": 0, "rangeEnd": 4}, {"index": 1, "rangeStart": 8, "rangeEnd": 12}, {"index": 2, "rangeStart": 16, "rangeEnd": 22}]}}, {"styledString": {"text": "van\ngo", "styling": [{"from": 0, "to": 3, "attributes": {"alignment": "left", "fontSize": 19, "fontWeight": "bold", "textColor": "1CB0F6", "lineSpacing": 5}}, {"from": 3, "to": 4, "attributes": {"alignment": "left", "fontSize": 19, "fontWeight": "normal", "textColor": "4B4B4B", "lineSpacing": 5}}, {"from": 4, "to": 6, "attributes": {"alignment": "left", "fontSize": 19, "fontWeight": "normal", "textColor": "AFAFAF", "lineSpacing": 5}}]}, "tokenTTS": {"tokenTTSCollection": [{"startIndex": 0, "endIndex": 2, "ttsURL": "https://d1vq87e9lcf771.cloudfront.net/miguel/c983aab92d76e9724ee6180a73a9168e"}]}, "hints": {"hints": ["they/you all go"], "hintLinks": [{"index": 0, "rangeStart": 0, "rangeEnd": 2}]}}]], "hasShadedHeader": true}, "meta": {"autoPlayableTTS": [], "sectionIndex": 0, "backgroundColor": "DDF4FF"}}, {"type": "verticalSpace", "element": 24, "meta": {"autoPlayableTTS": [], "sectionIndex": 0, "backgroundColor": "DDF4FF"}}], "resourcesToPrefetch": [{"required": false, "url": "https://d1vq87e9lcf771.cloudfront.net/miguel/bea3d043ffb67e60f76be0aac7407331", "type": "mp3"}, {"required": false, "url": "https://d1vq87e9lcf771.cloudfront.net/miguel/1fa59319dfeea3fc7bc267a1e0dfc644", "type": "mp3"}, {"required": false, "url": "https://d1vq87e9lcf771.cloudfront.net/miguel/1432bf3a8c5b6380e1df599a863d9ed0", "type": "mp3"}, {"required": false, "url": "https://d1vq87e9lcf771.cloudfront.net/miguel/adaff35042eaa60b1635593807ea3e15", "type": "mp3"}, {"required": false, "url": "https://d1vq87e9lcf771.cloudfront.net/miguel/729bf0f236b7f4c28304451c46380652", "type": "mp3"}, {"required": false, "url": "https://d1vq87e9lcf771.cloudfront.net/miguel/d8f1e5d4a6f4d14d7ff05e8d5862ecac", "type": "mp3"}, {"required": false, "url": "https://d1vq87e9lcf771.cloudfront.net/miguel/a624405f3a9f9478a2bdb7ea193ca619", "type": "mp3"}, {"required": false, "url": "https://d1vq87e9lcf771.cloudfront.net/miguel/eb6fb864f3757379acec898fb9018d30", "type": "mp3"}, {"required": false, "url": "https://d1vq87e9lcf771.cloudfront.net/miguel/dc9239ea45abfb8a1f807d67adabe2b4", "type": "mp3"}, {"required": false, "url": "https://d1vq87e9lcf771.cloudfront.net/miguel/c983aab92d76e9724ee6180a73a9168e", "type": "mp3"}, {"required": false, "url": "https://d1vq87e9lcf771.cloudfront.net/miguel/7ba0a4fe127b1af95b81af18714bbbbb", "type": "mp3"}, {"required": false, "url": "https://d1vq87e9lcf771.cloudfront.net/miguel/d404807a6a659139de7fe32767b02116", "type": "mp3"}, {"required": false, "url": "https://d1vq87e9lcf771.cloudfront.net/miguel/dc9b6d12fed1ea8e2457931f14128818", "type": "mp3"}, {"required": false, "url": "https://d1vq87e9lcf771.cloudfront.net/miguel/4881d6e90516a1bca7871cfae5ef97f7", "type": "mp3"}, {"required": false, "url": "https://d1vq87e9lcf771.cloudfront.net/miguel/0c0d6a3f02863d2582b995a891104d84", "type": "mp3"}, {"required": false, "url": "https://d1vq87e9lcf771.cloudfront.net/miguel/3160e30c83ba5403b1bf949dbafd83db", "type": "mp3"}, {"required": false, "url": "https://d1vq87e9lcf771.cloudfront.net/miguel/aa0ff446f41920bd854cbcfe38a476e2", "type": "mp3"}, {"required": false, "url": "https://d1vq87e9lcf771.cloudfront.net/miguel/bca264452af2333a2bf60cb7eacbd726", "type": "mp3"}, {"required": false, "url": "https://d1vq87e9lcf771.cloudfront.net/miguel/8d667491e45afbe5b718a5b3e52ea6d9", "type": "mp3"}, {"required": false, "url": "https://d1vq87e9lcf771.cloudfront.net/miguel/a5ad1c36b3c049bc1da655b309cf1269", "type": "mp3"}, {"required": false, "url": "https://d1vq87e9lcf771.cloudfront.net/miguel/80ede63a0610d00d3b14d2efcf6f8978", "type": "mp3"}, {"required": false, "url": "https://d1vq87e9lcf771.cloudfront.net/miguel/2e717e2fe5783a547e2995fe3699350a", "type": "mp3"}]}