{"elements": [{"type": "verticalSpace", "element": 2, "meta": {"autoPlayableTTS": [], "sectionIndex": 0, "backgroundColor": "E5E5E5"}}, {"type": "verticalSpace", "element": 24, "meta": {"autoPlayableTTS": [], "sectionIndex": 0, "backgroundColor": null}}, {"type": "text", "element": {"styledString": {"text": "KEY PHRASES", "styling": [{"from": 0, "to": 11, "attributes": {"alignment": "left", "fontSize": 17, "fontWeight": "bold", "textColor": "1CB0F6", "lineSpacing": 4}}]}, "tokenTTS": {"tokenTTSCollection": []}}, "meta": {"autoPlayableTTS": [], "sectionIndex": 0, "backgroundColor": null}}, {"type": "verticalSpace", "element": 8, "meta": {"autoPlayableTTS": [], "sectionIndex": 0, "backgroundColor": null}}, {"type": "text", "element": {"styledString": {"text": "Use transitional phrases", "styling": [{"from": 0, "to": 24, "attributes": {"alignment": "left", "fontSize": 25, "fontWeight": "bold", "textColor": "4B4B4B", "lineSpacing": 4}}]}, "tokenTTS": {"tokenTTSCollection": []}}, "meta": {"autoPlayableTTS": [], "sectionIndex": 0, "backgroundColor": null}}, {"type": "verticalSpace", "element": 16, "meta": {"autoPlayableTTS": [], "sectionIndex": 0, "backgroundColor": null}}, {"type": "dialogue", "element": {"phrases": [{"text": {"styledString": {"text": "\u00bfO\u00edste que hab\u00eda dos lobos cerca de la caba\u00f1a?", "styling": [{"from": 0, "to": 46, "attributes": {"alignment": "left", "fontSize": 19, "fontWeight": "normal", "textColor": "4B4B4B", "lineSpacing": 5}}]}, "tokenTTS": {"tokenTTSCollection": []}, "blockHints": [{"value": "\u00bf"}, {"value": "O\u00edste", "hintTable": {"rows": [[{"hint": "(?) did you hear", "colspan": 1}], [{"hint": "hear", "colspan": 1}], [{"hint": "(you) heard", "colspan": 1}]], "references": []}, "tts": "https://d1vq87e9lcf771.cloudfront.net/miguel/cafc1d9519a8288de1c1c8235215a32a"}, {"value": " "}, {"value": "que", "hintTable": {"rows": [[{"hint": "that", "colspan": 1}], [{"hint": "to", "colspan": 1}], [{"hint": "because", "colspan": 1}]], "references": []}, "tts": "https://d1vq87e9lcf771.cloudfront.net/miguel/a1ac789b0b8d37cb82d476eff39cdd67"}, {"value": " "}, {"value": "hab\u00eda", "hintTable": {"rows": [[{"hint": "there were", "colspan": 1}], [{"hint": "were", "colspan": 1}], [{"hint": "there was", "colspan": 1}]], "references": []}, "tts": "https://d1vq87e9lcf771.cloudfront.net/miguel/210f829f608612949c55f09b98e79881"}, {"value": " "}, {"value": "dos", "hintTable": {"rows": [[{"hint": "two", "colspan": 1}], [{"hint": "2", "colspan": 1}], [{"hint": "second", "colspan": 1}]], "references": []}, "tts": "https://d1vq87e9lcf771.cloudfront.net/miguel/2139e14c4d528990b8b9d3d857cea59f"}, {"value": " "}, {"value": "lobos", "hintTable": {"rows": [[{"hint": "wolves", "colspan": 1}]], "references": []}, "tts": "https://d1vq87e9lcf771.cloudfront.net/miguel/d506d3ae2f53d4dea6e009e9ad285b67"}, {"value": " "}, {"value": "cerca", "hintTable": {"headers": ["cerca", "de"], "rows": [[{"hint": "near", "colspan": 2}], [{"hint": "nearest", "colspan": 2}], [{"hint": "about", "colspan": 2}], [{"hint": "near", "colspan": 1}, {"colspan": 1}], [{"hint": "close", "colspan": 1}, {"colspan": 1}], [{"hint": "close by", "colspan": 1}, {"colspan": 1}]], "references": [6]}, "tts": "https://d1vq87e9lcf771.cloudfront.net/miguel/6f7799b839ab711ce27dfd125afc50b3"}, {"value": " "}, {"value": "de", "hintTable": {"headers": ["cerca", "de"], "rows": [[{"hint": "near", "colspan": 2}], [{"hint": "nearest", "colspan": 2}], [{"hint": "about", "colspan": 2}], [{"colspan": 1}, {"hint": "'s", "colspan": 2}], [{"colspan": 1}, {"hint": "the", "colspan": 1}], [{"colspan": 1}, {"hint": "to", "colspan": 1}]], "references": [7]}, "tts": "https://d1vq87e9lcf771.cloudfront.net/miguel/7c3dc4295f4bfedec518e38299ea8dc5"}, {"value": " "}, {"value": "la", "hintTable": {"headers": ["de", "la"], "rows": [[{"hint": "'s", "colspan": 2}], [{"colspan": 1}, {"hint": "the", "colspan": 1}], [{"colspan": 1}, {"hint": "your", "colspan": 1}], [{"colspan": 1}, {"hint": "her", "colspan": 1}]], "references": [6]}, "tts": "https://d1vq87e9lcf771.cloudfront.net/miguel/e9ea010281921357dd4b130d51e7488b"}, {"value": " "}, {"value": "caba\u00f1a", "hintTable": {"rows": [[{"hint": "cabin", "colspan": 1}]], "references": []}, "tts": "https://d1vq87e9lcf771.cloudfront.net/miguel/a13af7621d421346c8b5178119621025"}, {"value": "?"}]}, "subtext": {"styledString": {"text": "Did you hear that there were two wolves near the cabin?", "styling": [{"from": 0, "to": 55, "attributes": {"alignment": "left", "fontSize": 19, "fontWeight": "normal", "textColor": "AFAFAF", "lineSpacing": 5}}]}, "tokenTTS": {"tokenTTSCollection": []}}, "ttsURL": "https://d1vq87e9lcf771.cloudfront.net/miguel/68cf236132e21f8c36313beeaa14a7b8"}, {"text": {"styledString": {"text": "Mira, no creo que haya visto un lobo por aqu\u00ed.", "styling": [{"from": 0, "to": 46, "attributes": {"alignment": "left", "fontSize": 19, "fontWeight": "normal", "textColor": "4B4B4B", "lineSpacing": 5}}]}, "tokenTTS": {"tokenTTSCollection": []}, "blockHints": [{"value": "Mira", "hintTable": {"rows": [[{"hint": "look", "colspan": 1}], [{"hint": "look at", "colspan": 1}], [{"hint": "looks at", "colspan": 1}]], "references": []}, "tts": "https://d1vq87e9lcf771.cloudfront.net/miguel/642f06dc39735f0992d909d9b03d36ef"}, {"value": ","}, {"value": " "}, {"value": "no", "hintTable": {"rows": [[{"hint": "don't", "colspan": 1}], [{"hint": "do not", "colspan": 1}], [{"hint": "not", "colspan": 1}]], "references": []}, "tts": "https://d1vq87e9lcf771.cloudfront.net/miguel/e56dc9c59b5e999bbe4a986911a59034"}, {"value": " "}, {"value": "creo", "hintTable": {"rows": [[{"hint": "(I) think", "colspan": 1}], [{"hint": "think", "colspan": 1}], [{"hint": "(?) do I create", "colspan": 1}]], "references": []}, "tts": "https://d1vq87e9lcf771.cloudfront.net/miguel/5b8e3344fced92523c9424939ac8e06e"}, {"value": " "}, {"value": "que", "hintTable": {"headers": ["que", "haya"], "rows": [[{"hint": "there's", "colspan": 2}], [{"hint": "I hope", "colspan": 1}, {"colspan": 1}], [{"hint": "that", "colspan": 1}, {"colspan": 1}], [{"hint": "because", "colspan": 1}, {"colspan": 1}]], "references": [4]}, "tts": "https://d1vq87e9lcf771.cloudfront.net/miguel/a1ac789b0b8d37cb82d476eff39cdd67"}, {"value": " "}, {"value": "haya", "hintTable": {"headers": ["que", "haya"], "rows": [[{"hint": "there's", "colspan": 2}], [{"colspan": 1}, {"hint": "i've", "colspan": 1}], [{"colspan": 1}, {"hint": "I have", "colspan": 1}], [{"colspan": 1}, {"hint": "have", "colspan": 1}]], "references": [3]}, "tts": "https://d1vq87e9lcf771.cloudfront.net/miguel/de1928feb909bc6500586c00acdb3818"}, {"value": " "}, {"value": "visto", "hintTable": {"rows": [[{"hint": "seen", "colspan": 1}], [{"hint": "(I) wear", "colspan": 1}], [{"hint": "looked", "colspan": 1}]], "references": []}, "tts": "https://d1vq87e9lcf771.cloudfront.net/miguel/402a3503f6b4a798d3e872d39d0c7d02"}, {"value": " "}, {"value": "un", "hintTable": {"rows": [[{"hint": "a", "colspan": 1}], [{"hint": "one", "colspan": 1}], [{"hint": "an", "colspan": 1}]], "references": []}, "tts": "https://d1vq87e9lcf771.cloudfront.net/miguel/77f436e44094f0912fa76368e873f996"}, {"value": " "}, {"value": "lobo", "hintTable": {"rows": [[{"hint": "wolf", "colspan": 1}], [{"hint": "garish", "colspan": 1}], [{"hint": "tacky", "colspan": 1}]], "references": []}, "tts": "https://d1vq87e9lcf771.cloudfront.net/miguel/fc7269bfedc2a4eba39dd204258e2201"}, {"value": " "}, {"value": "por", "hintTable": {"rows": [[{"hint": "around", "colspan": 1}], [{"hint": "that", "colspan": 1}], [{"hint": "over", "colspan": 1}]], "references": []}, "tts": "https://d1vq87e9lcf771.cloudfront.net/miguel/e339e0bfe581d755bb02344cc04edecc"}, {"value": " "}, {"value": "aqu\u00ed", "hintTable": {"rows": [[{"hint": "here", "colspan": 1}]], "references": []}, "tts": "https://d1vq87e9lcf771.cloudfront.net/miguel/b4b03c7841b0ca940c16d88eb7409201"}, {"value": "."}]}, "subtext": {"styledString": {"text": "Look, I don't think I've seen a wolf around here.", "styling": [{"from": 0, "to": 49, "attributes": {"alignment": "left", "fontSize": 19, "fontWeight": "normal", "textColor": "AFAFAF", "lineSpacing": 5}}]}, "tokenTTS": {"tokenTTSCollection": []}}, "ttsURL": "https://d1vq87e9lcf771.cloudfront.net/miguel/c2272d539a77e92b2219ba69f17434f5"}]}, "meta": {"autoPlayableTTS": [], "sectionIndex": 0, "backgroundColor": null}}, {"type": "verticalSpace", "element": 16, "meta": {"autoPlayableTTS": [], "sectionIndex": 0, "backgroundColor": null}}, {"type": "dialogue", "element": {"phrases": [{"text": {"styledString": {"text": "Oye, \u00a1no te acerques al le\u00f3n!", "styling": [{"from": 0, "to": 29, "attributes": {"alignment": "left", "fontSize": 19, "fontWeight": "normal", "textColor": "4B4B4B", "lineSpacing": 5}}]}, "tokenTTS": {"tokenTTSCollection": []}, "blockHints": [{"value": "Oye", "hintTable": {"rows": [[{"hint": "hey", "colspan": 1}], [{"hint": "(you) hear", "colspan": 1}], [{"hint": "hears", "colspan": 1}]], "references": []}, "tts": "https://d1vq87e9lcf771.cloudfront.net/miguel/2e89dce479ffcbc61c255b677128f78b"}, {"value": ","}, {"value": " "}, {"value": "\u00a1"}, {"value": "no", "hintTable": {"rows": [[{"hint": "don't", "colspan": 1}], [{"hint": "do not", "colspan": 1}], [{"hint": "not", "colspan": 1}]], "references": []}, "tts": "https://d1vq87e9lcf771.cloudfront.net/miguel/e56dc9c59b5e999bbe4a986911a59034"}, {"value": " "}, {"value": "te", "hintTable": {"headers": ["te", "acerques"], "rows": [[{"hint": "get close", "colspan": 2}], [{"hint": "approach", "colspan": 2}], [{"hint": "to you", "colspan": 1}, {"colspan": 1}], [{"hint": "your", "colspan": 1}, {"colspan": 1}], [{"hint": "you", "colspan": 1}, {"colspan": 1}]], "references": [3]}, "tts": "https://d1vq87e9lcf771.cloudfront.net/miguel/d7cd39e9a857d0b69e8da9436b0441c3"}, {"value": " "}, {"value": "acerques", "hintTable": {"headers": ["te", "acerques"], "rows": [[{"hint": "get close", "colspan": 2}], [{"hint": "approach", "colspan": 2}], [{"colspan": 1}, {"hint": "(you) get closer / nearer", "colspan": 1}], [{"colspan": 1}, {"hint": "(you) approach", "colspan": 1}], [{"colspan": 1}, {"hint": "(you) draw / come closer together", "colspan": 1}]], "references": [2]}, "tts": "https://d1vq87e9lcf771.cloudfront.net/miguel/83a911f093fc75b43f7d5c356a780dbb"}, {"value": " "}, {"value": "al", "hintTable": {"rows": [[{"hint": "to the", "colspan": 1}], [{"hint": "the", "colspan": 1}], [{"hint": "to", "colspan": 1}]], "references": []}, "tts": "https://d1vq87e9lcf771.cloudfront.net/miguel/96cab1b14b78e988600b8ec5432007c6"}, {"value": " "}, {"value": "le\u00f3n", "hintTable": {"rows": [[{"hint": "lion", "colspan": 1}]], "references": []}, "tts": "https://d1vq87e9lcf771.cloudfront.net/miguel/2e1716c8b4fed247cee67e645a8e40ae"}, {"value": "!"}]}, "subtext": {"styledString": {"text": "Hey, don't get close to the lion!", "styling": [{"from": 0, "to": 33, "attributes": {"alignment": "left", "fontSize": 19, "fontWeight": "normal", "textColor": "AFAFAF", "lineSpacing": 5}}]}, "tokenTTS": {"tokenTTSCollection": []}}, "ttsURL": "https://d1vq87e9lcf771.cloudfront.net/miguel/d78347c4b8c171568e985389fa178530"}]}, "meta": {"autoPlayableTTS": [], "sectionIndex": 0, "backgroundColor": null}}, {"type": "verticalSpace", "element": 16, "meta": {"autoPlayableTTS": [], "sectionIndex": 0, "backgroundColor": null}}, {"type": "dialogue", "element": {"phrases": [{"text": {"styledString": {"text": "Es decir, ama a los animales, pero no tiene mascotas.", "styling": [{"from": 0, "to": 53, "attributes": {"alignment": "left", "fontSize": 19, "fontWeight": "normal", "textColor": "4B4B4B", "lineSpacing": 5}}]}, "tokenTTS": {"tokenTTSCollection": []}, "blockHints": [{"value": "Es", "hintTable": {"rows": [[{"hint": "(?) is she", "colspan": 1}], [{"hint": "(she) is", "colspan": 1}], [{"hint": "(he) is", "colspan": 1}]], "references": []}, "tts": "https://d1vq87e9lcf771.cloudfront.net/miguel/88bcf53446c728520f69b8a164c6e011"}, {"value": " "}, {"value": "decir", "hintTable": {"rows": [[{"hint": "(to) say", "colspan": 1}], [{"hint": "say", "colspan": 1}], [{"hint": "(to) tell", "colspan": 1}]], "references": []}, "tts": "https://d1vq87e9lcf771.cloudfront.net/miguel/9c90bf67c906d552424245afc1daf313"}, {"value": ","}, {"value": " "}, {"value": "ama", "hintTable": {"headers": ["ama", "a"], "rows": [[{"hint": "loves", "colspan": 2}], [{"hint": "love", "colspan": 2}], [{"hint": "(she) loves", "colspan": 1}, {"colspan": 1}], [{"hint": "(he) loves", "colspan": 1}, {"colspan": 1}], [{"hint": "loves", "colspan": 1}, {"colspan": 1}]], "references": [3]}, "tts": "https://d1vq87e9lcf771.cloudfront.net/miguel/f1d9cef92b6a22d20f898f4a9c227d84"}, {"value": " "}, {"value": "a", "hintTable": {"headers": ["ama", "a"], "rows": [[{"hint": "loves", "colspan": 2}], [{"hint": "love", "colspan": 2}], [{"colspan": 1}, {"hint": "to", "colspan": 1}], [{"colspan": 1}, {"hint": "in", "colspan": 1}], [{"colspan": 1}, {"hint": "with", "colspan": 1}]], "references": [2]}, "tts": "https://d1vq87e9lcf771.cloudfront.net/miguel/a615ab7aef51e62ab81ce9255166fc65"}, {"value": " "}, {"value": "los", "hintTable": {"rows": [[{"hint": "the", "colspan": 1}], [{"hint": "you", "colspan": 1}], [{"hint": "their", "colspan": 1}]], "references": []}, "tts": "https://d1vq87e9lcf771.cloudfront.net/miguel/d863d8aa552c7c1c67edddbdd43fc33f"}, {"value": " "}, {"value": "animales", "hintTable": {"rows": [[{"hint": "animals", "colspan": 1}]], "references": []}, "tts": "https://d1vq87e9lcf771.cloudfront.net/miguel/e6b2890a9155c8fd27631da95690c684"}, {"value": ","}, {"value": " "}, {"value": "pero", "hintTable": {"rows": [[{"hint": "but", "colspan": 1}], [{"hint": "yet", "colspan": 1}]], "references": []}, "tts": "https://d1vq87e9lcf771.cloudfront.net/miguel/a1ffdd0c0a4cbaaa368cff9d686d92a0"}, {"value": " "}, {"value": "no", "hintTable": {"headers": ["no", "tiene"], "rows": [[{"hint": "(it) doesn't have any", "colspan": 2}], [{"hint": "isn't", "colspan": 2}], [{"hint": "doesn't", "colspan": 1}, {"colspan": 1}], [{"hint": "n't", "colspan": 1}, {"colspan": 1}], [{"hint": "wasn't", "colspan": 1}, {"colspan": 1}]], "references": [8]}, "tts": "https://d1vq87e9lcf771.cloudfront.net/miguel/e56dc9c59b5e999bbe4a986911a59034"}, {"value": " "}, {"value": "tiene", "hintTable": {"headers": ["no", "tiene"], "rows": [[{"hint": "(it) doesn't have any", "colspan": 2}], [{"hint": "isn't", "colspan": 2}], [{"colspan": 1}, {"hint": "(?) does she have", "colspan": 1}], [{"colspan": 1}, {"hint": "(she) is", "colspan": 1}], [{"colspan": 1}, {"hint": "(he) is", "colspan": 1}]], "references": [7]}, "tts": "https://d1vq87e9lcf771.cloudfront.net/miguel/0e0e010d79f38ee9399791a6ac12469e"}, {"value": " "}, {"value": "mascotas", "hintTable": {"rows": [[{"hint": "pets", "colspan": 1}], [{"hint": "pet", "colspan": 1}], [{"hint": "mascots", "colspan": 1}]], "references": []}, "tts": "https://d1vq87e9lcf771.cloudfront.net/miguel/29030bd2f24e8fa5f8979742a0fcdc54"}, {"value": "."}]}, "subtext": {"styledString": {"text": "That is, she loves animals, but she doesn't have pets.", "styling": [{"from": 0, "to": 54, "attributes": {"alignment": "left", "fontSize": 19, "fontWeight": "normal", "textColor": "AFAFAF", "lineSpacing": 5}}]}, "tokenTTS": {"tokenTTSCollection": []}}, "ttsURL": "https://d1vq87e9lcf771.cloudfront.net/miguel/f0d4fc4869d14df03dc019e9ecf234a8"}]}, "meta": {"autoPlayableTTS": [], "sectionIndex": 0, "backgroundColor": null}}, {"type": "verticalSpace", "element": 16, "meta": {"autoPlayableTTS": [], "sectionIndex": 0, "backgroundColor": null}}, {"type": "dialogue", "element": {"phrases": [{"text": {"styledString": {"text": "Espera, \u00bfno permiten perros en el edificio?", "styling": [{"from": 0, "to": 43, "attributes": {"alignment": "left", "fontSize": 19, "fontWeight": "normal", "textColor": "4B4B4B", "lineSpacing": 5}}]}, "tokenTTS": {"tokenTTSCollection": []}, "blockHints": [{"value": "Espera", "hintTable": {"rows": [[{"hint": "(you) wait", "colspan": 1}], [{"hint": "wait", "colspan": 1}], [{"hint": "hold on", "colspan": 1}]], "references": []}, "tts": "https://d1vq87e9lcf771.cloudfront.net/miguel/dfd484bae9bcf99ca2a3afe1427dff8d"}, {"value": ","}, {"value": " "}, {"value": "\u00bf"}, {"value": "no", "hintTable": {"rows": [[{"hint": "don't", "colspan": 1}], [{"hint": "do not", "colspan": 1}], [{"hint": "are not", "colspan": 1}]], "references": []}, "tts": "https://d1vq87e9lcf771.cloudfront.net/miguel/e56dc9c59b5e999bbe4a986911a59034"}, {"value": " "}, {"value": "permiten", "hintTable": {"rows": [[{"hint": "(they/you-plural) allow", "colspan": 1}], [{"hint": "allow", "colspan": 1}], [{"hint": "(they/you-plural) permit", "colspan": 1}]], "references": []}, "tts": "https://d1vq87e9lcf771.cloudfront.net/miguel/6ad6da4c6947d6d898c8eb40877cf07e"}, {"value": " "}, {"value": "perros", "hintTable": {"rows": [[{"hint": "dogs", "colspan": 1}], [{"hint": "dog", "colspan": 1}]], "references": []}, "tts": "https://d1vq87e9lcf771.cloudfront.net/miguel/7490420a8506cb8f2762e3649d6d09a8"}, {"value": " "}, {"value": "en", "hintTable": {"rows": [[{"hint": "in", "colspan": 1}], [{"hint": "on", "colspan": 1}], [{"hint": "under", "colspan": 1}]], "references": []}, "tts": "https://d1vq87e9lcf771.cloudfront.net/miguel/953baa0ff97009a5374e3a2695ce7f5c"}, {"value": " "}, {"value": "el", "hintTable": {"rows": [[{"hint": "the", "colspan": 1}], [{"hint": "your", "colspan": 1}], [{"hint": "their", "colspan": 1}]], "references": []}, "tts": "https://d1vq87e9lcf771.cloudfront.net/penelope/b47f0c6243dc0dd607abd744189eec05"}, {"value": " "}, {"value": "edificio", "hintTable": {"rows": [[{"hint": "building", "colspan": 1}]], "references": []}, "tts": "https://d1vq87e9lcf771.cloudfront.net/miguel/871beef90b645173ccfd6d01c67c13b2"}, {"value": "?"}]}, "subtext": {"styledString": {"text": "Wait, they don't allow dogs in the building?", "styling": [{"from": 0, "to": 44, "attributes": {"alignment": "left", "fontSize": 19, "fontWeight": "normal", "textColor": "AFAFAF", "lineSpacing": 5}}]}, "tokenTTS": {"tokenTTSCollection": []}}, "ttsURL": "https://d1vq87e9lcf771.cloudfront.net/miguel/6e8fd30d02e0f8135c8b74d73c8b4e99"}]}, "meta": {"autoPlayableTTS": [], "sectionIndex": 0, "backgroundColor": null}}, {"type": "verticalSpace", "element": 16, "meta": {"autoPlayableTTS": [], "sectionIndex": 0, "backgroundColor": null}}, {"type": "dialogue", "element": {"phrases": [{"text": {"styledString": {"text": "Por lo que veo, te asustas si ves una cucaracha.", "styling": [{"from": 0, "to": 48, "attributes": {"alignment": "left", "fontSize": 19, "fontWeight": "normal", "textColor": "4B4B4B", "lineSpacing": 5}}]}, "tokenTTS": {"tokenTTSCollection": []}, "blockHints": [{"value": "Por", "hintTable": {"headers": ["por", "lo", "que"], "rows": [[{"hint": "so", "colspan": 3}], [{"hint": "from", "colspan": 1}, {"colspan": 1}, {"colspan": 1}], [{"hint": "at", "colspan": 1}, {"colspan": 1}, {"colspan": 1}], [{"hint": "to", "colspan": 1}, {"colspan": 1}, {"colspan": 1}]], "references": [1, 2]}, "tts": "https://d1vq87e9lcf771.cloudfront.net/miguel/e339e0bfe581d755bb02344cc04edecc"}, {"value": " "}, {"value": "lo", "hintTable": {"headers": ["por", "lo", "que"], "rows": [[{"hint": "so", "colspan": 3}], [{"colspan": 1}, {"hint": "what", "colspan": 2}], [{"colspan": 1}, {"hint": "things", "colspan": 2}], [{"colspan": 1}, {"hint": "that", "colspan": 2}]], "references": [2]}, "tts": "https://d1vq87e9lcf771.cloudfront.net/miguel/e21f9356c6da5313fc1311d6dbde33c3"}, {"value": " "}, {"value": "que", "hintTable": {"headers": ["por", "lo", "que"], "rows": [[{"hint": "so", "colspan": 3}], [{"colspan": 1}, {"hint": "what", "colspan": 2}], [{"colspan": 1}, {"hint": "things", "colspan": 2}], [{"colspan": 1}, {"hint": "that", "colspan": 2}]], "references": [1]}, "tts": "https://d1vq87e9lcf771.cloudfront.net/miguel/a1ac789b0b8d37cb82d476eff39cdd67"}, {"value": " "}, {"value": "veo", "hintTable": {"rows": [[{"hint": "(I) see", "colspan": 1}], [{"hint": "see", "colspan": 1}], [{"hint": "(I) can see", "colspan": 1}]], "references": []}, "tts": "https://d1vq87e9lcf771.cloudfront.net/miguel/6d083b00ca52ccb2f29c7105d411a73a"}, {"value": ","}, {"value": " "}, {"value": "te", "hintTable": {"headers": ["te", "asustas"], "rows": [[{"hint": "(?) do you get scared", "colspan": 2}], [{"hint": "you", "colspan": 1}, {"colspan": 1}], [{"hint": "to you", "colspan": 1}, {"colspan": 1}], [{"hint": "your", "colspan": 1}, {"colspan": 1}]], "references": [5]}, "tts": "https://d1vq87e9lcf771.cloudfront.net/miguel/d7cd39e9a857d0b69e8da9436b0441c3"}, {"value": " "}, {"value": "asustas", "hintTable": {"headers": ["te", "asustas"], "rows": [[{"hint": "(?) do you get scared", "colspan": 2}], [{"colspan": 1}, {"hint": "scare", "colspan": 1}]], "references": [4]}, "tts": "https://d1vq87e9lcf771.cloudfront.net/miguel/b05ac4c71346520e99dde5231c6c42e5"}, {"value": " "}, {"value": "si", "hintTable": {"rows": [[{"hint": "if", "colspan": 1}], [{"hint": "alternatively", "colspan": 1}], [{"hint": "though", "colspan": 1}]], "references": []}, "tts": "https://d1vq87e9lcf771.cloudfront.net/miguel/c955c40055195c3a4a1d37a5f24041f0"}, {"value": " "}, {"value": "ves", "hintTable": {"rows": [[{"hint": "see", "colspan": 1}], [{"hint": "(?) do you see", "colspan": 1}], [{"hint": "(?) do you watch", "colspan": 1}]], "references": []}, "tts": "https://d1vq87e9lcf771.cloudfront.net/miguel/7487430bc2283b1dddefae2cf6ad743a"}, {"value": " "}, {"value": "una", "hintTable": {"rows": [[{"hint": "a", "colspan": 1}], [{"hint": "one", "colspan": 1}], [{"hint": "1", "colspan": 1}]], "references": []}, "tts": "https://d1vq87e9lcf771.cloudfront.net/miguel/9f4116cf1d768fa9eb00e290f9285cc7"}, {"value": " "}, {"value": "cucaracha", "hintTable": {"rows": [[{"hint": "cockroach", "colspan": 1}]], "references": []}, "tts": "https://d1vq87e9lcf771.cloudfront.net/miguel/4476776fb0ff3af32a8703add6f2b1c2"}, {"value": "."}]}, "subtext": {"styledString": {"text": "From what I gather, you get scared if you see a cockroach.", "styling": [{"from": 0, "to": 58, "attributes": {"alignment": "left", "fontSize": 19, "fontWeight": "normal", "textColor": "AFAFAF", "lineSpacing": 5}}]}, "tokenTTS": {"tokenTTSCollection": []}}, "ttsURL": "https://d1vq87e9lcf771.cloudfront.net/miguel/e415bec398b4d3a009be64670b39cda6"}]}, "meta": {"autoPlayableTTS": [], "sectionIndex": 0, "backgroundColor": null}}, {"type": "verticalSpace", "element": 24, "meta": {"autoPlayableTTS": [], "sectionIndex": 0, "backgroundColor": null}}], "resourcesToPrefetch": [{"required": false, "url": "https://d1vq87e9lcf771.cloudfront.net/miguel/6e8fd30d02e0f8135c8b74d73c8b4e99", "type": "mp3"}, {"required": false, "url": "https://d1vq87e9lcf771.cloudfront.net/miguel/d78347c4b8c171568e985389fa178530", "type": "mp3"}, {"required": false, "url": "https://d1vq87e9lcf771.cloudfront.net/miguel/f0d4fc4869d14df03dc019e9ecf234a8", "type": "mp3"}, {"required": false, "url": "https://d1vq87e9lcf771.cloudfront.net/miguel/c2272d539a77e92b2219ba69f17434f5", "type": "mp3"}, {"required": false, "url": "https://d1vq87e9lcf771.cloudfront.net/miguel/e415bec398b4d3a009be64670b39cda6", "type": "mp3"}, {"required": false, "url": "https://d1vq87e9lcf771.cloudfront.net/miguel/68cf236132e21f8c36313beeaa14a7b8", "type": "mp3"}]}