{"elements": [{"type": "verticalSpace", "element": 2, "meta": {"autoPlayableTTS": [], "sectionIndex": 0, "backgroundColor": "E5E5E5"}}, {"type": "verticalSpace", "element": 24, "meta": {"autoPlayableTTS": [], "sectionIndex": 0, "backgroundColor": null}}, {"type": "text", "element": {"styledString": {"text": "KEY PHRASES", "styling": [{"from": 0, "to": 11, "attributes": {"alignment": "left", "fontSize": 17, "fontWeight": "bold", "textColor": "1CB0F6", "lineSpacing": 4}}]}, "tokenTTS": {"tokenTTSCollection": []}}, "meta": {"autoPlayableTTS": [], "sectionIndex": 0, "backgroundColor": null}}, {"type": "verticalSpace", "element": 8, "meta": {"autoPlayableTTS": [], "sectionIndex": 0, "backgroundColor": null}}, {"type": "text", "element": {"styledString": {"text": "Use relative pronouns", "styling": [{"from": 0, "to": 21, "attributes": {"alignment": "left", "fontSize": 25, "fontWeight": "bold", "textColor": "4B4B4B", "lineSpacing": 4}}]}, "tokenTTS": {"tokenTTSCollection": []}}, "meta": {"autoPlayableTTS": [], "sectionIndex": 0, "backgroundColor": null}}, {"type": "verticalSpace", "element": 16, "meta": {"autoPlayableTTS": [], "sectionIndex": 0, "backgroundColor": null}}, {"type": "dialogue", "element": {"phrases": [{"text": {"styledString": {"text": "Je pense que ce cadeau lui plairait beaucoup.", "styling": [{"from": 0, "to": 45, "attributes": {"alignment": "left", "fontSize": 19, "fontWeight": "normal", "textColor": "4B4B4B", "lineSpacing": 5}}]}, "tokenTTS": {"tokenTTSCollection": []}, "blockHints": [{"value": "Je", "hintTable": {"rows": [[{"hint": "I", "colspan": 1}], [{"hint": "me", "colspan": 1}]], "references": []}, "tts": "https://d1vq87e9lcf771.cloudfront.net/danielle/bc9e4b13acbd7ff5019b443aa471b4de"}, {"value": " "}, {"value": "pense", "hintTable": {"rows": [[{"hint": "think", "colspan": 1}], [{"hint": "thinking", "colspan": 1}], [{"hint": "is thinking of", "colspan": 1}]], "references": []}, "tts": "https://d1vq87e9lcf771.cloudfront.net/danielle/ff6153eef1bfe9115ccbf81c31ad8b9b"}, {"value": " "}, {"value": "que", "hintTable": {"rows": [[{"hint": "that", "colspan": 1}], [{"hint": "than", "colspan": 1}], [{"hint": "those", "colspan": 1}]], "references": []}, "tts": "https://d1vq87e9lcf771.cloudfront.net/danielle/f7a988c9818f00f37039ade65f8d6b1c"}, {"value": " "}, {"value": "ce", "hintTable": {"rows": [[{"hint": "this", "colspan": 1}], [{"hint": "that", "colspan": 1}], [{"hint": "she", "colspan": 1}]], "references": []}, "tts": "https://d1vq87e9lcf771.cloudfront.net/danielle/7a1b56deded82e10d0dbe21416f241bb"}, {"value": " "}, {"value": "cadeau", "hintTable": {"rows": [[{"hint": "present", "colspan": 1}]], "references": []}, "tts": "https://d1vq87e9lcf771.cloudfront.net/danielle/e28688a58c6f39631b3b1aee81e71222"}, {"value": " "}, {"value": "lui", "hintTable": {"rows": [[{"hint": "she", "colspan": 1}], [{"hint": "to her", "colspan": 1}], [{"hint": "to him", "colspan": 1}]], "references": []}, "tts": "https://d1vq87e9lcf771.cloudfront.net/danielle/d415a3d2fd96062ffa27d2d47abe31a8"}, {"value": " "}, {"value": "plairait", "hintTable": {"rows": [[{"hint": "would like", "colspan": 1}], [{"hint": "would please", "colspan": 1}]], "references": []}, "tts": "https://d1vq87e9lcf771.cloudfront.net/danielle/851bcd8f804e9965b3f6d07dc7eea743"}, {"value": " "}, {"value": "beaucoup", "hintTable": {"rows": [[{"hint": "a lot", "colspan": 1}], [{"hint": "lot", "colspan": 1}], [{"hint": "very much", "colspan": 1}]], "references": []}, "tts": "https://d1vq87e9lcf771.cloudfront.net/danielle/527d8cb182fc8b10bd2349588aa2a86b"}, {"value": "."}]}, "subtext": {"styledString": {"text": "I think that she would like this present a lot.", "styling": [{"from": 0, "to": 47, "attributes": {"alignment": "left", "fontSize": 19, "fontWeight": "normal", "textColor": "AFAFAF", "lineSpacing": 5}}]}, "tokenTTS": {"tokenTTSCollection": []}}, "ttsURL": "https://d1vq87e9lcf771.cloudfront.net/danielle/2ecc7fd6380f4f39553e0f931868fea6"}, {"text": {"styledString": {"text": "Oui, Louis aime tout ce qui co\u00fbte tr\u00e8s cher.", "styling": [{"from": 0, "to": 44, "attributes": {"alignment": "left", "fontSize": 19, "fontWeight": "normal", "textColor": "4B4B4B", "lineSpacing": 5}}]}, "tokenTTS": {"tokenTTSCollection": []}, "blockHints": [{"value": "Oui", "hintTable": {"rows": [[{"hint": "yes", "colspan": 1}]], "references": []}, "tts": "https://d1vq87e9lcf771.cloudfront.net/danielle/18b92825cd15e502daa75a0d64f3cdd4"}, {"value": ","}, {"value": " "}, {"value": "Louis", "hintTable": {"rows": [[{"hint": "Louis", "colspan": 1}]], "references": []}, "tts": "https://d1vq87e9lcf771.cloudfront.net/danielle/7fed5a7500561238179cefbfcd802705"}, {"value": " "}, {"value": "aime", "hintTable": {"rows": [[{"hint": "loves", "colspan": 1}], [{"hint": "likes", "colspan": 1}], [{"hint": "like", "colspan": 1}]], "references": []}, "tts": "https://d1vq87e9lcf771.cloudfront.net/danielle/d97036ecd3c39daa91bb4382edead7b4"}, {"value": " "}, {"value": "tout", "hintTable": {"headers": ["tout", "ce", "qui"], "rows": [[{"hint": "everything", "colspan": 3}], [{"hint": "whatever", "colspan": 3}], [{"hint": "any", "colspan": 1}, {"colspan": 1}, {"colspan": 1}], [{"hint": "all", "colspan": 1}, {"colspan": 1}, {"colspan": 1}], [{"hint": "their all", "colspan": 1}, {"colspan": 1}, {"colspan": 1}]], "references": [4, 5]}, "tts": "https://d1vq87e9lcf771.cloudfront.net/danielle/71131532950192f488af03eb4ee32486"}, {"value": " "}, {"value": "ce", "hintTable": {"headers": ["tout", "ce", "qui"], "rows": [[{"hint": "everything", "colspan": 3}], [{"hint": "whatever", "colspan": 3}], [{"colspan": 1}, {"hint": "that", "colspan": 2}], [{"colspan": 1}, {"hint": "which", "colspan": 2}], [{"colspan": 1}, {"hint": "what", "colspan": 2}]], "references": [5]}, "tts": "https://d1vq87e9lcf771.cloudfront.net/danielle/7a1b56deded82e10d0dbe21416f241bb"}, {"value": " "}, {"value": "qui", "hintTable": {"headers": ["tout", "ce", "qui"], "rows": [[{"hint": "everything", "colspan": 3}], [{"hint": "whatever", "colspan": 3}], [{"colspan": 1}, {"hint": "that", "colspan": 2}], [{"colspan": 1}, {"hint": "which", "colspan": 2}], [{"colspan": 1}, {"hint": "what", "colspan": 2}]], "references": [4]}, "tts": "https://d1vq87e9lcf771.cloudfront.net/danielle/61bfa62229ad557283c6bdcf256e213f"}, {"value": " "}, {"value": "co\u00fbte", "hintTable": {"rows": [[{"hint": "costs", "colspan": 1}], [{"hint": "cost", "colspan": 1}], [{"hint": "is", "colspan": 1}]], "references": []}, "tts": "https://d1vq87e9lcf771.cloudfront.net/danielle/94d852486d1a1ceaf2c6af11fab37f56"}, {"value": " "}, {"value": "tr\u00e8s", "hintTable": {"rows": [[{"hint": "very", "colspan": 1}], [{"hint": "really", "colspan": 1}]], "references": []}, "tts": "https://d1vq87e9lcf771.cloudfront.net/danielle/2abffa4a5bd9dad8f047d03440a48007"}, {"value": " "}, {"value": "cher", "hintTable": {"rows": [[{"hint": "expensive", "colspan": 1}]], "references": []}, "tts": "https://d1vq87e9lcf771.cloudfront.net/danielle/c100a16a781bca83abad703f0a84d4aa"}, {"value": "."}]}, "subtext": {"styledString": {"text": "Yes, Louis likes everything that is very expensive.", "styling": [{"from": 0, "to": 51, "attributes": {"alignment": "left", "fontSize": 19, "fontWeight": "normal", "textColor": "AFAFAF", "lineSpacing": 5}}]}, "tokenTTS": {"tokenTTSCollection": []}}, "ttsURL": "https://d1vq87e9lcf771.cloudfront.net/danielle/d9ca5a5164ac4a36041cdc4b75df07ae"}]}, "meta": {"autoPlayableTTS": [], "sectionIndex": 0, "backgroundColor": null}}, {"type": "verticalSpace", "element": 16, "meta": {"autoPlayableTTS": [], "sectionIndex": 0, "backgroundColor": null}}, {"type": "dialogue", "element": {"phrases": [{"text": {"styledString": {"text": "Tu sais ce qui me plairait pour mon anniversaire ?", "styling": [{"from": 0, "to": 50, "attributes": {"alignment": "left", "fontSize": 19, "fontWeight": "normal", "textColor": "4B4B4B", "lineSpacing": 5}}]}, "tokenTTS": {"tokenTTSCollection": []}, "blockHints": [{"value": "Tu", "hintTable": {"rows": [[{"hint": "you", "colspan": 1}], [{"hint": "you'll", "colspan": 1}]], "references": []}, "tts": "https://d1vq87e9lcf771.cloudfront.net/danielle/108696c9e1fe68d2beb23bb6f937a618"}, {"value": " "}, {"value": "sais", "hintTable": {"rows": [[{"hint": "know", "colspan": 1}], [{"hint": "know how", "colspan": 1}], [{"hint": "can", "colspan": 1}]], "references": []}, "tts": "https://d1vq87e9lcf771.cloudfront.net/danielle/e4f6b7f09c908414195e3331710d81b8"}, {"value": " "}, {"value": "ce", "hintTable": {"headers": ["ce", "qui"], "rows": [[{"hint": "what", "colspan": 2}], [{"hint": "that", "colspan": 2}], [{"hint": "which", "colspan": 2}], [{"hint": "it", "colspan": 1}, {"colspan": 1}], [{"hint": "that", "colspan": 1}, {"colspan": 1}], [{"hint": "this", "colspan": 1}, {"colspan": 1}]], "references": [3]}, "tts": "https://d1vq87e9lcf771.cloudfront.net/danielle/7a1b56deded82e10d0dbe21416f241bb"}, {"value": " "}, {"value": "qui", "hintTable": {"headers": ["ce", "qui"], "rows": [[{"hint": "what", "colspan": 2}], [{"hint": "that", "colspan": 2}], [{"hint": "which", "colspan": 2}], [{"colspan": 1}, {"hint": "that", "colspan": 1}], [{"colspan": 1}, {"hint": "which", "colspan": 1}], [{"colspan": 1}, {"hint": "whom", "colspan": 1}]], "references": [2]}, "tts": "https://d1vq87e9lcf771.cloudfront.net/danielle/61bfa62229ad557283c6bdcf256e213f"}, {"value": " "}, {"value": "me", "hintTable": {"rows": [[{"hint": "I", "colspan": 1}], [{"hint": "me", "colspan": 1}], [{"hint": "to me", "colspan": 1}]], "references": []}, "tts": "https://d1vq87e9lcf771.cloudfront.net/danielle/305c003fd21f5bb114c361f7d293da2c"}, {"value": " "}, {"value": "plairait", "hintTable": {"rows": [[{"hint": "would like", "colspan": 1}], [{"hint": "would please", "colspan": 1}]], "references": []}, "tts": "https://d1vq87e9lcf771.cloudfront.net/danielle/851bcd8f804e9965b3f6d07dc7eea743"}, {"value": " "}, {"value": "pour", "hintTable": {"rows": [[{"hint": "for", "colspan": 1}], [{"hint": "to", "colspan": 1}], [{"hint": "with", "colspan": 1}]], "references": []}, "tts": "https://d1vq87e9lcf771.cloudfront.net/danielle/295003fd4af02f22731e4534126a4c47"}, {"value": " "}, {"value": "mon", "hintTable": {"rows": [[{"hint": "my", "colspan": 1}]], "references": []}, "tts": "https://d1vq87e9lcf771.cloudfront.net/danielle/415eac14ad5c16e804201a45e5d2993d"}, {"value": " "}, {"value": "anniversaire", "hintTable": {"rows": [[{"hint": "birthday", "colspan": 1}], [{"hint": "anniversary", "colspan": 1}]], "references": []}, "tts": "https://d1vq87e9lcf771.cloudfront.net/danielle/a2ab93845668550b7e962e349cdf78ae"}, {"value": " "}, {"value": "?"}]}, "subtext": {"styledString": {"text": "Do you know what I would like for my birthday?", "styling": [{"from": 0, "to": 46, "attributes": {"alignment": "left", "fontSize": 19, "fontWeight": "normal", "textColor": "AFAFAF", "lineSpacing": 5}}]}, "tokenTTS": {"tokenTTSCollection": []}}, "ttsURL": "https://d1vq87e9lcf771.cloudfront.net/danielle/deef78e7f413ca4dac1776293b3a2902"}, {"text": {"styledString": {"text": "Je t'ach\u00e8terai tout ce qui te pla\u00eet, mon ch\u00e9ri.", "styling": [{"from": 0, "to": 47, "attributes": {"alignment": "left", "fontSize": 19, "fontWeight": "normal", "textColor": "4B4B4B", "lineSpacing": 5}}]}, "tokenTTS": {"tokenTTSCollection": []}, "blockHints": [{"value": "Je", "hintTable": {"rows": [[{"hint": "I", "colspan": 1}], [{"hint": "me", "colspan": 1}]], "references": []}, "tts": "https://d1vq87e9lcf771.cloudfront.net/danielle/bc9e4b13acbd7ff5019b443aa471b4de"}, {"value": " "}, {"value": "t'", "hintTable": {"rows": [[{"hint": "you", "colspan": 1}], [{"hint": "to you", "colspan": 1}], [{"hint": "yourself", "colspan": 1}]], "references": []}, "tts": "https://d1vq87e9lcf771.cloudfront.net/danielle/009a6283c35251c2fa99d42eae76d9cf"}, {"value": "ach\u00e8terai", "hintTable": {"rows": [[{"hint": "will buy", "colspan": 1}]], "references": []}, "tts": "https://d1vq87e9lcf771.cloudfront.net/danielle/09eb2fea8b2869c01afb363bb178cf89"}, {"value": " "}, {"value": "tout", "hintTable": {"headers": ["tout", "ce", "qui"], "rows": [[{"hint": "everything", "colspan": 3}], [{"hint": "whatever", "colspan": 3}], [{"hint": "everything", "colspan": 1}, {"colspan": 1}, {"colspan": 1}], [{"hint": "my all", "colspan": 1}, {"colspan": 1}, {"colspan": 1}], [{"hint": "all", "colspan": 1}, {"colspan": 1}, {"colspan": 1}]], "references": [4, 5]}, "tts": "https://d1vq87e9lcf771.cloudfront.net/danielle/71131532950192f488af03eb4ee32486"}, {"value": " "}, {"value": "ce", "hintTable": {"headers": ["tout", "ce", "qui"], "rows": [[{"hint": "everything", "colspan": 3}], [{"hint": "whatever", "colspan": 3}], [{"colspan": 1}, {"hint": "that", "colspan": 2}], [{"colspan": 1}, {"hint": "which", "colspan": 2}], [{"colspan": 1}, {"hint": "whatever", "colspan": 2}]], "references": [5]}, "tts": "https://d1vq87e9lcf771.cloudfront.net/danielle/7a1b56deded82e10d0dbe21416f241bb"}, {"value": " "}, {"value": "qui", "hintTable": {"headers": ["tout", "ce", "qui"], "rows": [[{"hint": "everything", "colspan": 3}], [{"hint": "whatever", "colspan": 3}], [{"colspan": 1}, {"hint": "that", "colspan": 2}], [{"colspan": 1}, {"hint": "which", "colspan": 2}], [{"colspan": 1}, {"hint": "whatever", "colspan": 2}]], "references": [4]}, "tts": "https://d1vq87e9lcf771.cloudfront.net/danielle/61bfa62229ad557283c6bdcf256e213f"}, {"value": " "}, {"value": "te", "hintTable": {"rows": [[{"hint": "you", "colspan": 1}], [{"hint": "to you", "colspan": 1}], [{"hint": "yourself", "colspan": 1}]], "references": []}, "tts": "https://d1vq87e9lcf771.cloudfront.net/danielle/8d93634e9088a394591eebdb60b42760"}, {"value": " "}, {"value": "pla\u00eet", "hintTable": {"rows": [[{"hint": "like", "colspan": 1}], [{"hint": "enjoy", "colspan": 1}], [{"hint": "pleases", "colspan": 1}]], "references": []}, "tts": "https://d1vq87e9lcf771.cloudfront.net/danielle/8ba20ab14e008389460185578daf0a67"}, {"value": ","}, {"value": " "}, {"value": "mon", "hintTable": {"rows": [[{"hint": "my", "colspan": 1}]], "references": []}, "tts": "https://d1vq87e9lcf771.cloudfront.net/danielle/415eac14ad5c16e804201a45e5d2993d"}, {"value": " "}, {"value": "ch\u00e9ri", "hintTable": {"rows": [[{"hint": "darling", "colspan": 1}], [{"hint": "sweetheart", "colspan": 1}], [{"hint": "love", "colspan": 1}]], "references": []}, "tts": "https://d1vq87e9lcf771.cloudfront.net/danielle/1059187d92de8f482f6b1f26bd672d40"}, {"value": "."}]}, "subtext": {"styledString": {"text": "I will buy you everything you like, my darling.", "styling": [{"from": 0, "to": 47, "attributes": {"alignment": "left", "fontSize": 19, "fontWeight": "normal", "textColor": "AFAFAF", "lineSpacing": 5}}]}, "tokenTTS": {"tokenTTSCollection": []}}, "ttsURL": "https://d1vq87e9lcf771.cloudfront.net/danielle/f9c4f8f400f44a7f40090f2ba33b727c"}]}, "meta": {"autoPlayableTTS": [], "sectionIndex": 0, "backgroundColor": null}}, {"type": "verticalSpace", "element": 16, "meta": {"autoPlayableTTS": [], "sectionIndex": 0, "backgroundColor": null}}, {"type": "dialogue", "element": {"phrases": [{"text": {"styledString": {"text": "Il ne fait confiance \u00e0 personne, alors il est seul.", "styling": [{"from": 0, "to": 51, "attributes": {"alignment": "left", "fontSize": 19, "fontWeight": "normal", "textColor": "4B4B4B", "lineSpacing": 5}}]}, "tokenTTS": {"tokenTTSCollection": []}, "blockHints": [{"value": "Il", "hintTable": {"rows": [[{"hint": "he", "colspan": 1}], [{"hint": "it's", "colspan": 1}], [{"hint": "him", "colspan": 1}]], "references": []}, "tts": "https://d1vq87e9lcf771.cloudfront.net/danielle/2cc14eeacdf034fdbb20a8fbdb782326"}, {"value": " "}, {"value": "ne", "hintTable": {"headers": ["ne", "...", "personne"], "rows": [[{"hint": "not...anyone", "colspan": 3}], [{"hint": "doesn't", "colspan": 1}, {"colspan": 1}, {"colspan": 1}], [{"hint": "does not", "colspan": 1}, {"colspan": 1}, {"colspan": 1}], [{"hint": "didn't", "colspan": 1}, {"colspan": 1}, {"colspan": 1}]], "references": [3]}, "tts": "https://d1vq87e9lcf771.cloudfront.net/danielle/fe3f8d62d97c884f0447fe90d9a2f872"}, {"value": " "}, {"value": "fait", "hintTable": {"headers": ["fait", "confiance", "\u00e0"], "rows": [[{"hint": "trust", "colspan": 3}], [{"hint": "trusts", "colspan": 3}], [{"hint": "does", "colspan": 1}, {"colspan": 1}, {"colspan": 1}], [{"hint": "is", "colspan": 1}, {"colspan": 1}, {"colspan": 1}], [{"hint": "makes", "colspan": 1}, {"colspan": 1}, {"colspan": 1}]], "references": [3, 4]}, "tts": "https://d1vq87e9lcf771.cloudfront.net/danielle/5090fbfcf1e1f8fe8be61e9b7010fc1b"}, {"value": " "}, {"value": "confiance", "hintTable": {"headers": ["fait", "confiance", "\u00e0"], "rows": [[{"hint": "trust", "colspan": 3}], [{"hint": "trusts", "colspan": 3}], [{"colspan": 1}, {"hint": "trust", "colspan": 1}, {"colspan": 1}], [{"colspan": 1}, {"hint": "confident", "colspan": 1}, {"colspan": 1}]], "references": [2, 4]}, "tts": "https://d1vq87e9lcf771.cloudfront.net/danielle/7a0edb7cfc6c16f9946cbd4bd3173442"}, {"value": " "}, {"value": "\u00e0", "hintTable": {"headers": ["fait", "confiance", "\u00e0"], "rows": [[{"hint": "trust", "colspan": 3}], [{"hint": "trusts", "colspan": 3}], [{"colspan": 1}, {"colspan": 1}, {"hint": "on", "colspan": 1}], [{"colspan": 1}, {"colspan": 1}, {"hint": "in", "colspan": 1}], [{"colspan": 1}, {"colspan": 1}, {"hint": "by", "colspan": 1}]], "references": [2, 3]}, "tts": "https://d1vq87e9lcf771.cloudfront.net/danielle/525d3aba641b4330345f33346eb9959d"}, {"value": " "}, {"value": "personne", "hintTable": {"headers": ["ne", "...", "personne"], "rows": [[{"hint": "not...anyone", "colspan": 3}], [{"colspan": 1}, {"colspan": 1}, {"hint": "anyone", "colspan": 1}], [{"colspan": 1}, {"colspan": 1}, {"hint": "no one", "colspan": 1}], [{"colspan": 1}, {"colspan": 1}, {"hint": "nobody", "colspan": 1}]], "references": [3]}, "tts": "https://d1vq87e9lcf771.cloudfront.net/danielle/0d27c1d6a0f9b81224f0ebec6879cead"}, {"value": ","}, {"value": " "}, {"value": "alors", "hintTable": {"rows": [[{"hint": "so", "colspan": 1}], [{"hint": "well", "colspan": 1}], [{"hint": "then", "colspan": 1}]], "references": []}, "tts": "https://d1vq87e9lcf771.cloudfront.net/danielle/81be6662c31c1d7e290adea9a1b80fb7"}, {"value": " "}, {"value": "il", "hintTable": {"headers": ["il", "est"], "rows": [[{"hint": "he's", "colspan": 2}], [{"hint": "it's", "colspan": 2}], [{"hint": "he", "colspan": 1}, {"colspan": 1}], [{"hint": "it's", "colspan": 1}, {"colspan": 1}], [{"hint": "him", "colspan": 1}, {"colspan": 1}]], "references": [8]}, "tts": "https://d1vq87e9lcf771.cloudfront.net/danielle/2cc14eeacdf034fdbb20a8fbdb782326"}, {"value": " "}, {"value": "est", "hintTable": {"headers": ["il", "est"], "rows": [[{"hint": "he's", "colspan": 2}], [{"hint": "it's", "colspan": 2}], [{"colspan": 1}, {"hint": "is", "colspan": 1}], [{"colspan": 1}, {"hint": "east", "colspan": 1}], [{"colspan": 1}, {"hint": "feel", "colspan": 1}]], "references": [7]}, "tts": "https://d1vq87e9lcf771.cloudfront.net/beafr/878a35a874ca5ef63f6af2af92a1a0a4"}, {"value": " "}, {"value": "seul", "hintTable": {"rows": [[{"hint": "alone", "colspan": 1}], [{"hint": "lonely", "colspan": 1}], [{"hint": "only", "colspan": 1}]], "references": []}, "tts": "https://d1vq87e9lcf771.cloudfront.net/danielle/59d884a988e530937b3ae607292553b6"}, {"value": "."}]}, "subtext": {"styledString": {"text": "He doesn't trust anyone, so he's alone.", "styling": [{"from": 0, "to": 39, "attributes": {"alignment": "left", "fontSize": 19, "fontWeight": "normal", "textColor": "AFAFAF", "lineSpacing": 5}}]}, "tokenTTS": {"tokenTTSCollection": []}}, "ttsURL": "https://d1vq87e9lcf771.cloudfront.net/danielle/9b249be2841a5c1221084feeb6b44df7"}, {"text": {"styledString": {"text": "Il faut l'aider \u00e0 se rendre compte de ce probl\u00e8me.", "styling": [{"from": 0, "to": 50, "attributes": {"alignment": "left", "fontSize": 19, "fontWeight": "normal", "textColor": "4B4B4B", "lineSpacing": 5}}]}, "tokenTTS": {"tokenTTSCollection": []}, "blockHints": [{"value": "Il", "hintTable": {"headers": ["il", "...", "faut"], "rows": [[{"hint": "one needs", "colspan": 3}], [{"hint": "you must", "colspan": 2}, {"colspan": 1}], [{"hint": "you have to", "colspan": 2}, {"colspan": 1}], [{"hint": "you need", "colspan": 2}, {"colspan": 1}], [{"hint": "him", "colspan": 1}, {"colspan": 1}, {"colspan": 1}], [{"hint": "it", "colspan": 1}, {"colspan": 1}, {"colspan": 1}], [{"hint": "it's", "colspan": 1}, {"colspan": 1}, {"colspan": 1}]], "references": [1]}, "tts": "https://d1vq87e9lcf771.cloudfront.net/danielle/2cc14eeacdf034fdbb20a8fbdb782326"}, {"value": " "}, {"value": "faut", "hintTable": {"headers": ["il", "...", "faut"], "rows": [[{"hint": "one needs", "colspan": 3}], [{"colspan": 1}, {"hint": "you must", "colspan": 2}], [{"colspan": 1}, {"hint": "you have to", "colspan": 2}], [{"colspan": 1}, {"hint": "you need", "colspan": 2}]], "references": [0]}, "tts": "https://d1vq87e9lcf771.cloudfront.net/danielle/0eec40e57e708b064cc656f336800a95"}, {"value": " "}, {"value": "l'", "hintTable": {"rows": [[{"hint": "her", "colspan": 1}], [{"hint": "him", "colspan": 1}], [{"hint": "it", "colspan": 1}]], "references": []}, "tts": "https://d1vq87e9lcf771.cloudfront.net/danielle/a201415fcbb4c30128fee4029161ee1d"}, {"value": "aider", "hintTable": {"headers": ["aider", "\u00e0"], "rows": [[{"hint": "help", "colspan": 2}], [{"hint": "help", "colspan": 1}, {"colspan": 1}], [{"hint": "to help", "colspan": 1}, {"colspan": 1}], [{"hint": "helping", "colspan": 1}, {"colspan": 1}]], "references": [4]}, "tts": "https://d1vq87e9lcf771.cloudfront.net/danielle/c0a3f79e15676b7d24994dde2965bc81"}, {"value": " "}, {"value": "\u00e0", "hintTable": {"headers": ["aider", "\u00e0"], "rows": [[{"hint": "help", "colspan": 2}], [{"colspan": 1}, {"hint": "see you", "colspan": 1}], [{"colspan": 1}, {"hint": "to", "colspan": 1}], [{"colspan": 1}, {"hint": "of", "colspan": 1}]], "references": [3]}, "tts": "https://d1vq87e9lcf771.cloudfront.net/danielle/525d3aba641b4330345f33346eb9959d"}, {"value": " "}, {"value": "se", "hintTable": {"headers": ["se", "rendre", "compte", "de"], "rows": [[{"hint": "realize", "colspan": 4}], [{"hint": "to head off", "colspan": 2}, {"colspan": 1}, {"colspan": 1}], [{"hint": "themselves", "colspan": 1}, {"colspan": 1}, {"colspan": 1}, {"colspan": 1}], [{"hint": "himself", "colspan": 1}, {"colspan": 1}, {"colspan": 1}, {"colspan": 1}], [{"hint": "oneself", "colspan": 1}, {"colspan": 1}, {"colspan": 1}, {"colspan": 1}]], "references": [6]}, "tts": "https://d1vq87e9lcf771.cloudfront.net/danielle/fb4db99b9f003414b1474b371c629048"}, {"value": " "}, {"value": "rendre", "hintTable": {"headers": ["se", "rendre", "compte", "de"], "rows": [[{"hint": "realize", "colspan": 4}], [{"hint": "to head off", "colspan": 2}, {"colspan": 1}, {"colspan": 1}], [{"colspan": 1}, {"hint": "making", "colspan": 1}, {"colspan": 1}, {"colspan": 1}], [{"colspan": 1}, {"hint": "make", "colspan": 1}, {"colspan": 1}, {"colspan": 1}], [{"colspan": 1}, {"hint": "turning in", "colspan": 1}, {"colspan": 1}, {"colspan": 1}]], "references": [5]}, "tts": "https://d1vq87e9lcf771.cloudfront.net/danielle/7ffd6370fb7df31188c567a18595cb98"}, {"value": " "}, {"value": "compte", "hintTable": {"headers": ["se", "rendre", "compte", "de"], "rows": [[{"hint": "realize", "colspan": 4}], [{"colspan": 1}, {"colspan": 1}, {"hint": "counting", "colspan": 1}, {"colspan": 1}], [{"colspan": 1}, {"colspan": 1}, {"hint": "counts", "colspan": 1}, {"colspan": 1}], [{"colspan": 1}, {"colspan": 1}, {"hint": "account", "colspan": 1}, {"colspan": 1}]], "references": [5, 6, 8]}, "tts": "https://d1vq87e9lcf771.cloudfront.net/danielle/a3886ed10f77c6774f5d44787b93dfef"}, {"value": " "}, {"value": "de", "hintTable": {"headers": ["se", "rendre", "compte", "de"], "rows": [[{"hint": "realize", "colspan": 4}], [{"colspan": 1}, {"colspan": 1}, {"colspan": 1}, {"hint": "to", "colspan": 1}], [{"colspan": 1}, {"colspan": 1}, {"colspan": 1}, {"hint": "of", "colspan": 1}], [{"colspan": 1}, {"colspan": 1}, {"colspan": 1}, {"hint": "any", "colspan": 1}]], "references": [5, 6, 7]}, "tts": "https://d1vq87e9lcf771.cloudfront.net/danielle/440a31450593e609451ea2168f76e988"}, {"value": " "}, {"value": "ce", "hintTable": {"rows": [[{"hint": "this", "colspan": 1}], [{"hint": "it", "colspan": 1}], [{"hint": "that", "colspan": 1}]], "references": []}, "tts": "https://d1vq87e9lcf771.cloudfront.net/danielle/7a1b56deded82e10d0dbe21416f241bb"}, {"value": " "}, {"value": "probl\u00e8me", "hintTable": {"rows": [[{"hint": "problem", "colspan": 1}]], "references": []}, "tts": "https://d1vq87e9lcf771.cloudfront.net/danielle/06a14eb1dc2a402a5681467a07617a16"}, {"value": "."}]}, "subtext": {"styledString": {"text": "We must help her realize this problem.", "styling": [{"from": 0, "to": 38, "attributes": {"alignment": "left", "fontSize": 19, "fontWeight": "normal", "textColor": "AFAFAF", "lineSpacing": 5}}]}, "tokenTTS": {"tokenTTSCollection": []}}, "ttsURL": "https://d1vq87e9lcf771.cloudfront.net/danielle/de4a196f15f0bec3e4fb4422e79812a5"}]}, "meta": {"autoPlayableTTS": [], "sectionIndex": 0, "backgroundColor": null}}, {"type": "verticalSpace", "element": 24, "meta": {"autoPlayableTTS": [], "sectionIndex": 0, "backgroundColor": null}}], "resourcesToPrefetch": [{"required": false, "url": "https://d1vq87e9lcf771.cloudfront.net/danielle/d9ca5a5164ac4a36041cdc4b75df07ae", "type": "mp3"}, {"required": false, "url": "https://d1vq87e9lcf771.cloudfront.net/danielle/f9c4f8f400f44a7f40090f2ba33b727c", "type": "mp3"}, {"required": false, "url": "https://d1vq87e9lcf771.cloudfront.net/danielle/2ecc7fd6380f4f39553e0f931868fea6", "type": "mp3"}, {"required": false, "url": "https://d1vq87e9lcf771.cloudfront.net/danielle/9b249be2841a5c1221084feeb6b44df7", "type": "mp3"}, {"required": false, "url": "https://d1vq87e9lcf771.cloudfront.net/danielle/de4a196f15f0bec3e4fb4422e79812a5", "type": "mp3"}, {"required": false, "url": "https://d1vq87e9lcf771.cloudfront.net/danielle/deef78e7f413ca4dac1776293b3a2902", "type": "mp3"}]}