{"elements": [{"type": "verticalSpace", "element": 2, "meta": {"autoPlayableTTS": [], "sectionIndex": 0, "backgroundColor": "E5E5E5"}}, {"type": "verticalSpace", "element": 24, "meta": {"autoPlayableTTS": [], "sectionIndex": 0, "backgroundColor": null}}, {"type": "text", "element": {"styledString": {"text": "KEY PHRASES", "styling": [{"from": 0, "to": 11, "attributes": {"alignment": "left", "fontSize": 17, "fontWeight": "bold", "textColor": "1CB0F6", "lineSpacing": 4}}]}, "tokenTTS": {"tokenTTSCollection": []}}, "meta": {"autoPlayableTTS": [], "sectionIndex": 0, "backgroundColor": null}}, {"type": "verticalSpace", "element": 8, "meta": {"autoPlayableTTS": [], "sectionIndex": 0, "backgroundColor": null}}, {"type": "text", "element": {"styledString": {"text": "Tell stories", "styling": [{"from": 0, "to": 12, "attributes": {"alignment": "left", "fontSize": 25, "fontWeight": "bold", "textColor": "4B4B4B", "lineSpacing": 4}}]}, "tokenTTS": {"tokenTTSCollection": []}}, "meta": {"autoPlayableTTS": [], "sectionIndex": 0, "backgroundColor": null}}, {"type": "verticalSpace", "element": 16, "meta": {"autoPlayableTTS": [], "sectionIndex": 0, "backgroundColor": null}}, {"type": "dialogue", "element": {"phrases": [{"text": {"styledString": {"text": "\u00bfQui\u00e9n fue a la fiesta ayer?", "styling": [{"from": 0, "to": 28, "attributes": {"alignment": "left", "fontSize": 19, "fontWeight": "normal", "textColor": "4B4B4B", "lineSpacing": 5}}]}, "tokenTTS": {"tokenTTSCollection": []}, "blockHints": [{"value": "\u00bf"}, {"value": "Qui\u00e9n", "hintTable": {"rows": [[{"hint": "who", "colspan": 1}], [{"hint": "whom", "colspan": 1}]], "references": []}, "tts": "https://d1vq87e9lcf771.cloudfront.net/miguel/8899b43271da9c77d4e347ec8993d905"}, {"value": " "}, {"value": "fue", "hintTable": {"rows": [[{"hint": "(he) went", "colspan": 1}], [{"hint": "went", "colspan": 1}], [{"hint": "was", "colspan": 1}]], "references": []}, "tts": "https://d1vq87e9lcf771.cloudfront.net/miguel/7de53ac54cfc1ee196a360be4ede560d"}, {"value": " "}, {"value": "a", "hintTable": {"headers": ["a", "la"], "rows": [[{"hint": "to", "colspan": 2}], [{"hint": "at", "colspan": 2}], [{"hint": "to", "colspan": 1}, {"colspan": 1}], [{"hint": "with", "colspan": 1}, {"colspan": 1}], [{"hint": "away", "colspan": 1}, {"colspan": 1}]], "references": [3]}, "tts": "https://d1vq87e9lcf771.cloudfront.net/miguel/a615ab7aef51e62ab81ce9255166fc65"}, {"value": " "}, {"value": "la", "hintTable": {"headers": ["a", "la"], "rows": [[{"hint": "to", "colspan": 2}], [{"hint": "at", "colspan": 2}], [{"colspan": 1}, {"hint": "the", "colspan": 1}], [{"colspan": 1}, {"hint": "your", "colspan": 1}], [{"colspan": 1}, {"hint": "her", "colspan": 1}]], "references": [2]}, "tts": "https://d1vq87e9lcf771.cloudfront.net/miguel/e9ea010281921357dd4b130d51e7488b"}, {"value": " "}, {"value": "fiesta", "hintTable": {"rows": [[{"hint": "party", "colspan": 1}], [{"hint": "celebration", "colspan": 1}], [{"hint": "parties", "colspan": 1}]], "references": []}, "tts": "https://d1vq87e9lcf771.cloudfront.net/miguel/a93b1a3c051a525b62c3e17affdcff15"}, {"value": " "}, {"value": "ayer", "hintTable": {"rows": [[{"hint": "yesterday", "colspan": 1}]], "references": []}, "tts": "https://d1vq87e9lcf771.cloudfront.net/miguel/ad52383bacc330110b3b2935ce459555"}, {"value": "?"}]}, "subtext": {"styledString": {"text": "Who went to the party yesterday?", "styling": [{"from": 0, "to": 32, "attributes": {"alignment": "left", "fontSize": 19, "fontWeight": "normal", "textColor": "AFAFAF", "lineSpacing": 5}}]}, "tokenTTS": {"tokenTTSCollection": []}}, "ttsURL": "https://d1vq87e9lcf771.cloudfront.net/miguel/734c70a0688d783f5622bc450c2ef59e"}, {"text": {"styledString": {"text": "Muchos animales estuvieron en mi fiesta.", "styling": [{"from": 0, "to": 40, "attributes": {"alignment": "left", "fontSize": 19, "fontWeight": "normal", "textColor": "4B4B4B", "lineSpacing": 5}}]}, "tokenTTS": {"tokenTTSCollection": []}, "blockHints": [{"value": "Muchos", "hintTable": {"rows": [[{"hint": "a lot of", "colspan": 1}], [{"hint": "lots of", "colspan": 1}], [{"hint": "plenty of", "colspan": 1}]], "references": []}, "tts": "https://d1vq87e9lcf771.cloudfront.net/miguel/26c275c280b8daa12f337a6121ebb5e7"}, {"value": " "}, {"value": "animales", "hintTable": {"rows": [[{"hint": "animals", "colspan": 1}]], "references": []}, "tts": "https://d1vq87e9lcf771.cloudfront.net/miguel/e6b2890a9155c8fd27631da95690c684"}, {"value": " "}, {"value": "estuvieron", "hintTable": {"rows": [[{"hint": "were", "colspan": 1}], [{"hint": "(you) were", "colspan": 1}], [{"hint": "(they) were", "colspan": 1}]], "references": []}, "tts": "https://d1vq87e9lcf771.cloudfront.net/miguel/bb7ef8647a46834b659a84290881e24c"}, {"value": " "}, {"value": "en", "hintTable": {"rows": [[{"hint": "a", "colspan": 1}], [{"hint": "at", "colspan": 1}], [{"hint": "of", "colspan": 1}]], "references": []}, "tts": "https://d1vq87e9lcf771.cloudfront.net/miguel/953baa0ff97009a5374e3a2695ce7f5c"}, {"value": " "}, {"value": "mi", "hintTable": {"rows": [[{"hint": "my", "colspan": 1}]], "references": []}, "tts": "https://d1vq87e9lcf771.cloudfront.net/miguel/b082510d0e48798ab32883bfe8d655b6"}, {"value": " "}, {"value": "fiesta", "hintTable": {"rows": [[{"hint": "party", "colspan": 1}], [{"hint": "celebration", "colspan": 1}], [{"hint": "parties", "colspan": 1}]], "references": []}, "tts": "https://d1vq87e9lcf771.cloudfront.net/miguel/a93b1a3c051a525b62c3e17affdcff15"}, {"value": "."}]}, "subtext": {"styledString": {"text": "A lot of animals were at my party.", "styling": [{"from": 0, "to": 34, "attributes": {"alignment": "left", "fontSize": 19, "fontWeight": "normal", "textColor": "AFAFAF", "lineSpacing": 5}}]}, "tokenTTS": {"tokenTTSCollection": []}}, "ttsURL": "https://d1vq87e9lcf771.cloudfront.net/miguel/55e02d021066744acb01121f2879fd82"}]}, "meta": {"autoPlayableTTS": [], "sectionIndex": 0, "backgroundColor": null}}, {"type": "verticalSpace", "element": 16, "meta": {"autoPlayableTTS": [], "sectionIndex": 0, "backgroundColor": null}}, {"type": "dialogue", "element": {"phrases": [{"text": {"styledString": {"text": "El gato cocin\u00f3 un plato de pescado.", "styling": [{"from": 0, "to": 35, "attributes": {"alignment": "left", "fontSize": 19, "fontWeight": "normal", "textColor": "4B4B4B", "lineSpacing": 5}}]}, "tokenTTS": {"tokenTTSCollection": []}, "blockHints": [{"value": "El", "hintTable": {"rows": [[{"hint": "the", "colspan": 1}], [{"hint": "your", "colspan": 1}], [{"hint": "her", "colspan": 1}]], "references": []}, "tts": "https://d1vq87e9lcf771.cloudfront.net/penelope/b47f0c6243dc0dd607abd744189eec05"}, {"value": " "}, {"value": "gato", "hintTable": {"rows": [[{"hint": "cat", "colspan": 1}]], "references": []}, "tts": "https://d1vq87e9lcf771.cloudfront.net/miguel/23df34204a8f580aedd8d72ed39b5418"}, {"value": " "}, {"value": "cocin\u00f3", "hintTable": {"rows": [[{"hint": "(she) cooked", "colspan": 1}], [{"hint": "(he) cooked", "colspan": 1}], [{"hint": "cook", "colspan": 1}]], "references": []}, "tts": "https://d1vq87e9lcf771.cloudfront.net/miguel/fc1b7e3d6fc3c32ddad514825e22b301"}, {"value": " "}, {"value": "un", "hintTable": {"rows": [[{"hint": "a", "colspan": 1}], [{"hint": "one", "colspan": 1}], [{"hint": "an", "colspan": 1}]], "references": []}, "tts": "https://d1vq87e9lcf771.cloudfront.net/miguel/77f436e44094f0912fa76368e873f996"}, {"value": " "}, {"value": "plato", "hintTable": {"rows": [[{"hint": "dish", "colspan": 1}], [{"hint": "plate", "colspan": 1}], [{"hint": "course", "colspan": 1}]], "references": []}, "tts": "https://d1vq87e9lcf771.cloudfront.net/miguel/30152a9a068c00606d378e782f852f70"}, {"value": " "}, {"value": "de", "hintTable": {"headers": ["de", "pescado"], "rows": [[{"hint": "fish", "colspan": 2}], [{"hint": "the", "colspan": 1}, {"colspan": 1}], [{"hint": "of", "colspan": 1}, {"colspan": 1}], [{"hint": "with", "colspan": 1}, {"colspan": 1}]], "references": [6]}, "tts": "https://d1vq87e9lcf771.cloudfront.net/miguel/7c3dc4295f4bfedec518e38299ea8dc5"}, {"value": " "}, {"value": "pescado", "hintTable": {"headers": ["de", "pescado"], "rows": [[{"hint": "fish", "colspan": 2}], [{"colspan": 1}, {"hint": "fish", "colspan": 1}], [{"colspan": 1}, {"hint": "caught", "colspan": 1}]], "references": [5]}, "tts": "https://d1vq87e9lcf771.cloudfront.net/miguel/1ee0a693ef634f32570377e839db8a86"}, {"value": "."}]}, "subtext": {"styledString": {"text": "The cat cooked a fish dish.", "styling": [{"from": 0, "to": 27, "attributes": {"alignment": "left", "fontSize": 19, "fontWeight": "normal", "textColor": "AFAFAF", "lineSpacing": 5}}]}, "tokenTTS": {"tokenTTSCollection": []}}, "ttsURL": "https://d1vq87e9lcf771.cloudfront.net/miguel/05ae7751782ac973a33635113cd42645"}]}, "meta": {"autoPlayableTTS": [], "sectionIndex": 0, "backgroundColor": null}}, {"type": "verticalSpace", "element": 16, "meta": {"autoPlayableTTS": [], "sectionIndex": 0, "backgroundColor": null}}, {"type": "dialogue", "element": {"phrases": [{"text": {"styledString": {"text": "Los b\u00fahos cocinaron platos picantes.", "styling": [{"from": 0, "to": 36, "attributes": {"alignment": "left", "fontSize": 19, "fontWeight": "normal", "textColor": "4B4B4B", "lineSpacing": 5}}]}, "tokenTTS": {"tokenTTSCollection": []}, "blockHints": [{"value": "Los", "hintTable": {"rows": [[{"hint": "the", "colspan": 1}], [{"hint": "their", "colspan": 1}], [{"hint": "your", "colspan": 1}]], "references": []}, "tts": "https://d1vq87e9lcf771.cloudfront.net/miguel/d863d8aa552c7c1c67edddbdd43fc33f"}, {"value": " "}, {"value": "b\u00fahos", "hintTable": {"rows": [[{"hint": "owls", "colspan": 1}]], "references": []}, "tts": "https://d1vq87e9lcf771.cloudfront.net/miguel/a80e5b8fbdf6398c604baae918f29314"}, {"value": " "}, {"value": "cocinaron", "hintTable": {"rows": [[{"hint": "(they) cooked", "colspan": 1}], [{"hint": "(you) cooked", "colspan": 1}], [{"hint": "cook", "colspan": 1}]], "references": []}, "tts": "https://d1vq87e9lcf771.cloudfront.net/miguel/2ef6e69144041b5dffe9ddf36b419221"}, {"value": " "}, {"value": "platos", "hintTable": {"rows": [[{"hint": "dishes", "colspan": 1}], [{"hint": "plates", "colspan": 1}], [{"hint": "courses", "colspan": 1}]], "references": []}, "tts": "https://d1vq87e9lcf771.cloudfront.net/miguel/3171e27b427a7241cbe5a151a387d9ee"}, {"value": " "}, {"value": "picantes", "hintTable": {"rows": [[{"hint": "spicy", "colspan": 1}]], "references": []}, "tts": "https://d1vq87e9lcf771.cloudfront.net/miguel/d86630304e5153de7383232bd61e95a8"}, {"value": "."}]}, "subtext": {"styledString": {"text": "The owls cooked spicy dishes.", "styling": [{"from": 0, "to": 29, "attributes": {"alignment": "left", "fontSize": 19, "fontWeight": "normal", "textColor": "AFAFAF", "lineSpacing": 5}}]}, "tokenTTS": {"tokenTTSCollection": []}}, "ttsURL": "https://d1vq87e9lcf771.cloudfront.net/miguel/0b24c1c2a3487c4bc946c89c9cde17a9"}]}, "meta": {"autoPlayableTTS": [], "sectionIndex": 0, "backgroundColor": null}}, {"type": "verticalSpace", "element": 16, "meta": {"autoPlayableTTS": [], "sectionIndex": 0, "backgroundColor": null}}, {"type": "dialogue", "element": {"phrases": [{"text": {"styledString": {"text": "Todos los animales comieron mucho.", "styling": [{"from": 0, "to": 34, "attributes": {"alignment": "left", "fontSize": 19, "fontWeight": "normal", "textColor": "4B4B4B", "lineSpacing": 5}}]}, "tokenTTS": {"tokenTTSCollection": []}, "blockHints": [{"value": "Todos", "hintTable": {"rows": [[{"hint": "all", "colspan": 1}], [{"hint": "all of", "colspan": 1}], [{"hint": "all of us", "colspan": 1}]], "references": []}, "tts": "https://d1vq87e9lcf771.cloudfront.net/miguel/2f0afa304c9bd76885b18981266684c4"}, {"value": " "}, {"value": "los", "hintTable": {"rows": [[{"hint": "the", "colspan": 1}], [{"hint": "their", "colspan": 1}], [{"hint": "your", "colspan": 1}]], "references": []}, "tts": "https://d1vq87e9lcf771.cloudfront.net/miguel/d863d8aa552c7c1c67edddbdd43fc33f"}, {"value": " "}, {"value": "animales", "hintTable": {"rows": [[{"hint": "animals", "colspan": 1}]], "references": []}, "tts": "https://d1vq87e9lcf771.cloudfront.net/miguel/e6b2890a9155c8fd27631da95690c684"}, {"value": " "}, {"value": "comieron", "hintTable": {"rows": [[{"hint": "(they) ate", "colspan": 1}], [{"hint": "ate", "colspan": 1}], [{"hint": "eat", "colspan": 1}]], "references": []}, "tts": "https://d1vq87e9lcf771.cloudfront.net/miguel/95c91cbbb8527f7d070d79c45205b4d1"}, {"value": " "}, {"value": "mucho", "hintTable": {"rows": [[{"hint": "a lot", "colspan": 1}], [{"hint": "a lot of", "colspan": 1}], [{"hint": "lots of", "colspan": 1}]], "references": []}, "tts": "https://d1vq87e9lcf771.cloudfront.net/penelope/caadf9e19061cdbcccfdc8d286125db2"}, {"value": "."}]}, "subtext": {"styledString": {"text": "All the animals ate a lot.", "styling": [{"from": 0, "to": 26, "attributes": {"alignment": "left", "fontSize": 19, "fontWeight": "normal", "textColor": "AFAFAF", "lineSpacing": 5}}]}, "tokenTTS": {"tokenTTSCollection": []}}, "ttsURL": "https://d1vq87e9lcf771.cloudfront.net/miguel/ff20e9f970218112d06a0548f147302b"}]}, "meta": {"autoPlayableTTS": [], "sectionIndex": 0, "backgroundColor": null}}, {"type": "verticalSpace", "element": 24, "meta": {"autoPlayableTTS": [], "sectionIndex": 0, "backgroundColor": null}}, {"type": "verticalSpace", "element": 24, "meta": {"autoPlayableTTS": [], "sectionIndex": 0, "backgroundColor": "DDF4FF"}}, {"type": "text", "element": {"styledString": {"text": "TIP", "styling": [{"from": 0, "to": 3, "attributes": {"alignment": "left", "fontSize": 17, "fontWeight": "bold", "textColor": "1CB0F6", "lineSpacing": 4}}]}, "tokenTTS": {"tokenTTSCollection": []}}, "meta": {"autoPlayableTTS": [], "sectionIndex": 0, "backgroundColor": "DDF4FF"}}, {"type": "verticalSpace", "element": 8, "meta": {"autoPlayableTTS": [], "sectionIndex": 0, "backgroundColor": "DDF4FF"}}, {"type": "text", "element": {"styledString": {"text": "Viaj\u00f3 a Espa\u00f1a", "styling": [{"from": 0, "to": 14, "attributes": {"alignment": "left", "fontSize": 25, "fontWeight": "bold", "textColor": "4B4B4B", "lineSpacing": 4}}]}, "tokenTTS": {"tokenTTSCollection": []}, "hints": {"hints": [], "hintLinks": []}}, "meta": {"autoPlayableTTS": [], "sectionIndex": 0, "backgroundColor": "DDF4FF"}}, {"type": "verticalSpace", "element": 12, "meta": {"autoPlayableTTS": [], "sectionIndex": 0, "backgroundColor": "DDF4FF"}}, {"type": "text", "element": {"styledString": {"text": "You already know how to talk about the past using yo and t\u00fa. Now let\u2019s look at some other forms. ", "styling": [{"from": 0, "to": 50, "attributes": {"alignment": "left", "fontSize": 19, "fontWeight": "normal", "textColor": "4B4B4B", "lineSpacing": 5}}, {"from": 50, "to": 52, "attributes": {"alignment": "left", "fontSize": 19, "fontWeight": "bold", "textColor": "4B4B4B", "lineSpacing": 5}}, {"from": 52, "to": 57, "attributes": {"alignment": "left", "fontSize": 19, "fontWeight": "normal", "textColor": "4B4B4B", "lineSpacing": 5}}, {"from": 57, "to": 59, "attributes": {"alignment": "left", "fontSize": 19, "fontWeight": "bold", "textColor": "4B4B4B", "lineSpacing": 5}}, {"from": 59, "to": 97, "attributes": {"alignment": "left", "fontSize": 19, "fontWeight": "normal", "textColor": "4B4B4B", "lineSpacing": 5}}]}, "tokenTTS": {"tokenTTSCollection": [{"startIndex": 50, "endIndex": 51, "ttsURL": "https://d1vq87e9lcf771.cloudfront.net/miguel/aa0ff446f41920bd854cbcfe38a476e2"}, {"startIndex": 57, "endIndex": 58, "ttsURL": "https://d1vq87e9lcf771.cloudfront.net/miguel/2e717e2fe5783a547e2995fe3699350a"}]}, "hints": {"hints": ["I", "you (informal)"], "hintLinks": [{"index": 0, "rangeStart": 50, "rangeEnd": 51}, {"index": 1, "rangeStart": 57, "rangeEnd": 58}]}}, "meta": {"autoPlayableTTS": [], "sectionIndex": 0, "backgroundColor": "DDF4FF"}}, {"type": "verticalSpace", "element": 24, "meta": {"autoPlayableTTS": [], "sectionIndex": 0, "backgroundColor": "DDF4FF"}}, {"type": "table", "element": {"cells": [[{"styledString": {"text": "subject", "styling": [{"from": 0, "to": 7, "attributes": {"alignment": "left", "fontSize": 19, "fontWeight": "bold", "textColor": "4B4B4B", "lineSpacing": 2}}]}, "tokenTTS": {"tokenTTSCollection": []}, "hints": {"hints": ["The subject of a sentence is the person, place, thing, or idea that is doing or being something."], "hintLinks": [{"index": 0, "rangeStart": 0, "rangeEnd": 6}]}}, {"styledString": {"text": "verb (viajar)", "styling": [{"from": 0, "to": 13, "attributes": {"alignment": "left", "fontSize": 19, "fontWeight": "bold", "textColor": "4B4B4B", "lineSpacing": 2}}]}, "tokenTTS": {"tokenTTSCollection": [{"startIndex": 6, "endIndex": 11, "ttsURL": "https://d1vq87e9lcf771.cloudfront.net/miguel/78b3ff14482b6ec144be5d9a1a2b17dd"}]}, "hints": {"hints": ["A verb expresses an action (\u201cLuis cooks every day\u201d) or a state of being (\u201cI am sick\u201d).", "to travel"], "hintLinks": [{"index": 0, "rangeStart": 0, "rangeEnd": 3}, {"index": 1, "rangeStart": 6, "rangeEnd": 11}]}}], [{"styledString": {"text": "yo", "styling": [{"from": 0, "to": 2, "attributes": {"alignment": "left", "fontSize": 19, "fontWeight": "bold", "textColor": "4B4B4B", "lineSpacing": 5}}]}, "tokenTTS": {"tokenTTSCollection": [{"startIndex": 0, "endIndex": 1, "ttsURL": "https://d1vq87e9lcf771.cloudfront.net/miguel/aa0ff446f41920bd854cbcfe38a476e2"}]}, "hints": {"hints": ["I"], "hintLinks": [{"index": 0, "rangeStart": 0, "rangeEnd": 1}]}}, {"styledString": {"text": "viaj\u00e9", "styling": [{"from": 0, "to": 4, "attributes": {"alignment": "left", "fontSize": 19, "fontWeight": "bold", "textColor": "4B4B4B", "lineSpacing": 5}}, {"from": 4, "to": 5, "attributes": {"alignment": "left", "fontSize": 19, "fontWeight": "bold", "textColor": "1CB0F6", "lineSpacing": 5}}]}, "tokenTTS": {"tokenTTSCollection": [{"startIndex": 0, "endIndex": 4, "ttsURL": "https://d1vq87e9lcf771.cloudfront.net/miguel/d887f828c4aef40183e878df573bdc50"}]}, "hints": {"hints": ["I traveled"], "hintLinks": [{"index": 0, "rangeStart": 0, "rangeEnd": 4}]}}], [{"styledString": {"text": "t\u00fa", "styling": [{"from": 0, "to": 2, "attributes": {"alignment": "left", "fontSize": 19, "fontWeight": "bold", "textColor": "4B4B4B", "lineSpacing": 5}}]}, "tokenTTS": {"tokenTTSCollection": [{"startIndex": 0, "endIndex": 1, "ttsURL": "https://d1vq87e9lcf771.cloudfront.net/miguel/2e717e2fe5783a547e2995fe3699350a"}]}, "hints": {"hints": ["you (informal)"], "hintLinks": [{"index": 0, "rangeStart": 0, "rangeEnd": 1}]}}, {"styledString": {"text": "viajaste", "styling": [{"from": 0, "to": 4, "attributes": {"alignment": "left", "fontSize": 19, "fontWeight": "bold", "textColor": "4B4B4B", "lineSpacing": 5}}, {"from": 4, "to": 8, "attributes": {"alignment": "left", "fontSize": 19, "fontWeight": "bold", "textColor": "1CB0F6", "lineSpacing": 5}}]}, "tokenTTS": {"tokenTTSCollection": [{"startIndex": 0, "endIndex": 7, "ttsURL": "https://d1vq87e9lcf771.cloudfront.net/miguel/1e2a44123f7fa2faa88e1bd3f287e833"}]}, "hints": {"hints": ["you traveled"], "hintLinks": [{"index": 0, "rangeStart": 0, "rangeEnd": 7}]}}], [{"styledString": {"text": "\u00e9l / ella / usted", "styling": [{"from": 0, "to": 2, "attributes": {"alignment": "left", "fontSize": 19, "fontWeight": "bold", "textColor": "4B4B4B", "lineSpacing": 5}}, {"from": 2, "to": 5, "attributes": {"alignment": "left", "fontSize": 19, "fontWeight": "normal", "textColor": "4B4B4B", "lineSpacing": 5}}, {"from": 5, "to": 9, "attributes": {"alignment": "left", "fontSize": 19, "fontWeight": "bold", "textColor": "4B4B4B", "lineSpacing": 5}}, {"from": 9, "to": 12, "attributes": {"alignment": "left", "fontSize": 19, "fontWeight": "normal", "textColor": "4B4B4B", "lineSpacing": 5}}, {"from": 12, "to": 17, "attributes": {"alignment": "left", "fontSize": 19, "fontWeight": "bold", "textColor": "4B4B4B", "lineSpacing": 5}}]}, "tokenTTS": {"tokenTTSCollection": [{"startIndex": 0, "endIndex": 1, "ttsURL": "https://d1vq87e9lcf771.cloudfront.net/miguel/eb6fb864f3757379acec898fb9018d30"}, {"startIndex": 5, "endIndex": 8, "ttsURL": "https://d1vq87e9lcf771.cloudfront.net/miguel/7ba0a4fe127b1af95b81af18714bbbbb"}, {"startIndex": 12, "endIndex": 16, "ttsURL": "https://d1vq87e9lcf771.cloudfront.net/miguel/3160e30c83ba5403b1bf949dbafd83db"}]}, "hints": {"hints": ["he", "she", "you (formal)"], "hintLinks": [{"index": 0, "rangeStart": 0, "rangeEnd": 1}, {"index": 1, "rangeStart": 5, "rangeEnd": 8}, {"index": 2, "rangeStart": 12, "rangeEnd": 16}]}}, {"styledString": {"text": "viaj\u00f3", "styling": [{"from": 0, "to": 4, "attributes": {"alignment": "left", "fontSize": 19, "fontWeight": "bold", "textColor": "4B4B4B", "lineSpacing": 5}}, {"from": 4, "to": 5, "attributes": {"alignment": "left", "fontSize": 19, "fontWeight": "bold", "textColor": "1CB0F6", "lineSpacing": 5}}]}, "tokenTTS": {"tokenTTSCollection": [{"startIndex": 0, "endIndex": 4, "ttsURL": "https://d1vq87e9lcf771.cloudfront.net/miguel/9cb81796a2aaa7a2904ea6f8836c8d4a"}]}, "hints": {"hints": ["he / she / you (formal) traveled"], "hintLinks": [{"index": 0, "rangeStart": 0, "rangeEnd": 4}]}}], [{"styledString": {"text": "nosotros / nosotras", "styling": [{"from": 0, "to": 8, "attributes": {"alignment": "left", "fontSize": 19, "fontWeight": "bold", "textColor": "4B4B4B", "lineSpacing": 5}}, {"from": 8, "to": 11, "attributes": {"alignment": "left", "fontSize": 19, "fontWeight": "normal", "textColor": "4B4B4B", "lineSpacing": 5}}, {"from": 11, "to": 19, "attributes": {"alignment": "left", "fontSize": 19, "fontWeight": "bold", "textColor": "4B4B4B", "lineSpacing": 5}}]}, "tokenTTS": {"tokenTTSCollection": [{"startIndex": 0, "endIndex": 7, "ttsURL": "https://d1vq87e9lcf771.cloudfront.net/miguel/a624405f3a9f9478a2bdb7ea193ca619"}, {"startIndex": 11, "endIndex": 18, "ttsURL": "https://d1vq87e9lcf771.cloudfront.net/miguel/1fa59319dfeea3fc7bc267a1e0dfc644"}]}, "hints": {"hints": ["we", "we"], "hintLinks": [{"index": 0, "rangeStart": 0, "rangeEnd": 7}, {"index": 1, "rangeStart": 11, "rangeEnd": 18}]}}, {"styledString": {"text": "viajamos", "styling": [{"from": 0, "to": 4, "attributes": {"alignment": "left", "fontSize": 19, "fontWeight": "bold", "textColor": "4B4B4B", "lineSpacing": 5}}, {"from": 4, "to": 8, "attributes": {"alignment": "left", "fontSize": 19, "fontWeight": "bold", "textColor": "1CB0F6", "lineSpacing": 5}}]}, "tokenTTS": {"tokenTTSCollection": [{"startIndex": 0, "endIndex": 7, "ttsURL": "https://d1vq87e9lcf771.cloudfront.net/miguel/83841315b18e019eb9f5f54e5796c104"}]}, "hints": {"hints": ["we traveled"], "hintLinks": [{"index": 0, "rangeStart": 0, "rangeEnd": 7}]}}], [{"styledString": {"text": "ellos / ellas / ustedes", "styling": [{"from": 0, "to": 5, "attributes": {"alignment": "left", "fontSize": 19, "fontWeight": "bold", "textColor": "4B4B4B", "lineSpacing": 5}}, {"from": 5, "to": 8, "attributes": {"alignment": "left", "fontSize": 19, "fontWeight": "normal", "textColor": "4B4B4B", "lineSpacing": 5}}, {"from": 8, "to": 13, "attributes": {"alignment": "left", "fontSize": 19, "fontWeight": "bold", "textColor": "4B4B4B", "lineSpacing": 5}}, {"from": 13, "to": 16, "attributes": {"alignment": "left", "fontSize": 19, "fontWeight": "normal", "textColor": "4B4B4B", "lineSpacing": 5}}, {"from": 16, "to": 23, "attributes": {"alignment": "left", "fontSize": 19, "fontWeight": "bold", "textColor": "4B4B4B", "lineSpacing": 5}}]}, "tokenTTS": {"tokenTTSCollection": [{"startIndex": 0, "endIndex": 4, "ttsURL": "https://d1vq87e9lcf771.cloudfront.net/miguel/4881d6e90516a1bca7871cfae5ef97f7"}, {"startIndex": 8, "endIndex": 12, "ttsURL": "https://d1vq87e9lcf771.cloudfront.net/miguel/a5ad1c36b3c049bc1da655b309cf1269"}, {"startIndex": 16, "endIndex": 22, "ttsURL": "https://d1vq87e9lcf771.cloudfront.net/miguel/adaff35042eaa60b1635593807ea3e15"}]}, "hints": {"hints": ["they", "they", "you all"], "hintLinks": [{"index": 0, "rangeStart": 0, "rangeEnd": 4}, {"index": 1, "rangeStart": 8, "rangeEnd": 12}, {"index": 2, "rangeStart": 16, "rangeEnd": 22}]}}, {"styledString": {"text": "viajaron", "styling": [{"from": 0, "to": 4, "attributes": {"alignment": "left", "fontSize": 19, "fontWeight": "bold", "textColor": "4B4B4B", "lineSpacing": 5}}, {"from": 4, "to": 8, "attributes": {"alignment": "left", "fontSize": 19, "fontWeight": "bold", "textColor": "1CB0F6", "lineSpacing": 5}}]}, "tokenTTS": {"tokenTTSCollection": [{"startIndex": 0, "endIndex": 7, "ttsURL": "https://d1vq87e9lcf771.cloudfront.net/miguel/6f8f53ef5ff6c7b50b8f6745cbdda597"}]}, "hints": {"hints": ["they / you all traveled"], "hintLinks": [{"index": 0, "rangeStart": 0, "rangeEnd": 7}]}}]], "hasShadedHeader": true}, "meta": {"autoPlayableTTS": [], "sectionIndex": 0, "backgroundColor": "DDF4FF"}}, {"type": "verticalSpace", "element": 24, "meta": {"autoPlayableTTS": [], "sectionIndex": 0, "backgroundColor": "DDF4FF"}}, {"type": "text", "element": {"styledString": {"text": "Keep an eye out for the accent mark at the end of the \u00e9l / ella / usted form!", "styling": [{"from": 0, "to": 54, "attributes": {"alignment": "left", "fontSize": 19, "fontWeight": "normal", "textColor": "4B4B4B", "lineSpacing": 5}}, {"from": 54, "to": 56, "attributes": {"alignment": "left", "fontSize": 19, "fontWeight": "bold", "textColor": "4B4B4B", "lineSpacing": 5}}, {"from": 56, "to": 59, "attributes": {"alignment": "left", "fontSize": 19, "fontWeight": "normal", "textColor": "4B4B4B", "lineSpacing": 5}}, {"from": 59, "to": 63, "attributes": {"alignment": "left", "fontSize": 19, "fontWeight": "bold", "textColor": "4B4B4B", "lineSpacing": 5}}, {"from": 63, "to": 66, "attributes": {"alignment": "left", "fontSize": 19, "fontWeight": "normal", "textColor": "4B4B4B", "lineSpacing": 5}}, {"from": 66, "to": 71, "attributes": {"alignment": "left", "fontSize": 19, "fontWeight": "bold", "textColor": "4B4B4B", "lineSpacing": 5}}, {"from": 71, "to": 77, "attributes": {"alignment": "left", "fontSize": 19, "fontWeight": "normal", "textColor": "4B4B4B", "lineSpacing": 5}}]}, "tokenTTS": {"tokenTTSCollection": [{"startIndex": 54, "endIndex": 55, "ttsURL": "https://d1vq87e9lcf771.cloudfront.net/miguel/eb6fb864f3757379acec898fb9018d30"}, {"startIndex": 59, "endIndex": 62, "ttsURL": "https://d1vq87e9lcf771.cloudfront.net/miguel/7ba0a4fe127b1af95b81af18714bbbbb"}, {"startIndex": 66, "endIndex": 70, "ttsURL": "https://d1vq87e9lcf771.cloudfront.net/miguel/3160e30c83ba5403b1bf949dbafd83db"}]}, "hints": {"hints": ["a mark appearing on a letter", "he", "she", "you (formal)"], "hintLinks": [{"index": 0, "rangeStart": 24, "rangeEnd": 34}, {"index": 1, "rangeStart": 54, "rangeEnd": 55}, {"index": 2, "rangeStart": 59, "rangeEnd": 62}, {"index": 3, "rangeStart": 66, "rangeEnd": 70}]}}, "meta": {"autoPlayableTTS": [], "sectionIndex": 0, "backgroundColor": "DDF4FF"}}, {"type": "verticalSpace", "element": 24, "meta": {"autoPlayableTTS": [], "sectionIndex": 0, "backgroundColor": "DDF4FF"}}, {"type": "table", "element": {"cells": [[{"styledString": {"text": "subject", "styling": [{"from": 0, "to": 7, "attributes": {"alignment": "left", "fontSize": 19, "fontWeight": "bold", "textColor": "4B4B4B", "lineSpacing": 2}}]}, "tokenTTS": {"tokenTTSCollection": []}, "hints": {"hints": ["The subject of a sentence is the person, place, thing, or idea that is doing or being something."], "hintLinks": [{"index": 0, "rangeStart": 0, "rangeEnd": 6}]}}, {"styledString": {"text": "verb (comer)", "styling": [{"from": 0, "to": 12, "attributes": {"alignment": "left", "fontSize": 19, "fontWeight": "bold", "textColor": "4B4B4B", "lineSpacing": 2}}]}, "tokenTTS": {"tokenTTSCollection": [{"startIndex": 6, "endIndex": 10, "ttsURL": "https://d1vq87e9lcf771.cloudfront.net/miguel/84217bc760fdfdb51d8110f9be636bea"}]}, "hints": {"hints": ["A verb expresses an action (\u201cLuis cooks every day\u201d) or a state of being (\u201cI am sick\u201d).", "to eat"], "hintLinks": [{"index": 0, "rangeStart": 0, "rangeEnd": 3}, {"index": 1, "rangeStart": 6, "rangeEnd": 10}]}}], [{"styledString": {"text": "yo", "styling": [{"from": 0, "to": 2, "attributes": {"alignment": "left", "fontSize": 19, "fontWeight": "bold", "textColor": "4B4B4B", "lineSpacing": 5}}]}, "tokenTTS": {"tokenTTSCollection": [{"startIndex": 0, "endIndex": 1, "ttsURL": "https://d1vq87e9lcf771.cloudfront.net/miguel/aa0ff446f41920bd854cbcfe38a476e2"}]}, "hints": {"hints": ["I"], "hintLinks": [{"index": 0, "rangeStart": 0, "rangeEnd": 1}]}}, {"styledString": {"text": "com\u00ed", "styling": [{"from": 0, "to": 3, "attributes": {"alignment": "left", "fontSize": 19, "fontWeight": "bold", "textColor": "4B4B4B", "lineSpacing": 5}}, {"from": 3, "to": 4, "attributes": {"alignment": "left", "fontSize": 19, "fontWeight": "bold", "textColor": "1CB0F6", "lineSpacing": 5}}]}, "tokenTTS": {"tokenTTSCollection": [{"startIndex": 0, "endIndex": 3, "ttsURL": "https://d1vq87e9lcf771.cloudfront.net/miguel/4b39d0ae410053d4523e567d76596580"}]}, "hints": {"hints": ["I ate"], "hintLinks": [{"index": 0, "rangeStart": 0, "rangeEnd": 3}]}}], [{"styledString": {"text": "t\u00fa", "styling": [{"from": 0, "to": 2, "attributes": {"alignment": "left", "fontSize": 19, "fontWeight": "bold", "textColor": "4B4B4B", "lineSpacing": 5}}]}, "tokenTTS": {"tokenTTSCollection": [{"startIndex": 0, "endIndex": 1, "ttsURL": "https://d1vq87e9lcf771.cloudfront.net/miguel/2e717e2fe5783a547e2995fe3699350a"}]}, "hints": {"hints": ["you (informal)"], "hintLinks": [{"index": 0, "rangeStart": 0, "rangeEnd": 1}]}}, {"styledString": {"text": "comiste", "styling": [{"from": 0, "to": 3, "attributes": {"alignment": "left", "fontSize": 19, "fontWeight": "bold", "textColor": "4B4B4B", "lineSpacing": 5}}, {"from": 3, "to": 7, "attributes": {"alignment": "left", "fontSize": 19, "fontWeight": "bold", "textColor": "1CB0F6", "lineSpacing": 5}}]}, "tokenTTS": {"tokenTTSCollection": [{"startIndex": 0, "endIndex": 6, "ttsURL": "https://d1vq87e9lcf771.cloudfront.net/miguel/235258a45e9c5749683ee2cc6051dd2e"}]}, "hints": {"hints": ["you ate"], "hintLinks": [{"index": 0, "rangeStart": 0, "rangeEnd": 6}]}}], [{"styledString": {"text": "\u00e9l / ella / usted", "styling": [{"from": 0, "to": 2, "attributes": {"alignment": "left", "fontSize": 19, "fontWeight": "bold", "textColor": "4B4B4B", "lineSpacing": 5}}, {"from": 2, "to": 5, "attributes": {"alignment": "left", "fontSize": 19, "fontWeight": "normal", "textColor": "4B4B4B", "lineSpacing": 5}}, {"from": 5, "to": 9, "attributes": {"alignment": "left", "fontSize": 19, "fontWeight": "bold", "textColor": "4B4B4B", "lineSpacing": 5}}, {"from": 9, "to": 12, "attributes": {"alignment": "left", "fontSize": 19, "fontWeight": "normal", "textColor": "4B4B4B", "lineSpacing": 5}}, {"from": 12, "to": 17, "attributes": {"alignment": "left", "fontSize": 19, "fontWeight": "bold", "textColor": "4B4B4B", "lineSpacing": 5}}]}, "tokenTTS": {"tokenTTSCollection": [{"startIndex": 0, "endIndex": 1, "ttsURL": "https://d1vq87e9lcf771.cloudfront.net/miguel/eb6fb864f3757379acec898fb9018d30"}, {"startIndex": 5, "endIndex": 8, "ttsURL": "https://d1vq87e9lcf771.cloudfront.net/miguel/7ba0a4fe127b1af95b81af18714bbbbb"}, {"startIndex": 12, "endIndex": 16, "ttsURL": "https://d1vq87e9lcf771.cloudfront.net/miguel/3160e30c83ba5403b1bf949dbafd83db"}]}, "hints": {"hints": ["he", "she", "you (formal)"], "hintLinks": [{"index": 0, "rangeStart": 0, "rangeEnd": 1}, {"index": 1, "rangeStart": 5, "rangeEnd": 8}, {"index": 2, "rangeStart": 12, "rangeEnd": 16}]}}, {"styledString": {"text": "comi\u00f3", "styling": [{"from": 0, "to": 3, "attributes": {"alignment": "left", "fontSize": 19, "fontWeight": "bold", "textColor": "4B4B4B", "lineSpacing": 5}}, {"from": 3, "to": 5, "attributes": {"alignment": "left", "fontSize": 19, "fontWeight": "bold", "textColor": "1CB0F6", "lineSpacing": 5}}]}, "tokenTTS": {"tokenTTSCollection": [{"startIndex": 0, "endIndex": 4, "ttsURL": "https://d1vq87e9lcf771.cloudfront.net/miguel/d21432e1323b3606028d382968b1406b"}]}, "hints": {"hints": ["he / she / you (formal) ate"], "hintLinks": [{"index": 0, "rangeStart": 0, "rangeEnd": 4}]}}], [{"styledString": {"text": "nosotros / nosotras", "styling": [{"from": 0, "to": 8, "attributes": {"alignment": "left", "fontSize": 19, "fontWeight": "bold", "textColor": "4B4B4B", "lineSpacing": 5}}, {"from": 8, "to": 11, "attributes": {"alignment": "left", "fontSize": 19, "fontWeight": "normal", "textColor": "4B4B4B", "lineSpacing": 5}}, {"from": 11, "to": 19, "attributes": {"alignment": "left", "fontSize": 19, "fontWeight": "bold", "textColor": "4B4B4B", "lineSpacing": 5}}]}, "tokenTTS": {"tokenTTSCollection": [{"startIndex": 0, "endIndex": 7, "ttsURL": "https://d1vq87e9lcf771.cloudfront.net/miguel/a624405f3a9f9478a2bdb7ea193ca619"}, {"startIndex": 11, "endIndex": 18, "ttsURL": "https://d1vq87e9lcf771.cloudfront.net/miguel/1fa59319dfeea3fc7bc267a1e0dfc644"}]}, "hints": {"hints": ["we", "we"], "hintLinks": [{"index": 0, "rangeStart": 0, "rangeEnd": 7}, {"index": 1, "rangeStart": 11, "rangeEnd": 18}]}}, {"styledString": {"text": "comimos", "styling": [{"from": 0, "to": 3, "attributes": {"alignment": "left", "fontSize": 19, "fontWeight": "bold", "textColor": "4B4B4B", "lineSpacing": 5}}, {"from": 3, "to": 7, "attributes": {"alignment": "left", "fontSize": 19, "fontWeight": "bold", "textColor": "1CB0F6", "lineSpacing": 5}}]}, "tokenTTS": {"tokenTTSCollection": [{"startIndex": 0, "endIndex": 6, "ttsURL": "https://d1vq87e9lcf771.cloudfront.net/miguel/7d62483bdd37752ffad1698ca1fdd6de"}]}, "hints": {"hints": ["we ate"], "hintLinks": [{"index": 0, "rangeStart": 0, "rangeEnd": 6}]}}], [{"styledString": {"text": "ellos / ellas / ustedes", "styling": [{"from": 0, "to": 5, "attributes": {"alignment": "left", "fontSize": 19, "fontWeight": "bold", "textColor": "4B4B4B", "lineSpacing": 5}}, {"from": 5, "to": 8, "attributes": {"alignment": "left", "fontSize": 19, "fontWeight": "normal", "textColor": "4B4B4B", "lineSpacing": 5}}, {"from": 8, "to": 13, "attributes": {"alignment": "left", "fontSize": 19, "fontWeight": "bold", "textColor": "4B4B4B", "lineSpacing": 5}}, {"from": 13, "to": 16, "attributes": {"alignment": "left", "fontSize": 19, "fontWeight": "normal", "textColor": "4B4B4B", "lineSpacing": 5}}, {"from": 16, "to": 23, "attributes": {"alignment": "left", "fontSize": 19, "fontWeight": "bold", "textColor": "4B4B4B", "lineSpacing": 5}}]}, "tokenTTS": {"tokenTTSCollection": [{"startIndex": 0, "endIndex": 4, "ttsURL": "https://d1vq87e9lcf771.cloudfront.net/miguel/4881d6e90516a1bca7871cfae5ef97f7"}, {"startIndex": 8, "endIndex": 12, "ttsURL": "https://d1vq87e9lcf771.cloudfront.net/miguel/a5ad1c36b3c049bc1da655b309cf1269"}, {"startIndex": 16, "endIndex": 22, "ttsURL": "https://d1vq87e9lcf771.cloudfront.net/miguel/adaff35042eaa60b1635593807ea3e15"}]}, "hints": {"hints": ["they", "they", "you all"], "hintLinks": [{"index": 0, "rangeStart": 0, "rangeEnd": 4}, {"index": 1, "rangeStart": 8, "rangeEnd": 12}, {"index": 2, "rangeStart": 16, "rangeEnd": 22}]}}, {"styledString": {"text": "comieron", "styling": [{"from": 0, "to": 3, "attributes": {"alignment": "left", "fontSize": 19, "fontWeight": "bold", "textColor": "4B4B4B", "lineSpacing": 5}}, {"from": 3, "to": 8, "attributes": {"alignment": "left", "fontSize": 19, "fontWeight": "bold", "textColor": "1CB0F6", "lineSpacing": 5}}]}, "tokenTTS": {"tokenTTSCollection": [{"startIndex": 0, "endIndex": 7, "ttsURL": "https://d1vq87e9lcf771.cloudfront.net/miguel/95c91cbbb8527f7d070d79c45205b4d1"}]}, "hints": {"hints": ["they / you all ate"], "hintLinks": [{"index": 0, "rangeStart": 0, "rangeEnd": 7}]}}]], "hasShadedHeader": true}, "meta": {"autoPlayableTTS": [], "sectionIndex": 0, "backgroundColor": "DDF4FF"}}, {"type": "verticalSpace", "element": 24, "meta": {"autoPlayableTTS": [], "sectionIndex": 0, "backgroundColor": "DDF4FF"}}, {"type": "table", "element": {"cells": [[{"styledString": {"text": "subject", "styling": [{"from": 0, "to": 7, "attributes": {"alignment": "left", "fontSize": 19, "fontWeight": "bold", "textColor": "4B4B4B", "lineSpacing": 2}}]}, "tokenTTS": {"tokenTTSCollection": []}, "hints": {"hints": ["The subject of a sentence is the person, place, thing, or idea that is doing or being something."], "hintLinks": [{"index": 0, "rangeStart": 0, "rangeEnd": 6}]}}, {"styledString": {"text": "verb (vivir)", "styling": [{"from": 0, "to": 12, "attributes": {"alignment": "left", "fontSize": 19, "fontWeight": "bold", "textColor": "4B4B4B", "lineSpacing": 2}}]}, "tokenTTS": {"tokenTTSCollection": [{"startIndex": 6, "endIndex": 10, "ttsURL": "https://d1vq87e9lcf771.cloudfront.net/miguel/893338bbb484880583f3039aee09d555"}]}, "hints": {"hints": ["A verb expresses an action (\u201cLuis cooks every day\u201d) or a state of being (\u201cI am sick\u201d).", "to live"], "hintLinks": [{"index": 0, "rangeStart": 0, "rangeEnd": 3}, {"index": 1, "rangeStart": 6, "rangeEnd": 10}]}}], [{"styledString": {"text": "yo", "styling": [{"from": 0, "to": 2, "attributes": {"alignment": "left", "fontSize": 19, "fontWeight": "bold", "textColor": "4B4B4B", "lineSpacing": 5}}]}, "tokenTTS": {"tokenTTSCollection": [{"startIndex": 0, "endIndex": 1, "ttsURL": "https://d1vq87e9lcf771.cloudfront.net/miguel/aa0ff446f41920bd854cbcfe38a476e2"}]}, "hints": {"hints": ["I"], "hintLinks": [{"index": 0, "rangeStart": 0, "rangeEnd": 1}]}}, {"styledString": {"text": "viv\u00ed", "styling": [{"from": 0, "to": 3, "attributes": {"alignment": "left", "fontSize": 19, "fontWeight": "bold", "textColor": "4B4B4B", "lineSpacing": 5}}, {"from": 3, "to": 4, "attributes": {"alignment": "left", "fontSize": 19, "fontWeight": "bold", "textColor": "1CB0F6", "lineSpacing": 5}}]}, "tokenTTS": {"tokenTTSCollection": [{"startIndex": 0, "endIndex": 3, "ttsURL": "https://d1vq87e9lcf771.cloudfront.net/miguel/364f767ddf5025e80f3e9cbd925ed4b7"}]}, "hints": {"hints": ["I lived"], "hintLinks": [{"index": 0, "rangeStart": 0, "rangeEnd": 3}]}}], [{"styledString": {"text": "t\u00fa", "styling": [{"from": 0, "to": 2, "attributes": {"alignment": "left", "fontSize": 19, "fontWeight": "bold", "textColor": "4B4B4B", "lineSpacing": 5}}]}, "tokenTTS": {"tokenTTSCollection": [{"startIndex": 0, "endIndex": 1, "ttsURL": "https://d1vq87e9lcf771.cloudfront.net/miguel/2e717e2fe5783a547e2995fe3699350a"}]}, "hints": {"hints": ["you (informal)"], "hintLinks": [{"index": 0, "rangeStart": 0, "rangeEnd": 1}]}}, {"styledString": {"text": "viviste", "styling": [{"from": 0, "to": 3, "attributes": {"alignment": "left", "fontSize": 19, "fontWeight": "bold", "textColor": "4B4B4B", "lineSpacing": 5}}, {"from": 3, "to": 7, "attributes": {"alignment": "left", "fontSize": 19, "fontWeight": "bold", "textColor": "1CB0F6", "lineSpacing": 5}}]}, "tokenTTS": {"tokenTTSCollection": [{"startIndex": 0, "endIndex": 6, "ttsURL": "https://d1vq87e9lcf771.cloudfront.net/miguel/a6b6a9d1c1e1c30ec33e06229f57689e"}]}, "hints": {"hints": ["you lived"], "hintLinks": [{"index": 0, "rangeStart": 0, "rangeEnd": 6}]}}], [{"styledString": {"text": "\u00e9l / ella / usted", "styling": [{"from": 0, "to": 2, "attributes": {"alignment": "left", "fontSize": 19, "fontWeight": "bold", "textColor": "4B4B4B", "lineSpacing": 5}}, {"from": 2, "to": 5, "attributes": {"alignment": "left", "fontSize": 19, "fontWeight": "normal", "textColor": "4B4B4B", "lineSpacing": 5}}, {"from": 5, "to": 9, "attributes": {"alignment": "left", "fontSize": 19, "fontWeight": "bold", "textColor": "4B4B4B", "lineSpacing": 5}}, {"from": 9, "to": 12, "attributes": {"alignment": "left", "fontSize": 19, "fontWeight": "normal", "textColor": "4B4B4B", "lineSpacing": 5}}, {"from": 12, "to": 17, "attributes": {"alignment": "left", "fontSize": 19, "fontWeight": "bold", "textColor": "4B4B4B", "lineSpacing": 5}}]}, "tokenTTS": {"tokenTTSCollection": [{"startIndex": 0, "endIndex": 1, "ttsURL": "https://d1vq87e9lcf771.cloudfront.net/miguel/eb6fb864f3757379acec898fb9018d30"}, {"startIndex": 5, "endIndex": 8, "ttsURL": "https://d1vq87e9lcf771.cloudfront.net/miguel/7ba0a4fe127b1af95b81af18714bbbbb"}, {"startIndex": 12, "endIndex": 16, "ttsURL": "https://d1vq87e9lcf771.cloudfront.net/miguel/3160e30c83ba5403b1bf949dbafd83db"}]}, "hints": {"hints": ["he", "she", "you (formal)"], "hintLinks": [{"index": 0, "rangeStart": 0, "rangeEnd": 1}, {"index": 1, "rangeStart": 5, "rangeEnd": 8}, {"index": 2, "rangeStart": 12, "rangeEnd": 16}]}}, {"styledString": {"text": "vivi\u00f3", "styling": [{"from": 0, "to": 3, "attributes": {"alignment": "left", "fontSize": 19, "fontWeight": "bold", "textColor": "4B4B4B", "lineSpacing": 5}}, {"from": 3, "to": 5, "attributes": {"alignment": "left", "fontSize": 19, "fontWeight": "bold", "textColor": "1CB0F6", "lineSpacing": 5}}]}, "tokenTTS": {"tokenTTSCollection": [{"startIndex": 0, "endIndex": 4, "ttsURL": "https://d1vq87e9lcf771.cloudfront.net/miguel/da095671d48a9f329b0606ea9684dcd8"}]}, "hints": {"hints": ["he / she / you (formal) lived"], "hintLinks": [{"index": 0, "rangeStart": 0, "rangeEnd": 4}]}}], [{"styledString": {"text": "nosotros / nosotras", "styling": [{"from": 0, "to": 8, "attributes": {"alignment": "left", "fontSize": 19, "fontWeight": "bold", "textColor": "4B4B4B", "lineSpacing": 5}}, {"from": 8, "to": 11, "attributes": {"alignment": "left", "fontSize": 19, "fontWeight": "normal", "textColor": "4B4B4B", "lineSpacing": 5}}, {"from": 11, "to": 19, "attributes": {"alignment": "left", "fontSize": 19, "fontWeight": "bold", "textColor": "4B4B4B", "lineSpacing": 5}}]}, "tokenTTS": {"tokenTTSCollection": [{"startIndex": 0, "endIndex": 7, "ttsURL": "https://d1vq87e9lcf771.cloudfront.net/miguel/a624405f3a9f9478a2bdb7ea193ca619"}, {"startIndex": 11, "endIndex": 18, "ttsURL": "https://d1vq87e9lcf771.cloudfront.net/miguel/1fa59319dfeea3fc7bc267a1e0dfc644"}]}, "hints": {"hints": ["we", "we"], "hintLinks": [{"index": 0, "rangeStart": 0, "rangeEnd": 7}, {"index": 1, "rangeStart": 11, "rangeEnd": 18}]}}, {"styledString": {"text": "vivimos", "styling": [{"from": 0, "to": 3, "attributes": {"alignment": "left", "fontSize": 19, "fontWeight": "bold", "textColor": "4B4B4B", "lineSpacing": 5}}, {"from": 3, "to": 7, "attributes": {"alignment": "left", "fontSize": 19, "fontWeight": "bold", "textColor": "1CB0F6", "lineSpacing": 5}}]}, "tokenTTS": {"tokenTTSCollection": [{"startIndex": 0, "endIndex": 6, "ttsURL": "https://d1vq87e9lcf771.cloudfront.net/miguel/0086e06f4a3de766a198aa04d4970c23"}]}, "hints": {"hints": ["we lived"], "hintLinks": [{"index": 0, "rangeStart": 0, "rangeEnd": 6}]}}], [{"styledString": {"text": "ellos / ellas / ustedes", "styling": [{"from": 0, "to": 5, "attributes": {"alignment": "left", "fontSize": 19, "fontWeight": "bold", "textColor": "4B4B4B", "lineSpacing": 5}}, {"from": 5, "to": 8, "attributes": {"alignment": "left", "fontSize": 19, "fontWeight": "normal", "textColor": "4B4B4B", "lineSpacing": 5}}, {"from": 8, "to": 13, "attributes": {"alignment": "left", "fontSize": 19, "fontWeight": "bold", "textColor": "4B4B4B", "lineSpacing": 5}}, {"from": 13, "to": 16, "attributes": {"alignment": "left", "fontSize": 19, "fontWeight": "normal", "textColor": "4B4B4B", "lineSpacing": 5}}, {"from": 16, "to": 23, "attributes": {"alignment": "left", "fontSize": 19, "fontWeight": "bold", "textColor": "4B4B4B", "lineSpacing": 5}}]}, "tokenTTS": {"tokenTTSCollection": [{"startIndex": 0, "endIndex": 4, "ttsURL": "https://d1vq87e9lcf771.cloudfront.net/miguel/4881d6e90516a1bca7871cfae5ef97f7"}, {"startIndex": 8, "endIndex": 12, "ttsURL": "https://d1vq87e9lcf771.cloudfront.net/miguel/a5ad1c36b3c049bc1da655b309cf1269"}, {"startIndex": 16, "endIndex": 22, "ttsURL": "https://d1vq87e9lcf771.cloudfront.net/miguel/adaff35042eaa60b1635593807ea3e15"}]}, "hints": {"hints": ["they", "they", "you all"], "hintLinks": [{"index": 0, "rangeStart": 0, "rangeEnd": 4}, {"index": 1, "rangeStart": 8, "rangeEnd": 12}, {"index": 2, "rangeStart": 16, "rangeEnd": 22}]}}, {"styledString": {"text": "vivieron", "styling": [{"from": 0, "to": 3, "attributes": {"alignment": "left", "fontSize": 19, "fontWeight": "bold", "textColor": "4B4B4B", "lineSpacing": 5}}, {"from": 3, "to": 8, "attributes": {"alignment": "left", "fontSize": 19, "fontWeight": "bold", "textColor": "1CB0F6", "lineSpacing": 5}}]}, "tokenTTS": {"tokenTTSCollection": [{"startIndex": 0, "endIndex": 7, "ttsURL": "https://d1vq87e9lcf771.cloudfront.net/miguel/d95971068142c92ad154fd23c08d37fe"}]}, "hints": {"hints": ["they / you all lived"], "hintLinks": [{"index": 0, "rangeStart": 0, "rangeEnd": 7}]}}]], "hasShadedHeader": true}, "meta": {"autoPlayableTTS": [], "sectionIndex": 0, "backgroundColor": "DDF4FF"}}, {"type": "verticalSpace", "element": 24, "meta": {"autoPlayableTTS": [], "sectionIndex": 0, "backgroundColor": "DDF4FF"}}, {"type": "verticalSpace", "element": 2, "meta": {"autoPlayableTTS": [], "sectionIndex": 0, "backgroundColor": "84D8FF"}}, {"type": "verticalSpace", "element": 24, "meta": {"autoPlayableTTS": [], "sectionIndex": 0, "backgroundColor": "DDF4FF"}}, {"type": "text", "element": {"styledString": {"text": "TIP", "styling": [{"from": 0, "to": 3, "attributes": {"alignment": "left", "fontSize": 17, "fontWeight": "bold", "textColor": "1CB0F6", "lineSpacing": 4}}]}, "tokenTTS": {"tokenTTSCollection": []}}, "meta": {"autoPlayableTTS": [], "sectionIndex": 0, "backgroundColor": "DDF4FF"}}, {"type": "verticalSpace", "element": 8, "meta": {"autoPlayableTTS": [], "sectionIndex": 0, "backgroundColor": "DDF4FF"}}, {"type": "text", "element": {"styledString": {"text": "Fue and estuvo", "styling": [{"from": 0, "to": 14, "attributes": {"alignment": "left", "fontSize": 25, "fontWeight": "bold", "textColor": "4B4B4B", "lineSpacing": 4}}]}, "tokenTTS": {"tokenTTSCollection": []}, "hints": {"hints": [], "hintLinks": []}}, "meta": {"autoPlayableTTS": [], "sectionIndex": 0, "backgroundColor": "DDF4FF"}}, {"type": "verticalSpace", "element": 12, "meta": {"autoPlayableTTS": [], "sectionIndex": 0, "backgroundColor": "DDF4FF"}}, {"type": "text", "element": {"styledString": {"text": "As we\u2019ve already seen, ir and estar have special word endings when talking about the past. ", "styling": [{"from": 0, "to": 23, "attributes": {"alignment": "left", "fontSize": 19, "fontWeight": "normal", "textColor": "4B4B4B", "lineSpacing": 5}}, {"from": 23, "to": 25, "attributes": {"alignment": "left", "fontSize": 19, "fontWeight": "bold", "textColor": "4B4B4B", "lineSpacing": 5}}, {"from": 25, "to": 30, "attributes": {"alignment": "left", "fontSize": 19, "fontWeight": "normal", "textColor": "4B4B4B", "lineSpacing": 5}}, {"from": 30, "to": 35, "attributes": {"alignment": "left", "fontSize": 19, "fontWeight": "bold", "textColor": "4B4B4B", "lineSpacing": 5}}, {"from": 35, "to": 91, "attributes": {"alignment": "left", "fontSize": 19, "fontWeight": "normal", "textColor": "4B4B4B", "lineSpacing": 5}}]}, "tokenTTS": {"tokenTTSCollection": [{"startIndex": 23, "endIndex": 24, "ttsURL": "https://d1vq87e9lcf771.cloudfront.net/miguel/dc9239ea45abfb8a1f807d67adabe2b4"}, {"startIndex": 30, "endIndex": 34, "ttsURL": "https://d1vq87e9lcf771.cloudfront.net/miguel/8161921ed53ab772c7764ca123924afc"}]}, "hints": {"hints": ["to go", "to be"], "hintLinks": [{"index": 0, "rangeStart": 23, "rangeEnd": 24}, {"index": 1, "rangeStart": 30, "rangeEnd": 34}]}}, "meta": {"autoPlayableTTS": [], "sectionIndex": 0, "backgroundColor": "DDF4FF"}}, {"type": "verticalSpace", "element": 24, "meta": {"autoPlayableTTS": [], "sectionIndex": 0, "backgroundColor": "DDF4FF"}}, {"type": "table", "element": {"cells": [[{"styledString": {"text": "subject", "styling": [{"from": 0, "to": 7, "attributes": {"alignment": "left", "fontSize": 19, "fontWeight": "bold", "textColor": "4B4B4B", "lineSpacing": 2}}]}, "tokenTTS": {"tokenTTSCollection": []}, "hints": {"hints": ["The subject of a sentence is the person, place, thing, or idea that is doing or being something."], "hintLinks": [{"index": 0, "rangeStart": 0, "rangeEnd": 6}]}}, {"styledString": {"text": "verb (estar)", "styling": [{"from": 0, "to": 12, "attributes": {"alignment": "left", "fontSize": 19, "fontWeight": "bold", "textColor": "4B4B4B", "lineSpacing": 2}}]}, "tokenTTS": {"tokenTTSCollection": [{"startIndex": 6, "endIndex": 10, "ttsURL": "https://d1vq87e9lcf771.cloudfront.net/miguel/8161921ed53ab772c7764ca123924afc"}]}, "hints": {"hints": ["A verb expresses an action (\u201cLuis cooks every day\u201d) or a state of being (\u201cI am sick\u201d).", "to be"], "hintLinks": [{"index": 0, "rangeStart": 0, "rangeEnd": 3}, {"index": 1, "rangeStart": 6, "rangeEnd": 10}]}}], [{"styledString": {"text": "yo", "styling": [{"from": 0, "to": 2, "attributes": {"alignment": "left", "fontSize": 19, "fontWeight": "bold", "textColor": "4B4B4B", "lineSpacing": 5}}]}, "tokenTTS": {"tokenTTSCollection": [{"startIndex": 0, "endIndex": 1, "ttsURL": "https://d1vq87e9lcf771.cloudfront.net/miguel/aa0ff446f41920bd854cbcfe38a476e2"}]}, "hints": {"hints": ["I"], "hintLinks": [{"index": 0, "rangeStart": 0, "rangeEnd": 1}]}}, {"styledString": {"text": "estuve", "styling": [{"from": 0, "to": 3, "attributes": {"alignment": "left", "fontSize": 19, "fontWeight": "bold", "textColor": "4B4B4B", "lineSpacing": 5}}, {"from": 3, "to": 6, "attributes": {"alignment": "left", "fontSize": 19, "fontWeight": "bold", "textColor": "1CB0F6", "lineSpacing": 5}}]}, "tokenTTS": {"tokenTTSCollection": [{"startIndex": 0, "endIndex": 5, "ttsURL": "https://d1vq87e9lcf771.cloudfront.net/miguel/604efe2e917a6ed2c314ae692e650a23"}]}, "hints": {"hints": ["I was"], "hintLinks": [{"index": 0, "rangeStart": 0, "rangeEnd": 5}]}}], [{"styledString": {"text": "t\u00fa", "styling": [{"from": 0, "to": 2, "attributes": {"alignment": "left", "fontSize": 19, "fontWeight": "bold", "textColor": "4B4B4B", "lineSpacing": 5}}]}, "tokenTTS": {"tokenTTSCollection": [{"startIndex": 0, "endIndex": 1, "ttsURL": "https://d1vq87e9lcf771.cloudfront.net/miguel/2e717e2fe5783a547e2995fe3699350a"}]}, "hints": {"hints": ["you (informal)"], "hintLinks": [{"index": 0, "rangeStart": 0, "rangeEnd": 1}]}}, {"styledString": {"text": "estuviste", "styling": [{"from": 0, "to": 3, "attributes": {"alignment": "left", "fontSize": 19, "fontWeight": "bold", "textColor": "4B4B4B", "lineSpacing": 5}}, {"from": 3, "to": 9, "attributes": {"alignment": "left", "fontSize": 19, "fontWeight": "bold", "textColor": "1CB0F6", "lineSpacing": 5}}]}, "tokenTTS": {"tokenTTSCollection": [{"startIndex": 0, "endIndex": 8, "ttsURL": "https://d1vq87e9lcf771.cloudfront.net/miguel/c4a4103ef72a4261d1f1045b376ed158"}]}, "hints": {"hints": ["you were"], "hintLinks": [{"index": 0, "rangeStart": 0, "rangeEnd": 8}]}}], [{"styledString": {"text": "\u00e9l / ella / usted", "styling": [{"from": 0, "to": 2, "attributes": {"alignment": "left", "fontSize": 19, "fontWeight": "bold", "textColor": "4B4B4B", "lineSpacing": 5}}, {"from": 2, "to": 5, "attributes": {"alignment": "left", "fontSize": 19, "fontWeight": "normal", "textColor": "4B4B4B", "lineSpacing": 5}}, {"from": 5, "to": 9, "attributes": {"alignment": "left", "fontSize": 19, "fontWeight": "bold", "textColor": "4B4B4B", "lineSpacing": 5}}, {"from": 9, "to": 12, "attributes": {"alignment": "left", "fontSize": 19, "fontWeight": "normal", "textColor": "4B4B4B", "lineSpacing": 5}}, {"from": 12, "to": 17, "attributes": {"alignment": "left", "fontSize": 19, "fontWeight": "bold", "textColor": "4B4B4B", "lineSpacing": 5}}]}, "tokenTTS": {"tokenTTSCollection": [{"startIndex": 0, "endIndex": 1, "ttsURL": "https://d1vq87e9lcf771.cloudfront.net/miguel/eb6fb864f3757379acec898fb9018d30"}, {"startIndex": 5, "endIndex": 8, "ttsURL": "https://d1vq87e9lcf771.cloudfront.net/miguel/7ba0a4fe127b1af95b81af18714bbbbb"}, {"startIndex": 12, "endIndex": 16, "ttsURL": "https://d1vq87e9lcf771.cloudfront.net/miguel/3160e30c83ba5403b1bf949dbafd83db"}]}, "hints": {"hints": ["he", "she", "you (formal)"], "hintLinks": [{"index": 0, "rangeStart": 0, "rangeEnd": 1}, {"index": 1, "rangeStart": 5, "rangeEnd": 8}, {"index": 2, "rangeStart": 12, "rangeEnd": 16}]}}, {"styledString": {"text": "estuvo", "styling": [{"from": 0, "to": 3, "attributes": {"alignment": "left", "fontSize": 19, "fontWeight": "bold", "textColor": "4B4B4B", "lineSpacing": 5}}, {"from": 3, "to": 6, "attributes": {"alignment": "left", "fontSize": 19, "fontWeight": "bold", "textColor": "1CB0F6", "lineSpacing": 5}}]}, "tokenTTS": {"tokenTTSCollection": [{"startIndex": 0, "endIndex": 5, "ttsURL": "https://d1vq87e9lcf771.cloudfront.net/miguel/79801ef295e3eac2b59b4842fdb8bc9b"}]}, "hints": {"hints": ["he / she was, you (formal) were"], "hintLinks": [{"index": 0, "rangeStart": 0, "rangeEnd": 5}]}}], [{"styledString": {"text": "nosotros / nosotras", "styling": [{"from": 0, "to": 8, "attributes": {"alignment": "left", "fontSize": 19, "fontWeight": "bold", "textColor": "4B4B4B", "lineSpacing": 5}}, {"from": 8, "to": 11, "attributes": {"alignment": "left", "fontSize": 19, "fontWeight": "normal", "textColor": "4B4B4B", "lineSpacing": 5}}, {"from": 11, "to": 19, "attributes": {"alignment": "left", "fontSize": 19, "fontWeight": "bold", "textColor": "4B4B4B", "lineSpacing": 5}}]}, "tokenTTS": {"tokenTTSCollection": [{"startIndex": 0, "endIndex": 7, "ttsURL": "https://d1vq87e9lcf771.cloudfront.net/miguel/a624405f3a9f9478a2bdb7ea193ca619"}, {"startIndex": 11, "endIndex": 18, "ttsURL": "https://d1vq87e9lcf771.cloudfront.net/miguel/1fa59319dfeea3fc7bc267a1e0dfc644"}]}, "hints": {"hints": ["we", "we"], "hintLinks": [{"index": 0, "rangeStart": 0, "rangeEnd": 7}, {"index": 1, "rangeStart": 11, "rangeEnd": 18}]}}, {"styledString": {"text": "estuvimos", "styling": [{"from": 0, "to": 3, "attributes": {"alignment": "left", "fontSize": 19, "fontWeight": "bold", "textColor": "4B4B4B", "lineSpacing": 5}}, {"from": 3, "to": 9, "attributes": {"alignment": "left", "fontSize": 19, "fontWeight": "bold", "textColor": "1CB0F6", "lineSpacing": 5}}]}, "tokenTTS": {"tokenTTSCollection": [{"startIndex": 0, "endIndex": 8, "ttsURL": "https://d1vq87e9lcf771.cloudfront.net/miguel/cd85eeed4046c7af6a6f0fd073a50115"}]}, "hints": {"hints": ["we were"], "hintLinks": [{"index": 0, "rangeStart": 0, "rangeEnd": 8}]}}], [{"styledString": {"text": "ellos / ellas / ustedes", "styling": [{"from": 0, "to": 5, "attributes": {"alignment": "left", "fontSize": 19, "fontWeight": "bold", "textColor": "4B4B4B", "lineSpacing": 5}}, {"from": 5, "to": 8, "attributes": {"alignment": "left", "fontSize": 19, "fontWeight": "normal", "textColor": "4B4B4B", "lineSpacing": 5}}, {"from": 8, "to": 13, "attributes": {"alignment": "left", "fontSize": 19, "fontWeight": "bold", "textColor": "4B4B4B", "lineSpacing": 5}}, {"from": 13, "to": 16, "attributes": {"alignment": "left", "fontSize": 19, "fontWeight": "normal", "textColor": "4B4B4B", "lineSpacing": 5}}, {"from": 16, "to": 23, "attributes": {"alignment": "left", "fontSize": 19, "fontWeight": "bold", "textColor": "4B4B4B", "lineSpacing": 5}}]}, "tokenTTS": {"tokenTTSCollection": [{"startIndex": 0, "endIndex": 4, "ttsURL": "https://d1vq87e9lcf771.cloudfront.net/miguel/4881d6e90516a1bca7871cfae5ef97f7"}, {"startIndex": 8, "endIndex": 12, "ttsURL": "https://d1vq87e9lcf771.cloudfront.net/miguel/a5ad1c36b3c049bc1da655b309cf1269"}, {"startIndex": 16, "endIndex": 22, "ttsURL": "https://d1vq87e9lcf771.cloudfront.net/miguel/adaff35042eaa60b1635593807ea3e15"}]}, "hints": {"hints": ["they", "they", "you all"], "hintLinks": [{"index": 0, "rangeStart": 0, "rangeEnd": 4}, {"index": 1, "rangeStart": 8, "rangeEnd": 12}, {"index": 2, "rangeStart": 16, "rangeEnd": 22}]}}, {"styledString": {"text": "estuvieron", "styling": [{"from": 0, "to": 3, "attributes": {"alignment": "left", "fontSize": 19, "fontWeight": "bold", "textColor": "4B4B4B", "lineSpacing": 5}}, {"from": 3, "to": 10, "attributes": {"alignment": "left", "fontSize": 19, "fontWeight": "bold", "textColor": "1CB0F6", "lineSpacing": 5}}]}, "tokenTTS": {"tokenTTSCollection": [{"startIndex": 0, "endIndex": 9, "ttsURL": "https://d1vq87e9lcf771.cloudfront.net/miguel/bb7ef8647a46834b659a84290881e24c"}]}, "hints": {"hints": ["they / you all were"], "hintLinks": [{"index": 0, "rangeStart": 0, "rangeEnd": 9}]}}]], "hasShadedHeader": true}, "meta": {"autoPlayableTTS": [], "sectionIndex": 0, "backgroundColor": "DDF4FF"}}, {"type": "verticalSpace", "element": 24, "meta": {"autoPlayableTTS": [], "sectionIndex": 0, "backgroundColor": "DDF4FF"}}, {"type": "table", "element": {"cells": [[{"styledString": {"text": "subject", "styling": [{"from": 0, "to": 7, "attributes": {"alignment": "left", "fontSize": 19, "fontWeight": "bold", "textColor": "4B4B4B", "lineSpacing": 2}}]}, "tokenTTS": {"tokenTTSCollection": []}, "hints": {"hints": ["The subject of a sentence is the person, place, thing, or idea that is doing or being something."], "hintLinks": [{"index": 0, "rangeStart": 0, "rangeEnd": 6}]}}, {"styledString": {"text": "verb (ir)", "styling": [{"from": 0, "to": 9, "attributes": {"alignment": "left", "fontSize": 19, "fontWeight": "bold", "textColor": "4B4B4B", "lineSpacing": 2}}]}, "tokenTTS": {"tokenTTSCollection": [{"startIndex": 6, "endIndex": 7, "ttsURL": "https://d1vq87e9lcf771.cloudfront.net/miguel/dc9239ea45abfb8a1f807d67adabe2b4"}]}, "hints": {"hints": ["A verb expresses an action (\u201cLuis cooks every day\u201d) or a state of being (\u201cI am sick\u201d).", "to go"], "hintLinks": [{"index": 0, "rangeStart": 0, "rangeEnd": 3}, {"index": 1, "rangeStart": 6, "rangeEnd": 7}]}}], [{"styledString": {"text": "yo", "styling": [{"from": 0, "to": 2, "attributes": {"alignment": "left", "fontSize": 19, "fontWeight": "bold", "textColor": "4B4B4B", "lineSpacing": 5}}]}, "tokenTTS": {"tokenTTSCollection": [{"startIndex": 0, "endIndex": 1, "ttsURL": "https://d1vq87e9lcf771.cloudfront.net/miguel/aa0ff446f41920bd854cbcfe38a476e2"}]}, "hints": {"hints": ["I"], "hintLinks": [{"index": 0, "rangeStart": 0, "rangeEnd": 1}]}}, {"styledString": {"text": "fui", "styling": [{"from": 0, "to": 3, "attributes": {"alignment": "left", "fontSize": 19, "fontWeight": "bold", "textColor": "1CB0F6", "lineSpacing": 5}}]}, "tokenTTS": {"tokenTTSCollection": [{"startIndex": 0, "endIndex": 2, "ttsURL": "https://d1vq87e9lcf771.cloudfront.net/miguel/51f57c7bdaaa1407faed0fe9660772b3"}]}, "hints": {"hints": ["I went"], "hintLinks": [{"index": 0, "rangeStart": 0, "rangeEnd": 2}]}}], [{"styledString": {"text": "t\u00fa", "styling": [{"from": 0, "to": 2, "attributes": {"alignment": "left", "fontSize": 19, "fontWeight": "bold", "textColor": "4B4B4B", "lineSpacing": 5}}]}, "tokenTTS": {"tokenTTSCollection": [{"startIndex": 0, "endIndex": 1, "ttsURL": "https://d1vq87e9lcf771.cloudfront.net/miguel/2e717e2fe5783a547e2995fe3699350a"}]}, "hints": {"hints": ["you (informal)"], "hintLinks": [{"index": 0, "rangeStart": 0, "rangeEnd": 1}]}}, {"styledString": {"text": "fuiste", "styling": [{"from": 0, "to": 6, "attributes": {"alignment": "left", "fontSize": 19, "fontWeight": "bold", "textColor": "1CB0F6", "lineSpacing": 5}}]}, "tokenTTS": {"tokenTTSCollection": [{"startIndex": 0, "endIndex": 5, "ttsURL": "https://d1vq87e9lcf771.cloudfront.net/miguel/fa55630927731b5f6820025c727094b4"}]}, "hints": {"hints": ["you went"], "hintLinks": [{"index": 0, "rangeStart": 0, "rangeEnd": 5}]}}], [{"styledString": {"text": "\u00e9l / ella / usted", "styling": [{"from": 0, "to": 2, "attributes": {"alignment": "left", "fontSize": 19, "fontWeight": "bold", "textColor": "4B4B4B", "lineSpacing": 5}}, {"from": 2, "to": 5, "attributes": {"alignment": "left", "fontSize": 19, "fontWeight": "normal", "textColor": "4B4B4B", "lineSpacing": 5}}, {"from": 5, "to": 9, "attributes": {"alignment": "left", "fontSize": 19, "fontWeight": "bold", "textColor": "4B4B4B", "lineSpacing": 5}}, {"from": 9, "to": 12, "attributes": {"alignment": "left", "fontSize": 19, "fontWeight": "normal", "textColor": "4B4B4B", "lineSpacing": 5}}, {"from": 12, "to": 17, "attributes": {"alignment": "left", "fontSize": 19, "fontWeight": "bold", "textColor": "4B4B4B", "lineSpacing": 5}}]}, "tokenTTS": {"tokenTTSCollection": [{"startIndex": 0, "endIndex": 1, "ttsURL": "https://d1vq87e9lcf771.cloudfront.net/miguel/eb6fb864f3757379acec898fb9018d30"}, {"startIndex": 5, "endIndex": 8, "ttsURL": "https://d1vq87e9lcf771.cloudfront.net/miguel/7ba0a4fe127b1af95b81af18714bbbbb"}, {"startIndex": 12, "endIndex": 16, "ttsURL": "https://d1vq87e9lcf771.cloudfront.net/miguel/3160e30c83ba5403b1bf949dbafd83db"}]}, "hints": {"hints": ["he", "she", "you (formal)"], "hintLinks": [{"index": 0, "rangeStart": 0, "rangeEnd": 1}, {"index": 1, "rangeStart": 5, "rangeEnd": 8}, {"index": 2, "rangeStart": 12, "rangeEnd": 16}]}}, {"styledString": {"text": "fue", "styling": [{"from": 0, "to": 3, "attributes": {"alignment": "left", "fontSize": 19, "fontWeight": "bold", "textColor": "1CB0F6", "lineSpacing": 5}}]}, "tokenTTS": {"tokenTTSCollection": [{"startIndex": 0, "endIndex": 2, "ttsURL": "https://d1vq87e9lcf771.cloudfront.net/miguel/7de53ac54cfc1ee196a360be4ede560d"}]}, "hints": {"hints": ["he / she / you (formal) went"], "hintLinks": [{"index": 0, "rangeStart": 0, "rangeEnd": 2}]}}], [{"styledString": {"text": "nosotros / nosotras", "styling": [{"from": 0, "to": 8, "attributes": {"alignment": "left", "fontSize": 19, "fontWeight": "bold", "textColor": "4B4B4B", "lineSpacing": 5}}, {"from": 8, "to": 11, "attributes": {"alignment": "left", "fontSize": 19, "fontWeight": "normal", "textColor": "4B4B4B", "lineSpacing": 5}}, {"from": 11, "to": 19, "attributes": {"alignment": "left", "fontSize": 19, "fontWeight": "bold", "textColor": "4B4B4B", "lineSpacing": 5}}]}, "tokenTTS": {"tokenTTSCollection": [{"startIndex": 0, "endIndex": 7, "ttsURL": "https://d1vq87e9lcf771.cloudfront.net/miguel/a624405f3a9f9478a2bdb7ea193ca619"}, {"startIndex": 11, "endIndex": 18, "ttsURL": "https://d1vq87e9lcf771.cloudfront.net/miguel/1fa59319dfeea3fc7bc267a1e0dfc644"}]}, "hints": {"hints": ["we", "we"], "hintLinks": [{"index": 0, "rangeStart": 0, "rangeEnd": 7}, {"index": 1, "rangeStart": 11, "rangeEnd": 18}]}}, {"styledString": {"text": "fuimos", "styling": [{"from": 0, "to": 6, "attributes": {"alignment": "left", "fontSize": 19, "fontWeight": "bold", "textColor": "1CB0F6", "lineSpacing": 5}}]}, "tokenTTS": {"tokenTTSCollection": [{"startIndex": 0, "endIndex": 5, "ttsURL": "https://d1vq87e9lcf771.cloudfront.net/miguel/b28eb2446e7b732100c2755df1735f91"}]}, "hints": {"hints": ["we went"], "hintLinks": [{"index": 0, "rangeStart": 0, "rangeEnd": 5}]}}], [{"styledString": {"text": "ellos / ellas / ustedes", "styling": [{"from": 0, "to": 5, "attributes": {"alignment": "left", "fontSize": 19, "fontWeight": "bold", "textColor": "4B4B4B", "lineSpacing": 5}}, {"from": 5, "to": 8, "attributes": {"alignment": "left", "fontSize": 19, "fontWeight": "normal", "textColor": "4B4B4B", "lineSpacing": 5}}, {"from": 8, "to": 13, "attributes": {"alignment": "left", "fontSize": 19, "fontWeight": "bold", "textColor": "4B4B4B", "lineSpacing": 5}}, {"from": 13, "to": 16, "attributes": {"alignment": "left", "fontSize": 19, "fontWeight": "normal", "textColor": "4B4B4B", "lineSpacing": 5}}, {"from": 16, "to": 23, "attributes": {"alignment": "left", "fontSize": 19, "fontWeight": "bold", "textColor": "4B4B4B", "lineSpacing": 5}}]}, "tokenTTS": {"tokenTTSCollection": [{"startIndex": 0, "endIndex": 4, "ttsURL": "https://d1vq87e9lcf771.cloudfront.net/miguel/4881d6e90516a1bca7871cfae5ef97f7"}, {"startIndex": 8, "endIndex": 12, "ttsURL": "https://d1vq87e9lcf771.cloudfront.net/miguel/a5ad1c36b3c049bc1da655b309cf1269"}, {"startIndex": 16, "endIndex": 22, "ttsURL": "https://d1vq87e9lcf771.cloudfront.net/miguel/adaff35042eaa60b1635593807ea3e15"}]}, "hints": {"hints": ["they", "they", "you all"], "hintLinks": [{"index": 0, "rangeStart": 0, "rangeEnd": 4}, {"index": 1, "rangeStart": 8, "rangeEnd": 12}, {"index": 2, "rangeStart": 16, "rangeEnd": 22}]}}, {"styledString": {"text": "fueron", "styling": [{"from": 0, "to": 6, "attributes": {"alignment": "left", "fontSize": 19, "fontWeight": "bold", "textColor": "1CB0F6", "lineSpacing": 5}}]}, "tokenTTS": {"tokenTTSCollection": [{"startIndex": 0, "endIndex": 5, "ttsURL": "https://d1vq87e9lcf771.cloudfront.net/miguel/c2cbb2b804e0a78be5576abc3b0de873"}]}, "hints": {"hints": ["they / you all went"], "hintLinks": [{"index": 0, "rangeStart": 0, "rangeEnd": 5}]}}]], "hasShadedHeader": true}, "meta": {"autoPlayableTTS": [], "sectionIndex": 0, "backgroundColor": "DDF4FF"}}, {"type": "verticalSpace", "element": 24, "meta": {"autoPlayableTTS": [], "sectionIndex": 0, "backgroundColor": "DDF4FF"}}], "resourcesToPrefetch": [{"required": false, "url": "https://d1vq87e9lcf771.cloudfront.net/miguel/55e02d021066744acb01121f2879fd82", "type": "mp3"}, {"required": false, "url": "https://d1vq87e9lcf771.cloudfront.net/miguel/7de53ac54cfc1ee196a360be4ede560d", "type": "mp3"}, {"required": false, "url": "https://d1vq87e9lcf771.cloudfront.net/miguel/adaff35042eaa60b1635593807ea3e15", "type": "mp3"}, {"required": false, "url": "https://d1vq87e9lcf771.cloudfront.net/miguel/c4a4103ef72a4261d1f1045b376ed158", "type": "mp3"}, {"required": false, "url": "https://d1vq87e9lcf771.cloudfront.net/miguel/84217bc760fdfdb51d8110f9be636bea", "type": "mp3"}, {"required": false, "url": "https://d1vq87e9lcf771.cloudfront.net/miguel/d887f828c4aef40183e878df573bdc50", "type": "mp3"}, {"required": false, "url": "https://d1vq87e9lcf771.cloudfront.net/miguel/eb6fb864f3757379acec898fb9018d30", "type": "mp3"}, {"required": false, "url": "https://d1vq87e9lcf771.cloudfront.net/miguel/9cb81796a2aaa7a2904ea6f8836c8d4a", "type": "mp3"}, {"required": false, "url": "https://d1vq87e9lcf771.cloudfront.net/miguel/893338bbb484880583f3039aee09d555", "type": "mp3"}, {"required": false, "url": "https://d1vq87e9lcf771.cloudfront.net/miguel/dc9239ea45abfb8a1f807d67adabe2b4", "type": "mp3"}, {"required": false, "url": "https://d1vq87e9lcf771.cloudfront.net/miguel/364f767ddf5025e80f3e9cbd925ed4b7", "type": "mp3"}, {"required": false, "url": "https://d1vq87e9lcf771.cloudfront.net/miguel/51f57c7bdaaa1407faed0fe9660772b3", "type": "mp3"}, {"required": false, "url": "https://d1vq87e9lcf771.cloudfront.net/miguel/1e2a44123f7fa2faa88e1bd3f287e833", "type": "mp3"}, {"required": false, "url": "https://d1vq87e9lcf771.cloudfront.net/miguel/4881d6e90516a1bca7871cfae5ef97f7", "type": "mp3"}, {"required": false, "url": "https://d1vq87e9lcf771.cloudfront.net/miguel/a6b6a9d1c1e1c30ec33e06229f57689e", "type": "mp3"}, {"required": false, "url": "https://d1vq87e9lcf771.cloudfront.net/miguel/78b3ff14482b6ec144be5d9a1a2b17dd", "type": "mp3"}, {"required": false, "url": "https://d1vq87e9lcf771.cloudfront.net/miguel/aa0ff446f41920bd854cbcfe38a476e2", "type": "mp3"}, {"required": false, "url": "https://d1vq87e9lcf771.cloudfront.net/miguel/ff20e9f970218112d06a0548f147302b", "type": "mp3"}, {"required": false, "url": "https://d1vq87e9lcf771.cloudfront.net/miguel/bb7ef8647a46834b659a84290881e24c", "type": "mp3"}, {"required": false, "url": "https://d1vq87e9lcf771.cloudfront.net/miguel/d95971068142c92ad154fd23c08d37fe", "type": "mp3"}, {"required": false, "url": "https://d1vq87e9lcf771.cloudfront.net/miguel/734c70a0688d783f5622bc450c2ef59e", "type": "mp3"}, {"required": false, "url": "https://d1vq87e9lcf771.cloudfront.net/miguel/235258a45e9c5749683ee2cc6051dd2e", "type": "mp3"}, {"required": false, "url": "https://d1vq87e9lcf771.cloudfront.net/miguel/1fa59319dfeea3fc7bc267a1e0dfc644", "type": "mp3"}, {"required": false, "url": "https://d1vq87e9lcf771.cloudfront.net/miguel/8161921ed53ab772c7764ca123924afc", "type": "mp3"}, {"required": false, "url": "https://d1vq87e9lcf771.cloudfront.net/miguel/a624405f3a9f9478a2bdb7ea193ca619", "type": "mp3"}, {"required": false, "url": "https://d1vq87e9lcf771.cloudfront.net/miguel/79801ef295e3eac2b59b4842fdb8bc9b", "type": "mp3"}, {"required": false, "url": "https://d1vq87e9lcf771.cloudfront.net/miguel/c2cbb2b804e0a78be5576abc3b0de873", "type": "mp3"}, {"required": false, "url": "https://d1vq87e9lcf771.cloudfront.net/miguel/05ae7751782ac973a33635113cd42645", "type": "mp3"}, {"required": false, "url": "https://d1vq87e9lcf771.cloudfront.net/miguel/7ba0a4fe127b1af95b81af18714bbbbb", "type": "mp3"}, {"required": false, "url": "https://d1vq87e9lcf771.cloudfront.net/miguel/cd85eeed4046c7af6a6f0fd073a50115", "type": "mp3"}, {"required": false, "url": "https://d1vq87e9lcf771.cloudfront.net/miguel/83841315b18e019eb9f5f54e5796c104", "type": "mp3"}, {"required": false, "url": "https://d1vq87e9lcf771.cloudfront.net/miguel/4b39d0ae410053d4523e567d76596580", "type": "mp3"}, {"required": false, "url": "https://d1vq87e9lcf771.cloudfront.net/miguel/0086e06f4a3de766a198aa04d4970c23", "type": "mp3"}, {"required": false, "url": "https://d1vq87e9lcf771.cloudfront.net/miguel/0b24c1c2a3487c4bc946c89c9cde17a9", "type": "mp3"}, {"required": false, "url": "https://d1vq87e9lcf771.cloudfront.net/miguel/3160e30c83ba5403b1bf949dbafd83db", "type": "mp3"}, {"required": false, "url": "https://d1vq87e9lcf771.cloudfront.net/miguel/95c91cbbb8527f7d070d79c45205b4d1", "type": "mp3"}, {"required": false, "url": "https://d1vq87e9lcf771.cloudfront.net/miguel/fa55630927731b5f6820025c727094b4", "type": "mp3"}, {"required": false, "url": "https://d1vq87e9lcf771.cloudfront.net/miguel/da095671d48a9f329b0606ea9684dcd8", "type": "mp3"}, {"required": false, "url": "https://d1vq87e9lcf771.cloudfront.net/miguel/b28eb2446e7b732100c2755df1735f91", "type": "mp3"}, {"required": false, "url": "https://d1vq87e9lcf771.cloudfront.net/miguel/d21432e1323b3606028d382968b1406b", "type": "mp3"}, {"required": false, "url": "https://d1vq87e9lcf771.cloudfront.net/miguel/6f8f53ef5ff6c7b50b8f6745cbdda597", "type": "mp3"}, {"required": false, "url": "https://d1vq87e9lcf771.cloudfront.net/miguel/a5ad1c36b3c049bc1da655b309cf1269", "type": "mp3"}, {"required": false, "url": "https://d1vq87e9lcf771.cloudfront.net/miguel/604efe2e917a6ed2c314ae692e650a23", "type": "mp3"}, {"required": false, "url": "https://d1vq87e9lcf771.cloudfront.net/miguel/7d62483bdd37752ffad1698ca1fdd6de", "type": "mp3"}, {"required": false, "url": "https://d1vq87e9lcf771.cloudfront.net/miguel/2e717e2fe5783a547e2995fe3699350a", "type": "mp3"}]}