{"elements": [{"type": "verticalSpace", "element": 2, "meta": {"autoPlayableTTS": [], "sectionIndex": 0, "backgroundColor": "E5E5E5"}}, {"type": "verticalSpace", "element": 24, "meta": {"autoPlayableTTS": [], "sectionIndex": 0, "backgroundColor": null}}, {"type": "text", "element": {"styledString": {"text": "KEY PHRASES", "styling": [{"from": 0, "to": 11, "attributes": {"alignment": "left", "fontSize": 17, "fontWeight": "bold", "textColor": "1CB0F6", "lineSpacing": 4}}]}, "tokenTTS": {"tokenTTSCollection": []}}, "meta": {"autoPlayableTTS": [], "sectionIndex": 0, "backgroundColor": null}}, {"type": "verticalSpace", "element": 8, "meta": {"autoPlayableTTS": [], "sectionIndex": 0, "backgroundColor": null}}, {"type": "text", "element": {"styledString": {"text": "Prompt someone to speak and react", "styling": [{"from": 0, "to": 33, "attributes": {"alignment": "left", "fontSize": 25, "fontWeight": "bold", "textColor": "4B4B4B", "lineSpacing": 4}}]}, "tokenTTS": {"tokenTTSCollection": []}}, "meta": {"autoPlayableTTS": [], "sectionIndex": 0, "backgroundColor": null}}, {"type": "verticalSpace", "element": 16, "meta": {"autoPlayableTTS": [], "sectionIndex": 0, "backgroundColor": null}}, {"type": "dialogue", "element": {"phrases": [{"text": {"styledString": {"text": "\u00bfQu\u00e9 hay de bueno en la inteligencia artificial?", "styling": [{"from": 0, "to": 48, "attributes": {"alignment": "left", "fontSize": 19, "fontWeight": "normal", "textColor": "4B4B4B", "lineSpacing": 5}}]}, "tokenTTS": {"tokenTTSCollection": []}, "blockHints": [{"value": "\u00bf"}, {"value": "Qu\u00e9", "hintTable": {"headers": ["qu\u00e9", "hay"], "rows": [[{"hint": "what's", "colspan": 2}], [{"hint": "what", "colspan": 1}, {"colspan": 1}], [{"hint": "what an", "colspan": 1}, {"colspan": 1}], [{"hint": "what a", "colspan": 1}, {"colspan": 1}]], "references": [1]}, "tts": "https://d1vq87e9lcf771.cloudfront.net/miguel/10cae84a9e87a16bf1d6dce8af8406b3"}, {"value": " "}, {"value": "hay", "hintTable": {"headers": ["qu\u00e9", "hay"], "rows": [[{"hint": "what's", "colspan": 2}], [{"colspan": 1}, {"hint": "is", "colspan": 1}], [{"colspan": 1}, {"hint": "there are", "colspan": 1}], [{"colspan": 1}, {"hint": "it's", "colspan": 1}]], "references": [0]}, "tts": "https://d1vq87e9lcf771.cloudfront.net/miguel/1d9ea3c65d14851be46d5babf4f8b9e7"}, {"value": " "}, {"value": "de", "hintTable": {"rows": [[{"hint": "about", "colspan": 1}], [{"hint": "with", "colspan": 1}], [{"hint": "made of", "colspan": 1}]], "references": []}, "tts": "https://d1vq87e9lcf771.cloudfront.net/miguel/7c3dc4295f4bfedec518e38299ea8dc5"}, {"value": " "}, {"value": "bueno", "hintTable": {"rows": [[{"hint": "good", "colspan": 1}], [{"hint": "well", "colspan": 1}], [{"hint": "all right", "colspan": 1}]], "references": []}, "tts": "https://d1vq87e9lcf771.cloudfront.net/miguel/55310484f62c0aab8e88a4349be530da"}, {"value": " "}, {"value": "en", "hintTable": {"headers": ["en", "la"], "rows": [[{"hint": "to", "colspan": 2}], [{"hint": "about", "colspan": 1}, {"colspan": 1}], [{"hint": "under", "colspan": 1}, {"colspan": 1}], [{"hint": "with", "colspan": 1}, {"colspan": 1}]], "references": [5]}, "tts": "https://d1vq87e9lcf771.cloudfront.net/miguel/953baa0ff97009a5374e3a2695ce7f5c"}, {"value": " "}, {"value": "la", "hintTable": {"headers": ["en", "la"], "rows": [[{"hint": "to", "colspan": 2}], [{"colspan": 1}, {"hint": "the", "colspan": 1}], [{"colspan": 1}, {"hint": "your", "colspan": 1}], [{"colspan": 1}, {"hint": "her", "colspan": 1}]], "references": [4]}, "tts": "https://d1vq87e9lcf771.cloudfront.net/miguel/e9ea010281921357dd4b130d51e7488b"}, {"value": " "}, {"value": "inteligencia", "hintTable": {"rows": [[{"hint": "intelligence", "colspan": 1}], [{"hint": "intelligentsia", "colspan": 1}], [{"hint": "understanding", "colspan": 1}]], "references": []}, "tts": "https://d1vq87e9lcf771.cloudfront.net/miguel/bd1866c69e295e686cb0dc819930cd04"}, {"value": " "}, {"value": "artificial", "hintTable": {"rows": [[{"hint": "artificial", "colspan": 1}]], "references": []}, "tts": "https://d1vq87e9lcf771.cloudfront.net/miguel/f63cb3a4ea7a088e759ed2c6792f53e3"}, {"value": "?"}]}, "subtext": {"styledString": {"text": "What's good about artificial intelligence?", "styling": [{"from": 0, "to": 42, "attributes": {"alignment": "left", "fontSize": 19, "fontWeight": "normal", "textColor": "AFAFAF", "lineSpacing": 5}}]}, "tokenTTS": {"tokenTTSCollection": []}}, "ttsURL": "https://d1vq87e9lcf771.cloudfront.net/miguel/ec80fa79206a03f52c52358ac69dacae"}]}, "meta": {"autoPlayableTTS": [], "sectionIndex": 0, "backgroundColor": null}}, {"type": "verticalSpace", "element": 16, "meta": {"autoPlayableTTS": [], "sectionIndex": 0, "backgroundColor": null}}, {"type": "dialogue", "element": {"phrases": [{"text": {"styledString": {"text": "\u00bfSabe por qu\u00e9 su trayectoria me parece tan interesante?", "styling": [{"from": 0, "to": 55, "attributes": {"alignment": "left", "fontSize": 19, "fontWeight": "normal", "textColor": "4B4B4B", "lineSpacing": 5}}]}, "tokenTTS": {"tokenTTSCollection": []}, "blockHints": [{"value": "\u00bf"}, {"value": "Sabe", "hintTable": {"rows": [[{"hint": "(?) do you know", "colspan": 1}], [{"hint": "know", "colspan": 1}], [{"hint": "(he) knows how to", "colspan": 1}]], "references": []}, "tts": "https://d1vq87e9lcf771.cloudfront.net/miguel/bfdec1c5efd5594e4d5231884d3e6a26"}, {"value": " "}, {"value": "por", "hintTable": {"headers": ["por", "qu\u00e9"], "rows": [[{"hint": "why", "colspan": 2}], [{"hint": "reason", "colspan": 2}], [{"hint": "to", "colspan": 1}, {"colspan": 1}], [{"hint": "because", "colspan": 1}, {"colspan": 1}], [{"hint": "through", "colspan": 1}, {"colspan": 1}]], "references": [2]}, "tts": "https://d1vq87e9lcf771.cloudfront.net/miguel/e339e0bfe581d755bb02344cc04edecc"}, {"value": " "}, {"value": "qu\u00e9", "hintTable": {"headers": ["por", "qu\u00e9"], "rows": [[{"hint": "why", "colspan": 2}], [{"hint": "reason", "colspan": 2}], [{"colspan": 1}, {"hint": "so", "colspan": 1}], [{"colspan": 1}, {"hint": "what an", "colspan": 1}], [{"colspan": 1}, {"hint": "what a", "colspan": 1}]], "references": [1]}, "tts": "https://d1vq87e9lcf771.cloudfront.net/miguel/10cae84a9e87a16bf1d6dce8af8406b3"}, {"value": " "}, {"value": "su", "hintTable": {"rows": [[{"hint": "your", "colspan": 1}], [{"hint": "her", "colspan": 1}], [{"hint": "their", "colspan": 1}]], "references": []}, "tts": "https://d1vq87e9lcf771.cloudfront.net/miguel/84ac4eee161ef292a0f03e85344833df"}, {"value": " "}, {"value": "trayectoria", "hintTable": {"rows": [[{"hint": "career path", "colspan": 1}], [{"hint": "path", "colspan": 1}], [{"hint": "career", "colspan": 1}]], "references": []}, "tts": "https://d1vq87e9lcf771.cloudfront.net/miguel/d588e0ff853d66461e8afb9cc03afce0"}, {"value": " "}, {"value": "me", "hintTable": {"headers": ["me", "parece"], "rows": [[{"hint": "(I) think", "colspan": 2}], [{"hint": "think", "colspan": 2}], [{"hint": "sounds", "colspan": 2}], [{"hint": "me", "colspan": 1}, {"colspan": 1}], [{"hint": "for me", "colspan": 1}, {"colspan": 1}], [{"hint": "myself", "colspan": 1}, {"colspan": 1}]], "references": [6]}, "tts": "https://d1vq87e9lcf771.cloudfront.net/miguel/e0523aab2519a0650d3b9410064d0876"}, {"value": " "}, {"value": "parece", "hintTable": {"headers": ["me", "parece"], "rows": [[{"hint": "(I) think", "colspan": 2}], [{"hint": "think", "colspan": 2}], [{"hint": "sounds", "colspan": 2}], [{"colspan": 1}, {"hint": "seems", "colspan": 1}], [{"colspan": 1}, {"hint": "(it) seems", "colspan": 1}], [{"colspan": 1}, {"hint": "(?) does it seem", "colspan": 1}]], "references": [5]}, "tts": "https://d1vq87e9lcf771.cloudfront.net/miguel/bfcc1cbc7549035b5b5a680e2d916aa2"}, {"value": " "}, {"value": "tan", "hintTable": {"rows": [[{"hint": "so", "colspan": 1}], [{"hint": "that", "colspan": 1}], [{"hint": "as", "colspan": 1}]], "references": []}, "tts": "https://d1vq87e9lcf771.cloudfront.net/miguel/18136d7c47c6979a8a4258b361331259"}, {"value": " "}, {"value": "interesante", "hintTable": {"rows": [[{"hint": "interesting", "colspan": 1}]], "references": []}, "tts": "https://d1vq87e9lcf771.cloudfront.net/miguel/159baa4af6ea4d05e2e5b7640561b510"}, {"value": "?"}]}, "subtext": {"styledString": {"text": "Do you know why your career path seems so interesting to me?", "styling": [{"from": 0, "to": 60, "attributes": {"alignment": "left", "fontSize": 19, "fontWeight": "normal", "textColor": "AFAFAF", "lineSpacing": 5}}]}, "tokenTTS": {"tokenTTSCollection": []}}, "ttsURL": "https://d1vq87e9lcf771.cloudfront.net/miguel/abe3f67518b50b636d36a67ad3c0efee"}]}, "meta": {"autoPlayableTTS": [], "sectionIndex": 0, "backgroundColor": null}}, {"type": "verticalSpace", "element": 16, "meta": {"autoPlayableTTS": [], "sectionIndex": 0, "backgroundColor": null}}, {"type": "dialogue", "element": {"phrases": [{"text": {"styledString": {"text": "\u00bfTe molest\u00f3 que la directora estuviera presente?", "styling": [{"from": 0, "to": 48, "attributes": {"alignment": "left", "fontSize": 19, "fontWeight": "normal", "textColor": "4B4B4B", "lineSpacing": 5}}]}, "tokenTTS": {"tokenTTSCollection": []}, "blockHints": [{"value": "\u00bf"}, {"value": "Te", "hintTable": {"rows": [[{"hint": "you", "colspan": 1}], [{"hint": "to you", "colspan": 1}], [{"hint": "your", "colspan": 1}]], "references": []}, "tts": "https://d1vq87e9lcf771.cloudfront.net/miguel/d7cd39e9a857d0b69e8da9436b0441c3"}, {"value": " "}, {"value": "molest\u00f3", "hintTable": {"rows": [[{"hint": "bother", "colspan": 1}], [{"hint": "annoyed", "colspan": 1}], [{"hint": "bothered", "colspan": 1}]], "references": []}, "tts": "https://d1vq87e9lcf771.cloudfront.net/miguel/cd63d7c5ca9eb3f63b3e924be3a90330"}, {"value": " "}, {"value": "que", "hintTable": {"rows": [[{"hint": "that", "colspan": 1}], [{"hint": "because", "colspan": 1}], [{"hint": "I hope", "colspan": 1}]], "references": []}, "tts": "https://d1vq87e9lcf771.cloudfront.net/miguel/a1ac789b0b8d37cb82d476eff39cdd67"}, {"value": " "}, {"value": "la", "hintTable": {"rows": [[{"hint": "the", "colspan": 1}], [{"hint": "it", "colspan": 1}], [{"hint": "your", "colspan": 1}]], "references": []}, "tts": "https://d1vq87e9lcf771.cloudfront.net/miguel/e9ea010281921357dd4b130d51e7488b"}, {"value": " "}, {"value": "directora", "hintTable": {"rows": [[{"hint": "director", "colspan": 1}], [{"hint": "principal", "colspan": 1}], [{"hint": "manager", "colspan": 1}]], "references": []}, "tts": "https://d1vq87e9lcf771.cloudfront.net/miguel/0c6b840af8dc918dccce4d442b0f004c"}, {"value": " "}, {"value": "estuviera", "hintTable": {"rows": [[{"hint": "(I) was", "colspan": 1}], [{"hint": "was", "colspan": 1}], [{"hint": "were", "colspan": 1}]], "references": []}, "tts": "https://d1vq87e9lcf771.cloudfront.net/miguel/10e4ae0b695f7dba626a31aa4fdbfa5f"}, {"value": " "}, {"value": "presente", "hintTable": {"rows": [[{"hint": "there", "colspan": 1}], [{"hint": "(I/he/she/it/you) present", "colspan": 1}], [{"hint": "(I/he/she/it/you) appear", "colspan": 1}]], "references": []}, "tts": "https://d1vq87e9lcf771.cloudfront.net/miguel/e4fbfabac4c461d54fff028a6544774c"}, {"value": "?"}]}, "subtext": {"styledString": {"text": "Did it bother you that the director was there?", "styling": [{"from": 0, "to": 46, "attributes": {"alignment": "left", "fontSize": 19, "fontWeight": "normal", "textColor": "AFAFAF", "lineSpacing": 5}}]}, "tokenTTS": {"tokenTTSCollection": []}}, "ttsURL": "https://d1vq87e9lcf771.cloudfront.net/miguel/b859250faace25c29ae6fd6f8bd62bad"}]}, "meta": {"autoPlayableTTS": [], "sectionIndex": 0, "backgroundColor": null}}, {"type": "verticalSpace", "element": 16, "meta": {"autoPlayableTTS": [], "sectionIndex": 0, "backgroundColor": null}}, {"type": "dialogue", "element": {"phrases": [{"text": {"styledString": {"text": "\u00bfAs\u00ed que ya no ejerce de m\u00e9dico?", "styling": [{"from": 0, "to": 32, "attributes": {"alignment": "left", "fontSize": 19, "fontWeight": "normal", "textColor": "4B4B4B", "lineSpacing": 5}}]}, "tokenTTS": {"tokenTTSCollection": []}, "blockHints": [{"value": "\u00bf"}, {"value": "As\u00ed", "hintTable": {"headers": ["as\u00ed", "que"], "rows": [[{"hint": "so", "colspan": 2}], [{"hint": "so that", "colspan": 2}], [{"hint": "so", "colspan": 1}, {"colspan": 1}], [{"hint": "that way", "colspan": 1}, {"colspan": 1}], [{"hint": "(I) seized", "colspan": 1}, {"colspan": 1}]], "references": [1]}, "tts": "https://d1vq87e9lcf771.cloudfront.net/miguel/033d57d35bda6abcceafba74b423a95f"}, {"value": " "}, {"value": "que", "hintTable": {"headers": ["as\u00ed", "que"], "rows": [[{"hint": "so", "colspan": 2}], [{"hint": "so that", "colspan": 2}], [{"colspan": 1}, {"hint": "as", "colspan": 1}], [{"colspan": 1}, {"hint": "because", "colspan": 1}], [{"colspan": 1}, {"hint": "that", "colspan": 1}]], "references": [0]}, "tts": "https://d1vq87e9lcf771.cloudfront.net/miguel/a1ac789b0b8d37cb82d476eff39cdd67"}, {"value": " "}, {"value": "ya", "hintTable": {"headers": ["ya", "no"], "rows": [[{"hint": "anymore", "colspan": 2}], [{"hint": "any longer", "colspan": 2}], [{"hint": "anymore", "colspan": 1}, {"colspan": 1}], [{"hint": "now", "colspan": 1}, {"colspan": 1}], [{"hint": "any more", "colspan": 1}, {"colspan": 1}]], "references": [3]}, "tts": "https://d1vq87e9lcf771.cloudfront.net/miguel/ee28519a66797410897c30c5c3ba0803"}, {"value": " "}, {"value": "no", "hintTable": {"headers": ["ya", "no"], "rows": [[{"hint": "anymore", "colspan": 2}], [{"hint": "any longer", "colspan": 2}], [{"colspan": 1}, {"hint": "so", "colspan": 1}], [{"colspan": 1}, {"hint": "don't", "colspan": 1}], [{"colspan": 1}, {"hint": "do not", "colspan": 1}]], "references": [2]}, "tts": "https://d1vq87e9lcf771.cloudfront.net/miguel/e56dc9c59b5e999bbe4a986911a59034"}, {"value": " "}, {"value": "ejerce", "hintTable": {"rows": [[{"hint": "work", "colspan": 1}], [{"hint": "exercises", "colspan": 1}], [{"hint": "practice", "colspan": 1}]], "references": []}, "tts": "https://d1vq87e9lcf771.cloudfront.net/miguel/f3e1062b82f1d4e0f466531e6135f62b"}, {"value": " "}, {"value": "de", "hintTable": {"rows": [[{"hint": "as", "colspan": 1}], [{"hint": "with", "colspan": 1}], [{"hint": "made of", "colspan": 1}]], "references": []}, "tts": "https://d1vq87e9lcf771.cloudfront.net/miguel/7c3dc4295f4bfedec518e38299ea8dc5"}, {"value": " "}, {"value": "m\u00e9dico", "hintTable": {"rows": [[{"hint": "doctor", "colspan": 1}], [{"hint": "doctors", "colspan": 1}], [{"hint": "medical", "colspan": 1}]], "references": []}, "tts": "https://d1vq87e9lcf771.cloudfront.net/miguel/91c80419cf98f29bea33d1e1ce0ed7c2"}, {"value": "?"}]}, "subtext": {"styledString": {"text": "So you don't work as a doctor anymore?", "styling": [{"from": 0, "to": 38, "attributes": {"alignment": "left", "fontSize": 19, "fontWeight": "normal", "textColor": "AFAFAF", "lineSpacing": 5}}]}, "tokenTTS": {"tokenTTSCollection": []}}, "ttsURL": "https://d1vq87e9lcf771.cloudfront.net/miguel/0f3fa6c5e46d4245e2a995afea1de230"}]}, "meta": {"autoPlayableTTS": [], "sectionIndex": 0, "backgroundColor": null}}, {"type": "verticalSpace", "element": 16, "meta": {"autoPlayableTTS": [], "sectionIndex": 0, "backgroundColor": null}}, {"type": "dialogue", "element": {"phrases": [{"text": {"styledString": {"text": "\u00bfDe qu\u00e9 crecimiento hablas?", "styling": [{"from": 0, "to": 27, "attributes": {"alignment": "left", "fontSize": 19, "fontWeight": "normal", "textColor": "4B4B4B", "lineSpacing": 5}}]}, "tokenTTS": {"tokenTTSCollection": []}, "blockHints": [{"value": "\u00bf"}, {"value": "De", "hintTable": {"headers": ["de", "qu\u00e9"], "rows": [[{"hint": "what", "colspan": 2}], [{"hint": "about", "colspan": 1}, {"colspan": 1}], [{"hint": "with", "colspan": 1}, {"colspan": 1}], [{"hint": "made of", "colspan": 1}, {"colspan": 1}]], "references": [1]}, "tts": "https://d1vq87e9lcf771.cloudfront.net/miguel/7c3dc4295f4bfedec518e38299ea8dc5"}, {"value": " "}, {"value": "qu\u00e9", "hintTable": {"headers": ["de", "qu\u00e9"], "rows": [[{"hint": "what", "colspan": 2}], [{"colspan": 1}, {"hint": "what", "colspan": 1}], [{"colspan": 1}, {"hint": "what an", "colspan": 1}], [{"colspan": 1}, {"hint": "what a", "colspan": 1}]], "references": [0]}, "tts": "https://d1vq87e9lcf771.cloudfront.net/miguel/10cae84a9e87a16bf1d6dce8af8406b3"}, {"value": " "}, {"value": "crecimiento", "hintTable": {"rows": [[{"hint": "growth", "colspan": 1}]], "references": []}, "tts": "https://d1vq87e9lcf771.cloudfront.net/miguel/d75b080bdbc9871f3f964c31cafb5536"}, {"value": " "}, {"value": "hablas", "hintTable": {"rows": [[{"hint": "(you) are talking about", "colspan": 1}], [{"hint": "talking", "colspan": 1}], [{"hint": "(you) are speaking", "colspan": 1}]], "references": []}, "tts": "https://d1vq87e9lcf771.cloudfront.net/miguel/25aa895a7419b502325e3ce97e389b7f"}, {"value": "?"}]}, "subtext": {"styledString": {"text": "What growth are you talking about?", "styling": [{"from": 0, "to": 34, "attributes": {"alignment": "left", "fontSize": 19, "fontWeight": "normal", "textColor": "AFAFAF", "lineSpacing": 5}}]}, "tokenTTS": {"tokenTTSCollection": []}}, "ttsURL": "https://d1vq87e9lcf771.cloudfront.net/miguel/901841f5c8b712e329443e9377d6cda1"}]}, "meta": {"autoPlayableTTS": [], "sectionIndex": 0, "backgroundColor": null}}, {"type": "verticalSpace", "element": 16, "meta": {"autoPlayableTTS": [], "sectionIndex": 0, "backgroundColor": null}}, {"type": "dialogue", "element": {"phrases": [{"text": {"styledString": {"text": "Es dif\u00edcil interactuar con los jefes, \u00bfcierto?", "styling": [{"from": 0, "to": 46, "attributes": {"alignment": "left", "fontSize": 19, "fontWeight": "normal", "textColor": "4B4B4B", "lineSpacing": 5}}]}, "tokenTTS": {"tokenTTSCollection": []}, "blockHints": [{"value": "Es", "hintTable": {"rows": [[{"hint": "it's", "colspan": 1}], [{"hint": "is", "colspan": 1}], [{"hint": "are you", "colspan": 1}]], "references": []}, "tts": "https://d1vq87e9lcf771.cloudfront.net/miguel/88bcf53446c728520f69b8a164c6e011"}, {"value": " "}, {"value": "dif\u00edcil", "hintTable": {"rows": [[{"hint": "difficult", "colspan": 1}], [{"hint": "tough", "colspan": 1}], [{"hint": "demanding", "colspan": 1}]], "references": []}, "tts": "https://d1vq87e9lcf771.cloudfront.net/miguel/2a63e642574e42d84d93704f4c533655"}, {"value": " "}, {"value": "interactuar", "hintTable": {"rows": [[{"hint": "interact", "colspan": 1}]], "references": []}, "tts": "https://d1vq87e9lcf771.cloudfront.net/miguel/85681c5f3214c900e83ae3149a152dc8"}, {"value": " "}, {"value": "con", "hintTable": {"rows": [[{"hint": "with", "colspan": 1}], [{"hint": "to", "colspan": 1}], [{"hint": "at", "colspan": 1}]], "references": []}, "tts": "https://d1vq87e9lcf771.cloudfront.net/miguel/d7193db818951a8d1c580fbb779f1d5d"}, {"value": " "}, {"value": "los", "hintTable": {"rows": [[{"hint": "the", "colspan": 1}], [{"hint": "their", "colspan": 1}], [{"hint": "your", "colspan": 1}]], "references": []}, "tts": "https://d1vq87e9lcf771.cloudfront.net/miguel/d863d8aa552c7c1c67edddbdd43fc33f"}, {"value": " "}, {"value": "jefes", "hintTable": {"rows": [[{"hint": "bosses", "colspan": 1}]], "references": []}, "tts": "https://d1vq87e9lcf771.cloudfront.net/miguel/6434b09863c9fa57805b5a3bbf619390"}, {"value": ","}, {"value": " "}, {"value": "\u00bf"}, {"value": "cierto", "hintTable": {"rows": [[{"hint": "right", "colspan": 1}], [{"hint": "certain", "colspan": 1}], [{"hint": "true", "colspan": 1}]], "references": []}, "tts": "https://d1vq87e9lcf771.cloudfront.net/miguel/20aa01dec55944a06a67a2651c407721"}, {"value": "?"}]}, "subtext": {"styledString": {"text": "It's difficult to interact with the bosses, right?", "styling": [{"from": 0, "to": 50, "attributes": {"alignment": "left", "fontSize": 19, "fontWeight": "normal", "textColor": "AFAFAF", "lineSpacing": 5}}]}, "tokenTTS": {"tokenTTSCollection": []}}, "ttsURL": "https://d1vq87e9lcf771.cloudfront.net/miguel/55c7ef7c47547a7c23e0d2b280691a53"}]}, "meta": {"autoPlayableTTS": [], "sectionIndex": 0, "backgroundColor": null}}, {"type": "verticalSpace", "element": 24, "meta": {"autoPlayableTTS": [], "sectionIndex": 0, "backgroundColor": null}}], "resourcesToPrefetch": [{"required": false, "url": "https://d1vq87e9lcf771.cloudfront.net/miguel/abe3f67518b50b636d36a67ad3c0efee", "type": "mp3"}, {"required": false, "url": "https://d1vq87e9lcf771.cloudfront.net/miguel/0f3fa6c5e46d4245e2a995afea1de230", "type": "mp3"}, {"required": false, "url": "https://d1vq87e9lcf771.cloudfront.net/miguel/901841f5c8b712e329443e9377d6cda1", "type": "mp3"}, {"required": false, "url": "https://d1vq87e9lcf771.cloudfront.net/miguel/55c7ef7c47547a7c23e0d2b280691a53", "type": "mp3"}, {"required": false, "url": "https://d1vq87e9lcf771.cloudfront.net/miguel/b859250faace25c29ae6fd6f8bd62bad", "type": "mp3"}, {"required": false, "url": "https://d1vq87e9lcf771.cloudfront.net/miguel/ec80fa79206a03f52c52358ac69dacae", "type": "mp3"}]}