{"elements": [{"type": "verticalSpace", "element": 2, "meta": {"autoPlayableTTS": [], "sectionIndex": 0, "backgroundColor": "E5E5E5"}}, {"type": "verticalSpace", "element": 24, "meta": {"autoPlayableTTS": [], "sectionIndex": 0, "backgroundColor": null}}, {"type": "text", "element": {"styledString": {"text": "KEY PHRASES", "styling": [{"from": 0, "to": 11, "attributes": {"alignment": "left", "fontSize": 17, "fontWeight": "bold", "textColor": "1CB0F6", "lineSpacing": 4}}]}, "tokenTTS": {"tokenTTSCollection": []}}, "meta": {"autoPlayableTTS": [], "sectionIndex": 0, "backgroundColor": null}}, {"type": "verticalSpace", "element": 8, "meta": {"autoPlayableTTS": [], "sectionIndex": 0, "backgroundColor": null}}, {"type": "text", "element": {"styledString": {"text": "Have conversations at work", "styling": [{"from": 0, "to": 26, "attributes": {"alignment": "left", "fontSize": 25, "fontWeight": "bold", "textColor": "4B4B4B", "lineSpacing": 4}}]}, "tokenTTS": {"tokenTTSCollection": []}}, "meta": {"autoPlayableTTS": [], "sectionIndex": 0, "backgroundColor": null}}, {"type": "verticalSpace", "element": 16, "meta": {"autoPlayableTTS": [], "sectionIndex": 0, "backgroundColor": null}}, {"type": "dialogue", "element": {"phrases": [{"text": {"styledString": {"text": "\u00bfSu conocimiento es te\u00f3rico o pr\u00e1ctico?", "styling": [{"from": 0, "to": 39, "attributes": {"alignment": "left", "fontSize": 19, "fontWeight": "normal", "textColor": "4B4B4B", "lineSpacing": 5}}]}, "tokenTTS": {"tokenTTSCollection": []}, "blockHints": [{"value": "\u00bf"}, {"value": "Su", "hintTable": {"rows": [[{"hint": "his", "colspan": 1}], [{"hint": "your", "colspan": 1}], [{"hint": "her", "colspan": 1}]], "references": []}, "tts": "https://d1vq87e9lcf771.cloudfront.net/miguel/84ac4eee161ef292a0f03e85344833df"}, {"value": " "}, {"value": "conocimiento", "hintTable": {"rows": [[{"hint": "knowledge", "colspan": 1}], [{"hint": "consciousness", "colspan": 1}]], "references": []}, "tts": "https://d1vq87e9lcf771.cloudfront.net/miguel/221a9393cb1244a186a90c49d17680b8"}, {"value": " "}, {"value": "es", "hintTable": {"rows": [[{"hint": "is", "colspan": 1}], [{"hint": "(it) is", "colspan": 1}], [{"hint": "(she) is", "colspan": 1}]], "references": []}, "tts": "https://d1vq87e9lcf771.cloudfront.net/miguel/88bcf53446c728520f69b8a164c6e011"}, {"value": " "}, {"value": "te\u00f3rico", "hintTable": {"rows": [[{"hint": "theoretical", "colspan": 1}]], "references": []}, "tts": "https://d1vq87e9lcf771.cloudfront.net/miguel/d3243fa15c8dcaf47cd01bebd55e0185"}, {"value": " "}, {"value": "o", "hintTable": {"rows": [[{"hint": "or", "colspan": 1}], [{"hint": "and", "colspan": 1}], [{"hint": "either", "colspan": 1}]], "references": []}, "tts": "https://d1vq87e9lcf771.cloudfront.net/miguel/5fb913a785872a8cd6f3eac869e6202d"}, {"value": " "}, {"value": "pr\u00e1ctico", "hintTable": {"rows": [[{"hint": "practical", "colspan": 1}], [{"hint": "convenient", "colspan": 1}], [{"hint": "useful", "colspan": 1}]], "references": []}, "tts": "https://d1vq87e9lcf771.cloudfront.net/miguel/57a795d1b66826906650dca2f3ee43d1"}, {"value": "?"}]}, "subtext": {"styledString": {"text": "Is his knowledge theoretical or practical?", "styling": [{"from": 0, "to": 42, "attributes": {"alignment": "left", "fontSize": 19, "fontWeight": "normal", "textColor": "AFAFAF", "lineSpacing": 5}}]}, "tokenTTS": {"tokenTTSCollection": []}}, "ttsURL": "https://d1vq87e9lcf771.cloudfront.net/miguel/86e54b03897bc765373baa5a8bfc4758"}, {"text": {"styledString": {"text": "Esa es la pregunta clave.", "styling": [{"from": 0, "to": 25, "attributes": {"alignment": "left", "fontSize": 19, "fontWeight": "normal", "textColor": "4B4B4B", "lineSpacing": 5}}]}, "tokenTTS": {"tokenTTSCollection": []}, "blockHints": [{"value": "Esa", "hintTable": {"headers": ["esa", "es"], "rows": [[{"hint": "that's", "colspan": 2}], [{"hint": "that", "colspan": 1}, {"colspan": 1}], [{"hint": "that one", "colspan": 1}, {"colspan": 1}], [{"hint": "those", "colspan": 1}, {"colspan": 1}]], "references": [1]}, "tts": "https://d1vq87e9lcf771.cloudfront.net/miguel/158211501bbdacb919de50824c696f4e"}, {"value": " "}, {"value": "es", "hintTable": {"headers": ["esa", "es"], "rows": [[{"hint": "that's", "colspan": 2}], [{"colspan": 1}, {"hint": "'s", "colspan": 1}], [{"colspan": 1}, {"hint": "is", "colspan": 1}], [{"colspan": 1}, {"hint": "(it) is", "colspan": 1}]], "references": [0]}, "tts": "https://d1vq87e9lcf771.cloudfront.net/miguel/88bcf53446c728520f69b8a164c6e011"}, {"value": " "}, {"value": "la", "hintTable": {"rows": [[{"hint": "the", "colspan": 1}], [{"hint": "your", "colspan": 1}], [{"hint": "her", "colspan": 1}]], "references": []}, "tts": "https://d1vq87e9lcf771.cloudfront.net/miguel/e9ea010281921357dd4b130d51e7488b"}, {"value": " "}, {"value": "pregunta", "hintTable": {"rows": [[{"hint": "question", "colspan": 1}], [{"hint": "ask", "colspan": 1}], [{"hint": "(she) asks", "colspan": 1}]], "references": []}, "tts": "https://d1vq87e9lcf771.cloudfront.net/miguel/65e16125ffaa5c6f9763219ceb73494f"}, {"value": " "}, {"value": "clave", "hintTable": {"rows": [[{"hint": "key", "colspan": 1}]], "references": []}, "tts": "https://d1vq87e9lcf771.cloudfront.net/miguel/e0147b259737bab4fae8142a35bd8bd2"}, {"value": "."}]}, "subtext": {"styledString": {"text": "That's the key question.", "styling": [{"from": 0, "to": 24, "attributes": {"alignment": "left", "fontSize": 19, "fontWeight": "normal", "textColor": "AFAFAF", "lineSpacing": 5}}]}, "tokenTTS": {"tokenTTSCollection": []}}, "ttsURL": "https://d1vq87e9lcf771.cloudfront.net/miguel/7907de9a3e578ab90e60ba79d017cf90"}]}, "meta": {"autoPlayableTTS": [], "sectionIndex": 0, "backgroundColor": null}}, {"type": "verticalSpace", "element": 16, "meta": {"autoPlayableTTS": [], "sectionIndex": 0, "backgroundColor": null}}, {"type": "dialogue", "element": {"phrases": [{"text": {"styledString": {"text": "\u00bfCu\u00e1l es el salario para ese puesto?", "styling": [{"from": 0, "to": 36, "attributes": {"alignment": "left", "fontSize": 19, "fontWeight": "normal", "textColor": "4B4B4B", "lineSpacing": 5}}]}, "tokenTTS": {"tokenTTSCollection": []}, "blockHints": [{"value": "\u00bf"}, {"value": "Cu\u00e1l", "hintTable": {"headers": ["cu\u00e1l", "es"], "rows": [[{"hint": "what's", "colspan": 2}], [{"hint": "what", "colspan": 1}, {"colspan": 1}], [{"hint": "which", "colspan": 1}, {"colspan": 1}], [{"hint": "which one", "colspan": 1}, {"colspan": 1}]], "references": [1]}, "tts": "https://d1vq87e9lcf771.cloudfront.net/miguel/ce8b657c61c1ac9e99979df779994aeb"}, {"value": " "}, {"value": "es", "hintTable": {"headers": ["cu\u00e1l", "es"], "rows": [[{"hint": "what's", "colspan": 2}], [{"colspan": 1}, {"hint": "is", "colspan": 1}], [{"colspan": 1}, {"hint": "(it) is", "colspan": 1}], [{"colspan": 1}, {"hint": "(she) is", "colspan": 1}]], "references": [0]}, "tts": "https://d1vq87e9lcf771.cloudfront.net/miguel/88bcf53446c728520f69b8a164c6e011"}, {"value": " "}, {"value": "el", "hintTable": {"rows": [[{"hint": "the", "colspan": 1}], [{"hint": "your", "colspan": 1}], [{"hint": "her", "colspan": 1}]], "references": []}, "tts": "https://d1vq87e9lcf771.cloudfront.net/penelope/b47f0c6243dc0dd607abd744189eec05"}, {"value": " "}, {"value": "salario", "hintTable": {"rows": [[{"hint": "salary", "colspan": 1}], [{"hint": "wage", "colspan": 1}], [{"hint": "pay", "colspan": 1}]], "references": []}, "tts": "https://d1vq87e9lcf771.cloudfront.net/miguel/6865965a39e869f7caaaed6203c1cb68"}, {"value": " "}, {"value": "para", "hintTable": {"rows": [[{"hint": "for", "colspan": 1}], [{"hint": "is stopping", "colspan": 1}], [{"hint": "with", "colspan": 1}]], "references": []}, "tts": "https://d1vq87e9lcf771.cloudfront.net/miguel/6f3d0512a9245756279b8c3ebecaae1b"}, {"value": " "}, {"value": "ese", "hintTable": {"rows": [[{"hint": "that", "colspan": 1}], [{"hint": "the", "colspan": 1}]], "references": []}, "tts": "https://d1vq87e9lcf771.cloudfront.net/miguel/da66116e2742533c54f0d39ea9e668be"}, {"value": " "}, {"value": "puesto", "hintTable": {"rows": [[{"hint": "position", "colspan": 1}], [{"hint": "(I) have on", "colspan": 1}], [{"hint": "put", "colspan": 1}]], "references": []}, "tts": "https://d1vq87e9lcf771.cloudfront.net/miguel/c86e87891952a0659ebe9f234aa9bdde"}, {"value": "?"}]}, "subtext": {"styledString": {"text": "What is the salary for that position?", "styling": [{"from": 0, "to": 37, "attributes": {"alignment": "left", "fontSize": 19, "fontWeight": "normal", "textColor": "AFAFAF", "lineSpacing": 5}}]}, "tokenTTS": {"tokenTTSCollection": []}}, "ttsURL": "https://d1vq87e9lcf771.cloudfront.net/miguel/97d4a8f1aebe8c342abf31815d1838c2"}]}, "meta": {"autoPlayableTTS": [], "sectionIndex": 0, "backgroundColor": null}}, {"type": "verticalSpace", "element": 16, "meta": {"autoPlayableTTS": [], "sectionIndex": 0, "backgroundColor": null}}, {"type": "dialogue", "element": {"phrases": [{"text": {"styledString": {"text": "Esta es una gran oportunidad laboral.", "styling": [{"from": 0, "to": 37, "attributes": {"alignment": "left", "fontSize": 19, "fontWeight": "normal", "textColor": "4B4B4B", "lineSpacing": 5}}]}, "tokenTTS": {"tokenTTSCollection": []}, "blockHints": [{"value": "Esta", "hintTable": {"rows": [[{"hint": "this", "colspan": 1}], [{"hint": "this one", "colspan": 1}], [{"hint": "these", "colspan": 1}]], "references": []}, "tts": "https://d1vq87e9lcf771.cloudfront.net/penelope/fbd10807a7abd93c139a0644915679da"}, {"value": " "}, {"value": "es", "hintTable": {"rows": [[{"hint": "is", "colspan": 1}], [{"hint": "(it) is", "colspan": 1}], [{"hint": "(she) is", "colspan": 1}]], "references": []}, "tts": "https://d1vq87e9lcf771.cloudfront.net/miguel/88bcf53446c728520f69b8a164c6e011"}, {"value": " "}, {"value": "una", "hintTable": {"rows": [[{"hint": "a", "colspan": 1}], [{"hint": "one", "colspan": 1}], [{"hint": "an", "colspan": 1}]], "references": []}, "tts": "https://d1vq87e9lcf771.cloudfront.net/miguel/9f4116cf1d768fa9eb00e290f9285cc7"}, {"value": " "}, {"value": "gran", "hintTable": {"rows": [[{"hint": "great", "colspan": 1}], [{"hint": "very big", "colspan": 1}], [{"hint": "large", "colspan": 1}]], "references": []}, "tts": "https://d1vq87e9lcf771.cloudfront.net/miguel/6ed71f653d52c6b93c1d46d4a16547d7"}, {"value": " "}, {"value": "oportunidad", "hintTable": {"rows": [[{"hint": "opportunity", "colspan": 1}], [{"hint": "chance", "colspan": 1}]], "references": []}, "tts": "https://d1vq87e9lcf771.cloudfront.net/miguel/7beefee217dedb1b1efd9ff72d82f6fc"}, {"value": " "}, {"value": "laboral", "hintTable": {"rows": [[{"hint": "job", "colspan": 1}], [{"hint": "work", "colspan": 1}], [{"hint": "working", "colspan": 1}]], "references": []}, "tts": "https://d1vq87e9lcf771.cloudfront.net/miguel/e952f7c768a35a3c9e47794d1b85cb7e"}, {"value": "."}]}, "subtext": {"styledString": {"text": "This is a great job opportunity.", "styling": [{"from": 0, "to": 32, "attributes": {"alignment": "left", "fontSize": 19, "fontWeight": "normal", "textColor": "AFAFAF", "lineSpacing": 5}}]}, "tokenTTS": {"tokenTTSCollection": []}}, "ttsURL": "https://d1vq87e9lcf771.cloudfront.net/miguel/f33bd577a278edd39d06084eb256fdc2"}]}, "meta": {"autoPlayableTTS": [], "sectionIndex": 0, "backgroundColor": null}}, {"type": "verticalSpace", "element": 16, "meta": {"autoPlayableTTS": [], "sectionIndex": 0, "backgroundColor": null}}, {"type": "dialogue", "element": {"phrases": [{"text": {"styledString": {"text": "Por lo visto, no se les ha ofrecido un aumento.", "styling": [{"from": 0, "to": 47, "attributes": {"alignment": "left", "fontSize": 19, "fontWeight": "normal", "textColor": "4B4B4B", "lineSpacing": 5}}]}, "tokenTTS": {"tokenTTSCollection": []}, "blockHints": [{"value": "Por", "hintTable": {"headers": ["por", "lo", "visto"], "rows": [[{"hint": "apparently", "colspan": 3}], [{"hint": "to", "colspan": 1}, {"colspan": 1}, {"colspan": 1}], [{"hint": "that", "colspan": 1}, {"colspan": 1}, {"colspan": 1}], [{"hint": "because", "colspan": 1}, {"colspan": 1}, {"colspan": 1}]], "references": [1, 2]}, "tts": "https://d1vq87e9lcf771.cloudfront.net/miguel/e339e0bfe581d755bb02344cc04edecc"}, {"value": " "}, {"value": "lo", "hintTable": {"headers": ["por", "lo", "visto"], "rows": [[{"hint": "apparently", "colspan": 3}], [{"colspan": 1}, {"hint": "they", "colspan": 1}, {"colspan": 1}], [{"colspan": 1}, {"hint": "you", "colspan": 1}, {"colspan": 1}], [{"colspan": 1}, {"hint": "it", "colspan": 1}, {"colspan": 1}]], "references": [0, 2]}, "tts": "https://d1vq87e9lcf771.cloudfront.net/miguel/e21f9356c6da5313fc1311d6dbde33c3"}, {"value": " "}, {"value": "visto", "hintTable": {"headers": ["por", "lo", "visto"], "rows": [[{"hint": "apparently", "colspan": 3}], [{"colspan": 1}, {"colspan": 1}, {"hint": "looked", "colspan": 1}], [{"colspan": 1}, {"colspan": 1}, {"hint": "watched", "colspan": 1}], [{"colspan": 1}, {"colspan": 1}, {"hint": "seen", "colspan": 1}]], "references": [0, 1]}, "tts": "https://d1vq87e9lcf771.cloudfront.net/miguel/402a3503f6b4a798d3e872d39d0c7d02"}, {"value": ","}, {"value": " "}, {"value": "no", "hintTable": {"headers": ["no", "se"], "rows": [[{"hint": "aren't", "colspan": 2}], [{"hint": "isn't", "colspan": 2}], [{"hint": "n't", "colspan": 1}, {"colspan": 1}], [{"hint": "wasn't", "colspan": 1}, {"colspan": 1}], [{"hint": "didn't", "colspan": 1}, {"colspan": 1}]], "references": [4]}, "tts": "https://d1vq87e9lcf771.cloudfront.net/miguel/e56dc9c59b5e999bbe4a986911a59034"}, {"value": " "}, {"value": "se", "hintTable": {"headers": ["no", "se"], "rows": [[{"hint": "aren't", "colspan": 2}], [{"hint": "isn't", "colspan": 2}], [{"colspan": 1}, {"hint": "they", "colspan": 1}], [{"colspan": 1}, {"hint": "you", "colspan": 1}], [{"colspan": 1}, {"hint": "was", "colspan": 1}]], "references": [3]}, "tts": "https://d1vq87e9lcf771.cloudfront.net/penelope/50bf590e9131f900980801ba11e0d871"}, {"value": " "}, {"value": "les", "hintTable": {"headers": ["les", "ha"], "rows": [[{"hint": "has", "colspan": 2}], [{"hint": "them", "colspan": 1}, {"colspan": 1}], [{"hint": "they", "colspan": 1}, {"colspan": 1}], [{"hint": "you", "colspan": 1}, {"colspan": 1}]], "references": [6]}, "tts": "https://d1vq87e9lcf771.cloudfront.net/miguel/53d45c4025d4f7ff1d0ade3e723cd89c"}, {"value": " "}, {"value": "ha", "hintTable": {"headers": ["les", "ha"], "rows": [[{"hint": "has", "colspan": 2}], [{"colspan": 1}, {"hint": "has", "colspan": 1}], [{"colspan": 1}, {"hint": "have", "colspan": 1}], [{"colspan": 1}, {"hint": "it's", "colspan": 1}]], "references": [5]}, "tts": "https://d1vq87e9lcf771.cloudfront.net/miguel/24592a7d3b9a0608e773bb2feddfb5e5"}, {"value": " "}, {"value": "ofrecido", "hintTable": {"rows": [[{"hint": "offered", "colspan": 1}], [{"hint": "offered up", "colspan": 1}], [{"hint": "thrown", "colspan": 1}]], "references": []}, "tts": "https://d1vq87e9lcf771.cloudfront.net/miguel/17c46a3eaff57bd35159c9ff651b947b"}, {"value": " "}, {"value": "un", "hintTable": {"rows": [[{"hint": "a", "colspan": 1}], [{"hint": "an", "colspan": 1}], [{"hint": "one", "colspan": 1}]], "references": []}, "tts": "https://d1vq87e9lcf771.cloudfront.net/miguel/77f436e44094f0912fa76368e873f996"}, {"value": " "}, {"value": "aumento", "hintTable": {"rows": [[{"hint": "raise", "colspan": 1}], [{"hint": "(I) raise", "colspan": 1}], [{"hint": "(I) increase", "colspan": 1}]], "references": []}, "tts": "https://d1vq87e9lcf771.cloudfront.net/miguel/e6ba991e06d9f5f7f179b1546863b1f4"}, {"value": "."}]}, "subtext": {"styledString": {"text": "Apparently, a raise hasn't been offered to them.", "styling": [{"from": 0, "to": 48, "attributes": {"alignment": "left", "fontSize": 19, "fontWeight": "normal", "textColor": "AFAFAF", "lineSpacing": 5}}]}, "tokenTTS": {"tokenTTSCollection": []}}, "ttsURL": "https://d1vq87e9lcf771.cloudfront.net/miguel/557a0b5140347138ed8a6dca581081c3"}, {"text": {"styledString": {"text": "Hasta ahora no.", "styling": [{"from": 0, "to": 15, "attributes": {"alignment": "left", "fontSize": 19, "fontWeight": "normal", "textColor": "4B4B4B", "lineSpacing": 5}}]}, "tokenTTS": {"tokenTTSCollection": []}, "blockHints": [{"value": "Hasta", "hintTable": {"headers": ["hasta", "ahora"], "rows": [[{"hint": "so far", "colspan": 2}], [{"hint": "yet", "colspan": 2}], [{"hint": "up to", "colspan": 1}, {"colspan": 1}], [{"hint": "until", "colspan": 1}, {"colspan": 1}], [{"hint": "to", "colspan": 1}, {"colspan": 1}]], "references": [1]}, "tts": "https://d1vq87e9lcf771.cloudfront.net/miguel/3104f85a4dc39b689db881c3c1258fe6"}, {"value": " "}, {"value": "ahora", "hintTable": {"headers": ["hasta", "ahora"], "rows": [[{"hint": "so far", "colspan": 2}], [{"hint": "yet", "colspan": 2}], [{"colspan": 1}, {"hint": "not now", "colspan": 2}], [{"colspan": 1}, {"hint": "now he doesn't", "colspan": 2}], [{"colspan": 1}, {"hint": "now it isn't", "colspan": 2}]], "references": [2]}, "tts": "https://d1vq87e9lcf771.cloudfront.net/penelope/efd6bfc26918067a7b214dee7d71b4bc"}, {"value": " "}, {"value": "no", "hintTable": {"headers": ["ahora", "no"], "rows": [[{"hint": "not now", "colspan": 2}], [{"hint": "now he doesn't", "colspan": 2}], [{"hint": "now it isn't", "colspan": 2}], [{"colspan": 1}, {"hint": "no", "colspan": 1}], [{"colspan": 1}, {"hint": "so", "colspan": 1}], [{"colspan": 1}, {"hint": "not", "colspan": 1}]], "references": [1]}, "tts": "https://d1vq87e9lcf771.cloudfront.net/miguel/e56dc9c59b5e999bbe4a986911a59034"}, {"value": "."}]}, "subtext": {"styledString": {"text": "So far, no.", "styling": [{"from": 0, "to": 11, "attributes": {"alignment": "left", "fontSize": 19, "fontWeight": "normal", "textColor": "AFAFAF", "lineSpacing": 5}}]}, "tokenTTS": {"tokenTTSCollection": []}}, "ttsURL": "https://d1vq87e9lcf771.cloudfront.net/miguel/1237a00edd652c5377aa1bcd6da83283"}]}, "meta": {"autoPlayableTTS": [], "sectionIndex": 0, "backgroundColor": null}}, {"type": "verticalSpace", "element": 24, "meta": {"autoPlayableTTS": [], "sectionIndex": 0, "backgroundColor": null}}], "resourcesToPrefetch": [{"required": false, "url": "https://d1vq87e9lcf771.cloudfront.net/miguel/557a0b5140347138ed8a6dca581081c3", "type": "mp3"}, {"required": false, "url": "https://d1vq87e9lcf771.cloudfront.net/miguel/97d4a8f1aebe8c342abf31815d1838c2", "type": "mp3"}, {"required": false, "url": "https://d1vq87e9lcf771.cloudfront.net/miguel/86e54b03897bc765373baa5a8bfc4758", "type": "mp3"}, {"required": false, "url": "https://d1vq87e9lcf771.cloudfront.net/miguel/1237a00edd652c5377aa1bcd6da83283", "type": "mp3"}, {"required": false, "url": "https://d1vq87e9lcf771.cloudfront.net/miguel/7907de9a3e578ab90e60ba79d017cf90", "type": "mp3"}, {"required": false, "url": "https://d1vq87e9lcf771.cloudfront.net/miguel/f33bd577a278edd39d06084eb256fdc2", "type": "mp3"}]}