{"elements": [{"type": "verticalSpace", "element": 2, "meta": {"autoPlayableTTS": [], "sectionIndex": 0, "backgroundColor": "E5E5E5"}}, {"type": "verticalSpace", "element": 24, "meta": {"autoPlayableTTS": [], "sectionIndex": 0, "backgroundColor": null}}, {"type": "text", "element": {"styledString": {"text": "KEY PHRASES", "styling": [{"from": 0, "to": 11, "attributes": {"alignment": "left", "fontSize": 17, "fontWeight": "bold", "textColor": "1CB0F6", "lineSpacing": 4}}]}, "tokenTTS": {"tokenTTSCollection": []}}, "meta": {"autoPlayableTTS": [], "sectionIndex": 0, "backgroundColor": null}}, {"type": "verticalSpace", "element": 8, "meta": {"autoPlayableTTS": [], "sectionIndex": 0, "backgroundColor": null}}, {"type": "text", "element": {"styledString": {"text": "Use irregular verbs", "styling": [{"from": 0, "to": 19, "attributes": {"alignment": "left", "fontSize": 25, "fontWeight": "bold", "textColor": "4B4B4B", "lineSpacing": 4}}]}, "tokenTTS": {"tokenTTSCollection": []}}, "meta": {"autoPlayableTTS": [], "sectionIndex": 0, "backgroundColor": null}}, {"type": "verticalSpace", "element": 16, "meta": {"autoPlayableTTS": [], "sectionIndex": 0, "backgroundColor": null}}, {"type": "dialogue", "element": {"phrases": [{"text": {"styledString": {"text": "Cada ma\u00f1ana hago mi cama.", "styling": [{"from": 0, "to": 25, "attributes": {"alignment": "left", "fontSize": 19, "fontWeight": "normal", "textColor": "4B4B4B", "lineSpacing": 5}}]}, "tokenTTS": {"tokenTTSCollection": []}, "blockHints": [{"value": "Cada", "hintTable": {"rows": [[{"hint": "every", "colspan": 1}], [{"hint": "each", "colspan": 1}]], "references": []}, "tts": "https://d1vq87e9lcf771.cloudfront.net/miguel/e8b4db8766581b6ccb6f0a092f47936d"}, {"value": " "}, {"value": "ma\u00f1ana", "hintTable": {"rows": [[{"hint": "morning", "colspan": 1}], [{"hint": "tomorrow", "colspan": 1}]], "references": []}, "tts": "https://d1vq87e9lcf771.cloudfront.net/miguel/dbb947c51dd6fd0cef42501d0e6e4558"}, {"value": " "}, {"value": "hago", "hintTable": {"rows": [[{"hint": "(I) make", "colspan": 1}], [{"hint": "make", "colspan": 1}], [{"hint": "(I) am making", "colspan": 1}]], "references": []}, "tts": "https://d1vq87e9lcf771.cloudfront.net/miguel/c3b8c5eb9bce76294b97d7061250b259"}, {"value": " "}, {"value": "mi", "hintTable": {"rows": [[{"hint": "my", "colspan": 1}]], "references": []}, "tts": "https://d1vq87e9lcf771.cloudfront.net/miguel/b082510d0e48798ab32883bfe8d655b6"}, {"value": " "}, {"value": "cama", "hintTable": {"rows": [[{"hint": "bed", "colspan": 1}]], "references": []}, "tts": "https://d1vq87e9lcf771.cloudfront.net/miguel/e8b4337c5d39c1c61e9dd9a1d855c086"}, {"value": "."}]}, "subtext": {"styledString": {"text": "Every morning I make my bed.", "styling": [{"from": 0, "to": 28, "attributes": {"alignment": "left", "fontSize": 19, "fontWeight": "normal", "textColor": "AFAFAF", "lineSpacing": 5}}]}, "tokenTTS": {"tokenTTSCollection": []}}, "ttsURL": "https://d1vq87e9lcf771.cloudfront.net/miguel/1efd29451806b05f83d9519f165687a5"}]}, "meta": {"autoPlayableTTS": [], "sectionIndex": 0, "backgroundColor": null}}, {"type": "verticalSpace", "element": 16, "meta": {"autoPlayableTTS": [], "sectionIndex": 0, "backgroundColor": null}}, {"type": "dialogue", "element": {"phrases": [{"text": {"styledString": {"text": "Pap\u00e1 siempre hace el desayuno.", "styling": [{"from": 0, "to": 30, "attributes": {"alignment": "left", "fontSize": 19, "fontWeight": "normal", "textColor": "4B4B4B", "lineSpacing": 5}}]}, "tokenTTS": {"tokenTTSCollection": []}, "blockHints": [{"value": "Pap\u00e1", "hintTable": {"rows": [[{"hint": "dad", "colspan": 1}], [{"hint": "father", "colspan": 1}]], "references": []}, "tts": "https://d1vq87e9lcf771.cloudfront.net/beaes/c1170b53bc368c510737c36e9175d6b5"}, {"value": " "}, {"value": "siempre", "hintTable": {"rows": [[{"hint": "always", "colspan": 1}], [{"hint": "forever", "colspan": 1}], [{"hint": "ever", "colspan": 1}]], "references": []}, "tts": "https://d1vq87e9lcf771.cloudfront.net/miguel/e06789c21057e74b0947ee54e94651a2"}, {"value": " "}, {"value": "hace", "hintTable": {"rows": [[{"hint": "makes", "colspan": 1}], [{"hint": "is", "colspan": 1}], [{"hint": "(she) does", "colspan": 1}]], "references": []}, "tts": "https://d1vq87e9lcf771.cloudfront.net/miguel/9e2ddcd9e94f3dafefb4bdeaad2b5e22"}, {"value": " "}, {"value": "el", "hintTable": {"headers": ["el", "desayuno"], "rows": [[{"hint": "breakfast", "colspan": 2}], [{"hint": "the", "colspan": 1}, {"colspan": 1}], [{"hint": "our", "colspan": 1}, {"colspan": 1}], [{"hint": "my", "colspan": 1}, {"colspan": 1}]], "references": [4]}, "tts": "https://d1vq87e9lcf771.cloudfront.net/penelope/b47f0c6243dc0dd607abd744189eec05"}, {"value": " "}, {"value": "desayuno", "hintTable": {"headers": ["el", "desayuno"], "rows": [[{"hint": "breakfast", "colspan": 2}], [{"colspan": 1}, {"hint": "breakfast", "colspan": 1}], [{"colspan": 1}, {"hint": "(I) eat breakfast", "colspan": 1}]], "references": [3]}, "tts": "https://d1vq87e9lcf771.cloudfront.net/miguel/3f33c089c081416e1f62005d310546df"}, {"value": "."}]}, "subtext": {"styledString": {"text": "Dad always makes breakfast.", "styling": [{"from": 0, "to": 27, "attributes": {"alignment": "left", "fontSize": 19, "fontWeight": "normal", "textColor": "AFAFAF", "lineSpacing": 5}}]}, "tokenTTS": {"tokenTTSCollection": []}}, "ttsURL": "https://d1vq87e9lcf771.cloudfront.net/miguel/f454d0f9497a148f06d4ee746e487658"}]}, "meta": {"autoPlayableTTS": [], "sectionIndex": 0, "backgroundColor": null}}, {"type": "verticalSpace", "element": 16, "meta": {"autoPlayableTTS": [], "sectionIndex": 0, "backgroundColor": null}}, {"type": "dialogue", "element": {"phrases": [{"text": {"styledString": {"text": "\u00bfTe pones el vestido nuevo hoy?", "styling": [{"from": 0, "to": 31, "attributes": {"alignment": "left", "fontSize": 19, "fontWeight": "normal", "textColor": "4B4B4B", "lineSpacing": 5}}]}, "tokenTTS": {"tokenTTSCollection": []}, "blockHints": [{"value": "\u00bf"}, {"value": "Te", "hintTable": {"headers": ["te", "pones"], "rows": [[{"hint": "(?) are you putting on", "colspan": 2}], [{"hint": "(you) put on", "colspan": 2}], [{"hint": "(you) wear", "colspan": 2}], [{"hint": "you", "colspan": 1}, {"colspan": 1}], [{"hint": "to you", "colspan": 1}, {"colspan": 1}], [{"hint": "your", "colspan": 1}, {"colspan": 1}]], "references": [1]}, "tts": "https://d1vq87e9lcf771.cloudfront.net/miguel/d7cd39e9a857d0b69e8da9436b0441c3"}, {"value": " "}, {"value": "pones", "hintTable": {"headers": ["te", "pones"], "rows": [[{"hint": "(?) are you putting on", "colspan": 2}], [{"hint": "(you) put on", "colspan": 2}], [{"hint": "(you) wear", "colspan": 2}], [{"colspan": 1}, {"hint": "you are putting", "colspan": 1}], [{"colspan": 1}, {"hint": "putting", "colspan": 1}], [{"colspan": 1}, {"hint": "are setting", "colspan": 1}]], "references": [0]}, "tts": "https://d1vq87e9lcf771.cloudfront.net/miguel/3444b8f6b1b4fc87f9f63b6dbaf57265"}, {"value": " "}, {"value": "el", "hintTable": {"rows": [[{"hint": "the", "colspan": 1}], [{"hint": "on", "colspan": 1}], [{"hint": "your", "colspan": 1}]], "references": []}, "tts": "https://d1vq87e9lcf771.cloudfront.net/penelope/b47f0c6243dc0dd607abd744189eec05"}, {"value": " "}, {"value": "vestido", "hintTable": {"rows": [[{"hint": "dress", "colspan": 1}], [{"hint": "gown", "colspan": 1}], [{"hint": "dressed", "colspan": 1}]], "references": []}, "tts": "https://d1vq87e9lcf771.cloudfront.net/miguel/f041664787286ba5b062bcd7b2cb9759"}, {"value": " "}, {"value": "nuevo", "hintTable": {"rows": [[{"hint": "new", "colspan": 1}], [{"hint": "newer", "colspan": 1}], [{"hint": "newest", "colspan": 1}]], "references": []}, "tts": "https://d1vq87e9lcf771.cloudfront.net/miguel/28f92a8fb6310dfb768a2dff6ca5a353"}, {"value": " "}, {"value": "hoy", "hintTable": {"rows": [[{"hint": "today", "colspan": 1}]], "references": []}, "tts": "https://d1vq87e9lcf771.cloudfront.net/miguel/690ebfd1ed7b5899a47c023f30e97cfe"}, {"value": "?"}]}, "subtext": {"styledString": {"text": "Are you putting on the new dress today?", "styling": [{"from": 0, "to": 39, "attributes": {"alignment": "left", "fontSize": 19, "fontWeight": "normal", "textColor": "AFAFAF", "lineSpacing": 5}}]}, "tokenTTS": {"tokenTTSCollection": []}}, "ttsURL": "https://d1vq87e9lcf771.cloudfront.net/miguel/52e00ff300697414eb76476143be92b4"}]}, "meta": {"autoPlayableTTS": [], "sectionIndex": 0, "backgroundColor": null}}, {"type": "verticalSpace", "element": 16, "meta": {"autoPlayableTTS": [], "sectionIndex": 0, "backgroundColor": null}}, {"type": "dialogue", "element": {"phrases": [{"text": {"styledString": {"text": "Yo salgo de casa a las ocho y media.", "styling": [{"from": 0, "to": 36, "attributes": {"alignment": "left", "fontSize": 19, "fontWeight": "normal", "textColor": "4B4B4B", "lineSpacing": 5}}]}, "tokenTTS": {"tokenTTSCollection": []}, "blockHints": [{"value": "Yo", "hintTable": {"rows": [[{"hint": "I", "colspan": 1}], [{"hint": "i'd", "colspan": 1}], [{"hint": "me", "colspan": 1}]], "references": []}, "tts": "https://d1vq87e9lcf771.cloudfront.net/miguel/aa0ff446f41920bd854cbcfe38a476e2"}, {"value": " "}, {"value": "salgo", "hintTable": {"rows": [[{"hint": "(I) leave", "colspan": 1}], [{"hint": "leave", "colspan": 1}], [{"hint": "(I) go out", "colspan": 1}]], "references": []}, "tts": "https://d1vq87e9lcf771.cloudfront.net/miguel/008cc36be7ba361f385f3113360fe21d"}, {"value": " "}, {"value": "de", "hintTable": {"headers": ["de", "casa"], "rows": [[{"hint": "home", "colspan": 2}], [{"hint": "at", "colspan": 1}, {"colspan": 1}], [{"hint": "the", "colspan": 1}, {"colspan": 1}], [{"hint": "off", "colspan": 1}, {"colspan": 1}]], "references": [3]}, "tts": "https://d1vq87e9lcf771.cloudfront.net/miguel/7c3dc4295f4bfedec518e38299ea8dc5"}, {"value": " "}, {"value": "casa", "hintTable": {"headers": ["de", "casa"], "rows": [[{"hint": "home", "colspan": 2}], [{"colspan": 1}, {"hint": "house", "colspan": 1}], [{"colspan": 1}, {"hint": "home", "colspan": 1}], [{"colspan": 1}, {"hint": "houses", "colspan": 1}]], "references": [2]}, "tts": "https://d1vq87e9lcf771.cloudfront.net/penelope/18b379f8bbc54f7ca61e62c3fb7d707f"}, {"value": " "}, {"value": "a", "hintTable": {"headers": ["a", "las"], "rows": [[{"hint": "at", "colspan": 2}], [{"hint": "at", "colspan": 1}, {"colspan": 1}], [{"hint": "to", "colspan": 1}, {"colspan": 1}], [{"hint": "of", "colspan": 1}, {"colspan": 1}]], "references": [5]}, "tts": "https://d1vq87e9lcf771.cloudfront.net/miguel/a615ab7aef51e62ab81ce9255166fc65"}, {"value": " "}, {"value": "las", "hintTable": {"headers": ["a", "las"], "rows": [[{"hint": "at", "colspan": 2}], [{"colspan": 1}, {"hint": "the", "colspan": 1}], [{"colspan": 1}, {"hint": "my", "colspan": 1}], [{"colspan": 1}, {"hint": "your", "colspan": 1}]], "references": [4]}, "tts": "https://d1vq87e9lcf771.cloudfront.net/miguel/091132295dc9ca2d2c6c7bec077b625b"}, {"value": " "}, {"value": "ocho", "hintTable": {"headers": ["ocho", "y", "media"], "rows": [[{"hint": "eight thirty", "colspan": 3}], [{"hint": "eight", "colspan": 1}, {"colspan": 1}, {"colspan": 1}], [{"hint": "8", "colspan": 1}, {"colspan": 1}, {"colspan": 1}], [{"hint": "eighth", "colspan": 1}, {"colspan": 1}, {"colspan": 1}]], "references": [7, 8]}, "tts": "https://d1vq87e9lcf771.cloudfront.net/beaes/a22bb412f77e7cae49c575b682c0b611"}, {"value": " "}, {"value": "y", "hintTable": {"headers": ["ocho", "y", "media"], "rows": [[{"hint": "eight thirty", "colspan": 3}], [{"colspan": 1}, {"hint": "and", "colspan": 1}, {"colspan": 1}]], "references": [6, 8]}, "tts": "https://d1vq87e9lcf771.cloudfront.net/miguel/05e3848edd76360dcc4340e158ad7843"}, {"value": " "}, {"value": "media", "hintTable": {"headers": ["ocho", "y", "media"], "rows": [[{"hint": "eight thirty", "colspan": 3}], [{"colspan": 1}, {"colspan": 1}, {"hint": "thirty", "colspan": 1}], [{"colspan": 1}, {"colspan": 1}, {"hint": "half", "colspan": 1}], [{"colspan": 1}, {"colspan": 1}, {"hint": "meant", "colspan": 1}]], "references": [6, 7]}, "tts": "https://d1vq87e9lcf771.cloudfront.net/miguel/79e3bf659245398f07e4cbf70bd17609"}, {"value": "."}]}, "subtext": {"styledString": {"text": "I leave the house at eight thirty.", "styling": [{"from": 0, "to": 34, "attributes": {"alignment": "left", "fontSize": 19, "fontWeight": "normal", "textColor": "AFAFAF", "lineSpacing": 5}}]}, "tokenTTS": {"tokenTTSCollection": []}}, "ttsURL": "https://d1vq87e9lcf771.cloudfront.net/miguel/b3ffb07f4d8da4795e421f9a9e2954e1"}]}, "meta": {"autoPlayableTTS": [], "sectionIndex": 0, "backgroundColor": null}}, {"type": "verticalSpace", "element": 16, "meta": {"autoPlayableTTS": [], "sectionIndex": 0, "backgroundColor": null}}, {"type": "dialogue", "element": {"phrases": [{"text": {"styledString": {"text": "Siempre estoy en casa despu\u00e9s de las cinco.", "styling": [{"from": 0, "to": 43, "attributes": {"alignment": "left", "fontSize": 19, "fontWeight": "normal", "textColor": "4B4B4B", "lineSpacing": 5}}]}, "tokenTTS": {"tokenTTSCollection": []}, "blockHints": [{"value": "Siempre", "hintTable": {"rows": [[{"hint": "always", "colspan": 1}], [{"hint": "forever", "colspan": 1}], [{"hint": "ever", "colspan": 1}]], "references": []}, "tts": "https://d1vq87e9lcf771.cloudfront.net/miguel/e06789c21057e74b0947ee54e94651a2"}, {"value": " "}, {"value": "estoy", "hintTable": {"rows": [[{"hint": "I am", "colspan": 1}], [{"hint": "am", "colspan": 1}], [{"hint": "I'm", "colspan": 1}]], "references": []}, "tts": "https://d1vq87e9lcf771.cloudfront.net/beaes/b4300272251653e2d8245b11110da9bf"}, {"value": " "}, {"value": "en", "hintTable": {"headers": ["en", "casa"], "rows": [[{"hint": "home", "colspan": 2}], [{"hint": "at", "colspan": 1}, {"colspan": 1}], [{"hint": "in", "colspan": 1}, {"colspan": 1}], [{"hint": "under", "colspan": 1}, {"colspan": 1}]], "references": [3]}, "tts": "https://d1vq87e9lcf771.cloudfront.net/miguel/953baa0ff97009a5374e3a2695ce7f5c"}, {"value": " "}, {"value": "casa", "hintTable": {"headers": ["en", "casa"], "rows": [[{"hint": "home", "colspan": 2}], [{"colspan": 1}, {"hint": "home", "colspan": 1}], [{"colspan": 1}, {"hint": "house", "colspan": 1}], [{"colspan": 1}, {"hint": "houses", "colspan": 1}]], "references": [2]}, "tts": "https://d1vq87e9lcf771.cloudfront.net/penelope/18b379f8bbc54f7ca61e62c3fb7d707f"}, {"value": " "}, {"value": "despu\u00e9s", "hintTable": {"rows": [[{"hint": "after", "colspan": 1}], [{"hint": "next", "colspan": 1}], [{"hint": "afterward", "colspan": 1}]], "references": []}, "tts": "https://d1vq87e9lcf771.cloudfront.net/miguel/0820de093265e34baea6f9a7e7dba007"}, {"value": " "}, {"value": "de", "hintTable": {"headers": ["de", "las"], "rows": [[{"hint": "'s", "colspan": 2}], [{"hint": "at", "colspan": 1}, {"colspan": 1}], [{"hint": "my", "colspan": 1}, {"colspan": 1}], [{"hint": "in", "colspan": 1}, {"colspan": 1}]], "references": [6]}, "tts": "https://d1vq87e9lcf771.cloudfront.net/miguel/7c3dc4295f4bfedec518e38299ea8dc5"}, {"value": " "}, {"value": "las", "hintTable": {"headers": ["de", "las"], "rows": [[{"hint": "'s", "colspan": 2}], [{"colspan": 1}, {"hint": "the", "colspan": 1}], [{"colspan": 1}, {"hint": "my", "colspan": 1}], [{"colspan": 1}, {"hint": "your", "colspan": 1}]], "references": [5]}, "tts": "https://d1vq87e9lcf771.cloudfront.net/miguel/091132295dc9ca2d2c6c7bec077b625b"}, {"value": " "}, {"value": "cinco", "hintTable": {"rows": [[{"hint": "five", "colspan": 1}], [{"hint": "5", "colspan": 1}], [{"hint": "fifth", "colspan": 1}]], "references": []}, "tts": "https://d1vq87e9lcf771.cloudfront.net/miguel/ca0eb34cae4db432cd4882248a30f2ac"}, {"value": "."}]}, "subtext": {"styledString": {"text": "I am always at home after five.", "styling": [{"from": 0, "to": 31, "attributes": {"alignment": "left", "fontSize": 19, "fontWeight": "normal", "textColor": "AFAFAF", "lineSpacing": 5}}]}, "tokenTTS": {"tokenTTSCollection": []}}, "ttsURL": "https://d1vq87e9lcf771.cloudfront.net/miguel/1e16242861e56f71e8f663d10e15bffe"}]}, "meta": {"autoPlayableTTS": [], "sectionIndex": 0, "backgroundColor": null}}, {"type": "verticalSpace", "element": 24, "meta": {"autoPlayableTTS": [], "sectionIndex": 0, "backgroundColor": null}}, {"type": "verticalSpace", "element": 24, "meta": {"autoPlayableTTS": [], "sectionIndex": 0, "backgroundColor": "DDF4FF"}}, {"type": "text", "element": {"styledString": {"text": "TIP", "styling": [{"from": 0, "to": 3, "attributes": {"alignment": "left", "fontSize": 17, "fontWeight": "bold", "textColor": "1CB0F6", "lineSpacing": 4}}]}, "tokenTTS": {"tokenTTSCollection": []}}, "meta": {"autoPlayableTTS": [], "sectionIndex": 0, "backgroundColor": "DDF4FF"}}, {"type": "verticalSpace", "element": 8, "meta": {"autoPlayableTTS": [], "sectionIndex": 0, "backgroundColor": "DDF4FF"}}, {"type": "text", "element": {"styledString": {"text": "Hacer and salir\u200b", "styling": [{"from": 0, "to": 16, "attributes": {"alignment": "left", "fontSize": 25, "fontWeight": "bold", "textColor": "4B4B4B", "lineSpacing": 4}}]}, "tokenTTS": {"tokenTTSCollection": []}, "hints": {"hints": [], "hintLinks": []}}, "meta": {"autoPlayableTTS": [], "sectionIndex": 0, "backgroundColor": "DDF4FF"}}, {"type": "verticalSpace", "element": 12, "meta": {"autoPlayableTTS": [], "sectionIndex": 0, "backgroundColor": "DDF4FF"}}, {"type": "text", "element": {"styledString": {"text": "Hacer and salir are special verbs. They follow a similar pattern for the yo form.", "styling": [{"from": 0, "to": 5, "attributes": {"alignment": "left", "fontSize": 19, "fontWeight": "bold", "textColor": "4B4B4B", "lineSpacing": 5}}, {"from": 5, "to": 10, "attributes": {"alignment": "left", "fontSize": 19, "fontWeight": "normal", "textColor": "4B4B4B", "lineSpacing": 5}}, {"from": 10, "to": 15, "attributes": {"alignment": "left", "fontSize": 19, "fontWeight": "bold", "textColor": "4B4B4B", "lineSpacing": 5}}, {"from": 15, "to": 73, "attributes": {"alignment": "left", "fontSize": 19, "fontWeight": "normal", "textColor": "4B4B4B", "lineSpacing": 5}}, {"from": 73, "to": 75, "attributes": {"alignment": "left", "fontSize": 19, "fontWeight": "bold", "textColor": "4B4B4B", "lineSpacing": 5}}, {"from": 75, "to": 81, "attributes": {"alignment": "left", "fontSize": 19, "fontWeight": "normal", "textColor": "4B4B4B", "lineSpacing": 5}}]}, "tokenTTS": {"tokenTTSCollection": [{"startIndex": 0, "endIndex": 4, "ttsURL": "https://d1vq87e9lcf771.cloudfront.net/miguel/19c56da9941707c759a3b7338cdb9c97"}, {"startIndex": 10, "endIndex": 14, "ttsURL": "https://d1vq87e9lcf771.cloudfront.net/miguel/4be31f1e4afc528de515f9a36353153b"}, {"startIndex": 73, "endIndex": 74, "ttsURL": "https://d1vq87e9lcf771.cloudfront.net/miguel/aa0ff446f41920bd854cbcfe38a476e2"}]}, "hints": {"hints": ["to do / to make", "to leave", "A verb expresses an action (\u201cLuis cooks every day\u201d) or a state of being (\u201cI am sick\u201d).", "I"], "hintLinks": [{"index": 0, "rangeStart": 0, "rangeEnd": 4}, {"index": 1, "rangeStart": 10, "rangeEnd": 14}, {"index": 2, "rangeStart": 28, "rangeEnd": 32}, {"index": 3, "rangeStart": 73, "rangeEnd": 74}]}}, "meta": {"autoPlayableTTS": [], "sectionIndex": 0, "backgroundColor": "DDF4FF"}}, {"type": "verticalSpace", "element": 24, "meta": {"autoPlayableTTS": [], "sectionIndex": 1, "backgroundColor": "DDF4FF"}}, {"type": "table", "element": {"cells": [[{"styledString": {"text": "verb hacer", "styling": [{"from": 0, "to": 10, "attributes": {"alignment": "left", "fontSize": 19, "fontWeight": "bold", "textColor": "4B4B4B", "lineSpacing": 2}}]}, "tokenTTS": {"tokenTTSCollection": [{"startIndex": 5, "endIndex": 9, "ttsURL": "https://d1vq87e9lcf771.cloudfront.net/miguel/23b3e33d7cf3d131fcd1655487d3bdda"}]}, "hints": {"hints": ["A verb expresses an action (\u201cLuis cooks every day\u201d) or a state of being (\u201cI am sick\u201d).", "to do / to make"], "hintLinks": [{"index": 0, "rangeStart": 0, "rangeEnd": 3}, {"index": 1, "rangeStart": 5, "rangeEnd": 9}]}}, {"styledString": {"text": "verb salir", "styling": [{"from": 0, "to": 10, "attributes": {"alignment": "left", "fontSize": 19, "fontWeight": "bold", "textColor": "4B4B4B", "lineSpacing": 2}}]}, "tokenTTS": {"tokenTTSCollection": [{"startIndex": 5, "endIndex": 9, "ttsURL": "https://d1vq87e9lcf771.cloudfront.net/miguel/4be31f1e4afc528de515f9a36353153b"}]}, "hints": {"hints": ["A verb expresses an action (\u201cLuis cooks every day\u201d) or a state of being (\u201cI am sick\u201d).", "to leave"], "hintLinks": [{"index": 0, "rangeStart": 0, "rangeEnd": 3}, {"index": 1, "rangeStart": 5, "rangeEnd": 9}]}}], [{"styledString": {"text": "hago", "styling": [{"from": 0, "to": 2, "attributes": {"alignment": "left", "fontSize": 19, "fontWeight": "bold", "textColor": "4B4B4B", "lineSpacing": 5}}, {"from": 2, "to": 4, "attributes": {"alignment": "left", "fontSize": 19, "fontWeight": "bold", "textColor": "1CB0F6", "lineSpacing": 5}}]}, "tokenTTS": {"tokenTTSCollection": [{"startIndex": 0, "endIndex": 3, "ttsURL": "https://d1vq87e9lcf771.cloudfront.net/miguel/c3b8c5eb9bce76294b97d7061250b259"}]}, "hints": {"hints": ["I do / I make"], "hintLinks": [{"index": 0, "rangeStart": 0, "rangeEnd": 3}]}}, {"styledString": {"text": "salgo", "styling": [{"from": 0, "to": 3, "attributes": {"alignment": "left", "fontSize": 19, "fontWeight": "bold", "textColor": "4B4B4B", "lineSpacing": 5}}, {"from": 3, "to": 5, "attributes": {"alignment": "left", "fontSize": 19, "fontWeight": "bold", "textColor": "1CB0F6", "lineSpacing": 5}}]}, "tokenTTS": {"tokenTTSCollection": [{"startIndex": 0, "endIndex": 4, "ttsURL": "https://d1vq87e9lcf771.cloudfront.net/miguel/008cc36be7ba361f385f3113360fe21d"}]}, "hints": {"hints": ["I leave"], "hintLinks": [{"index": 0, "rangeStart": 0, "rangeEnd": 4}]}}], [{"styledString": {"text": "haces", "styling": [{"from": 0, "to": 5, "attributes": {"alignment": "left", "fontSize": 19, "fontWeight": "bold", "textColor": "4B4B4B", "lineSpacing": 5}}]}, "tokenTTS": {"tokenTTSCollection": [{"startIndex": 0, "endIndex": 4, "ttsURL": "https://d1vq87e9lcf771.cloudfront.net/miguel/d35cd2b9cb0a7671cf57bfed85581b41"}]}, "hints": {"hints": ["you do / you make"], "hintLinks": [{"index": 0, "rangeStart": 0, "rangeEnd": 4}]}}, {"styledString": {"text": "sales", "styling": [{"from": 0, "to": 5, "attributes": {"alignment": "left", "fontSize": 19, "fontWeight": "bold", "textColor": "4B4B4B", "lineSpacing": 5}}]}, "tokenTTS": {"tokenTTSCollection": [{"startIndex": 0, "endIndex": 4, "ttsURL": "https://d1vq87e9lcf771.cloudfront.net/miguel/5b68ced8685c349fc406a365d5225e40"}]}, "hints": {"hints": ["you leave"], "hintLinks": [{"index": 0, "rangeStart": 0, "rangeEnd": 4}]}}], [{"styledString": {"text": "hace", "styling": [{"from": 0, "to": 4, "attributes": {"alignment": "left", "fontSize": 19, "fontWeight": "bold", "textColor": "4B4B4B", "lineSpacing": 5}}]}, "tokenTTS": {"tokenTTSCollection": [{"startIndex": 0, "endIndex": 3, "ttsURL": "https://d1vq87e9lcf771.cloudfront.net/miguel/9e2ddcd9e94f3dafefb4bdeaad2b5e22"}]}, "hints": {"hints": ["he/she does, you (formal) do, he/she makes, you (formal) make"], "hintLinks": [{"index": 0, "rangeStart": 0, "rangeEnd": 3}]}}, {"styledString": {"text": "sale", "styling": [{"from": 0, "to": 4, "attributes": {"alignment": "left", "fontSize": 19, "fontWeight": "bold", "textColor": "4B4B4B", "lineSpacing": 5}}]}, "tokenTTS": {"tokenTTSCollection": [{"startIndex": 0, "endIndex": 3, "ttsURL": "https://d1vq87e9lcf771.cloudfront.net/miguel/27a079d39595e97a4fa0addc52c35531"}]}, "hints": {"hints": ["he/she leaves, you (formal) leave"], "hintLinks": [{"index": 0, "rangeStart": 0, "rangeEnd": 3}]}}], [{"styledString": {"text": "hacemos", "styling": [{"from": 0, "to": 7, "attributes": {"alignment": "left", "fontSize": 19, "fontWeight": "bold", "textColor": "4B4B4B", "lineSpacing": 5}}]}, "tokenTTS": {"tokenTTSCollection": [{"startIndex": 0, "endIndex": 6, "ttsURL": "https://d1vq87e9lcf771.cloudfront.net/miguel/50df07c07e682ffb12483f2a5bb0e185"}]}, "hints": {"hints": ["we do / we make"], "hintLinks": [{"index": 0, "rangeStart": 0, "rangeEnd": 6}]}}, {"styledString": {"text": "salimos", "styling": [{"from": 0, "to": 7, "attributes": {"alignment": "left", "fontSize": 19, "fontWeight": "bold", "textColor": "4B4B4B", "lineSpacing": 5}}]}, "tokenTTS": {"tokenTTSCollection": [{"startIndex": 0, "endIndex": 6, "ttsURL": "https://d1vq87e9lcf771.cloudfront.net/miguel/a0d6fed4ef0ce6f4d80e75bde1e3c522"}]}, "hints": {"hints": ["we leave"], "hintLinks": [{"index": 0, "rangeStart": 0, "rangeEnd": 6}]}}], [{"styledString": {"text": "hacen", "styling": [{"from": 0, "to": 5, "attributes": {"alignment": "left", "fontSize": 19, "fontWeight": "bold", "textColor": "4B4B4B", "lineSpacing": 5}}]}, "tokenTTS": {"tokenTTSCollection": [{"startIndex": 0, "endIndex": 4, "ttsURL": "https://d1vq87e9lcf771.cloudfront.net/miguel/b29a8d8fb9871803ac582792b23424bb"}]}, "hints": {"hints": ["they / you all do, they / you all make"], "hintLinks": [{"index": 0, "rangeStart": 0, "rangeEnd": 4}]}}, {"styledString": {"text": "salen", "styling": [{"from": 0, "to": 5, "attributes": {"alignment": "left", "fontSize": 19, "fontWeight": "bold", "textColor": "4B4B4B", "lineSpacing": 5}}]}, "tokenTTS": {"tokenTTSCollection": [{"startIndex": 0, "endIndex": 4, "ttsURL": "https://d1vq87e9lcf771.cloudfront.net/miguel/15c8503f0a9fb0bb130771c2a1447ab0"}]}, "hints": {"hints": ["they / you all leave"], "hintLinks": [{"index": 0, "rangeStart": 0, "rangeEnd": 4}]}}]], "hasShadedHeader": true}, "meta": {"autoPlayableTTS": [], "sectionIndex": 1, "backgroundColor": "DDF4FF"}}, {"type": "verticalSpace", "element": 24, "meta": {"autoPlayableTTS": [], "sectionIndex": 0, "backgroundColor": "DDF4FF"}}], "resourcesToPrefetch": [{"required": false, "url": "https://d1vq87e9lcf771.cloudfront.net/miguel/4be31f1e4afc528de515f9a36353153b", "type": "mp3"}, {"required": false, "url": "https://d1vq87e9lcf771.cloudfront.net/miguel/9e2ddcd9e94f3dafefb4bdeaad2b5e22", "type": "mp3"}, {"required": false, "url": "https://d1vq87e9lcf771.cloudfront.net/miguel/b29a8d8fb9871803ac582792b23424bb", "type": "mp3"}, {"required": false, "url": "https://d1vq87e9lcf771.cloudfront.net/miguel/a0d6fed4ef0ce6f4d80e75bde1e3c522", "type": "mp3"}, {"required": false, "url": "https://d1vq87e9lcf771.cloudfront.net/miguel/15c8503f0a9fb0bb130771c2a1447ab0", "type": "mp3"}, {"required": false, "url": "https://d1vq87e9lcf771.cloudfront.net/miguel/23b3e33d7cf3d131fcd1655487d3bdda", "type": "mp3"}, {"required": false, "url": "https://d1vq87e9lcf771.cloudfront.net/miguel/b3ffb07f4d8da4795e421f9a9e2954e1", "type": "mp3"}, {"required": false, "url": "https://d1vq87e9lcf771.cloudfront.net/miguel/aa0ff446f41920bd854cbcfe38a476e2", "type": "mp3"}, {"required": false, "url": "https://d1vq87e9lcf771.cloudfront.net/miguel/19c56da9941707c759a3b7338cdb9c97", "type": "mp3"}, {"required": false, "url": "https://d1vq87e9lcf771.cloudfront.net/miguel/1e16242861e56f71e8f663d10e15bffe", "type": "mp3"}, {"required": false, "url": "https://d1vq87e9lcf771.cloudfront.net/miguel/5b68ced8685c349fc406a365d5225e40", "type": "mp3"}, {"required": false, "url": "https://d1vq87e9lcf771.cloudfront.net/miguel/27a079d39595e97a4fa0addc52c35531", "type": "mp3"}, {"required": false, "url": "https://d1vq87e9lcf771.cloudfront.net/miguel/50df07c07e682ffb12483f2a5bb0e185", "type": "mp3"}, {"required": false, "url": "https://d1vq87e9lcf771.cloudfront.net/miguel/d35cd2b9cb0a7671cf57bfed85581b41", "type": "mp3"}, {"required": false, "url": "https://d1vq87e9lcf771.cloudfront.net/miguel/1efd29451806b05f83d9519f165687a5", "type": "mp3"}, {"required": false, "url": "https://d1vq87e9lcf771.cloudfront.net/miguel/f454d0f9497a148f06d4ee746e487658", "type": "mp3"}, {"required": false, "url": "https://d1vq87e9lcf771.cloudfront.net/miguel/52e00ff300697414eb76476143be92b4", "type": "mp3"}, {"required": false, "url": "https://d1vq87e9lcf771.cloudfront.net/miguel/c3b8c5eb9bce76294b97d7061250b259", "type": "mp3"}, {"required": false, "url": "https://d1vq87e9lcf771.cloudfront.net/miguel/008cc36be7ba361f385f3113360fe21d", "type": "mp3"}]}