{"elements": [{"type": "verticalSpace", "element": 2, "meta": {"autoPlayableTTS": [], "sectionIndex": 0, "backgroundColor": "E5E5E5"}}, {"type": "verticalSpace", "element": 24, "meta": {"autoPlayableTTS": [], "sectionIndex": 0, "backgroundColor": null}}, {"type": "text", "element": {"styledString": {"text": "KEY PHRASES", "styling": [{"from": 0, "to": 11, "attributes": {"alignment": "left", "fontSize": 17, "fontWeight": "bold", "textColor": "1CB0F6", "lineSpacing": 4}}]}, "tokenTTS": {"tokenTTSCollection": []}}, "meta": {"autoPlayableTTS": [], "sectionIndex": 0, "backgroundColor": null}}, {"type": "verticalSpace", "element": 8, "meta": {"autoPlayableTTS": [], "sectionIndex": 0, "backgroundColor": null}}, {"type": "text", "element": {"styledString": {"text": "Comment on foods", "styling": [{"from": 0, "to": 16, "attributes": {"alignment": "left", "fontSize": 25, "fontWeight": "bold", "textColor": "4B4B4B", "lineSpacing": 4}}]}, "tokenTTS": {"tokenTTSCollection": []}}, "meta": {"autoPlayableTTS": [], "sectionIndex": 0, "backgroundColor": null}}, {"type": "verticalSpace", "element": 16, "meta": {"autoPlayableTTS": [], "sectionIndex": 0, "backgroundColor": null}}, {"type": "dialogue", "element": {"phrases": [{"text": {"styledString": {"text": "Ces tartes \u00e9taient tout \u00e0 fait d\u00e9licieuses.", "styling": [{"from": 0, "to": 43, "attributes": {"alignment": "left", "fontSize": 19, "fontWeight": "normal", "textColor": "4B4B4B", "lineSpacing": 5}}]}, "tokenTTS": {"tokenTTSCollection": []}, "blockHints": [{"value": "Ces", "hintTable": {"rows": [[{"hint": "these", "colspan": 1}], [{"hint": "those", "colspan": 1}], [{"hint": "this", "colspan": 1}]], "references": []}, "tts": "https://d1vq87e9lcf771.cloudfront.net/danielle/ef450df7df84305c73316c2e5fc80399"}, {"value": " "}, {"value": "tartes", "hintTable": {"rows": [[{"hint": "pies", "colspan": 1}], [{"hint": "tarts", "colspan": 1}]], "references": []}, "tts": "https://d1vq87e9lcf771.cloudfront.net/danielle/8a6372e4a8412b852a3e507087dc1286"}, {"value": " "}, {"value": "\u00e9taient", "hintTable": {"rows": [[{"hint": "were", "colspan": 1}], [{"hint": "used to be", "colspan": 1}], [{"hint": "felt", "colspan": 1}]], "references": []}, "tts": "https://d1vq87e9lcf771.cloudfront.net/danielle/f817c53d8e663e821b09ba6fad73c37e"}, {"value": " "}, {"value": "tout", "hintTable": {"headers": ["tout", "\u00e0", "fait"], "rows": [[{"hint": "totally", "colspan": 3}], [{"hint": "completely", "colspan": 3}], [{"hint": "exactly", "colspan": 3}], [{"hint": "any", "colspan": 1}, {"colspan": 1}, {"colspan": 1}], [{"hint": "all", "colspan": 1}, {"colspan": 1}, {"colspan": 1}], [{"hint": "their all", "colspan": 1}, {"colspan": 1}, {"colspan": 1}]], "references": [4, 5]}, "tts": "https://d1vq87e9lcf771.cloudfront.net/danielle/71131532950192f488af03eb4ee32486"}, {"value": " "}, {"value": "\u00e0", "hintTable": {"headers": ["tout", "\u00e0", "fait"], "rows": [[{"hint": "totally", "colspan": 3}], [{"hint": "completely", "colspan": 3}], [{"hint": "exactly", "colspan": 3}], [{"colspan": 1}, {"hint": "to", "colspan": 1}, {"colspan": 1}], [{"colspan": 1}, {"hint": "on", "colspan": 1}, {"colspan": 1}], [{"colspan": 1}, {"hint": "with", "colspan": 1}, {"colspan": 1}]], "references": [3, 5]}, "tts": "https://d1vq87e9lcf771.cloudfront.net/danielle/525d3aba641b4330345f33346eb9959d"}, {"value": " "}, {"value": "fait", "hintTable": {"headers": ["tout", "\u00e0", "fait"], "rows": [[{"hint": "totally", "colspan": 3}], [{"hint": "completely", "colspan": 3}], [{"hint": "exactly", "colspan": 3}], [{"colspan": 1}, {"colspan": 1}, {"hint": "is", "colspan": 1}], [{"colspan": 1}, {"colspan": 1}, {"hint": "makes", "colspan": 1}], [{"colspan": 1}, {"colspan": 1}, {"hint": "made", "colspan": 1}]], "references": [3, 4]}, "tts": "https://d1vq87e9lcf771.cloudfront.net/danielle/5090fbfcf1e1f8fe8be61e9b7010fc1b"}, {"value": " "}, {"value": "d\u00e9licieuses", "hintTable": {"rows": [[{"hint": "delicious", "colspan": 1}]], "references": []}, "tts": "https://d1vq87e9lcf771.cloudfront.net/danielle/e140cf96dcbfd7995ac98beda04cc9d0"}, {"value": "."}]}, "subtext": {"styledString": {"text": "These pies were totally delicious.", "styling": [{"from": 0, "to": 34, "attributes": {"alignment": "left", "fontSize": 19, "fontWeight": "normal", "textColor": "AFAFAF", "lineSpacing": 5}}]}, "tokenTTS": {"tokenTTSCollection": []}}, "ttsURL": "https://d1vq87e9lcf771.cloudfront.net/danielle/6a7d5d27f043efe34b8f01fccfa6636c"}]}, "meta": {"autoPlayableTTS": [], "sectionIndex": 0, "backgroundColor": null}}, {"type": "verticalSpace", "element": 16, "meta": {"autoPlayableTTS": [], "sectionIndex": 0, "backgroundColor": null}}, {"type": "dialogue", "element": {"phrases": [{"text": {"styledString": {"text": "Les biscuits ont s\u00e9ch\u00e9 alors ils sont trop durs.", "styling": [{"from": 0, "to": 48, "attributes": {"alignment": "left", "fontSize": 19, "fontWeight": "normal", "textColor": "4B4B4B", "lineSpacing": 5}}]}, "tokenTTS": {"tokenTTSCollection": []}, "blockHints": [{"value": "Les", "hintTable": {"rows": [[{"hint": "the", "colspan": 1}], [{"hint": "they", "colspan": 1}], [{"hint": "your", "colspan": 1}]], "references": []}, "tts": "https://d1vq87e9lcf771.cloudfront.net/danielle/c4fd76f4b436a8eacbb40f9d77fb66f6"}, {"value": " "}, {"value": "biscuits", "hintTable": {"rows": [[{"hint": "cookies", "colspan": 1}]], "references": []}, "tts": "https://d1vq87e9lcf771.cloudfront.net/danielle/fc025bf41aaf76e5fbb1c7409c2ac1d8"}, {"value": " "}, {"value": "ont", "hintTable": {"headers": ["ont", "s\u00e9ch\u00e9"], "rows": [[{"hint": "dried", "colspan": 2}], [{"hint": "have", "colspan": 1}, {"colspan": 1}], [{"hint": "get", "colspan": 1}, {"colspan": 1}]], "references": [3]}, "tts": "https://d1vq87e9lcf771.cloudfront.net/danielle/a47dc84a7f96aa6b741eba9fe300a143"}, {"value": " "}, {"value": "s\u00e9ch\u00e9", "hintTable": {"headers": ["ont", "s\u00e9ch\u00e9"], "rows": [[{"hint": "dried", "colspan": 2}], [{"colspan": 1}, {"hint": "dried", "colspan": 1}]], "references": [2]}, "tts": "https://d1vq87e9lcf771.cloudfront.net/danielle/7e7a966f4a87c51d96a6dd67c908fc87"}, {"value": " "}, {"value": "alors", "hintTable": {"rows": [[{"hint": "so", "colspan": 1}], [{"hint": "well", "colspan": 1}], [{"hint": "then", "colspan": 1}]], "references": []}, "tts": "https://d1vq87e9lcf771.cloudfront.net/danielle/81be6662c31c1d7e290adea9a1b80fb7"}, {"value": " "}, {"value": "ils", "hintTable": {"headers": ["ils", "sont"], "rows": [[{"hint": "there are ... of them", "colspan": 2}], [{"hint": "they're", "colspan": 1}, {"colspan": 1}], [{"hint": "they", "colspan": 1}, {"colspan": 1}], [{"hint": "they'll", "colspan": 1}, {"colspan": 1}]], "references": [6]}, "tts": "https://d1vq87e9lcf771.cloudfront.net/danielle/fa369075a68fadc733e36d6d7de8e2e9"}, {"value": " "}, {"value": "sont", "hintTable": {"headers": ["ils", "sont"], "rows": [[{"hint": "there are ... of them", "colspan": 2}], [{"colspan": 1}, {"hint": "are", "colspan": 1}], [{"colspan": 1}, {"hint": "feel", "colspan": 1}], [{"colspan": 1}, {"hint": "is", "colspan": 1}]], "references": [5]}, "tts": "https://d1vq87e9lcf771.cloudfront.net/danielle/7406bdd8bd4cc1df11a12c87149fcef6"}, {"value": " "}, {"value": "trop", "hintTable": {"rows": [[{"hint": "too", "colspan": 1}], [{"hint": "too many", "colspan": 1}], [{"hint": "too much", "colspan": 1}]], "references": []}, "tts": "https://d1vq87e9lcf771.cloudfront.net/danielle/080b698ce3aeb800051fe6f551895504"}, {"value": " "}, {"value": "durs", "hintTable": {"rows": [[{"hint": "hard", "colspan": 1}], [{"hint": "difficult", "colspan": 1}]], "references": []}, "tts": "https://d1vq87e9lcf771.cloudfront.net/danielle/a339c1e1c11240fe591d2bf248f4071f"}, {"value": "."}]}, "subtext": {"styledString": {"text": "The cookies have dried so they're too hard.", "styling": [{"from": 0, "to": 43, "attributes": {"alignment": "left", "fontSize": 19, "fontWeight": "normal", "textColor": "AFAFAF", "lineSpacing": 5}}]}, "tokenTTS": {"tokenTTSCollection": []}}, "ttsURL": "https://d1vq87e9lcf771.cloudfront.net/danielle/f5b9872595d4590dc5e63f28e524dfbf"}]}, "meta": {"autoPlayableTTS": [], "sectionIndex": 0, "backgroundColor": null}}, {"type": "verticalSpace", "element": 16, "meta": {"autoPlayableTTS": [], "sectionIndex": 0, "backgroundColor": null}}, {"type": "dialogue", "element": {"phrases": [{"text": {"styledString": {"text": "\u00c0 mon avis, le poulet n'\u00e9tait pas tout \u00e0 fait cuit.", "styling": [{"from": 0, "to": 51, "attributes": {"alignment": "left", "fontSize": 19, "fontWeight": "normal", "textColor": "4B4B4B", "lineSpacing": 5}}]}, "tokenTTS": {"tokenTTSCollection": []}, "blockHints": [{"value": "\u00c0", "hintTable": {"headers": ["\u00e0", "mon", "avis"], "rows": [[{"hint": "in my opinion", "colspan": 3}], [{"hint": "in", "colspan": 1}, {"colspan": 1}, {"colspan": 1}], [{"hint": "to", "colspan": 1}, {"colspan": 1}, {"colspan": 1}], [{"hint": "on", "colspan": 1}, {"colspan": 1}, {"colspan": 1}]], "references": [1, 2]}, "tts": "https://d1vq87e9lcf771.cloudfront.net/danielle/525d3aba641b4330345f33346eb9959d"}, {"value": " "}, {"value": "mon", "hintTable": {"headers": ["\u00e0", "mon", "avis"], "rows": [[{"hint": "in my opinion", "colspan": 3}], [{"colspan": 1}, {"hint": "my", "colspan": 1}, {"colspan": 1}]], "references": [0, 2]}, "tts": "https://d1vq87e9lcf771.cloudfront.net/danielle/415eac14ad5c16e804201a45e5d2993d"}, {"value": " "}, {"value": "avis", "hintTable": {"headers": ["\u00e0", "mon", "avis"], "rows": [[{"hint": "in my opinion", "colspan": 3}], [{"colspan": 1}, {"colspan": 1}, {"hint": "opinion", "colspan": 1}], [{"colspan": 1}, {"colspan": 1}, {"hint": "opinions", "colspan": 1}]], "references": [0, 1]}, "tts": "https://d1vq87e9lcf771.cloudfront.net/danielle/bc070d316fff803cbae6d71aac5be1e5"}, {"value": ","}, {"value": " "}, {"value": "le", "hintTable": {"rows": [[{"hint": "the", "colspan": 1}], [{"hint": "my", "colspan": 1}], [{"hint": "on the", "colspan": 1}]], "references": []}, "tts": "https://d1vq87e9lcf771.cloudfront.net/danielle/53635582b04179582406de15f6c2a6fa"}, {"value": " "}, {"value": "poulet", "hintTable": {"rows": [[{"hint": "chicken", "colspan": 1}]], "references": []}, "tts": "https://d1vq87e9lcf771.cloudfront.net/danielle/4fe0594eb6f758fc77b7460584aa4806"}, {"value": " "}, {"value": "n'", "hintTable": {"headers": ["n'", "\u00e9tait", "pas"], "rows": [[{"hint": "wasn't", "colspan": 3}], [{"hint": "weren't", "colspan": 3}], [{"hint": "not", "colspan": 1}, {"colspan": 1}, {"colspan": 1}], [{"hint": "do not", "colspan": 1}, {"colspan": 1}, {"colspan": 1}], [{"hint": "don't", "colspan": 1}, {"colspan": 1}, {"colspan": 1}]], "references": [6, 7]}, "tts": "https://d1vq87e9lcf771.cloudfront.net/danielle/9689399b2fce8825c17cae9a38ac2700"}, {"value": "\u00e9tait", "hintTable": {"headers": ["n'", "\u00e9tait", "pas"], "rows": [[{"hint": "wasn't", "colspan": 3}], [{"hint": "weren't", "colspan": 3}], [{"colspan": 1}, {"hint": "was", "colspan": 1}, {"colspan": 1}], [{"colspan": 1}, {"hint": "used to be", "colspan": 1}, {"colspan": 1}], [{"colspan": 1}, {"hint": "were", "colspan": 1}, {"colspan": 1}]], "references": [5, 7]}, "tts": "https://d1vq87e9lcf771.cloudfront.net/danielle/7c9e9821d2c4f8aa94e530ed9cfa9166"}, {"value": " "}, {"value": "pas", "hintTable": {"headers": ["n'", "\u00e9tait", "pas"], "rows": [[{"hint": "wasn't", "colspan": 3}], [{"hint": "weren't", "colspan": 3}], [{"colspan": 1}, {"colspan": 1}, {"hint": "not", "colspan": 1}], [{"colspan": 1}, {"colspan": 1}, {"hint": "no", "colspan": 1}], [{"colspan": 1}, {"colspan": 1}, {"hint": "steps", "colspan": 1}]], "references": [5, 6]}, "tts": "https://d1vq87e9lcf771.cloudfront.net/danielle/c456a9e187b2f0772875204436cd741c"}, {"value": " "}, {"value": "tout", "hintTable": {"headers": ["tout", "\u00e0", "fait"], "rows": [[{"hint": "totally", "colspan": 3}], [{"hint": "completely", "colspan": 3}], [{"hint": "exactly", "colspan": 3}], [{"hint": "my all", "colspan": 1}, {"colspan": 1}, {"colspan": 1}], [{"hint": "any", "colspan": 1}, {"colspan": 1}, {"colspan": 1}], [{"hint": "all", "colspan": 1}, {"colspan": 1}, {"colspan": 1}]], "references": [9, 10]}, "tts": "https://d1vq87e9lcf771.cloudfront.net/danielle/71131532950192f488af03eb4ee32486"}, {"value": " "}, {"value": "\u00e0", "hintTable": {"headers": ["tout", "\u00e0", "fait"], "rows": [[{"hint": "totally", "colspan": 3}], [{"hint": "completely", "colspan": 3}], [{"hint": "exactly", "colspan": 3}], [{"colspan": 1}, {"hint": "in", "colspan": 1}, {"colspan": 1}], [{"colspan": 1}, {"hint": "to", "colspan": 1}, {"colspan": 1}], [{"colspan": 1}, {"hint": "on", "colspan": 1}, {"colspan": 1}]], "references": [8, 10]}, "tts": "https://d1vq87e9lcf771.cloudfront.net/danielle/525d3aba641b4330345f33346eb9959d"}, {"value": " "}, {"value": "fait", "hintTable": {"headers": ["tout", "\u00e0", "fait"], "rows": [[{"hint": "totally", "colspan": 3}], [{"hint": "completely", "colspan": 3}], [{"hint": "exactly", "colspan": 3}], [{"colspan": 1}, {"colspan": 1}, {"hint": "was", "colspan": 1}], [{"colspan": 1}, {"colspan": 1}, {"hint": "done", "colspan": 1}], [{"colspan": 1}, {"colspan": 1}, {"hint": "is", "colspan": 1}]], "references": [8, 9]}, "tts": "https://d1vq87e9lcf771.cloudfront.net/danielle/5090fbfcf1e1f8fe8be61e9b7010fc1b"}, {"value": " "}, {"value": "cuit", "hintTable": {"rows": [[{"hint": "cooked", "colspan": 1}], [{"hint": "baked", "colspan": 1}]], "references": []}, "tts": "https://d1vq87e9lcf771.cloudfront.net/danielle/01dd2963ed00cf48f51c97880058cdbd"}, {"value": "."}]}, "subtext": {"styledString": {"text": "In my opinion, the chicken wasn't totally cooked.", "styling": [{"from": 0, "to": 49, "attributes": {"alignment": "left", "fontSize": 19, "fontWeight": "normal", "textColor": "AFAFAF", "lineSpacing": 5}}]}, "tokenTTS": {"tokenTTSCollection": []}}, "ttsURL": "https://d1vq87e9lcf771.cloudfront.net/danielle/cf0cc43905f98c3418c81f12c6ebfae8"}]}, "meta": {"autoPlayableTTS": [], "sectionIndex": 0, "backgroundColor": null}}, {"type": "verticalSpace", "element": 16, "meta": {"autoPlayableTTS": [], "sectionIndex": 0, "backgroundColor": null}}, {"type": "dialogue", "element": {"phrases": [{"text": {"styledString": {"text": "Les biscuits sont mous et la glace est molle.", "styling": [{"from": 0, "to": 45, "attributes": {"alignment": "left", "fontSize": 19, "fontWeight": "normal", "textColor": "4B4B4B", "lineSpacing": 5}}]}, "tokenTTS": {"tokenTTSCollection": []}, "blockHints": [{"value": "Les", "hintTable": {"rows": [[{"hint": "the", "colspan": 1}], [{"hint": "your", "colspan": 1}], [{"hint": "they", "colspan": 1}]], "references": []}, "tts": "https://d1vq87e9lcf771.cloudfront.net/danielle/c4fd76f4b436a8eacbb40f9d77fb66f6"}, {"value": " "}, {"value": "biscuits", "hintTable": {"rows": [[{"hint": "cookies", "colspan": 1}]], "references": []}, "tts": "https://d1vq87e9lcf771.cloudfront.net/danielle/fc025bf41aaf76e5fbb1c7409c2ac1d8"}, {"value": " "}, {"value": "sont", "hintTable": {"rows": [[{"hint": "are", "colspan": 1}], [{"hint": "is", "colspan": 1}], [{"hint": "feel", "colspan": 1}]], "references": []}, "tts": "https://d1vq87e9lcf771.cloudfront.net/danielle/7406bdd8bd4cc1df11a12c87149fcef6"}, {"value": " "}, {"value": "mous", "hintTable": {"rows": [[{"hint": "soft", "colspan": 1}]], "references": []}, "tts": "https://d1vq87e9lcf771.cloudfront.net/danielle/6eb6fa0e1056f6a02d9f4ac921431b94"}, {"value": " "}, {"value": "et", "hintTable": {"rows": [[{"hint": "and", "colspan": 1}]], "references": []}, "tts": "https://d1vq87e9lcf771.cloudfront.net/danielle/cefb7f02ef34d81ce2e6f5d94e82df1e"}, {"value": " "}, {"value": "la", "hintTable": {"rows": [[{"hint": "the", "colspan": 1}], [{"hint": "it", "colspan": 1}], [{"hint": "your", "colspan": 1}]], "references": []}, "tts": "https://d1vq87e9lcf771.cloudfront.net/danielle/a3839459c4a22bd261d776fc91b0977e"}, {"value": " "}, {"value": "glace", "hintTable": {"rows": [[{"hint": "ice cream", "colspan": 1}]], "references": []}, "tts": "https://d1vq87e9lcf771.cloudfront.net/danielle/96873b1550c1f63ce18ea5096046c013"}, {"value": " "}, {"value": "est", "hintTable": {"rows": [[{"hint": "is", "colspan": 1}], [{"hint": "are", "colspan": 1}], [{"hint": "'s", "colspan": 1}]], "references": []}, "tts": "https://d1vq87e9lcf771.cloudfront.net/beafr/878a35a874ca5ef63f6af2af92a1a0a4"}, {"value": " "}, {"value": "molle", "hintTable": {"rows": [[{"hint": "soft", "colspan": 1}]], "references": []}, "tts": "https://d1vq87e9lcf771.cloudfront.net/danielle/66cbfe9e126d2c7bdb37b4f9beddd79c"}, {"value": "."}]}, "subtext": {"styledString": {"text": "The cookies are soft, and the ice cream is soft.", "styling": [{"from": 0, "to": 48, "attributes": {"alignment": "left", "fontSize": 19, "fontWeight": "normal", "textColor": "AFAFAF", "lineSpacing": 5}}]}, "tokenTTS": {"tokenTTSCollection": []}}, "ttsURL": "https://d1vq87e9lcf771.cloudfront.net/danielle/400df89c815edeae8e74cfb47dcd6465"}]}, "meta": {"autoPlayableTTS": [], "sectionIndex": 0, "backgroundColor": null}}, {"type": "verticalSpace", "element": 16, "meta": {"autoPlayableTTS": [], "sectionIndex": 0, "backgroundColor": null}}, {"type": "dialogue", "element": {"phrases": [{"text": {"styledString": {"text": "Sois s\u00e9rieux quand tu cuisines un plat compliqu\u00e9.", "styling": [{"from": 0, "to": 49, "attributes": {"alignment": "left", "fontSize": 19, "fontWeight": "normal", "textColor": "4B4B4B", "lineSpacing": 5}}]}, "tokenTTS": {"tokenTTSCollection": []}, "blockHints": [{"value": "Sois", "hintTable": {"rows": [[{"hint": "be", "colspan": 1}], [{"hint": "will be", "colspan": 1}], [{"hint": "are", "colspan": 1}]], "references": []}, "tts": "https://d1vq87e9lcf771.cloudfront.net/danielle/20ea679e3ba8fb88a5821870f5aed393"}, {"value": " "}, {"value": "s\u00e9rieux", "hintTable": {"rows": [[{"hint": "serious", "colspan": 1}]], "references": []}, "tts": "https://d1vq87e9lcf771.cloudfront.net/danielle/0e9235abf336eda9630518e238a224ba"}, {"value": " "}, {"value": "quand", "hintTable": {"rows": [[{"hint": "when", "colspan": 1}]], "references": []}, "tts": "https://d1vq87e9lcf771.cloudfront.net/danielle/1eab232dc1563a26d7ff2a850ba382f8"}, {"value": " "}, {"value": "tu", "hintTable": {"rows": [[{"hint": "you", "colspan": 1}], [{"hint": "you'll", "colspan": 1}]], "references": []}, "tts": "https://d1vq87e9lcf771.cloudfront.net/danielle/108696c9e1fe68d2beb23bb6f937a618"}, {"value": " "}, {"value": "cuisines", "hintTable": {"rows": [[{"hint": "cook", "colspan": 1}], [{"hint": "are cooking", "colspan": 1}], [{"hint": "cooking", "colspan": 1}]], "references": []}, "tts": "https://d1vq87e9lcf771.cloudfront.net/danielle/b2409bee4089c4a434b7b809dad9a4f9"}, {"value": " "}, {"value": "un", "hintTable": {"rows": [[{"hint": "a", "colspan": 1}], [{"hint": "an", "colspan": 1}], [{"hint": "one", "colspan": 1}]], "references": []}, "tts": "https://d1vq87e9lcf771.cloudfront.net/danielle/848ed0134fe5035cc26127d08f5412fe"}, {"value": " "}, {"value": "plat", "hintTable": {"rows": [[{"hint": "dish", "colspan": 1}], [{"hint": "course", "colspan": 1}], [{"hint": "flat", "colspan": 1}]], "references": []}, "tts": "https://d1vq87e9lcf771.cloudfront.net/danielle/76670eb04c6685ccf5b3a7d9cf5277d7"}, {"value": " "}, {"value": "compliqu\u00e9", "hintTable": {"rows": [[{"hint": "complicated", "colspan": 1}]], "references": []}, "tts": "https://d1vq87e9lcf771.cloudfront.net/danielle/6ea105c148890d4a6e2dd7e8e7174e50"}, {"value": "."}]}, "subtext": {"styledString": {"text": "Be serious when you cook a complicated dish.", "styling": [{"from": 0, "to": 44, "attributes": {"alignment": "left", "fontSize": 19, "fontWeight": "normal", "textColor": "AFAFAF", "lineSpacing": 5}}]}, "tokenTTS": {"tokenTTSCollection": []}}, "ttsURL": "https://d1vq87e9lcf771.cloudfront.net/danielle/33836f1e9c4f0d07178d1089aaaa8d46"}]}, "meta": {"autoPlayableTTS": [], "sectionIndex": 0, "backgroundColor": null}}, {"type": "verticalSpace", "element": 16, "meta": {"autoPlayableTTS": [], "sectionIndex": 0, "backgroundColor": null}}, {"type": "dialogue", "element": {"phrases": [{"text": {"styledString": {"text": "J'ai achet\u00e9 trois kilos de viande en tout.", "styling": [{"from": 0, "to": 42, "attributes": {"alignment": "left", "fontSize": 19, "fontWeight": "normal", "textColor": "4B4B4B", "lineSpacing": 5}}]}, "tokenTTS": {"tokenTTSCollection": []}, "blockHints": [{"value": "J'", "hintTable": {"headers": ["j'", "ai"], "rows": [[{"hint": "i", "colspan": 2}], [{"hint": "I'm", "colspan": 2}], [{"hint": "I've", "colspan": 2}], [{"hint": "I", "colspan": 1}, {"colspan": 1}]], "references": [1]}, "tts": "https://d1vq87e9lcf771.cloudfront.net/danielle/c839fdc2ccbaf9f6fe27b78659f801f2"}, {"value": "ai", "hintTable": {"headers": ["ai", "...", "achet\u00e9"], "rows": [[{"hint": "bought", "colspan": 3}], [{"hint": "bought", "colspan": 2}, {"colspan": 1}], [{"hint": "have", "colspan": 1}, {"colspan": 1}, {"colspan": 1}], [{"hint": "feel", "colspan": 1}, {"colspan": 1}, {"colspan": 1}]], "references": [0]}, "tts": "https://d1vq87e9lcf771.cloudfront.net/danielle/945704840e035e2ea1325d5250fe6554"}, {"value": " "}, {"value": "achet\u00e9", "hintTable": {"headers": ["ai", "...", "achet\u00e9"], "rows": [[{"hint": "bought", "colspan": 3}], [{"colspan": 1}, {"hint": "bought", "colspan": 2}], [{"colspan": 1}, {"colspan": 1}, {"hint": "bought", "colspan": 1}]], "references": [1]}, "tts": "https://d1vq87e9lcf771.cloudfront.net/danielle/572bd01b7975f71037d199c4c5bed977"}, {"value": " "}, {"value": "trois", "hintTable": {"rows": [[{"hint": "three", "colspan": 1}], [{"hint": "third", "colspan": 1}]], "references": []}, "tts": "https://d1vq87e9lcf771.cloudfront.net/danielle/33f4881226c1e6b14f1cc677c4870eef"}, {"value": " "}, {"value": "kilos", "hintTable": {"rows": [[{"hint": "kilos", "colspan": 1}], [{"hint": "kilograms", "colspan": 1}]], "references": []}, "tts": "https://d1vq87e9lcf771.cloudfront.net/danielle/3a0a3d580c6673b01e9c5c27dd2580a6"}, {"value": " "}, {"value": "de", "hintTable": {"rows": [[{"hint": "of", "colspan": 1}], [{"hint": "out of", "colspan": 1}], [{"hint": "a", "colspan": 1}]], "references": []}, "tts": "https://d1vq87e9lcf771.cloudfront.net/danielle/440a31450593e609451ea2168f76e988"}, {"value": " "}, {"value": "viande", "hintTable": {"rows": [[{"hint": "meat", "colspan": 1}]], "references": []}, "tts": "https://d1vq87e9lcf771.cloudfront.net/danielle/501095863a75d6521525f36f04cb08d3"}, {"value": " "}, {"value": "en", "hintTable": {"headers": ["en", "tout"], "rows": [[{"hint": "altogether", "colspan": 2}], [{"hint": "of", "colspan": 1}, {"colspan": 1}], [{"hint": "made out of", "colspan": 1}, {"colspan": 1}], [{"hint": "of it", "colspan": 1}, {"colspan": 1}]], "references": [8]}, "tts": "https://d1vq87e9lcf771.cloudfront.net/danielle/d78cc0266039b684b7f869230583dc45"}, {"value": " "}, {"value": "tout", "hintTable": {"headers": ["en", "tout"], "rows": [[{"hint": "altogether", "colspan": 2}], [{"colspan": 1}, {"hint": "all of", "colspan": 1}], [{"colspan": 1}, {"hint": "all", "colspan": 1}], [{"colspan": 1}, {"hint": "any", "colspan": 1}]], "references": [7]}, "tts": "https://d1vq87e9lcf771.cloudfront.net/danielle/71131532950192f488af03eb4ee32486"}, {"value": "."}]}, "subtext": {"styledString": {"text": "I bought three kilos of meat altogether.", "styling": [{"from": 0, "to": 40, "attributes": {"alignment": "left", "fontSize": 19, "fontWeight": "normal", "textColor": "AFAFAF", "lineSpacing": 5}}]}, "tokenTTS": {"tokenTTSCollection": []}}, "ttsURL": "https://d1vq87e9lcf771.cloudfront.net/danielle/f8f44897ff4aaab44f2ebf93b28cf2d1"}]}, "meta": {"autoPlayableTTS": [], "sectionIndex": 0, "backgroundColor": null}}, {"type": "verticalSpace", "element": 24, "meta": {"autoPlayableTTS": [], "sectionIndex": 0, "backgroundColor": null}}], "resourcesToPrefetch": [{"required": false, "url": "https://d1vq87e9lcf771.cloudfront.net/danielle/f5b9872595d4590dc5e63f28e524dfbf", "type": "mp3"}, {"required": false, "url": "https://d1vq87e9lcf771.cloudfront.net/danielle/33836f1e9c4f0d07178d1089aaaa8d46", "type": "mp3"}, {"required": false, "url": "https://d1vq87e9lcf771.cloudfront.net/danielle/400df89c815edeae8e74cfb47dcd6465", "type": "mp3"}, {"required": false, "url": "https://d1vq87e9lcf771.cloudfront.net/danielle/6a7d5d27f043efe34b8f01fccfa6636c", "type": "mp3"}, {"required": false, "url": "https://d1vq87e9lcf771.cloudfront.net/danielle/f8f44897ff4aaab44f2ebf93b28cf2d1", "type": "mp3"}, {"required": false, "url": "https://d1vq87e9lcf771.cloudfront.net/danielle/cf0cc43905f98c3418c81f12c6ebfae8", "type": "mp3"}]}