{"v":"4.8.0","meta":{"g":"LottieFiles AE 3.4.5","a":"","k":"","d":"","tc":""},"fr":60,"ip":0,"op":164,"w":250,"h":280,"nm":"EXPORT TO LOTTIE","ddd":0,"assets":[{"id":"comp_0","layers":[{"ddd":0,"ind":1,"ty":0,"nm":"sparkle particle behavior","refId":"comp_1","sr":1,"ks":{"o":{"a":0,"k":100,"ix":11},"r":{"a":0,"k":0,"ix":10},"p":{"a":0,"k":[148,53.5,0],"ix":2},"a":{"a":0,"k":[100,100,0],"ix":1},"s":{"a":0,"k":[200,200,100],"ix":6}},"ao":0,"w":200,"h":200,"ip":145,"op":228,"st":145,"bm":0},{"ddd":0,"ind":4,"ty":0,"nm":"[EDIT] badge ","refId":"comp_2","sr":1,"ks":{"o":{"a":0,"k":100,"ix":11},"r":{"a":0,"k":0,"ix":10},"p":{"a":0,"k":[100,100,0],"ix":2},"a":{"a":0,"k":[255,262.5,0],"ix":1},"s":{"a":0,"k":[37,37,100],"ix":6}},"ao":0,"w":510,"h":525,"ip":0,"op":300,"st":0,"bm":0}]},{"id":"comp_1","layers":[{"ddd":0,"ind":1,"ty":4,"nm":"Shape Layer 2","sr":1,"ks":{"o":{"a":1,"k":[{"i":{"x":[0.059],"y":[1]},"o":{"x":[0.333],"y":[0]},"t":0,"s":[0]},{"i":{"x":[0.2],"y":[1]},"o":{"x":[0.131],"y":[0]},"t":5,"s":[100]},{"t":26,"s":[0]}],"ix":11},"r":{"a":1,"k":[{"i":{"x":[0.667],"y":[1]},"o":{"x":[0.333],"y":[0]},"t":0,"s":[108]},{"t":63,"s":[720]}],"ix":10},"p":{"a":0,"k":[100.062,99.844,0],"ix":2},"a":{"a":0,"k":[0.062,-0.156,0],"ix":1},"s":{"a":1,"k":[{"i":{"x":[0.322,0.322,0.667],"y":[1,1,1]},"o":{"x":[0.333,0.333,0.333],"y":[0,0,0]},"t":0,"s":[33,33,100]},{"i":{"x":[0.667,0.667,0.667],"y":[1,1,1]},"o":{"x":[0.652,0.652,0.333],"y":[0,0,0]},"t":7,"s":[150,150,100]},{"t":43,"s":[50,50,100]}],"ix":6}},"ao":0,"shapes":[{"ty":"gr","it":[{"ind":0,"ty":"sh","ix":1,"ks":{"a":0,"k":{"i":[[0,0],[0,0]],"o":[[0,0],[0,0]],"v":[[-5.375,5.75],[5.375,-5.875]],"c":false},"ix":2},"nm":"Path 1","mn":"ADBE Vector Shape - Group","hd":false},{"ty":"st","c":{"a":0,"k":[1,1,1,1],"ix":3},"o":{"a":0,"k":100,"ix":4},"w":{"a":0,"k":2,"ix":5},"lc":2,"lj":1,"ml":4,"bm":0,"nm":"Stroke 1","mn":"ADBE Vector Graphic - Stroke","hd":false},{"ty":"fl","c":{"a":0,"k":[1,1,1,1],"ix":4},"o":{"a":0,"k":100,"ix":5},"r":1,"bm":0,"nm":"Fill 1","mn":"ADBE Vector Graphic - Fill","hd":false},{"ty":"tr","p":{"a":0,"k":[0,0],"ix":2},"a":{"a":0,"k":[0,0],"ix":1},"s":{"a":0,"k":[100,100],"ix":3},"r":{"a":0,"k":0,"ix":6},"o":{"a":0,"k":100,"ix":7},"sk":{"a":0,"k":0,"ix":4},"sa":{"a":0,"k":0,"ix":5},"nm":"Transform"}],"nm":"Shape 1","np":3,"cix":2,"bm":0,"ix":1,"mn":"ADBE Vector Group","hd":false}],"ip":0,"op":83,"st":0,"bm":0},{"ddd":0,"ind":2,"ty":4,"nm":"Shape Layer 1","sr":1,"ks":{"o":{"a":1,"k":[{"i":{"x":[0.059],"y":[1]},"o":{"x":[0.333],"y":[0]},"t":0,"s":[0]},{"i":{"x":[0.2],"y":[1]},"o":{"x":[0.131],"y":[0]},"t":5,"s":[100]},{"t":26,"s":[0]}],"ix":11},"r":{"a":1,"k":[{"i":{"x":[0.667],"y":[1]},"o":{"x":[0.333],"y":[0]},"t":0,"s":[0]},{"t":63,"s":[720]}],"ix":10},"p":{"a":0,"k":[100.062,99.844,0],"ix":2},"a":{"a":0,"k":[0.062,-0.156,0],"ix":1},"s":{"a":1,"k":[{"i":{"x":[0.322,0.322,0.667],"y":[1,1,1]},"o":{"x":[0.333,0.333,0.333],"y":[0,0,0]},"t":0,"s":[33,33,100]},{"i":{"x":[0.667,0.667,0.667],"y":[1,1,1]},"o":{"x":[0.652,0.652,0.333],"y":[0,0,0]},"t":7,"s":[150,150,100]},{"t":43,"s":[50,50,100]}],"ix":6}},"ao":0,"shapes":[{"ty":"gr","it":[{"ind":0,"ty":"sh","ix":1,"ks":{"a":0,"k":{"i":[[0,0],[0,0]],"o":[[0,0],[0,0]],"v":[[-5.375,5.75],[5.375,-5.875]],"c":false},"ix":2},"nm":"Path 1","mn":"ADBE Vector Shape - Group","hd":false},{"ty":"st","c":{"a":0,"k":[1,1,1,1],"ix":3},"o":{"a":0,"k":100,"ix":4},"w":{"a":0,"k":2,"ix":5},"lc":2,"lj":1,"ml":4,"bm":0,"nm":"Stroke 1","mn":"ADBE Vector Graphic - Stroke","hd":false},{"ty":"fl","c":{"a":0,"k":[1,1,1,1],"ix":4},"o":{"a":0,"k":100,"ix":5},"r":1,"bm":0,"nm":"Fill 1","mn":"ADBE Vector Graphic - Fill","hd":false},{"ty":"tr","p":{"a":0,"k":[0,0],"ix":2},"a":{"a":0,"k":[0,0],"ix":1},"s":{"a":0,"k":[100,100],"ix":3},"r":{"a":0,"k":0,"ix":6},"o":{"a":0,"k":100,"ix":7},"sk":{"a":0,"k":0,"ix":4},"sa":{"a":0,"k":0,"ix":5},"nm":"Transform"}],"nm":"Shape 1","np":3,"cix":2,"bm":0,"ix":1,"mn":"ADBE Vector Group","hd":false}],"ip":0,"op":83,"st":0,"bm":0},{"ddd":0,"ind":3,"ty":4,"nm":"sparkle 14","sr":1,"ks":{"o":{"a":1,"k":[{"i":{"x":[0.16],"y":[1]},"o":{"x":[0.163],"y":[0.41]},"t":0,"s":[0]},{"i":{"x":[0.319],"y":[0.762]},"o":{"x":[0.167],"y":[0]},"t":5,"s":[74]},{"i":{"x":[0.682],"y":[0.829]},"o":{"x":[0.388],"y":[0.52]},"t":38.732,"s":[13.434]},{"i":{"x":[0.607],"y":[1]},"o":{"x":[0.295],"y":[0.726]},"t":63,"s":[2.046]},{"t":83,"s":[0]}],"ix":11},"r":{"a":1,"k":[{"i":{"x":[0.549],"y":[0.67]},"o":{"x":[0.333],"y":[0]},"t":0,"s":[0]},{"i":{"x":[0.643],"y":[0.922]},"o":{"x":[0.268],"y":[0.691]},"t":46.988,"s":[235.834]},{"i":{"x":[0.702],"y":[1]},"o":{"x":[0.356],"y":[1.071]},"t":113.855,"s":[331.093]},{"t":150,"s":[334.861]}],"ix":10},"p":{"s":true,"x":{"a":0,"k":100,"ix":3},"y":{"a":0,"k":100,"ix":4}},"a":{"a":0,"k":[0,0,0],"ix":1},"s":{"a":1,"k":[{"i":{"x":[0.667,0.667,0.667],"y":[1,1,1]},"o":{"x":[0.333,0.333,0.333],"y":[0,0,0]},"t":0,"s":[0,0,100]},{"i":{"x":[0.388,0.388,0.833],"y":[0.072,0.072,5.021]},"o":{"x":[0.172,0.172,0.333],"y":[0,0,0]},"t":12.752,"s":[35,35,100]},{"i":{"x":[0.68,0.68,0.7],"y":[1,1,1]},"o":{"x":[0.23,0.23,0.177],"y":[0.905,0.905,-8.082]},"t":37,"s":[14.774,14.774,100]},{"t":83,"s":[0,0,100]}],"ix":6}},"ao":0,"shapes":[{"ty":"gr","it":[{"ind":0,"ty":"sh","ix":1,"ks":{"a":0,"k":{"i":[[0,0],[1.12,-0.65],[0,0],[0.65,1.12],[0,0],[-1.13,0.65],[0,0],[-0.65,-1.13]],"o":[[0.65,1.12],[0,0],[-1.13,0.65],[0,0],[-0.65,-1.13],[0,0],[1.12,-0.65],[0,0]],"v":[[5.652,-0.208],[4.792,3.012],[0.212,5.652],[-3.008,4.792],[-5.648,0.212],[-4.788,-3.008],[-0.208,-5.648],[3.012,-4.788]],"c":true},"ix":2},"nm":"Path 1","mn":"ADBE Vector Shape - Group","hd":false},{"ty":"fl","c":{"a":0,"k":[1,1,1,1],"ix":4},"o":{"a":0,"k":100,"ix":5},"r":1,"bm":0,"nm":"Fill 1","mn":"ADBE Vector Graphic - Fill","hd":false},{"ty":"tr","p":{"a":0,"k":[0,0],"ix":2},"a":{"a":0,"k":[0,0],"ix":1},"s":{"a":0,"k":[600,600],"ix":3},"r":{"a":0,"k":0,"ix":6},"o":{"a":0,"k":100,"ix":7},"sk":{"a":0,"k":0,"ix":4},"sa":{"a":0,"k":0,"ix":5},"nm":"Transform"}],"nm":"Group 1","np":2,"cix":2,"bm":0,"ix":1,"mn":"ADBE Vector Group","hd":false}],"ip":0,"op":83,"st":-270,"bm":0}]},{"id":"comp_2","layers":[{"ddd":0,"ind":1,"ty":4,"nm":"highlight","sr":1,"ks":{"o":{"a":0,"k":10,"ix":11},"r":{"a":0,"k":0,"ix":10},"p":{"a":0,"k":[286.05,219.947,0],"ix":2},"a":{"a":0,"k":[0,0,0],"ix":1},"s":{"a":0,"k":[100,100,100],"ix":6}},"ao":0,"shapes":[{"ty":"gr","it":[{"ind":0,"ty":"sh","ix":1,"ks":{"a":0,"k":{"i":[[-19.675,0],[0,-39.35],[12.894,-12.894],[0,0]],"o":[[39.35,0],[0,19.675],[0,0],[12.894,-12.894]],"v":[[-10.434,-60.816],[60.816,10.434],[39.947,60.816],[-60.816,-39.947]],"c":true},"ix":2},"nm":"Path 1","mn":"ADBE Vector Shape - Group","hd":false},{"ty":"fl","c":{"a":0,"k":[1,1,1,1],"ix":4},"o":{"a":0,"k":100,"ix":5},"r":1,"bm":0,"nm":"Fill 1","mn":"ADBE Vector Graphic - Fill","hd":false},{"ty":"tr","p":{"a":0,"k":[0,0],"ix":2},"a":{"a":0,"k":[0,0],"ix":1},"s":{"a":0,"k":[300,300],"ix":3},"r":{"a":0,"k":0,"ix":6},"o":{"a":0,"k":100,"ix":7},"sk":{"a":0,"k":0,"ix":4},"sa":{"a":0,"k":0,"ix":5},"nm":"Transform"}],"nm":"highlight","np":2,"cix":2,"bm":0,"ix":1,"mn":"ADBE Vector Group","hd":false}],"ip":0,"op":300,"st":0,"bm":0},{"ddd":0,"ind":2,"ty":0,"nm":"[EDIT] illustration","refId":"comp_3","sr":1,"ks":{"o":{"a":0,"k":100,"ix":11},"r":{"a":0,"k":0,"ix":10},"p":{"a":0,"k":[255,250,0],"ix":2},"a":{"a":0,"k":[175,175,0],"ix":1},"s":{"a":0,"k":[88,88,100],"ix":6}},"ao":0,"w":350,"h":350,"ip":0,"op":300,"st":0,"bm":0},{"ddd":0,"ind":3,"ty":4,"nm":"outline","sr":1,"ks":{"o":{"a":0,"k":100,"ix":11},"r":{"a":0,"k":0,"ix":10},"p":{"a":0,"k":[259.553,245.768,0],"ix":2},"a":{"a":0,"k":[0,0,0],"ix":1},"s":{"a":0,"k":[100,100,100],"ix":6}},"ao":0,"shapes":[{"ty":"gr","it":[{"d":1,"ty":"el","s":{"a":0,"k":[348.497,348.497],"ix":2},"p":{"a":0,"k":[0,0],"ix":3},"nm":"Ellipse Path 1","mn":"ADBE Vector Shape - Ellipse","hd":false},{"ty":"st","c":{"a":0,"k":[1,0.650980392157,0.239215686275,1],"ix":3},"o":{"a":0,"k":100,"ix":4},"w":{"a":0,"k":42,"ix":5},"lc":1,"lj":1,"ml":4,"bm":0,"nm":"Stroke 1","mn":"ADBE Vector Graphic - Stroke","hd":false},{"ty":"fl","c":{"a":0,"k":[0.654901960784,0.145098039216,0.737254901961,1],"ix":4},"o":{"a":0,"k":0,"ix":5},"r":1,"bm":0,"nm":"Fill 1","mn":"ADBE Vector Graphic - Fill","hd":false},{"ty":"tr","p":{"a":0,"k":[-5.053,4.715],"ix":2},"a":{"a":0,"k":[0,0],"ix":1},"s":{"a":0,"k":[109.243,109.243],"ix":3},"r":{"a":0,"k":0,"ix":6},"o":{"a":0,"k":100,"ix":7},"sk":{"a":0,"k":0,"ix":4},"sa":{"a":0,"k":0,"ix":5},"nm":"Transform"}],"nm":"Ellipse 1","np":3,"cix":2,"bm":0,"ix":1,"mn":"ADBE Vector Group","hd":false}],"ip":0,"op":300,"st":0,"bm":0},{"ddd":0,"ind":4,"ty":4,"nm":"main","sr":1,"ks":{"o":{"a":0,"k":100,"ix":11},"r":{"a":0,"k":0,"ix":10},"p":{"a":0,"k":[255,250.25,0],"ix":2},"a":{"a":0,"k":[0,0,0],"ix":1},"s":{"a":0,"k":[99,99,100],"ix":6}},"ao":0,"shapes":[{"ty":"gr","it":[{"d":1,"ty":"el","s":{"a":0,"k":[142.5,142.5],"ix":2},"p":{"a":0,"k":[0,0],"ix":3},"nm":"Ellipse Path 1","mn":"ADBE Vector Shape - Ellipse","hd":false},{"ty":"fl","c":{"a":0,"k":[0.890196078431,0.427450980392,0,1],"ix":4},"o":{"a":0,"k":100,"ix":5},"r":1,"bm":0,"nm":"Fill 1","mn":"ADBE Vector Graphic - Fill","hd":false},{"ty":"tr","p":{"a":0,"k":[0,0],"ix":2},"a":{"a":0,"k":[0,0],"ix":1},"s":{"a":0,"k":[300,300],"ix":3},"r":{"a":0,"k":0,"ix":6},"o":{"a":0,"k":100,"ix":7},"sk":{"a":0,"k":0,"ix":4},"sa":{"a":0,"k":0,"ix":5},"nm":"Transform"}],"nm":"Ellipse 162","np":2,"cix":2,"bm":0,"ix":1,"mn":"ADBE Vector Group","hd":false}],"ip":0,"op":300,"st":0,"bm":0},{"ddd":0,"ind":5,"ty":4,"nm":"shadow","sr":1,"ks":{"o":{"a":0,"k":100,"ix":11},"r":{"a":0,"k":0,"ix":10},"p":{"a":0,"k":[254.75,251.25,0],"ix":2},"a":{"a":0,"k":[0,0,0],"ix":1},"s":{"a":0,"k":[100,100,100],"ix":6}},"ao":0,"shapes":[{"ty":"gr","it":[{"d":1,"ty":"el","s":{"a":0,"k":[142.5,142.5],"ix":2},"p":{"a":0,"k":[0,0],"ix":3},"nm":"Ellipse Path 1","mn":"ADBE Vector Shape - Ellipse","hd":false},{"ty":"fl","c":{"a":0,"k":[0.874509803922,0.36862745098,0,1],"ix":4},"o":{"a":0,"k":100,"ix":5},"r":1,"bm":0,"nm":"Fill 1","mn":"ADBE Vector Graphic - Fill","hd":false},{"ty":"tr","p":{"a":0,"k":[0,18],"ix":2},"a":{"a":0,"k":[0,0],"ix":1},"s":{"a":0,"k":[300,300],"ix":3},"r":{"a":0,"k":0,"ix":6},"o":{"a":0,"k":100,"ix":7},"sk":{"a":0,"k":0,"ix":4},"sa":{"a":0,"k":0,"ix":5},"nm":"Transform"}],"nm":"Ellipse 162","np":2,"cix":2,"bm":0,"ix":1,"mn":"ADBE Vector Group","hd":false}],"ip":0,"op":300,"st":0,"bm":0},{"ddd":0,"ind":6,"ty":4,"nm":"glow","sr":1,"ks":{"o":{"a":0,"k":10,"ix":11},"r":{"a":0,"k":0,"ix":10},"p":{"a":0,"k":[255.5,261,0],"ix":2},"a":{"a":0,"k":[0,0,0],"ix":1},"s":{"a":0,"k":[106.264,106.264,100],"ix":6}},"ao":0,"shapes":[{"ty":"gr","it":[{"d":1,"ty":"el","s":{"a":0,"k":[143,149],"ix":2},"p":{"a":0,"k":[0,0],"ix":3},"nm":"Ellipse Path 1","mn":"ADBE Vector Shape - Ellipse","hd":false},{"ty":"st","c":{"a":0,"k":[1,0.592156862745,0.21568627451,1],"ix":3},"o":{"a":0,"k":100,"ix":4},"w":{"a":0,"k":14,"ix":5},"lc":1,"lj":1,"ml":4,"bm":0,"nm":"Stroke 1","mn":"ADBE Vector Graphic - Stroke","hd":false},{"ty":"tr","p":{"a":0,"k":[0,0],"ix":2},"a":{"a":0,"k":[0,0],"ix":1},"s":{"a":0,"k":[300,300],"ix":3},"r":{"a":0,"k":0,"ix":6},"o":{"a":0,"k":100,"ix":7},"sk":{"a":0,"k":0,"ix":4},"sa":{"a":0,"k":0,"ix":5},"nm":"Transform"}],"nm":"Ellipse 164","np":3,"cix":2,"bm":0,"ix":1,"mn":"ADBE Vector Group","hd":false}],"ip":0,"op":300,"st":0,"bm":0}]},{"id":"comp_3","layers":[{"ddd":0,"ind":1,"ty":0,"nm":"mountain 5","refId":"comp_4","sr":1,"ks":{"o":{"a":0,"k":100,"ix":11},"r":{"a":0,"k":0,"ix":10},"p":{"a":0,"k":[175,151,0],"ix":2},"a":{"a":0,"k":[29,23.5,0],"ix":1},"s":{"a":0,"k":[480,480,100],"ix":6}},"ao":0,"w":58,"h":47,"ip":0,"op":300,"st":0,"bm":0}]},{"id":"comp_4","layers":[{"ddd":0,"ind":1,"ty":4,"nm":"right","sr":1,"ks":{"o":{"a":0,"k":13.393,"ix":11},"r":{"a":0,"k":0,"ix":10},"p":{"a":0,"k":[39.084,23.599,0],"ix":2},"a":{"a":0,"k":[0,0,0],"ix":1},"s":{"a":0,"k":[100,100,100],"ix":6}},"ao":0,"shapes":[{"ty":"gr","it":[{"ind":0,"ty":"sh","ix":1,"ks":{"a":0,"k":{"i":[[0.065,-0.241],[0,0],[0,0],[-0.452,0.232],[0.812,1.437],[0,0],[0.519,0.274],[0,0],[0.279,0.435],[0,0],[0.545,0.246],[0.192,0.046],[0,0],[-0.84,-0.157],[-0.223,0.054],[0,0],[-0.212,-0.791]],"o":[[0,0],[0,0],[0.513,0],[1.508,-0.774],[0,0],[-0.281,-0.498],[0,0],[-0.468,-0.247],[0,0],[-0.315,-0.49],[-0.186,-0.084],[0,0],[-0.165,0.801],[0.226,0.042],[0,0],[0.83,-0.202],[0.064,0.241]],"v":[[-9.614,12.282],[-12.644,23.506],[15.92,23.506],[17.39,23.153],[18.65,19.149],[2.234,-9.908],[1.008,-11.091],[-4.434,-13.969],[-5.574,-15.009],[-10.187,-22.184],[-11.504,-23.311],[-12.072,-23.506],[-18.992,10.125],[-17.769,11.86],[-17.087,11.841],[-11.499,10.482],[-9.613,11.548]],"c":true},"ix":2},"nm":"Path 1","mn":"ADBE Vector Shape - Group","hd":false},{"ty":"fl","c":{"a":0,"k":[0.729166686535,0.131249979138,0,1],"ix":4},"o":{"a":0,"k":100,"ix":5},"r":1,"bm":0,"nm":"Fill 1","mn":"ADBE Vector Graphic - Fill","hd":false},{"ty":"tr","p":{"a":0,"k":[0,0],"ix":2},"a":{"a":0,"k":[0,0],"ix":1},"s":{"a":0,"k":[100,100],"ix":3},"r":{"a":0,"k":0,"ix":6},"o":{"a":0,"k":100,"ix":7},"sk":{"a":0,"k":0,"ix":4},"sa":{"a":0,"k":0,"ix":5},"nm":"Transform"}],"nm":"right","np":2,"cix":2,"bm":0,"ix":1,"mn":"ADBE Vector Group","hd":false}],"ip":0,"op":300,"st":0,"bm":1},{"ddd":0,"ind":2,"ty":4,"nm":"top","sr":1,"ks":{"o":{"a":0,"k":100,"ix":11},"r":{"a":0,"k":0,"ix":10},"p":{"a":0,"k":[30.431,13.737,0],"ix":2},"a":{"a":0,"k":[0,0,0],"ix":1},"s":{"a":0,"k":[100,100,100],"ix":6}},"ao":0,"shapes":[{"ty":"gr","it":[{"ind":0,"ty":"sh","ix":1,"ks":{"a":0,"k":{"i":[[-0.59,0.519],[0,0],[0,0],[0.523,0.274],[0,0],[0.282,0.435],[0,0],[0.549,0.246],[0.739,-1.475],[0,0],[0,0],[-0.09,-0.08],[-0.59,0.595],[0,0],[-0.202,0.08],[-0.334,-0.752],[0,0],[-0.265,-0.161],[-0.468,0.686],[0,0],[-0.053,0.057],[-0.645,-0.543],[0,0]],"o":[[0,0],[0,0],[-0.284,-0.498],[0,0],[-0.471,-0.247],[0,0],[-0.317,-0.49],[-1.56,-0.699],[0,0],[0,0],[0.068,0.098],[0.629,0.558],[0,0],[0.15,-0.151],[0.796,-0.316],[0,0],[0.122,0.275],[0.725,0.442],[0,0],[0.044,-0.064],[0.574,-0.61],[0,0],[0.602,0.507]],"v":[[13.478,10.768],[15.662,8.847],[10.597,-0.05],[9.362,-1.233],[3.878,-4.11],[2.729,-5.151],[-1.919,-12.325],[-3.246,-13.452],[-7.407,-12.046],[-15.662,4.44],[-13.877,7.021],[-13.638,7.29],[-11.43,7.224],[-7.982,3.749],[-7.448,3.398],[-5.403,4.188],[-1.563,12.832],[-0.97,13.501],[1.19,13.06],[4.899,7.621],[5.045,7.439],[7.251,7.318],[11.376,10.789]],"c":true},"ix":2},"nm":"Path 1","mn":"ADBE Vector Shape - Group","hd":false},{"ty":"fl","c":{"a":0,"k":[0.995833337307,0.765892624855,0.414930552244,1],"ix":4},"o":{"a":0,"k":100,"ix":5},"r":1,"bm":0,"nm":"Fill 1","mn":"ADBE Vector Graphic - Fill","hd":false},{"ty":"tr","p":{"a":0,"k":[0,0],"ix":2},"a":{"a":0,"k":[0,0],"ix":1},"s":{"a":0,"k":[100,100],"ix":3},"r":{"a":0,"k":0,"ix":6},"o":{"a":0,"k":100,"ix":7},"sk":{"a":0,"k":0,"ix":4},"sa":{"a":0,"k":0,"ix":5},"nm":"Transform"}],"nm":"top","np":2,"cix":2,"bm":0,"ix":1,"mn":"ADBE Vector Group","hd":false}],"ip":0,"op":300,"st":0,"bm":0},{"ddd":0,"ind":3,"ty":4,"nm":"bottom","sr":1,"ks":{"o":{"a":0,"k":100,"ix":11},"r":{"a":0,"k":0,"ix":10},"p":{"a":0,"k":[28.971,23.555,0],"ix":2},"a":{"a":0,"k":[0,0,0],"ix":1},"s":{"a":0,"k":[100,100,100],"ix":6}},"ao":0,"shapes":[{"ty":"gr","it":[{"ind":0,"ty":"sh","ix":1,"ks":{"a":0,"k":{"i":[[0.282,0.435],[0,0],[0.549,0.246],[0.739,-1.475],[0,0],[0.391,-0.285],[0,0],[0.206,-0.505],[0,0],[0,-0.364],[-1.726,0],[0,0],[-0.455,0.232],[0.818,1.437],[0,0],[0.523,0.274],[0,0]],"o":[[0,0],[-0.317,-0.49],[-1.56,-0.699],[0,0],[-0.211,0.422],[0,0],[-0.453,0.33],[0,0],[-0.139,0.34],[0,1.632],[0,0],[0.517,0],[1.52,-0.774],[0,0],[-0.284,-0.498],[0,0],[-0.471,-0.247]],"v":[[4.188,-14.964],[-0.46,-22.139],[-1.787,-23.266],[-5.948,-21.86],[-17.483,1.177],[-18.4,2.254],[-22.417,5.181],[-23.425,6.458],[-28.762,19.531],[-28.971,20.595],[-25.847,23.551],[25.846,23.551],[27.327,23.198],[28.597,19.194],[12.056,-9.863],[10.821,-11.046],[5.337,-13.924]],"c":true},"ix":2},"nm":"Path 1","mn":"ADBE Vector Shape - Group","hd":false},{"ty":"fl","c":{"a":0,"k":[1,0.610000014305,0.025000000373,1],"ix":4},"o":{"a":0,"k":100,"ix":5},"r":1,"bm":0,"nm":"Fill 1","mn":"ADBE Vector Graphic - Fill","hd":false},{"ty":"tr","p":{"a":0,"k":[0,0],"ix":2},"a":{"a":0,"k":[0,0],"ix":1},"s":{"a":0,"k":[100,100],"ix":3},"r":{"a":0,"k":0,"ix":6},"o":{"a":0,"k":100,"ix":7},"sk":{"a":0,"k":0,"ix":4},"sa":{"a":0,"k":0,"ix":5},"nm":"Transform"}],"nm":"bottom","np":2,"cix":2,"bm":0,"ix":1,"mn":"ADBE Vector Group","hd":false}],"ip":0,"op":300,"st":0,"bm":0},{"ddd":0,"ind":4,"ty":4,"nm":"mountain","sr":1,"ks":{"o":{"a":0,"k":100,"ix":11},"r":{"a":0,"k":0,"ix":10},"p":{"a":0,"k":[29.053,23.553,0],"ix":2},"a":{"a":0,"k":[0,0,0],"ix":1},"s":{"a":0,"k":[100,100,100],"ix":6}},"ao":0,"shapes":[{"ty":"gr","it":[{"ty":"rc","d":1,"s":{"a":0,"k":[58.106,47.105],"ix":2},"p":{"a":0,"k":[0,0],"ix":3},"r":{"a":0,"k":0,"ix":4},"nm":"Rectangle Path 1","mn":"ADBE Vector Shape - Rect","hd":false},{"ty":"tr","p":{"a":0,"k":[0,0],"ix":2},"a":{"a":0,"k":[0,0],"ix":1},"s":{"a":0,"k":[100,100],"ix":3},"r":{"a":0,"k":0,"ix":6},"o":{"a":0,"k":100,"ix":7},"sk":{"a":0,"k":0,"ix":4},"sa":{"a":0,"k":0,"ix":5},"nm":"Transform"}],"nm":"mountain","np":1,"cix":2,"bm":0,"ix":1,"mn":"ADBE Vector Group","hd":false}],"ip":0,"op":300,"st":0,"bm":0}]},{"id":"comp_5","layers":[{"ddd":0,"ind":1,"ty":3,"nm":"Null 2","sr":1,"ks":{"o":{"a":0,"k":0,"ix":11},"r":{"a":0,"k":0,"ix":10},"p":{"a":0,"k":[93,97,0],"ix":2},"a":{"a":0,"k":[0,0,0],"ix":1},"s":{"a":0,"k":[369,369,100],"ix":6}},"ao":0,"ip":0,"op":73,"st":-23,"bm":0},{"ddd":0,"ind":2,"ty":4,"nm":"dark","parent":1,"sr":1,"ks":{"o":{"a":1,"k":[{"i":{"x":[0.833],"y":[0.833]},"o":{"x":[0.167],"y":[0.167]},"t":2,"s":[0]},{"i":{"x":[0.833],"y":[0.833]},"o":{"x":[0.167],"y":[0.167]},"t":2.908,"s":[74.334]},{"i":{"x":[0],"y":[1.033]},"o":{"x":[0.127],"y":[0.11]},"t":28.818,"s":[74.334]},{"t":65.091796875,"s":[0]}],"ix":11},"r":{"a":0,"k":0,"ix":10},"p":{"a":1,"k":[{"i":{"x":0.617,"y":1},"o":{"x":0.167,"y":0.167},"t":-23,"s":[0.219,1.576,0],"to":[0,0,0],"ti":[0,0,0]},{"i":{"x":0.689,"y":1},"o":{"x":0.351,"y":0},"t":-2,"s":[0.219,2.118,0],"to":[0,0,0],"ti":[0,0,0]},{"i":{"x":0.083,"y":1},"o":{"x":0.081,"y":0},"t":2.908,"s":[0.219,1.576,0],"to":[-1.396,-3.866,0],"ti":[1.396,3.866,0]},{"t":42.63671875,"s":[-8.155,-21.62,0]}],"ix":2},"a":{"a":0,"k":[611.414,-960.086,0],"ix":1},"s":{"a":1,"k":[{"i":{"x":[0,0,0.667],"y":[1,1,1]},"o":{"x":[0.199,0.199,0.333],"y":[0,0,0]},"t":2.908,"s":[0.662,0.662,100]},{"t":42.63671875,"s":[0.662,0.662,100]}],"ix":6}},"ao":0,"shapes":[{"ty":"gr","it":[{"ty":"rc","d":1,"s":{"a":0,"k":[294.828,294.828],"ix":2},"p":{"a":0,"k":[0,0],"ix":3},"r":{"a":0,"k":70,"ix":4},"nm":"Rectangle Path 1","mn":"ADBE Vector Shape - Rect","hd":false},{"ty":"fl","c":{"a":0,"k":[1,0.592156862745,0.21568627451,1],"ix":4},"o":{"a":0,"k":100,"ix":5},"r":1,"bm":0,"nm":"Fill 1","mn":"ADBE Vector Graphic - Fill","hd":false},{"ty":"tr","p":{"a":0,"k":[611.414,-960.086],"ix":2},"a":{"a":0,"k":[0,0],"ix":1},"s":{"a":0,"k":[100,100],"ix":3},"r":{"a":0,"k":45,"ix":6},"o":{"a":0,"k":100,"ix":7},"sk":{"a":0,"k":0,"ix":4},"sa":{"a":0,"k":0,"ix":5},"nm":"Transform"}],"nm":"Rectangle 1","np":2,"cix":2,"bm":0,"ix":1,"mn":"ADBE Vector Group","hd":false}],"ip":0,"op":73,"st":-23,"bm":0},{"ddd":0,"ind":3,"ty":4,"nm":"dark","parent":1,"sr":1,"ks":{"o":{"a":1,"k":[{"i":{"x":[0.833],"y":[0.833]},"o":{"x":[0.167],"y":[0.167]},"t":2,"s":[0]},{"i":{"x":[0.833],"y":[0.833]},"o":{"x":[0.167],"y":[0.167]},"t":2.908,"s":[74.334]},{"i":{"x":[0],"y":[1.033]},"o":{"x":[0.127],"y":[0.11]},"t":31.467,"s":[74.334]},{"t":56.455078125,"s":[0]}],"ix":11},"r":{"a":0,"k":0,"ix":10},"p":{"a":1,"k":[{"i":{"x":0.667,"y":0.667},"o":{"x":0.167,"y":0.167},"t":-23,"s":[0.219,1.576,0],"to":[0,0,0],"ti":[0,0,0]},{"i":{"x":0.083,"y":1},"o":{"x":0.081,"y":0},"t":2.908,"s":[0.219,1.576,0],"to":[-3.94,0.939,0],"ti":[3.94,-0.939,0]},{"t":40.98828125,"s":[-23.419,7.212,0]}],"ix":2},"a":{"a":0,"k":[611.414,-960.086,0],"ix":1},"s":{"a":1,"k":[{"i":{"x":[0,0,0.667],"y":[1,1,1]},"o":{"x":[0.199,0.199,0.333],"y":[0,0,0]},"t":2.908,"s":[0.662,0.662,100]},{"t":40.98828125,"s":[0.662,0.662,100]}],"ix":6}},"ao":0,"shapes":[{"ty":"gr","it":[{"ty":"rc","d":1,"s":{"a":0,"k":[294.828,294.828],"ix":2},"p":{"a":0,"k":[0,0],"ix":3},"r":{"a":0,"k":70,"ix":4},"nm":"Rectangle Path 1","mn":"ADBE Vector Shape - Rect","hd":false},{"ty":"fl","c":{"a":0,"k":[1,0.592156862745,0.21568627451,1],"ix":4},"o":{"a":0,"k":100,"ix":5},"r":1,"bm":0,"nm":"Fill 1","mn":"ADBE Vector Graphic - Fill","hd":false},{"ty":"tr","p":{"a":0,"k":[611.414,-960.086],"ix":2},"a":{"a":0,"k":[0,0],"ix":1},"s":{"a":0,"k":[100,100],"ix":3},"r":{"a":0,"k":45,"ix":6},"o":{"a":0,"k":100,"ix":7},"sk":{"a":0,"k":0,"ix":4},"sa":{"a":0,"k":0,"ix":5},"nm":"Transform"}],"nm":"Rectangle 1","np":2,"cix":2,"bm":0,"ix":1,"mn":"ADBE Vector Group","hd":false}],"ip":0,"op":73,"st":-23,"bm":0},{"ddd":0,"ind":4,"ty":4,"nm":"dark","parent":1,"sr":1,"ks":{"o":{"a":1,"k":[{"i":{"x":[0.833],"y":[0.833]},"o":{"x":[0.167],"y":[0.167]},"t":1.182,"s":[74.334]},{"i":{"x":[0],"y":[1.033]},"o":{"x":[0.127],"y":[0.11]},"t":35.727,"s":[74.334]},{"t":72,"s":[0]}],"ix":11},"r":{"a":0,"k":0,"ix":10},"p":{"a":1,"k":[{"i":{"x":0.667,"y":0.667},"o":{"x":0.167,"y":0.167},"t":-23,"s":[0.219,1.576,0],"to":[0,0,0],"ti":[0,0,0]},{"i":{"x":0.083,"y":1},"o":{"x":0.081,"y":0},"t":1.182,"s":[0.219,1.576,0],"to":[2.473,2.517,0],"ti":[-2.473,-2.517,0]},{"t":49.544921875,"s":[15.059,16.681,0]}],"ix":2},"a":{"a":0,"k":[611.414,-960.086,0],"ix":1},"s":{"a":1,"k":[{"i":{"x":[0,0,0.667],"y":[1,1,1]},"o":{"x":[0.199,0.199,0.333],"y":[0,0,0]},"t":1.182,"s":[0.265,0.265,100]},{"t":49.544921875,"s":[1.192,1.192,100]}],"ix":6}},"ao":0,"shapes":[{"ty":"gr","it":[{"ty":"rc","d":1,"s":{"a":0,"k":[294.828,294.828],"ix":2},"p":{"a":0,"k":[0,0],"ix":3},"r":{"a":0,"k":70,"ix":4},"nm":"Rectangle Path 1","mn":"ADBE Vector Shape - Rect","hd":false},{"ty":"fl","c":{"a":0,"k":[1,0.592156862745,0.21568627451,1],"ix":4},"o":{"a":0,"k":100,"ix":5},"r":1,"bm":0,"nm":"Fill 1","mn":"ADBE Vector Graphic - Fill","hd":false},{"ty":"tr","p":{"a":0,"k":[611.414,-960.086],"ix":2},"a":{"a":0,"k":[0,0],"ix":1},"s":{"a":0,"k":[100,100],"ix":3},"r":{"a":0,"k":45,"ix":6},"o":{"a":0,"k":100,"ix":7},"sk":{"a":0,"k":0,"ix":4},"sa":{"a":0,"k":0,"ix":5},"nm":"Transform"}],"nm":"Rectangle 1","np":2,"cix":2,"bm":0,"ix":1,"mn":"ADBE Vector Group","hd":false}],"ip":0,"op":73,"st":-23,"bm":0},{"ddd":0,"ind":5,"ty":4,"nm":"light","parent":1,"sr":1,"ks":{"o":{"a":1,"k":[{"i":{"x":[0.833],"y":[0.833]},"o":{"x":[0.167],"y":[0.167]},"t":2.908,"s":[74.334]},{"i":{"x":[0],"y":[1.033]},"o":{"x":[0.127],"y":[0.11]},"t":21.908,"s":[74.334]},{"t":58.181640625,"s":[0]}],"ix":11},"r":{"a":0,"k":0,"ix":10},"p":{"a":1,"k":[{"i":{"x":0.617,"y":1},"o":{"x":0.167,"y":0.167},"t":-23,"s":[0.219,1.576,0],"to":[0,0,0],"ti":[0,0,0]},{"i":{"x":0.689,"y":1},"o":{"x":0.351,"y":0},"t":-2,"s":[0.219,1.847,0],"to":[0,0,0],"ti":[0,0,0]},{"i":{"x":0.083,"y":1},"o":{"x":0.081,"y":0},"t":2.908,"s":[0.219,1.576,0],"to":[-2.297,3.047,0],"ti":[2.297,-3.047,0]},{"t":40.908203125,"s":[-13.561,19.861,0]}],"ix":2},"a":{"a":0,"k":[611.414,-960.086,0],"ix":1},"s":{"a":1,"k":[{"i":{"x":[0,0,0.667],"y":[1,1,1]},"o":{"x":[0.199,0.199,0.333],"y":[0,0,0]},"t":2.908,"s":[0.265,0.265,100]},{"t":40.908203125,"s":[2.252,2.252,100]}],"ix":6}},"ao":0,"shapes":[{"ty":"gr","it":[{"ty":"rc","d":1,"s":{"a":0,"k":[294.828,294.828],"ix":2},"p":{"a":0,"k":[0,0],"ix":3},"r":{"a":0,"k":70,"ix":4},"nm":"Rectangle Path 1","mn":"ADBE Vector Shape - Rect","hd":false},{"ty":"fl","c":{"a":0,"k":[1,0.592156862745,0.21568627451,1],"ix":4},"o":{"a":0,"k":100,"ix":5},"r":1,"bm":0,"nm":"Fill 1","mn":"ADBE Vector Graphic - Fill","hd":false},{"ty":"tr","p":{"a":0,"k":[611.414,-960.086],"ix":2},"a":{"a":0,"k":[0,0],"ix":1},"s":{"a":0,"k":[100,100],"ix":3},"r":{"a":0,"k":45,"ix":6},"o":{"a":0,"k":100,"ix":7},"sk":{"a":0,"k":0,"ix":4},"sa":{"a":0,"k":0,"ix":5},"nm":"Transform"}],"nm":"Rectangle 1","np":2,"cix":2,"bm":0,"ix":1,"mn":"ADBE Vector Group","hd":false}],"ip":0,"op":73,"st":-23,"bm":0},{"ddd":0,"ind":6,"ty":4,"nm":"light","parent":1,"sr":1,"ks":{"o":{"a":1,"k":[{"i":{"x":[0.833],"y":[0.833]},"o":{"x":[0.167],"y":[0.167]},"t":4.637,"s":[74.334]},{"i":{"x":[0],"y":[1.022]},"o":{"x":[0.127],"y":[0.074]},"t":21.908,"s":[74.334]},{"t":46.091796875,"s":[0]}],"ix":11},"r":{"a":0,"k":0,"ix":10},"p":{"a":1,"k":[{"i":{"x":0.667,"y":0.667},"o":{"x":0.167,"y":0.167},"t":-23,"s":[0.219,1.576,0],"to":[0,0,0],"ti":[0,0,0]},{"i":{"x":0.083,"y":1},"o":{"x":0.081,"y":0},"t":4.637,"s":[0.219,1.576,0],"to":[0.352,2.501,0],"ti":[-0.352,-2.501,0]},{"t":42.63671875,"s":[2.329,16.585,0]}],"ix":2},"a":{"a":0,"k":[611.414,-960.086,0],"ix":1},"s":{"a":1,"k":[{"i":{"x":[0,0,0.667],"y":[1,1,1]},"o":{"x":[0.199,0.199,0.333],"y":[0,0,0]},"t":4.637,"s":[0.265,0.265,100]},{"t":42.63671875,"s":[0.662,0.662,100]}],"ix":6}},"ao":0,"shapes":[{"ty":"gr","it":[{"ty":"rc","d":1,"s":{"a":0,"k":[294.828,294.828],"ix":2},"p":{"a":0,"k":[0,0],"ix":3},"r":{"a":0,"k":70,"ix":4},"nm":"Rectangle Path 1","mn":"ADBE Vector Shape - Rect","hd":false},{"ty":"fl","c":{"a":0,"k":[1,0.592156862745,0.21568627451,1],"ix":4},"o":{"a":0,"k":100,"ix":5},"r":1,"bm":0,"nm":"Fill 1","mn":"ADBE Vector Graphic - Fill","hd":false},{"ty":"tr","p":{"a":0,"k":[611.414,-960.086],"ix":2},"a":{"a":0,"k":[0,0],"ix":1},"s":{"a":0,"k":[100,100],"ix":3},"r":{"a":0,"k":45,"ix":6},"o":{"a":0,"k":100,"ix":7},"sk":{"a":0,"k":0,"ix":4},"sa":{"a":0,"k":0,"ix":5},"nm":"Transform"}],"nm":"Rectangle 1","np":2,"cix":2,"bm":0,"ix":1,"mn":"ADBE Vector Group","hd":false}],"ip":0,"op":73,"st":-23,"bm":0},{"ddd":0,"ind":7,"ty":4,"nm":"light","parent":1,"sr":1,"ks":{"o":{"a":1,"k":[{"i":{"x":[0.833],"y":[0.833]},"o":{"x":[0.167],"y":[0.167]},"t":-0.545,"s":[74.334]},{"i":{"x":[0],"y":[1.033]},"o":{"x":[0.127],"y":[0.11]},"t":23.637,"s":[74.334]},{"t":59.908203125,"s":[0]}],"ix":11},"r":{"a":0,"k":0,"ix":10},"p":{"a":1,"k":[{"i":{"x":0.667,"y":0.667},"o":{"x":0.167,"y":0.167},"t":-23,"s":[0.219,1.576,0],"to":[0,0,0],"ti":[0,0,0]},{"i":{"x":0.083,"y":1},"o":{"x":0.081,"y":0},"t":-0.545,"s":[0.219,1.576,0],"to":[3.691,0.046,0],"ti":[-3.691,-0.046,0]},{"t":37.455078125,"s":[22.363,1.851,0]}],"ix":2},"a":{"a":0,"k":[611.414,-960.086,0],"ix":1},"s":{"a":1,"k":[{"i":{"x":[0,0,0.667],"y":[1,1,1]},"o":{"x":[0.199,0.199,0.333],"y":[0,0,0]},"t":-0.545,"s":[0.265,0.265,100]},{"t":37.455078125,"s":[0.662,0.662,100]}],"ix":6}},"ao":0,"shapes":[{"ty":"gr","it":[{"ty":"rc","d":1,"s":{"a":0,"k":[294.828,294.828],"ix":2},"p":{"a":0,"k":[0,0],"ix":3},"r":{"a":0,"k":70,"ix":4},"nm":"Rectangle Path 1","mn":"ADBE Vector Shape - Rect","hd":false},{"ty":"fl","c":{"a":0,"k":[1,0.592156862745,0.21568627451,1],"ix":4},"o":{"a":0,"k":100,"ix":5},"r":1,"bm":0,"nm":"Fill 1","mn":"ADBE Vector Graphic - Fill","hd":false},{"ty":"tr","p":{"a":0,"k":[611.414,-960.086],"ix":2},"a":{"a":0,"k":[0,0],"ix":1},"s":{"a":0,"k":[100,100],"ix":3},"r":{"a":0,"k":45,"ix":6},"o":{"a":0,"k":100,"ix":7},"sk":{"a":0,"k":0,"ix":4},"sa":{"a":0,"k":0,"ix":5},"nm":"Transform"}],"nm":"Rectangle 1","np":2,"cix":2,"bm":0,"ix":1,"mn":"ADBE Vector Group","hd":false}],"ip":0,"op":73,"st":-23,"bm":0},{"ddd":0,"ind":8,"ty":4,"nm":"light","parent":1,"sr":1,"ks":{"o":{"a":1,"k":[{"i":{"x":[0.833],"y":[0.833]},"o":{"x":[0.167],"y":[0.167]},"t":-0.545,"s":[74.334]},{"i":{"x":[0],"y":[1.033]},"o":{"x":[0.127],"y":[0.11]},"t":18.801,"s":[74.334]},{"t":58.181640625,"s":[0]}],"ix":11},"r":{"a":0,"k":0,"ix":10},"p":{"a":1,"k":[{"i":{"x":0.667,"y":0.667},"o":{"x":0.167,"y":0.167},"t":-23,"s":[0.219,1.576,0],"to":[0,0,0],"ti":[0,0,0]},{"i":{"x":0.083,"y":1},"o":{"x":0.081,"y":0},"t":-0.545,"s":[0.219,1.576,0],"to":[0.617,-4.071,0],"ti":[-0.617,4.071,0]},{"t":34,"s":[3.919,-22.847,0]}],"ix":2},"a":{"a":0,"k":[611.414,-960.086,0],"ix":1},"s":{"a":1,"k":[{"i":{"x":[0,0,0.667],"y":[1,1,1]},"o":{"x":[0.199,0.199,0.333],"y":[0,0,0]},"t":-0.545,"s":[0.265,0.265,100]},{"t":34,"s":[1.59,1.59,100]}],"ix":6}},"ao":0,"shapes":[{"ty":"gr","it":[{"ty":"rc","d":1,"s":{"a":0,"k":[294.828,294.828],"ix":2},"p":{"a":0,"k":[0,0],"ix":3},"r":{"a":0,"k":70,"ix":4},"nm":"Rectangle Path 1","mn":"ADBE Vector Shape - Rect","hd":false},{"ty":"fl","c":{"a":0,"k":[1,0.592156862745,0.21568627451,1],"ix":4},"o":{"a":0,"k":100,"ix":5},"r":1,"bm":0,"nm":"Fill 1","mn":"ADBE Vector Graphic - Fill","hd":false},{"ty":"tr","p":{"a":0,"k":[611.414,-960.086],"ix":2},"a":{"a":0,"k":[0,0],"ix":1},"s":{"a":0,"k":[100,100],"ix":3},"r":{"a":0,"k":45,"ix":6},"o":{"a":0,"k":100,"ix":7},"sk":{"a":0,"k":0,"ix":4},"sa":{"a":0,"k":0,"ix":5},"nm":"Transform"}],"nm":"Rectangle 1","np":2,"cix":2,"bm":0,"ix":1,"mn":"ADBE Vector Group","hd":false}],"ip":0,"op":73,"st":-23,"bm":0},{"ddd":0,"ind":9,"ty":4,"nm":"dark","parent":1,"sr":1,"ks":{"o":{"a":1,"k":[{"i":{"x":[0.833],"y":[0.833]},"o":{"x":[0.167],"y":[0.167]},"t":2.908,"s":[74.334]},{"i":{"x":[0],"y":[1.033]},"o":{"x":[0.127],"y":[0.11]},"t":27.092,"s":[74.334]},{"t":63.36328125,"s":[0]}],"ix":11},"r":{"a":0,"k":0,"ix":10},"p":{"a":1,"k":[{"i":{"x":0.667,"y":0.667},"o":{"x":0.167,"y":0.167},"t":-23,"s":[0.219,1.576,0],"to":[0,0,0],"ti":[0,0,0]},{"i":{"x":0.083,"y":1},"o":{"x":0.081,"y":0},"t":2.908,"s":[0.219,1.576,0],"to":[-0.655,4.657,0],"ti":[0.655,-4.657,0]},{"t":40.908203125,"s":[-3.713,29.517,0]}],"ix":2},"a":{"a":0,"k":[611.414,-960.086,0],"ix":1},"s":{"a":1,"k":[{"i":{"x":[0,0,0.667],"y":[1,1,1]},"o":{"x":[0.199,0.199,0.333],"y":[0,0,0]},"t":2.908,"s":[0.265,0.265,100]},{"t":40.908203125,"s":[1.59,1.59,100]}],"ix":6}},"ao":0,"shapes":[{"ty":"gr","it":[{"ty":"rc","d":1,"s":{"a":0,"k":[294.828,294.828],"ix":2},"p":{"a":0,"k":[0,0],"ix":3},"r":{"a":0,"k":70,"ix":4},"nm":"Rectangle Path 1","mn":"ADBE Vector Shape - Rect","hd":false},{"ty":"fl","c":{"a":0,"k":[1,0.592156862745,0.21568627451,1],"ix":4},"o":{"a":0,"k":100,"ix":5},"r":1,"bm":0,"nm":"Fill 1","mn":"ADBE Vector Graphic - Fill","hd":false},{"ty":"tr","p":{"a":0,"k":[611.414,-960.086],"ix":2},"a":{"a":0,"k":[0,0],"ix":1},"s":{"a":0,"k":[100,100],"ix":3},"r":{"a":0,"k":45,"ix":6},"o":{"a":0,"k":100,"ix":7},"sk":{"a":0,"k":0,"ix":4},"sa":{"a":0,"k":0,"ix":5},"nm":"Transform"}],"nm":"Rectangle 1","np":2,"cix":2,"bm":0,"ix":1,"mn":"ADBE Vector Group","hd":false}],"ip":0,"op":73,"st":-23,"bm":0},{"ddd":0,"ind":10,"ty":4,"nm":"dark","parent":1,"sr":1,"ks":{"o":{"a":1,"k":[{"i":{"x":[0.833],"y":[0.833]},"o":{"x":[0.167],"y":[0.167]},"t":-2.273,"s":[74.334]},{"i":{"x":[0],"y":[1.033]},"o":{"x":[0.127],"y":[0.11]},"t":35.727,"s":[74.334]},{"t":72,"s":[0]}],"ix":11},"r":{"a":0,"k":0,"ix":10},"p":{"a":1,"k":[{"i":{"x":0.667,"y":0.667},"o":{"x":0.167,"y":0.167},"t":-23,"s":[0.219,1.576,0],"to":[0,0,0],"ti":[0,0,0]},{"i":{"x":0.083,"y":1},"o":{"x":0.081,"y":0},"t":-2.273,"s":[0.219,1.576,0],"to":[-2.685,-2.718,0],"ti":[2.685,2.718,0]},{"t":49.544921875,"s":[-15.893,-14.73,0]}],"ix":2},"a":{"a":0,"k":[611.414,-960.086,0],"ix":1},"s":{"a":1,"k":[{"i":{"x":[0,0,0.667],"y":[1,1,1]},"o":{"x":[0.199,0.199,0.333],"y":[0,0,0]},"t":-2.273,"s":[0.265,0.265,100]},{"t":49.544921875,"s":[2.385,2.385,100]}],"ix":6}},"ao":0,"shapes":[{"ty":"gr","it":[{"ty":"rc","d":1,"s":{"a":0,"k":[294.828,294.828],"ix":2},"p":{"a":0,"k":[0,0],"ix":3},"r":{"a":0,"k":70,"ix":4},"nm":"Rectangle Path 1","mn":"ADBE Vector Shape - Rect","hd":false},{"ty":"fl","c":{"a":0,"k":[1,0.592156862745,0.21568627451,1],"ix":4},"o":{"a":0,"k":100,"ix":5},"r":1,"bm":0,"nm":"Fill 1","mn":"ADBE Vector Graphic - Fill","hd":false},{"ty":"tr","p":{"a":0,"k":[611.414,-960.086],"ix":2},"a":{"a":0,"k":[0,0],"ix":1},"s":{"a":0,"k":[100,100],"ix":3},"r":{"a":0,"k":45,"ix":6},"o":{"a":0,"k":100,"ix":7},"sk":{"a":0,"k":0,"ix":4},"sa":{"a":0,"k":0,"ix":5},"nm":"Transform"}],"nm":"Rectangle 1","np":2,"cix":2,"bm":0,"ix":1,"mn":"ADBE Vector Group","hd":false}],"ip":0,"op":73,"st":-23,"bm":0},{"ddd":0,"ind":11,"ty":4,"nm":"dark","parent":1,"sr":1,"ks":{"o":{"a":1,"k":[{"i":{"x":[0.833],"y":[0.833]},"o":{"x":[0.167],"y":[0.167]},"t":2.908,"s":[74.334]},{"i":{"x":[0],"y":[1.033]},"o":{"x":[0.127],"y":[0.11]},"t":27.092,"s":[74.334]},{"t":63.36328125,"s":[0]}],"ix":11},"r":{"a":0,"k":0,"ix":10},"p":{"a":1,"k":[{"i":{"x":0.667,"y":0.667},"o":{"x":0.167,"y":0.167},"t":-23,"s":[0.219,1.576,0],"to":[0,0,0],"ti":[0,0,0]},{"i":{"x":0.083,"y":1},"o":{"x":0.081,"y":0},"t":2.908,"s":[0.219,1.576,0],"to":[2.191,-2.888,0],"ti":[-2.191,2.888,0]},{"t":40.908203125,"s":[13.363,-15.755,0]}],"ix":2},"a":{"a":0,"k":[611.414,-960.086,0],"ix":1},"s":{"a":1,"k":[{"i":{"x":[0,0,0.667],"y":[1,1,1]},"o":{"x":[0.199,0.199,0.333],"y":[0,0,0]},"t":2.908,"s":[0.265,0.265,100]},{"t":40.908203125,"s":[1.298,1.298,100]}],"ix":6}},"ao":0,"shapes":[{"ty":"gr","it":[{"ty":"rc","d":1,"s":{"a":0,"k":[294.828,294.828],"ix":2},"p":{"a":0,"k":[0,0],"ix":3},"r":{"a":0,"k":70,"ix":4},"nm":"Rectangle Path 1","mn":"ADBE Vector Shape - Rect","hd":false},{"ty":"fl","c":{"a":0,"k":[1,0.592156862745,0.21568627451,1],"ix":4},"o":{"a":0,"k":100,"ix":5},"r":1,"bm":0,"nm":"Fill 1","mn":"ADBE Vector Graphic - Fill","hd":false},{"ty":"tr","p":{"a":0,"k":[611.414,-960.086],"ix":2},"a":{"a":0,"k":[0,0],"ix":1},"s":{"a":0,"k":[100,100],"ix":3},"r":{"a":0,"k":45,"ix":6},"o":{"a":0,"k":100,"ix":7},"sk":{"a":0,"k":0,"ix":4},"sa":{"a":0,"k":0,"ix":5},"nm":"Transform"}],"nm":"Rectangle 1","np":2,"cix":2,"bm":0,"ix":1,"mn":"ADBE Vector Group","hd":false}],"ip":0,"op":73,"st":-23,"bm":0}]}],"layers":[{"ddd":0,"ind":1,"ty":0,"nm":"shine behavior","refId":"comp_0","sr":1,"ks":{"o":{"a":0,"k":100,"ix":11},"r":{"a":0,"k":0,"ix":10},"p":{"a":0,"k":[125,140,0],"ix":2},"a":{"a":0,"k":[100,100,0],"ix":1},"s":{"a":0,"k":[100,100,100],"ix":6}},"ao":0,"w":200,"h":200,"ip":-44,"op":556,"st":-44,"bm":0},{"ddd":0,"ind":2,"ty":0,"nm":"[EDIT] sparkle color","refId":"comp_5","sr":1,"ks":{"o":{"a":0,"k":70,"ix":11},"r":{"a":0,"k":0,"ix":10},"p":{"a":0,"k":[128,145,0],"ix":2},"a":{"a":0,"k":[91,109,0],"ix":1},"s":{"a":0,"k":[120.642,120.642,100],"ix":6}},"ao":0,"w":182,"h":218,"ip":2,"op":75,"st":2,"bm":0}],"markers":[]}