{"v":"4.8.0","ip":0,"op":164,"fr":60,"w":250,"h":280,"nm":"M","assets":[{"id":"comp_0","layers":[{"ind":1,"ty":0,"nm":"s","sr":1,"ks":{"o":{"a":0,"k":100},"r":{"a":0,"k":0},"p":{"a":0,"k":[148,53.5,0]},"a":{"a":0,"k":[100,100,0]},"s":{"a":0,"k":[200,200,100]}},"ip":145,"op":228,"st":145,"refId":"comp_1","h":200,"w":200},{"ind":4,"ty":0,"nm":"[","sr":1,"ks":{"o":{"a":0,"k":100},"r":{"a":0,"k":0},"p":{"a":0,"k":[100,100,0]},"a":{"a":0,"k":[255,262.5,0]},"s":{"a":0,"k":[37,37,100]}},"ip":0,"op":300,"st":0,"refId":"comp_2","h":525,"w":510}]},{"id":"comp_1","layers":[{"ind":1,"ty":4,"nm":"S","sr":1,"ks":{"o":{"a":1,"k":[{"i":{"x":[0.059],"y":[1]},"o":{"x":[0.333],"y":[0]},"t":0,"s":[0]},{"i":{"x":[0],"y":[1]},"o":{"x":[0.131],"y":[0]},"t":5,"s":[100]},{"t":26,"s":[0]}]},"r":{"a":1,"k":[{"i":{"x":[0.667],"y":[1]},"o":{"x":[0.333],"y":[0]},"t":0,"s":[108]},{"t":63,"s":[720]}]},"p":{"a":0,"k":[100.062,99.844,0]},"a":{"a":0,"k":[0.062,-0.156,0]},"s":{"k":[{"i":{"x":[0.322,0.322,0.667],"y":[1,1,1]},"o":{"x":[0.333,0.333,0.333],"y":[0,0,0]},"t":0,"s":[33,33,100]},{"i":{"x":[0.667,0.667,0.667],"y":[1,1,1]},"o":{"x":[0.652,0.652,0.333],"y":[0,0,0]},"t":7,"s":[150,150,100]},{"t":43,"s":[50,50,100]}],"a":1}},"shapes":[{"ty":"gr","nm":"S","bm":0,"it":[{"ty":"sh","nm":"P","ind":0,"ks":{"k":{"i":[[0,0],[0,0]],"o":[[0,0],[0,0]],"v":[[-5.375,5.75],[5.375,-5.875]],"c":false},"a":0}},{"ty":"st","nm":"S","bm":0,"lc":2,"lj":1,"ml":4,"o":{"a":0,"k":100},"w":{"a":0,"k":2},"c":{"a":0,"k":[1,1,1,1]}},{"ty":"fl","nm":"F","bm":0,"c":{"a":0,"k":[1,1,1,1]},"o":{"a":0,"k":100},"r":1},{"ty":"tr","o":{"a":0,"k":100},"r":{"a":0,"k":0},"p":{"a":0,"k":[0,0]},"a":{"a":0,"k":[0,0]},"s":{"a":0,"k":[100,100]},"nm":"T","sk":{"a":0,"k":0},"sa":{"a":0,"k":0}}]}],"ip":0,"op":83,"st":0},{"ind":2,"ty":4,"nm":"S","sr":1,"ks":{"o":{"a":1,"k":[{"i":{"x":[0.059],"y":[1]},"o":{"x":[0.333],"y":[0]},"t":0,"s":[0]},{"i":{"x":[0],"y":[1]},"o":{"x":[0.131],"y":[0]},"t":5,"s":[100]},{"t":26,"s":[0]}]},"r":{"a":1,"k":[{"i":{"x":[0.667],"y":[1]},"o":{"x":[0.333],"y":[0]},"t":0,"s":[0]},{"t":63,"s":[720]}]},"p":{"a":0,"k":[100.062,99.844,0]},"a":{"a":0,"k":[0.062,-0.156,0]},"s":{"k":[{"i":{"x":[0.322,0.322,0.667],"y":[1,1,1]},"o":{"x":[0.333,0.333,0.333],"y":[0,0,0]},"t":0,"s":[33,33,100]},{"i":{"x":[0.667,0.667,0.667],"y":[1,1,1]},"o":{"x":[0.652,0.652,0.333],"y":[0,0,0]},"t":7,"s":[150,150,100]},{"t":43,"s":[50,50,100]}],"a":1}},"shapes":[{"ty":"gr","nm":"S","bm":0,"it":[{"ty":"sh","nm":"P","ind":0,"ks":{"k":{"i":[[0,0],[0,0]],"o":[[0,0],[0,0]],"v":[[-5.375,5.75],[5.375,-5.875]],"c":false},"a":0}},{"ty":"st","nm":"S","bm":0,"lc":2,"lj":1,"ml":4,"o":{"a":0,"k":100},"w":{"a":0,"k":2},"c":{"a":0,"k":[1,1,1,1]}},{"ty":"fl","nm":"F","bm":0,"c":{"a":0,"k":[1,1,1,1]},"o":{"a":0,"k":100},"r":1},{"ty":"tr","o":{"a":0,"k":100},"r":{"a":0,"k":0},"p":{"a":0,"k":[0,0]},"a":{"a":0,"k":[0,0]},"s":{"a":0,"k":[100,100]},"nm":"T","sk":{"a":0,"k":0},"sa":{"a":0,"k":0}}]}],"ip":0,"op":83,"st":0},{"ind":3,"ty":4,"nm":"s","sr":1,"ks":{"o":{"a":1,"k":[{"i":{"x":[0.16],"y":[1]},"o":{"x":[0.163],"y":[0.41]},"t":0,"s":[0]},{"i":{"x":[0.319],"y":[0.762]},"o":{"x":[0.167],"y":[0]},"t":5,"s":[74]},{"i":{"x":[0.682],"y":[0.829]},"o":{"x":[0.388],"y":[0.52]},"t":38.732,"s":[13.434]},{"i":{"x":[0.607],"y":[1]},"o":{"x":[0.295],"y":[0.726]},"t":63,"s":[2.046]},{"t":83,"s":[0]}]},"r":{"a":1,"k":[{"i":{"x":[0.549],"y":[0.67]},"o":{"x":[0.333],"y":[0]},"t":0,"s":[0]},{"i":{"x":[0.643],"y":[0.922]},"o":{"x":[0.268],"y":[0.691]},"t":46.988,"s":[235.834]},{"i":{"x":[0.702],"y":[1]},"o":{"x":[0.356],"y":[1.071]},"t":113.855,"s":[331.093]},{"t":150,"s":[334.861]}]},"p":{"s":true,"x":{"a":0,"k":100},"y":{"a":0,"k":100}},"a":{"a":0,"k":[0,0,0]},"s":{"k":[{"i":{"x":[0.667,0.667,0.667],"y":[1,1,1]},"o":{"x":[0.333,0.333,0.333],"y":[0,0,0]},"t":0,"s":[0,0,100]},{"i":{"x":[0.388,0.388,0.833],"y":[0.072,0.072,5.021]},"o":{"x":[0.172,0.172,0.333],"y":[0,0,0]},"t":12.752,"s":[35,35,100]},{"i":{"x":[0.68,0.68,0.7],"y":[1,1,1]},"o":{"x":[0.23,0.23,0.177],"y":[0.905,0.905,-8.082]},"t":37,"s":[14.774,14.774,100]},{"t":83,"s":[0,0,100]}],"a":1}},"shapes":[{"ty":"gr","nm":"G","bm":0,"it":[{"ty":"sh","nm":"P","ind":0,"ks":{"k":{"i":[[0,0],[1.12,-0.65],[0,0],[0.65,1.12],[0,0],[-1.13,0.65],[0,0],[-0.65,-1.13]],"o":[[0.65,1.12],[0,0],[-1.13,0.65],[0,0],[-0.65,-1.13],[0,0],[1.12,-0.65],[0,0]],"v":[[5.652,-0.208],[4.792,3.012],[0.212,5.652],[-3.008,4.792],[-5.648,0.212],[-4.788,-3.008],[-0.208,-5.648],[3.012,-4.788]],"c":true},"a":0}},{"ty":"fl","nm":"F","bm":0,"c":{"a":0,"k":[1,1,1,1]},"o":{"a":0,"k":100},"r":1},{"ty":"tr","o":{"a":0,"k":100},"r":{"a":0,"k":0},"p":{"a":0,"k":[0,0]},"a":{"a":0,"k":[0,0]},"s":{"a":0,"k":[600,600]},"nm":"T","sk":{"a":0,"k":0},"sa":{"a":0,"k":0}}]}],"ip":0,"op":83,"st":-270}]},{"id":"comp_2","layers":[{"ind":1,"ty":4,"nm":"h","sr":1,"ks":{"o":{"a":0,"k":10},"r":{"a":0,"k":0},"p":{"a":0,"k":[286.05,219.947,0]},"a":{"a":0,"k":[0,0,0]},"s":{"a":0,"k":[100,100,100]}},"shapes":[{"ty":"gr","nm":"h","bm":0,"it":[{"ty":"sh","nm":"P","ind":0,"ks":{"k":{"i":[[-19.675,0],[0,-39.35],[12.894,-12.894],[0,0]],"o":[[39.35,0],[0,19.675],[0,0],[12.894,-12.894]],"v":[[-10.434,-60.816],[60.816,10.434],[39.947,60.816],[-60.816,-39.947]],"c":true},"a":0}},{"ty":"fl","nm":"F","bm":0,"c":{"a":0,"k":[1,1,1,1]},"o":{"a":0,"k":100},"r":1},{"ty":"tr","o":{"a":0,"k":100},"r":{"a":0,"k":0},"p":{"a":0,"k":[0,0]},"a":{"a":0,"k":[0,0]},"s":{"a":0,"k":[300,300]},"nm":"T","sk":{"a":0,"k":0},"sa":{"a":0,"k":0}}]}],"ip":0,"op":300,"st":0},{"ind":2,"ty":0,"nm":"[","sr":1,"ks":{"o":{"a":0,"k":100},"r":{"a":0,"k":0},"p":{"a":0,"k":[243,233,0]},"a":{"a":0,"k":[175,175,0]},"s":{"a":0,"k":[362,362,100]}},"ip":0,"op":300,"st":0,"refId":"comp_3","h":350,"w":350},{"ind":3,"ty":4,"nm":"o","sr":1,"ks":{"o":{"a":0,"k":100},"r":{"a":0,"k":0},"p":{"a":0,"k":[259.553,245.768,0]},"a":{"a":0,"k":[0,0,0]},"s":{"a":0,"k":[100,100,100]}},"shapes":[{"ty":"gr","nm":"E","bm":0,"it":[{"ty":"el","nm":"E","d":1,"p":{"a":0,"k":[0,0]},"s":{"a":0,"k":[348.497,348.497]}},{"ty":"st","nm":"S","bm":0,"lc":1,"lj":1,"ml":4,"o":{"a":0,"k":100},"w":{"a":0,"k":42},"c":{"a":0,"k":[0.011764705882,0.729411764706,0.6,1]}},{"ty":"fl","nm":"F","bm":0,"c":{"a":0,"k":[0,0.650980392157,0.533333333333,1]},"o":{"a":0,"k":0},"r":1},{"ty":"tr","o":{"a":0,"k":100},"r":{"a":0,"k":0},"p":{"a":0,"k":[-5.053,4.715]},"a":{"a":0,"k":[0,0]},"s":{"a":0,"k":[109.243,109.243]},"nm":"T","sk":{"a":0,"k":0},"sa":{"a":0,"k":0}}]}],"ip":0,"op":300,"st":0},{"ind":4,"ty":4,"nm":"m","sr":1,"ks":{"o":{"a":0,"k":100},"r":{"a":0,"k":0},"p":{"a":0,"k":[255,250.25,0]},"a":{"a":0,"k":[0,0,0]},"s":{"a":0,"k":[99,99,100]}},"shapes":[{"ty":"gr","nm":"E","bm":0,"it":[{"ty":"el","nm":"E","d":1,"p":{"a":0,"k":[0,0]},"s":{"a":0,"k":[142.5,142.5]}},{"ty":"fl","nm":"F","bm":0,"c":{"a":0,"k":[0,0.592156862745,0.486274509804,1]},"o":{"a":0,"k":100},"r":1},{"ty":"tr","o":{"a":0,"k":100},"r":{"a":0,"k":0},"p":{"a":0,"k":[0,0]},"a":{"a":0,"k":[0,0]},"s":{"a":0,"k":[300,300]},"nm":"T","sk":{"a":0,"k":0},"sa":{"a":0,"k":0}}]}],"ip":0,"op":300,"st":0},{"ind":5,"ty":4,"nm":"s","sr":1,"ks":{"o":{"a":0,"k":100},"r":{"a":0,"k":0},"p":{"a":0,"k":[254.75,251.25,0]},"a":{"a":0,"k":[0,0,0]},"s":{"a":0,"k":[100,100,100]}},"shapes":[{"ty":"gr","nm":"E","bm":0,"it":[{"ty":"el","nm":"E","d":1,"p":{"a":0,"k":[0,0]},"s":{"a":0,"k":[142.5,142.5]}},{"ty":"fl","nm":"F","bm":0,"c":{"a":0,"k":[0,0.592156862745,0.486274509804,1]},"o":{"a":0,"k":100},"r":1},{"ty":"tr","o":{"a":0,"k":100},"r":{"a":0,"k":0},"p":{"a":0,"k":[0,18]},"a":{"a":0,"k":[0,0]},"s":{"a":0,"k":[300,300]},"nm":"T","sk":{"a":0,"k":0},"sa":{"a":0,"k":0}}]}],"ip":0,"op":300,"st":0},{"ind":6,"ty":4,"nm":"g","sr":1,"ks":{"o":{"a":0,"k":10},"r":{"a":0,"k":0},"p":{"a":0,"k":[255.5,261,0]},"a":{"a":0,"k":[0,0,0]},"s":{"a":0,"k":[106.264,106.264,100]}},"shapes":[{"ty":"gr","nm":"E","bm":0,"it":[{"ty":"el","nm":"E","d":1,"p":{"a":0,"k":[0,0]},"s":{"a":0,"k":[143,149]}},{"ty":"st","nm":"S","bm":0,"lc":1,"lj":1,"ml":4,"o":{"a":0,"k":100},"w":{"a":0,"k":14},"c":{"a":0,"k":[0.527469290939,0.986963848039,0.907870543237,1]}},{"ty":"tr","o":{"a":0,"k":100},"r":{"a":0,"k":0},"p":{"a":0,"k":[0,0]},"a":{"a":0,"k":[0,0]},"s":{"a":0,"k":[300,300]},"nm":"T","sk":{"a":0,"k":0},"sa":{"a":0,"k":0}}]}],"ip":0,"op":300,"st":0}]},{"id":"comp_3","layers":[{"ind":1,"ty":4,"nm":"V","sr":1,"ks":{"o":{"a":0,"k":100},"r":{"a":0,"k":0},"p":{"a":0,"k":[178.316,189.196,0]},"a":{"a":0,"k":[0,0,0]},"s":{"a":0,"k":[100,100,100]}},"shapes":[{"ty":"gr","nm":"V","bm":0,"it":[{"ty":"sh","nm":"P","ind":0,"ks":{"k":{"i":[[0,-1.376],[1.376,0],[0,1.376],[-1.376,0]],"o":[[0,1.376],[-1.376,0],[0,-1.376],[1.376,0]],"v":[[2.491,0],[0,2.491],[-2.491,0],[0,-2.491]],"c":true},"a":0}},{"ty":"sh","nm":"P","ind":1,"ks":{"k":{"i":[[0,-3.033],[3.033,0],[0,3.033],[-3.033,0]],"o":[[0,3.033],[-3.033,0],[0,-3.033],[3.033,0]],"v":[[5.491,0],[0,5.491],[-5.491,0],[0,-5.491]],"c":true},"a":0}},{"ty":"mm","nm":"M","mm":1},{"ty":"fl","nm":"F","bm":0,"c":{"a":0,"k":[0,0.337679028511,0.281399220228,1]},"o":{"a":0,"k":100},"r":1},{"ty":"tr","o":{"a":0,"k":100},"r":{"a":0,"k":0},"p":{"a":0,"k":[0,0]},"a":{"a":0,"k":[0,0]},"s":{"a":0,"k":[100,100]},"nm":"T","sk":{"a":0,"k":0},"sa":{"a":0,"k":0}}]}],"ip":0,"op":300,"st":0},{"ind":2,"ty":4,"nm":"V","sr":1,"ks":{"o":{"a":0,"k":100},"r":{"a":0,"k":0},"p":{"a":0,"k":[178.316,189.196,0]},"a":{"a":0,"k":[0,0,0]},"s":{"a":0,"k":[100,100,100]}},"shapes":[{"ty":"gr","nm":"V","bm":0,"it":[{"ty":"sh","nm":"P","ind":0,"ks":{"k":{"i":[[-3.033,0],[0,3.033],[3.033,0],[0,-3.033]],"o":[[3.033,0],[0,-3.033],[-3.033,0],[0,3.033]],"v":[[0,5.491],[5.491,0],[0,-5.491],[-5.491,0]],"c":true},"a":0}},{"ty":"fl","nm":"F","bm":0,"c":{"a":0,"k":[0,0.477392584085,0.39782717824,1]},"o":{"a":0,"k":100},"r":1},{"ty":"tr","o":{"a":0,"k":100},"r":{"a":0,"k":0},"p":{"a":0,"k":[0,0]},"a":{"a":0,"k":[0,0]},"s":{"a":0,"k":[100,100]},"nm":"T","sk":{"a":0,"k":0},"sa":{"a":0,"k":0}}]}],"ip":0,"op":300,"st":0},{"ind":3,"ty":4,"nm":"V","sr":1,"ks":{"o":{"a":0,"k":100},"r":{"a":0,"k":0},"p":{"a":0,"k":[183.846,155.662,0]},"a":{"a":0,"k":[0,0,0]},"s":{"a":0,"k":[100,100,100]}},"shapes":[{"ty":"gr","nm":"V","bm":0,"it":[{"ty":"sh","nm":"P","ind":0,"ks":{"k":{"i":[[0,0],[-1.231,-2.937],[-1.528,0.64],[0.64,1.528],[5.799,-3.811],[0,0],[-0.91,-1.385],[-1.385,0.91]],"o":[[2.661,-1.749],[0.64,1.528],[1.528,-0.64],[-2.682,-6.4],[0,0],[-1.385,0.91],[0.91,1.385],[0,0]],"v":[[-3.976,1.356],[3.511,3.642],[7.437,5.249],[9.045,1.323],[-7.271,-3.658],[-7.926,-3.228],[-8.785,0.927],[-4.631,1.786]],"c":true},"a":0}},{"ty":"fl","nm":"F","bm":0,"c":{"a":0,"k":[0,0.337679028511,0.281399220228,1]},"o":{"a":0,"k":100},"r":1},{"ty":"tr","o":{"a":0,"k":100},"r":{"a":0,"k":0},"p":{"a":0,"k":[0,0]},"a":{"a":0,"k":[0,0]},"s":{"a":0,"k":[100,100]},"nm":"T","sk":{"a":0,"k":0},"sa":{"a":0,"k":0}}]}],"ip":0,"op":300,"st":0},{"ind":4,"ty":4,"nm":"V","sr":1,"ks":{"o":{"a":0,"k":100},"r":{"a":0,"k":0},"p":{"a":0,"k":[168.17,166.635,0]},"a":{"a":0,"k":[0,0,0]},"s":{"a":0,"k":[100,100,100]}},"shapes":[{"ty":"gr","nm":"V","bm":0,"it":[{"ty":"sh","nm":"P","ind":0,"ks":{"k":{"i":[[-1.836,-0.605],[-2.444,0.451],[-0.535,0.107],[-1.738,0],[0,1.933],[1.933,0],[1.833,-0.373],[0.38,-0.07],[1.593,0.525],[0.605,-1.836]],"o":[[3.281,1.081],[0.604,-0.111],[1.746,-0.351],[1.933,0],[0,-1.933],[-2.51,0],[-0.443,0.09],[-2.081,0.384],[-1.836,-0.605],[-0.605,1.836]],"v":[[-8.185,3.487],[0.443,3.773],[2.143,3.441],[7.091,2.796],[10.591,-0.704],[7.091,-4.204],[0.41,-3.356],[-0.827,-3.111],[-5.995,-3.162],[-10.414,-0.932]],"c":true},"a":0}},{"ty":"fl","nm":"F","bm":0,"c":{"a":0,"k":[0,0.337679028511,0.281399220228,1]},"o":{"a":0,"k":100},"r":1},{"ty":"tr","o":{"a":0,"k":100},"r":{"a":0,"k":0},"p":{"a":0,"k":[0,0]},"a":{"a":0,"k":[0,0]},"s":{"a":0,"k":[100,100]},"nm":"T","sk":{"a":0,"k":0},"sa":{"a":0,"k":0}}]}],"ip":0,"op":300,"st":0},{"ind":5,"ty":4,"nm":"V","sr":1,"ks":{"o":{"a":0,"k":100},"r":{"a":0,"k":0},"p":{"a":0,"k":[168.17,166.635,0]},"a":{"a":0,"k":[0,0,0]},"s":{"a":0,"k":[100,100,100]}},"shapes":[{"ty":"gr","nm":"V","bm":0,"it":[{"ty":"sh","nm":"P","ind":0,"ks":{"k":{"i":[[-1.836,-0.605],[-2.444,0.451],[-0.535,0.107],[-1.738,0],[0,1.933],[1.933,0],[1.833,-0.373],[0.38,-0.07],[1.593,0.525],[0.605,-1.836]],"o":[[3.281,1.081],[0.604,-0.111],[1.746,-0.351],[1.933,0],[0,-1.933],[-2.51,0],[-0.443,0.09],[-2.081,0.384],[-1.836,-0.605],[-0.605,1.836]],"v":[[-8.185,3.487],[0.443,3.773],[2.143,3.441],[7.091,2.796],[10.591,-0.704],[7.091,-4.204],[0.41,-3.356],[-0.827,-3.111],[-5.995,-3.162],[-10.414,-0.932]],"c":true},"a":0}},{"ty":"fl","nm":"F","bm":0,"c":{"a":0,"k":[0,0.337679028511,0.281399220228,1]},"o":{"a":0,"k":100},"r":1},{"ty":"tr","o":{"a":0,"k":100},"r":{"a":0,"k":0},"p":{"a":0,"k":[0,0]},"a":{"a":0,"k":[0,0]},"s":{"a":0,"k":[100,100]},"nm":"T","sk":{"a":0,"k":0},"sa":{"a":0,"k":0}}]}],"ip":0,"op":300,"st":0},{"ind":6,"ty":4,"nm":"V","sr":1,"ks":{"o":{"a":0,"k":100},"r":{"a":0,"k":0},"p":{"a":0,"k":[178.488,170.822,0]},"a":{"a":0,"k":[0,0,0]},"s":{"a":0,"k":[100,100,100]}},"shapes":[{"ty":"gr","nm":"V","bm":0,"it":[{"ty":"sh","nm":"P","ind":0,"ks":{"k":{"i":[[-1.307,1.019],[-1.212,-3.296],[0,0],[4.275,-2.962],[0,0],[1.556,-0.569],[-0.57,-1.556],[0,0],[6.232,0.163],[0.043,-1.656],[-1.656,-0.043],[-6.896,3.537],[-4.159,6.454],[0,0],[-1.555,0.572],[0.572,1.555],[0,0],[5.976,-4.659],[-1.019,-1.307]],"o":[[2.77,-2.159],[0,0],[-3.304,6.426],[0,0],[-0.57,-1.556],[-1.556,0.57],[0,0],[-5.194,2.187],[-1.656,-0.043],[-0.043,1.656],[7.661,0.201],[5.592,-2.868],[0,0],[0.572,1.555],[1.555,-0.572],[0,0],[-2.615,-7.112],[-1.307,1.019],[1.019,1.307]],"v":[[0.925,-13.514],[8.977,-11.215],[11.314,-4.859],[-0.163,8.92],[-5.301,-5.118],[-9.149,-6.905],[-10.935,-3.056],[-5.484,11.838],[-22.697,14.592],[-25.774,17.512],[-22.854,20.59],[-0.714,16.229],[14.01,2.472],[19.959,18.649],[23.81,20.429],[25.59,16.578],[14.608,-13.286],[-2.764,-18.246],[-3.286,-14.036]],"c":true},"a":0}},{"ty":"fl","nm":"F","bm":0,"c":{"a":0,"k":[0,0.477392584085,0.39782717824,1]},"o":{"a":0,"k":100},"r":1},{"ty":"tr","o":{"a":0,"k":100},"r":{"a":0,"k":0},"p":{"a":0,"k":[0,0]},"a":{"a":0,"k":[0,0]},"s":{"a":0,"k":[100,100]},"nm":"T","sk":{"a":0,"k":0},"sa":{"a":0,"k":0}}]}],"ip":0,"op":300,"st":0},{"ind":7,"ty":4,"nm":"S","sr":1,"ks":{"o":{"a":0,"k":100},"r":{"a":0,"k":0},"p":{"a":0,"k":[201.262,188.198,0]},"a":{"a":0,"k":[0,0,0]},"s":{"a":0,"k":[100,100,100]}},"shapes":[{"ty":"gr","nm":"S","bm":0,"it":[{"ty":"sh","nm":"P","ind":0,"ks":{"k":{"i":[[-4.599,0],[0,4.599],[4.599,0],[0,-4.599]],"o":[[4.599,0],[0,-4.599],[-4.599,0],[0,4.599]],"v":[[0,8.327],[8.327,0],[0,-8.327],[-8.327,0]],"c":true},"a":0}},{"ty":"fl","nm":"F","bm":0,"c":{"a":0,"k":[0,0.59375,0.486874997616,1]},"o":{"a":0,"k":100},"r":1},{"ty":"tr","o":{"a":0,"k":100},"r":{"a":0,"k":0},"p":{"a":0,"k":[0,0]},"a":{"a":0,"k":[0,0]},"s":{"a":0,"k":[100,100]},"nm":"T","sk":{"a":0,"k":0},"sa":{"a":0,"k":0}}]}],"ip":0,"op":300,"st":0},{"ind":8,"ty":4,"nm":"S","sr":1,"ks":{"o":{"a":0,"k":100},"r":{"a":0,"k":0},"p":{"a":0,"k":[155.374,188.198,0]},"a":{"a":0,"k":[0,0,0]},"s":{"a":0,"k":[100,100,100]}},"shapes":[{"ty":"gr","nm":"S","bm":0,"it":[{"ty":"sh","nm":"P","ind":0,"ks":{"k":{"i":[[-4.599,0],[0,4.599],[4.599,0],[0,-4.599]],"o":[[4.599,0],[0,-4.599],[-4.599,0],[0,4.599]],"v":[[0,8.327],[8.327,0],[0,-8.327],[-8.327,0]],"c":true},"a":0}},{"ty":"fl","nm":"F","bm":0,"c":{"a":0,"k":[0,0.59375,0.486874997616,1]},"o":{"a":0,"k":100},"r":1},{"ty":"tr","o":{"a":0,"k":100},"r":{"a":0,"k":0},"p":{"a":0,"k":[0,0]},"a":{"a":0,"k":[0,0]},"s":{"a":0,"k":[100,100]},"nm":"T","sk":{"a":0,"k":0},"sa":{"a":0,"k":0}}]}],"ip":0,"op":300,"st":0},{"ind":9,"ty":4,"nm":"V","sr":1,"ks":{"o":{"a":0,"k":100},"r":{"a":0,"k":0},"p":{"a":0,"k":[155.374,188.198,0]},"a":{"a":0,"k":[0,0,0]},"s":{"a":0,"k":[100,100,100]}},"shapes":[{"ty":"gr","nm":"V","bm":0,"it":[{"ty":"sh","nm":"P","ind":0,"ks":{"k":{"i":[[0,-4.599],[4.599,0],[0,4.599],[-4.599,0]],"o":[[0,4.599],[-4.599,0],[0,-4.599],[4.599,0]],"v":[[8.327,0],[0,8.327],[-8.327,0],[0,-8.327]],"c":true},"a":0}},{"ty":"sh","nm":"P","ind":1,"ks":{"k":{"i":[[0,-8.465],[8.465,0],[0,8.465],[-8.465,0]],"o":[[0,8.465],[-8.465,0],[0,-8.465],[8.465,0]],"v":[[15.327,0],[0,15.327],[-15.327,0],[0,-15.327]],"c":true},"a":0}},{"ty":"mm","nm":"M","mm":1},{"ty":"fl","nm":"F","bm":0,"c":{"a":0,"k":[0,0.337679028511,0.281399220228,1]},"o":{"a":0,"k":100},"r":1},{"ty":"tr","o":{"a":0,"k":100},"r":{"a":0,"k":0},"p":{"a":0,"k":[0,0]},"a":{"a":0,"k":[0,0]},"s":{"a":0,"k":[100,100]},"nm":"T","sk":{"a":0,"k":0},"sa":{"a":0,"k":0}}]}],"ip":0,"op":300,"st":0},{"ind":10,"ty":4,"nm":"V","sr":1,"ks":{"o":{"a":0,"k":100},"r":{"a":0,"k":0},"p":{"a":0,"k":[201.262,188.198,0]},"a":{"a":0,"k":[0,0,0]},"s":{"a":0,"k":[100,100,100]}},"shapes":[{"ty":"gr","nm":"V","bm":0,"it":[{"ty":"sh","nm":"P","ind":0,"ks":{"k":{"i":[[0,-4.599],[4.599,0],[0,4.599],[-4.599,0]],"o":[[0,4.599],[-4.599,0],[0,-4.599],[4.599,0]],"v":[[8.327,0],[0,8.327],[-8.327,0],[0,-8.327]],"c":true},"a":0}},{"ty":"sh","nm":"P","ind":1,"ks":{"k":{"i":[[0,-8.465],[8.465,0],[0,8.465],[-8.465,0]],"o":[[0,8.465],[-8.465,0],[0,-8.465],[8.465,0]],"v":[[15.327,0],[0,15.327],[-15.327,0],[0,-15.327]],"c":true},"a":0}},{"ty":"mm","nm":"M","mm":1},{"ty":"fl","nm":"F","bm":0,"c":{"a":0,"k":[0,0.337679028511,0.281399220228,1]},"o":{"a":0,"k":100},"r":1},{"ty":"tr","o":{"a":0,"k":100},"r":{"a":0,"k":0},"p":{"a":0,"k":[0,0]},"a":{"a":0,"k":[0,0]},"s":{"a":0,"k":[100,100]},"nm":"T","sk":{"a":0,"k":0},"sa":{"a":0,"k":0}}]}],"ip":0,"op":300,"st":0},{"ind":11,"ty":4,"nm":"V","sr":1,"ks":{"o":{"a":0,"k":100},"r":{"a":0,"k":0},"p":{"a":0,"k":[178.488,170.822,0]},"a":{"a":0,"k":[0,0,0]},"s":{"a":0,"k":[100,100,100]}},"shapes":[{"ty":"gr","nm":"V","bm":0,"it":[{"ty":"sh","nm":"P","ind":0,"ks":{"k":{"i":[[-1.307,1.019],[-1.212,-3.296],[0,0],[4.275,-2.962],[0,0],[1.556,-0.569],[-0.57,-1.556],[0,0],[6.232,0.163],[0.043,-1.656],[-1.656,-0.043],[-6.896,3.537],[-4.159,6.454],[0,0],[-1.555,0.572],[0.572,1.555],[0,0],[5.976,-4.659],[-1.019,-1.307]],"o":[[2.77,-2.159],[0,0],[-3.304,6.426],[0,0],[-0.57,-1.556],[-1.556,0.57],[0,0],[-5.194,2.187],[-1.656,-0.043],[-0.043,1.656],[7.661,0.201],[5.592,-2.868],[0,0],[0.572,1.555],[1.555,-0.572],[0,0],[-2.615,-7.112],[-1.307,1.019],[1.019,1.307]],"v":[[0.925,-13.514],[8.977,-11.215],[11.314,-4.859],[-0.163,8.92],[-5.301,-5.118],[-9.149,-6.905],[-10.935,-3.056],[-5.484,11.838],[-22.697,14.592],[-25.774,17.512],[-22.854,20.59],[-0.714,16.229],[14.01,2.472],[19.959,18.649],[23.81,20.429],[25.59,16.578],[14.608,-13.286],[-2.764,-18.246],[-3.286,-14.036]],"c":true},"a":0}},{"ty":"fl","nm":"F","bm":0,"c":{"a":0,"k":[0,0.477392584085,0.39782717824,1]},"o":{"a":0,"k":100},"r":1},{"ty":"tr","o":{"a":0,"k":100},"r":{"a":0,"k":0},"p":{"a":0,"k":[0,0]},"a":{"a":0,"k":[0,0]},"s":{"a":0,"k":[100,100]},"nm":"T","sk":{"a":0,"k":0},"sa":{"a":0,"k":0}}]}],"ip":0,"op":300,"st":0}]},{"id":"comp_4","layers":[{"ind":1,"ty":3,"nm":"N","sr":1,"ks":{"o":{"a":0,"k":0},"r":{"a":0,"k":0},"p":{"a":0,"k":[93,97,0]},"a":{"a":0,"k":[0,0,0]},"s":{"a":0,"k":[369,369,100]}},"ip":0,"op":73,"st":-23},{"ind":2,"ty":4,"nm":"l","sr":1,"ks":{"o":{"a":1,"k":[{"i":{"x":[0.833],"y":[0.833]},"o":{"x":[0.167],"y":[0.167]},"t":2.908,"s":[74.334]},{"i":{"x":[0],"y":[1.033]},"o":{"x":[0.127],"y":[0.11]},"t":21.908,"s":[74.334]},{"t":58.182,"s":[0]}]},"r":{"a":0,"k":0},"p":{"k":[{"i":{"x":0.617,"y":1},"o":{"x":0.167,"y":0.167},"t":-23,"s":[0.219,1.576,0],"ti":[0,0,0],"to":[0,0,0]},{"i":{"x":0.689,"y":1},"o":{"x":0.351,"y":0},"t":-2,"s":[0.219,1.847,0],"ti":[0,0,0],"to":[0,0,0]},{"i":{"x":0.083,"y":1},"o":{"x":0.081,"y":0},"t":2.908,"s":[0.219,1.576,0],"ti":[2.297,-3.047,0],"to":[-2.297,3.047,0]},{"t":40.908,"s":[-13.561,19.861,0]}],"a":1},"a":{"a":0,"k":[611.414,-960.086,0]},"s":{"k":[{"i":{"x":[0,0,0.667],"y":[1,1,1]},"o":{"x":[0.199,0.199,0.333],"y":[0,0,0]},"t":2.908,"s":[0.265,0.265,100]},{"t":40.908,"s":[2.252,2.252,100]}],"a":1}},"shapes":[{"ty":"gr","nm":"R","bm":0,"it":[{"ty":"rc","nm":"R","d":1,"s":{"a":0,"k":[294.828,294.828]},"p":{"a":0,"k":[0,0]},"r":{"a":0,"k":70}},{"ty":"fl","nm":"F","bm":0,"c":{"a":0,"k":[0.529120710784,1,0.918947047813,1]},"o":{"a":0,"k":100},"r":1},{"ty":"tr","o":{"a":0,"k":100},"r":{"a":0,"k":45},"p":{"a":0,"k":[611.414,-960.086]},"a":{"a":0,"k":[0,0]},"s":{"a":0,"k":[100,100]},"nm":"T","sk":{"a":0,"k":0},"sa":{"a":0,"k":0}}]}],"ip":0,"op":73,"st":-23,"parent":1},{"ind":3,"ty":4,"nm":"l","sr":1,"ks":{"o":{"a":1,"k":[{"i":{"x":[0.833],"y":[0.833]},"o":{"x":[0.167],"y":[0.167]},"t":4.637,"s":[74.334]},{"i":{"x":[0],"y":[1.022]},"o":{"x":[0.127],"y":[0.074]},"t":21.908,"s":[74.334]},{"t":46.092,"s":[0]}]},"r":{"a":0,"k":0},"p":{"k":[{"i":{"x":0.667,"y":0.667},"o":{"x":0.167,"y":0.167},"t":-23,"s":[0.219,1.576,0],"ti":[0,0,0],"to":[0,0,0]},{"i":{"x":0.083,"y":1},"o":{"x":0.081,"y":0},"t":4.637,"s":[0.219,1.576,0],"ti":[-0.352,-2.501,0],"to":[0.352,2.501,0]},{"t":42.637,"s":[2.329,16.585,0]}],"a":1},"a":{"a":0,"k":[611.414,-960.086,0]},"s":{"k":[{"i":{"x":[0,0,0.667],"y":[1,1,1]},"o":{"x":[0.199,0.199,0.333],"y":[0,0,0]},"t":4.637,"s":[0.265,0.265,100]},{"t":42.637,"s":[0.662,0.662,100]}],"a":1}},"shapes":[{"ty":"gr","nm":"R","bm":0,"it":[{"ty":"rc","nm":"R","d":1,"s":{"a":0,"k":[294.828,294.828]},"p":{"a":0,"k":[0,0]},"r":{"a":0,"k":70}},{"ty":"fl","nm":"F","bm":0,"c":{"a":0,"k":[0.529120710784,1,0.918947047813,1]},"o":{"a":0,"k":100},"r":1},{"ty":"tr","o":{"a":0,"k":100},"r":{"a":0,"k":45},"p":{"a":0,"k":[611.414,-960.086]},"a":{"a":0,"k":[0,0]},"s":{"a":0,"k":[100,100]},"nm":"T","sk":{"a":0,"k":0},"sa":{"a":0,"k":0}}]}],"ip":0,"op":73,"st":-23,"parent":1},{"ind":4,"ty":4,"nm":"l","sr":1,"ks":{"o":{"a":1,"k":[{"i":{"x":[0.833],"y":[0.833]},"o":{"x":[0.167],"y":[0.167]},"t":-0.545,"s":[74.334]},{"i":{"x":[0],"y":[1.033]},"o":{"x":[0.127],"y":[0.11]},"t":23.637,"s":[74.334]},{"t":59.908,"s":[0]}]},"r":{"a":0,"k":0},"p":{"k":[{"i":{"x":0.667,"y":0.667},"o":{"x":0.167,"y":0.167},"t":-23,"s":[0.219,1.576,0],"ti":[0,0,0],"to":[0,0,0]},{"i":{"x":0.083,"y":1},"o":{"x":0.081,"y":0},"t":-0.545,"s":[0.219,1.576,0],"ti":[-3.691,-0.046,0],"to":[3.691,0.046,0]},{"t":37.455,"s":[22.363,1.851,0]}],"a":1},"a":{"a":0,"k":[611.414,-960.086,0]},"s":{"k":[{"i":{"x":[0,0,0.667],"y":[1,1,1]},"o":{"x":[0.199,0.199,0.333],"y":[0,0,0]},"t":-0.545,"s":[0.265,0.265,100]},{"t":37.455,"s":[0.662,0.662,100]}],"a":1}},"shapes":[{"ty":"gr","nm":"R","bm":0,"it":[{"ty":"rc","nm":"R","d":1,"s":{"a":0,"k":[294.828,294.828]},"p":{"a":0,"k":[0,0]},"r":{"a":0,"k":70}},{"ty":"fl","nm":"F","bm":0,"c":{"a":0,"k":[0.529120710784,1,0.918947047813,1]},"o":{"a":0,"k":100},"r":1},{"ty":"tr","o":{"a":0,"k":100},"r":{"a":0,"k":45},"p":{"a":0,"k":[611.414,-960.086]},"a":{"a":0,"k":[0,0]},"s":{"a":0,"k":[100,100]},"nm":"T","sk":{"a":0,"k":0},"sa":{"a":0,"k":0}}]}],"ip":0,"op":73,"st":-23,"parent":1},{"ind":5,"ty":4,"nm":"l","sr":1,"ks":{"o":{"a":1,"k":[{"i":{"x":[0.833],"y":[0.833]},"o":{"x":[0.167],"y":[0.167]},"t":-0.545,"s":[74.334]},{"i":{"x":[0],"y":[1.033]},"o":{"x":[0.127],"y":[0.11]},"t":18.801,"s":[74.334]},{"t":58.182,"s":[0]}]},"r":{"a":0,"k":0},"p":{"k":[{"i":{"x":0.667,"y":0.667},"o":{"x":0.167,"y":0.167},"t":-23,"s":[0.219,1.576,0],"ti":[0,0,0],"to":[0,0,0]},{"i":{"x":0.083,"y":1},"o":{"x":0.081,"y":0},"t":-0.545,"s":[0.219,1.576,0],"ti":[-0.617,4.071,0],"to":[0.617,-4.071,0]},{"t":34,"s":[3.919,-22.847,0]}],"a":1},"a":{"a":0,"k":[611.414,-960.086,0]},"s":{"k":[{"i":{"x":[0,0,0.667],"y":[1,1,1]},"o":{"x":[0.199,0.199,0.333],"y":[0,0,0]},"t":-0.545,"s":[0.265,0.265,100]},{"t":34,"s":[1.59,1.59,100]}],"a":1}},"shapes":[{"ty":"gr","nm":"R","bm":0,"it":[{"ty":"rc","nm":"R","d":1,"s":{"a":0,"k":[294.828,294.828]},"p":{"a":0,"k":[0,0]},"r":{"a":0,"k":70}},{"ty":"fl","nm":"F","bm":0,"c":{"a":0,"k":[0.529120710784,1,0.918947047813,1]},"o":{"a":0,"k":100},"r":1},{"ty":"tr","o":{"a":0,"k":100},"r":{"a":0,"k":45},"p":{"a":0,"k":[611.414,-960.086]},"a":{"a":0,"k":[0,0]},"s":{"a":0,"k":[100,100]},"nm":"T","sk":{"a":0,"k":0},"sa":{"a":0,"k":0}}]}],"ip":0,"op":73,"st":-23,"parent":1},{"ind":6,"ty":4,"nm":"d","sr":1,"ks":{"o":{"a":1,"k":[{"i":{"x":[0.833],"y":[0.833]},"o":{"x":[0.167],"y":[0.167]},"t":2,"s":[0]},{"i":{"x":[0.833],"y":[0.833]},"o":{"x":[0.167],"y":[0.167]},"t":2.908,"s":[74.334]},{"i":{"x":[0],"y":[1.033]},"o":{"x":[0.127],"y":[0.11]},"t":28.818,"s":[74.334]},{"t":65.092,"s":[0]}]},"r":{"a":0,"k":0},"p":{"k":[{"i":{"x":0.617,"y":1},"o":{"x":0.167,"y":0.167},"t":-23,"s":[0.219,1.576,0],"ti":[0,0,0],"to":[0,0,0]},{"i":{"x":0.689,"y":1},"o":{"x":0.351,"y":0},"t":-2,"s":[0.219,2.118,0],"ti":[0,0,0],"to":[0,0,0]},{"i":{"x":0.083,"y":1},"o":{"x":0.081,"y":0},"t":2.908,"s":[0.219,1.576,0],"ti":[1.396,3.866,0],"to":[-1.396,-3.866,0]},{"t":42.637,"s":[-8.155,-21.62,0]}],"a":1},"a":{"a":0,"k":[611.414,-960.086,0]},"s":{"k":[{"i":{"x":[0,0,0.667],"y":[1,1,1]},"o":{"x":[0.199,0.199,0.333],"y":[0,0,0]},"t":2.908,"s":[0.662,0.662,100]},{"t":42.637,"s":[0.662,0.662,100]}],"a":1}},"shapes":[{"ty":"gr","nm":"R","bm":0,"it":[{"ty":"rc","nm":"R","d":1,"s":{"a":0,"k":[294.828,294.828]},"p":{"a":0,"k":[0,0]},"r":{"a":0,"k":70}},{"ty":"fl","nm":"F","bm":0,"c":{"a":0,"k":[0.063014617621,0.761917892157,0.641614846622,1]},"o":{"a":0,"k":100},"r":1},{"ty":"tr","o":{"a":0,"k":100},"r":{"a":0,"k":45},"p":{"a":0,"k":[611.414,-960.086]},"a":{"a":0,"k":[0,0]},"s":{"a":0,"k":[100,100]},"nm":"T","sk":{"a":0,"k":0},"sa":{"a":0,"k":0}}]}],"ip":0,"op":73,"st":-23,"parent":1},{"ind":7,"ty":4,"nm":"d","sr":1,"ks":{"o":{"a":1,"k":[{"i":{"x":[0.833],"y":[0.833]},"o":{"x":[0.167],"y":[0.167]},"t":2,"s":[0]},{"i":{"x":[0.833],"y":[0.833]},"o":{"x":[0.167],"y":[0.167]},"t":2.908,"s":[74.334]},{"i":{"x":[0],"y":[1.033]},"o":{"x":[0.127],"y":[0.11]},"t":31.467,"s":[74.334]},{"t":56.455,"s":[0]}]},"r":{"a":0,"k":0},"p":{"k":[{"i":{"x":0.667,"y":0.667},"o":{"x":0.167,"y":0.167},"t":-23,"s":[0.219,1.576,0],"ti":[0,0,0],"to":[0,0,0]},{"i":{"x":0.083,"y":1},"o":{"x":0.081,"y":0},"t":2.908,"s":[0.219,1.576,0],"ti":[3.94,-0.939,0],"to":[-3.94,0.939,0]},{"t":40.988,"s":[-23.419,7.212,0]}],"a":1},"a":{"a":0,"k":[611.414,-960.086,0]},"s":{"k":[{"i":{"x":[0,0,0.667],"y":[1,1,1]},"o":{"x":[0.199,0.199,0.333],"y":[0,0,0]},"t":2.908,"s":[0.662,0.662,100]},{"t":40.988,"s":[0.662,0.662,100]}],"a":1}},"shapes":[{"ty":"gr","nm":"R","bm":0,"it":[{"ty":"rc","nm":"R","d":1,"s":{"a":0,"k":[294.828,294.828]},"p":{"a":0,"k":[0,0]},"r":{"a":0,"k":70}},{"ty":"fl","nm":"F","bm":0,"c":{"a":0,"k":[0.063014617621,0.761917892157,0.641614846622,1]},"o":{"a":0,"k":100},"r":1},{"ty":"tr","o":{"a":0,"k":100},"r":{"a":0,"k":45},"p":{"a":0,"k":[611.414,-960.086]},"a":{"a":0,"k":[0,0]},"s":{"a":0,"k":[100,100]},"nm":"T","sk":{"a":0,"k":0},"sa":{"a":0,"k":0}}]}],"ip":0,"op":73,"st":-23,"parent":1},{"ind":8,"ty":4,"nm":"d","sr":1,"ks":{"o":{"a":1,"k":[{"i":{"x":[0.833],"y":[0.833]},"o":{"x":[0.167],"y":[0.167]},"t":1.182,"s":[74.334]},{"i":{"x":[0],"y":[1.033]},"o":{"x":[0.127],"y":[0.11]},"t":35.727,"s":[74.334]},{"t":72,"s":[0]}]},"r":{"a":0,"k":0},"p":{"k":[{"i":{"x":0.667,"y":0.667},"o":{"x":0.167,"y":0.167},"t":-23,"s":[0.219,1.576,0],"ti":[0,0,0],"to":[0,0,0]},{"i":{"x":0.083,"y":1},"o":{"x":0.081,"y":0},"t":1.182,"s":[0.219,1.576,0],"ti":[-2.473,-2.517,0],"to":[2.473,2.517,0]},{"t":49.545,"s":[15.059,16.681,0]}],"a":1},"a":{"a":0,"k":[611.414,-960.086,0]},"s":{"k":[{"i":{"x":[0,0,0.667],"y":[1,1,1]},"o":{"x":[0.199,0.199,0.333],"y":[0,0,0]},"t":1.182,"s":[0.265,0.265,100]},{"t":49.545,"s":[1.192,1.192,100]}],"a":1}},"shapes":[{"ty":"gr","nm":"R","bm":0,"it":[{"ty":"rc","nm":"R","d":1,"s":{"a":0,"k":[294.828,294.828]},"p":{"a":0,"k":[0,0]},"r":{"a":0,"k":70}},{"ty":"fl","nm":"F","bm":0,"c":{"a":0,"k":[0.063014617621,0.761917892157,0.641614846622,1]},"o":{"a":0,"k":100},"r":1},{"ty":"tr","o":{"a":0,"k":100},"r":{"a":0,"k":45},"p":{"a":0,"k":[611.414,-960.086]},"a":{"a":0,"k":[0,0]},"s":{"a":0,"k":[100,100]},"nm":"T","sk":{"a":0,"k":0},"sa":{"a":0,"k":0}}]}],"ip":0,"op":73,"st":-23,"parent":1},{"ind":9,"ty":4,"nm":"d","sr":1,"ks":{"o":{"a":1,"k":[{"i":{"x":[0.833],"y":[0.833]},"o":{"x":[0.167],"y":[0.167]},"t":2.908,"s":[74.334]},{"i":{"x":[0],"y":[1.033]},"o":{"x":[0.127],"y":[0.11]},"t":27.092,"s":[74.334]},{"t":63.363,"s":[0]}]},"r":{"a":0,"k":0},"p":{"k":[{"i":{"x":0.667,"y":0.667},"o":{"x":0.167,"y":0.167},"t":-23,"s":[0.219,1.576,0],"ti":[0,0,0],"to":[0,0,0]},{"i":{"x":0.083,"y":1},"o":{"x":0.081,"y":0},"t":2.908,"s":[0.219,1.576,0],"ti":[0.655,-4.657,0],"to":[-0.655,4.657,0]},{"t":40.908,"s":[-3.713,29.517,0]}],"a":1},"a":{"a":0,"k":[611.414,-960.086,0]},"s":{"k":[{"i":{"x":[0,0,0.667],"y":[1,1,1]},"o":{"x":[0.199,0.199,0.333],"y":[0,0,0]},"t":2.908,"s":[0.265,0.265,100]},{"t":40.908,"s":[1.59,1.59,100]}],"a":1}},"shapes":[{"ty":"gr","nm":"R","bm":0,"it":[{"ty":"rc","nm":"R","d":1,"s":{"a":0,"k":[294.828,294.828]},"p":{"a":0,"k":[0,0]},"r":{"a":0,"k":70}},{"ty":"fl","nm":"F","bm":0,"c":{"a":0,"k":[0.063014617621,0.761917892157,0.641614846622,1]},"o":{"a":0,"k":100},"r":1},{"ty":"tr","o":{"a":0,"k":100},"r":{"a":0,"k":45},"p":{"a":0,"k":[611.414,-960.086]},"a":{"a":0,"k":[0,0]},"s":{"a":0,"k":[100,100]},"nm":"T","sk":{"a":0,"k":0},"sa":{"a":0,"k":0}}]}],"ip":0,"op":73,"st":-23,"parent":1},{"ind":10,"ty":4,"nm":"d","sr":1,"ks":{"o":{"a":1,"k":[{"i":{"x":[0.833],"y":[0.833]},"o":{"x":[0.167],"y":[0.167]},"t":-2.273,"s":[74.334]},{"i":{"x":[0],"y":[1.033]},"o":{"x":[0.127],"y":[0.11]},"t":35.727,"s":[74.334]},{"t":72,"s":[0]}]},"r":{"a":0,"k":0},"p":{"k":[{"i":{"x":0.667,"y":0.667},"o":{"x":0.167,"y":0.167},"t":-23,"s":[0.219,1.576,0],"ti":[0,0,0],"to":[0,0,0]},{"i":{"x":0.083,"y":1},"o":{"x":0.081,"y":0},"t":-2.273,"s":[0.219,1.576,0],"ti":[2.685,2.718,0],"to":[-2.685,-2.718,0]},{"t":49.545,"s":[-15.893,-14.73,0]}],"a":1},"a":{"a":0,"k":[611.414,-960.086,0]},"s":{"k":[{"i":{"x":[0,0,0.667],"y":[1,1,1]},"o":{"x":[0.199,0.199,0.333],"y":[0,0,0]},"t":-2.273,"s":[0.265,0.265,100]},{"t":49.545,"s":[2.385,2.385,100]}],"a":1}},"shapes":[{"ty":"gr","nm":"R","bm":0,"it":[{"ty":"rc","nm":"R","d":1,"s":{"a":0,"k":[294.828,294.828]},"p":{"a":0,"k":[0,0]},"r":{"a":0,"k":70}},{"ty":"fl","nm":"F","bm":0,"c":{"a":0,"k":[0.063014617621,0.761917892157,0.641614846622,1]},"o":{"a":0,"k":100},"r":1},{"ty":"tr","o":{"a":0,"k":100},"r":{"a":0,"k":45},"p":{"a":0,"k":[611.414,-960.086]},"a":{"a":0,"k":[0,0]},"s":{"a":0,"k":[100,100]},"nm":"T","sk":{"a":0,"k":0},"sa":{"a":0,"k":0}}]}],"ip":0,"op":73,"st":-23,"parent":1},{"ind":11,"ty":4,"nm":"d","sr":1,"ks":{"o":{"a":1,"k":[{"i":{"x":[0.833],"y":[0.833]},"o":{"x":[0.167],"y":[0.167]},"t":2.908,"s":[74.334]},{"i":{"x":[0],"y":[1.033]},"o":{"x":[0.127],"y":[0.11]},"t":27.092,"s":[74.334]},{"t":63.363,"s":[0]}]},"r":{"a":0,"k":0},"p":{"k":[{"i":{"x":0.667,"y":0.667},"o":{"x":0.167,"y":0.167},"t":-23,"s":[0.219,1.576,0],"ti":[0,0,0],"to":[0,0,0]},{"i":{"x":0.083,"y":1},"o":{"x":0.081,"y":0},"t":2.908,"s":[0.219,1.576,0],"ti":[-2.191,2.888,0],"to":[2.191,-2.888,0]},{"t":40.908,"s":[13.363,-15.755,0]}],"a":1},"a":{"a":0,"k":[611.414,-960.086,0]},"s":{"k":[{"i":{"x":[0,0,0.667],"y":[1,1,1]},"o":{"x":[0.199,0.199,0.333],"y":[0,0,0]},"t":2.908,"s":[0.265,0.265,100]},{"t":40.908,"s":[1.298,1.298,100]}],"a":1}},"shapes":[{"ty":"gr","nm":"R","bm":0,"it":[{"ty":"rc","nm":"R","d":1,"s":{"a":0,"k":[294.828,294.828]},"p":{"a":0,"k":[0,0]},"r":{"a":0,"k":70}},{"ty":"fl","nm":"F","bm":0,"c":{"a":0,"k":[0.063014617621,0.761917892157,0.641614846622,1]},"o":{"a":0,"k":100},"r":1},{"ty":"tr","o":{"a":0,"k":100},"r":{"a":0,"k":45},"p":{"a":0,"k":[611.414,-960.086]},"a":{"a":0,"k":[0,0]},"s":{"a":0,"k":[100,100]},"nm":"T","sk":{"a":0,"k":0},"sa":{"a":0,"k":0}}]}],"ip":0,"op":73,"st":-23,"parent":1}]}],"layers":[{"ind":1,"ty":0,"nm":"s","sr":1,"ks":{"o":{"a":0,"k":100},"r":{"a":0,"k":0},"p":{"a":0,"k":[125,140,0]},"a":{"a":0,"k":[100,100,0]},"s":{"a":0,"k":[100,100,100]}},"ip":-44,"op":556,"st":-44,"refId":"comp_0","h":200,"w":200},{"ind":2,"ty":0,"nm":"[","sr":1,"ks":{"o":{"a":0,"k":70},"r":{"a":0,"k":0},"p":{"a":0,"k":[128,145,0]},"a":{"a":0,"k":[91,109,0]},"s":{"a":0,"k":[120.642,120.642,100]}},"ip":2,"op":75,"st":2,"refId":"comp_4","h":218,"w":182}],"markers":[]}