{"v":"4.8.0","meta":{"g":"LottieFiles AE 3.5.2","a":"","k":"","d":"","tc":""},"fr":60,"ip":0,"op":164,"w":250,"h":280,"nm":"S","assets":[{"id":"comp_0","layers":[{"ind":1,"ty":0,"nm":"s","refId":"comp_1","sr":1,"ks":{"o":{"a":0,"k":100},"r":{"a":0,"k":0},"p":{"a":0,"k":[148,53.5,0]},"a":{"a":0,"k":[100,100,0]},"s":{"a":0,"k":[200,200,100]}},"ao":0,"w":200,"h":200,"ip":145,"op":228,"st":145},{"ind":4,"ty":0,"nm":"[","refId":"comp_2","sr":1,"ks":{"o":{"a":0,"k":100},"r":{"a":0,"k":0},"p":{"a":0,"k":[100,100,0]},"a":{"a":0,"k":[255,262.5,0]},"s":{"a":0,"k":[37,37,100]}},"ao":0,"w":510,"h":525,"ip":0,"op":300,"st":0}]},{"id":"comp_1","layers":[{"ind":1,"ty":4,"nm":"S","sr":1,"ks":{"o":{"a":1,"k":[{"i":{"x":[0.059],"y":[1]},"o":{"x":[0.333],"y":[0]},"t":0,"s":[0]},{"i":{"x":[0.2],"y":[1]},"o":{"x":[0.131],"y":[0]},"t":5,"s":[100]},{"t":26,"s":[0]}]},"r":{"a":1,"k":[{"i":{"x":[0.667],"y":[1]},"o":{"x":[0.333],"y":[0]},"t":0,"s":[108]},{"t":63,"s":[720]}]},"p":{"a":0,"k":[100.062,99.844,0]},"a":{"a":0,"k":[0.062,-0.156,0]},"s":{"a":1,"k":[{"i":{"x":[0.322,0.322,0.667],"y":[1,1,1]},"o":{"x":[0.333,0.333,0.333],"y":[0,0,0]},"t":0,"s":[33,33,100]},{"i":{"x":[0.667,0.667,0.667],"y":[1,1,1]},"o":{"x":[0.652,0.652,0.333],"y":[0,0,0]},"t":7,"s":[150,150,100]},{"t":43,"s":[50,50,100]}]}},"ao":0,"shapes":[{"ty":"gr","it":[{"ind":0,"ty":"sh","ks":{"a":0,"k":{"i":[[0,0],[0,0]],"o":[[0,0],[0,0]],"v":[[-5.375,5.75],[5.375,-5.875]],"c":false}},"nm":"P"},{"ty":"st","c":{"a":0,"k":[1,1,1,1]},"o":{"a":0,"k":100},"w":{"a":0,"k":2},"lc":2,"lj":1,"ml":4,"nm":"S"},{"ty":"fl","c":{"a":0,"k":[1,1,1,1]},"o":{"a":0,"k":100},"r":1,"nm":"F"},{"ty":"tr","p":{"a":0,"k":[0,0]},"a":{"a":0,"k":[0,0]},"s":{"a":0,"k":[100,100]},"r":{"a":0,"k":0},"o":{"a":0,"k":100},"sk":{"a":0,"k":0},"sa":{"a":0,"k":0},"nm":"T"}],"nm":"S"}],"ip":0,"op":83,"st":0},{"ind":2,"ty":4,"nm":"S","sr":1,"ks":{"o":{"a":1,"k":[{"i":{"x":[0.059],"y":[1]},"o":{"x":[0.333],"y":[0]},"t":0,"s":[0]},{"i":{"x":[0.2],"y":[1]},"o":{"x":[0.131],"y":[0]},"t":5,"s":[100]},{"t":26,"s":[0]}]},"r":{"a":1,"k":[{"i":{"x":[0.667],"y":[1]},"o":{"x":[0.333],"y":[0]},"t":0,"s":[0]},{"t":63,"s":[720]}]},"p":{"a":0,"k":[100.062,99.844,0]},"a":{"a":0,"k":[0.062,-0.156,0]},"s":{"a":1,"k":[{"i":{"x":[0.322,0.322,0.667],"y":[1,1,1]},"o":{"x":[0.333,0.333,0.333],"y":[0,0,0]},"t":0,"s":[33,33,100]},{"i":{"x":[0.667,0.667,0.667],"y":[1,1,1]},"o":{"x":[0.652,0.652,0.333],"y":[0,0,0]},"t":7,"s":[150,150,100]},{"t":43,"s":[50,50,100]}]}},"ao":0,"shapes":[{"ty":"gr","it":[{"ind":0,"ty":"sh","ks":{"a":0,"k":{"i":[[0,0],[0,0]],"o":[[0,0],[0,0]],"v":[[-5.375,5.75],[5.375,-5.875]],"c":false}},"nm":"P"},{"ty":"st","c":{"a":0,"k":[1,1,1,1]},"o":{"a":0,"k":100},"w":{"a":0,"k":2},"lc":2,"lj":1,"ml":4,"nm":"S"},{"ty":"fl","c":{"a":0,"k":[1,1,1,1]},"o":{"a":0,"k":100},"r":1,"nm":"F"},{"ty":"tr","p":{"a":0,"k":[0,0]},"a":{"a":0,"k":[0,0]},"s":{"a":0,"k":[100,100]},"r":{"a":0,"k":0},"o":{"a":0,"k":100},"sk":{"a":0,"k":0},"sa":{"a":0,"k":0},"nm":"T"}],"nm":"S"}],"ip":0,"op":83,"st":0},{"ind":3,"ty":4,"nm":"s","sr":1,"ks":{"o":{"a":1,"k":[{"i":{"x":[0.16],"y":[1]},"o":{"x":[0.163],"y":[0.41]},"t":0,"s":[0]},{"i":{"x":[0.319],"y":[0.762]},"o":{"x":[0.167],"y":[0]},"t":5,"s":[74]},{"i":{"x":[0.682],"y":[0.829]},"o":{"x":[0.388],"y":[0.52]},"t":38.732,"s":[13.434]},{"i":{"x":[0.607],"y":[1]},"o":{"x":[0.295],"y":[0.726]},"t":63,"s":[2.046]},{"t":83,"s":[0]}]},"r":{"a":1,"k":[{"i":{"x":[0.549],"y":[0.67]},"o":{"x":[0.333],"y":[0]},"t":0,"s":[0]},{"i":{"x":[0.643],"y":[0.922]},"o":{"x":[0.268],"y":[0.691]},"t":46.988,"s":[235.834]},{"i":{"x":[0.702],"y":[1]},"o":{"x":[0.356],"y":[1.071]},"t":113.855,"s":[331.093]},{"t":150,"s":[334.861]}]},"p":{"s":true,"x":{"a":0,"k":100},"y":{"a":0,"k":100}},"a":{"a":0,"k":[0,0,0]},"s":{"a":1,"k":[{"i":{"x":[0.667,0.667,0.667],"y":[1,1,1]},"o":{"x":[0.333,0.333,0.333],"y":[0,0,0]},"t":0,"s":[0,0,100]},{"i":{"x":[0.388,0.388,0.833],"y":[0.072,0.072,5.021]},"o":{"x":[0.172,0.172,0.333],"y":[0,0,0]},"t":12.752,"s":[35,35,100]},{"i":{"x":[0.68,0.68,0.7],"y":[1,1,1]},"o":{"x":[0.23,0.23,0.177],"y":[0.905,0.905,-8.082]},"t":37,"s":[14.774,14.774,100]},{"t":83,"s":[0,0,100]}]}},"ao":0,"shapes":[{"ty":"gr","it":[{"ind":0,"ty":"sh","ks":{"a":0,"k":{"i":[[0,0],[1.12,-0.65],[0,0],[0.65,1.12],[0,0],[-1.13,0.65],[0,0],[-0.65,-1.13]],"o":[[0.65,1.12],[0,0],[-1.13,0.65],[0,0],[-0.65,-1.13],[0,0],[1.12,-0.65],[0,0]],"v":[[5.652,-0.208],[4.792,3.012],[0.212,5.652],[-3.008,4.792],[-5.648,0.212],[-4.788,-3.008],[-0.208,-5.648],[3.012,-4.788]],"c":true}},"nm":"P"},{"ty":"fl","c":{"a":0,"k":[1,1,1,1]},"o":{"a":0,"k":100},"r":1,"nm":"F"},{"ty":"tr","p":{"a":0,"k":[0,0]},"a":{"a":0,"k":[0,0]},"s":{"a":0,"k":[600,600]},"r":{"a":0,"k":0},"o":{"a":0,"k":100},"sk":{"a":0,"k":0},"sa":{"a":0,"k":0},"nm":"T"}],"nm":"G"}],"ip":0,"op":83,"st":-270}]},{"id":"comp_2","layers":[{"ind":1,"ty":4,"nm":"h","sr":1,"ks":{"o":{"a":0,"k":10},"r":{"a":0,"k":0},"p":{"a":0,"k":[286.05,214.947,0]},"a":{"a":0,"k":[0,0,0]},"s":{"a":0,"k":[100,100,100]}},"ao":0,"shapes":[{"ty":"gr","it":[{"ind":0,"ty":"sh","ks":{"a":0,"k":{"i":[[-19.675,0],[0,-39.35],[12.894,-12.894],[0,0]],"o":[[39.35,0],[0,19.675],[0,0],[12.894,-12.894]],"v":[[-10.434,-60.816],[60.816,10.434],[39.947,60.816],[-60.816,-39.947]],"c":true}},"nm":"P"},{"ty":"fl","c":{"a":0,"k":[1,1,1,1]},"o":{"a":0,"k":100},"r":1,"nm":"F"},{"ty":"tr","p":{"a":0,"k":[0,0]},"a":{"a":0,"k":[0,0]},"s":{"a":0,"k":[300,300]},"r":{"a":0,"k":0},"o":{"a":0,"k":100},"sk":{"a":0,"k":0},"sa":{"a":0,"k":0},"nm":"T"}],"nm":"h"}],"ip":0,"op":300,"st":0},{"ind":2,"ty":0,"nm":"[","refId":"comp_3","sr":1,"ks":{"o":{"a":0,"k":100},"r":{"a":0,"k":0},"p":{"a":0,"k":[257,237,0]},"a":{"a":0,"k":[175,175,0]},"s":{"a":0,"k":[362,362,100]}},"ao":0,"w":350,"h":350,"ip":0,"op":300,"st":0},{"ind":3,"ty":4,"nm":"o","sr":1,"ks":{"o":{"a":0,"k":100},"r":{"a":0,"k":0},"p":{"a":0,"k":[259.553,245.768,0]},"a":{"a":0,"k":[0,0,0]},"s":{"a":0,"k":[100,100,100]}},"ao":0,"shapes":[{"ty":"gr","it":[{"d":1,"ty":"el","s":{"a":0,"k":[348.497,348.497]},"p":{"a":0,"k":[0,0]},"nm":"E"},{"ty":"st","c":{"a":0,"k":[0.184,0.525,0.925,1]},"o":{"a":0,"k":100},"w":{"a":0,"k":42},"lc":1,"lj":1,"ml":4,"nm":"S"},{"ty":"fl","c":{"a":0,"k":[0.443,0.369,0.941,1]},"o":{"a":0,"k":0},"r":1,"nm":"F"},{"ty":"tr","p":{"a":0,"k":[-5.053,4.715]},"a":{"a":0,"k":[0,0]},"s":{"a":0,"k":[109.243,109.243]},"r":{"a":0,"k":0},"o":{"a":0,"k":100},"sk":{"a":0,"k":0},"sa":{"a":0,"k":0},"nm":"T"}],"nm":"E"}],"ip":0,"op":300,"st":0},{"ind":4,"ty":4,"nm":"m","sr":1,"ks":{"o":{"a":0,"k":100},"r":{"a":0,"k":0},"p":{"a":0,"k":[255,250.25,0]},"a":{"a":0,"k":[0,0,0]},"s":{"a":0,"k":[99,99,100]}},"ao":0,"shapes":[{"ty":"gr","it":[{"d":1,"ty":"el","s":{"a":0,"k":[142.5,142.5]},"p":{"a":0,"k":[0,0]},"nm":"E"},{"ty":"fl","c":{"a":0,"k":[0.047,0.318,0.631,1]},"o":{"a":0,"k":100},"r":1,"nm":"F"},{"ty":"tr","p":{"a":0,"k":[0,0]},"a":{"a":0,"k":[0,0]},"s":{"a":0,"k":[300,300]},"r":{"a":0,"k":0},"o":{"a":0,"k":100},"sk":{"a":0,"k":0},"sa":{"a":0,"k":0},"nm":"T"}],"nm":"E"}],"ip":0,"op":300,"st":0},{"ind":5,"ty":4,"nm":"s","sr":1,"ks":{"o":{"a":0,"k":100},"r":{"a":0,"k":0},"p":{"a":0,"k":[254.75,251.25,0]},"a":{"a":0,"k":[0,0,0]},"s":{"a":0,"k":[100,100,100]}},"ao":0,"shapes":[{"ty":"gr","it":[{"d":1,"ty":"el","s":{"a":0,"k":[142.5,142.5]},"p":{"a":0,"k":[0,0]},"nm":"E"},{"ty":"fl","c":{"a":0,"k":[0.031,0.314,0.651,1]},"o":{"a":0,"k":100},"r":1,"nm":"F"},{"ty":"tr","p":{"a":0,"k":[0,18]},"a":{"a":0,"k":[0,0]},"s":{"a":0,"k":[300,300]},"r":{"a":0,"k":0},"o":{"a":0,"k":100},"sk":{"a":0,"k":0},"sa":{"a":0,"k":0},"nm":"T"}],"nm":"E"}],"ip":0,"op":300,"st":0},{"ind":6,"ty":4,"nm":"g","sr":1,"ks":{"o":{"a":0,"k":10},"r":{"a":0,"k":0},"p":{"a":0,"k":[255.5,261,0]},"a":{"a":0,"k":[0,0,0]},"s":{"a":0,"k":[106.264,106.264,100]}},"ao":0,"shapes":[{"ty":"gr","it":[{"d":1,"ty":"el","s":{"a":0,"k":[143,149]},"p":{"a":0,"k":[0,0]},"nm":"E"},{"ty":"st","c":{"a":0,"k":[0.488,0.722,1,1]},"o":{"a":0,"k":100},"w":{"a":0,"k":14},"lc":1,"lj":1,"ml":4,"nm":"S"},{"ty":"tr","p":{"a":0,"k":[0,2]},"a":{"a":0,"k":[0,0]},"s":{"a":0,"k":[300,300]},"r":{"a":0,"k":0},"o":{"a":0,"k":100},"sk":{"a":0,"k":0},"sa":{"a":0,"k":0},"nm":"T"}],"nm":"E"}],"ip":0,"op":300,"st":0}]},{"id":"comp_3","layers":[{"ind":1,"ty":4,"nm":"V","sr":1,"ks":{"o":{"a":0,"k":100},"r":{"a":0,"k":0},"p":{"a":0,"k":[167.587,204.033,0]},"a":{"a":0,"k":[0,0,0]},"s":{"a":0,"k":[100,100,100]}},"ao":0,"shapes":[{"ty":"gr","it":[{"ind":0,"ty":"sh","ks":{"a":0,"k":{"i":[[0,0],[-0.511,1.525],[0,0],[-1.588,-0.491],[0,0],[0.511,-1.525],[1.588,0.491]],"o":[[-1.588,-0.491],[0.028,-0.013],[0.525,-1.498],[0,0],[1.588,0.491],[-0.511,1.524],[0,0]],"v":[[-3.213,2.077],[-5.179,-1.578],[-5.164,-1.618],[-1.371,-3.465],[3.213,-2.075],[5.178,1.58],[1.372,3.467]],"c":true}},"nm":"P"},{"ty":"fl","c":{"a":0,"k":[0.278,0.529,0.82,1]},"o":{"a":0,"k":100},"r":1,"nm":"F"},{"ty":"tr","p":{"a":0,"k":[0,0]},"a":{"a":0,"k":[0,0]},"s":{"a":0,"k":[100,100]},"r":{"a":0,"k":0},"o":{"a":0,"k":100},"sk":{"a":0,"k":0},"sa":{"a":0,"k":0},"nm":"T"}],"nm":"V"}],"ip":0,"op":300,"st":0},{"ind":2,"ty":4,"nm":"V","sr":1,"ks":{"o":{"a":0,"k":100},"r":{"a":0,"k":0},"p":{"a":0,"k":[201.532,188.386,0]},"a":{"a":0,"k":[0,0,0]},"s":{"a":0,"k":[100,100,100]}},"ao":0,"shapes":[{"ty":"gr","it":[{"ind":0,"ty":"sh","ks":{"a":0,"k":{"i":[[0,0],[-1.531,-0.583],[0.594,-1.497],[0,0],[1.559,0.57],[-0.594,1.496],[0,0]],"o":[[0.594,-1.497],[1.559,0.571],[0,0],[-0.594,1.496],[-1.559,-0.571],[0,0],[0,0]],"v":[[-1.944,-3.229],[1.955,-4.862],[3.697,-1.103],[1.959,3.2],[-1.955,4.872],[-3.697,1.114],[-1.959,-3.19]],"c":true}},"nm":"P"},{"ty":"fl","c":{"a":0,"k":[0.278,0.529,0.82,1]},"o":{"a":0,"k":100},"r":1,"nm":"F"},{"ty":"tr","p":{"a":0,"k":[0,0]},"a":{"a":0,"k":[0,0]},"s":{"a":0,"k":[100,100]},"r":{"a":0,"k":0},"o":{"a":0,"k":100},"sk":{"a":0,"k":0},"sa":{"a":0,"k":0},"nm":"T"}],"nm":"V"}],"ip":0,"op":300,"st":0},{"ind":3,"ty":4,"nm":"U","sr":1,"ks":{"o":{"a":0,"k":100},"r":{"a":0,"k":0},"p":{"a":0,"k":[171.899,175.097,0]},"a":{"a":0,"k":[0,0,0]},"s":{"a":0,"k":[100,100,100]}},"ao":0,"shapes":[{"ty":"gr","it":[{"ind":0,"ty":"sh","ks":{"a":0,"k":{"i":[[-3.287,1.515],[-0.88,0.075],[-1.76,0.783],[-3.617,3.953],[-0.805,0.398],[-1.578,-3.156],[0,0],[0,0],[-0.198,0.064],[-0.49,-1.151],[5.744,-4.683],[8.54,-3.984],[5.472,7.079],[3.776,6.306],[0.054,0.223],[-1.253,0.247],[0,0],[0,0]],"o":[[0.804,-0.343],[5.475,-0.237],[1.737,-0.828],[0.624,-0.646],[3.287,-1.515],[0,0],[0,0],[0.187,-0.141],[1.21,-0.448],[2.784,6.755],[2.315,8.522],[-8.608,3.918],[-7.415,1.363],[-0.101,-0.201],[-0.257,-1.203],[0,0],[0,0],[-1.578,-3.156]],"v":[[-18.591,-12.73],[-16.036,-13.357],[-5.335,-14.846],[2.568,-21.931],[4.722,-23.475],[13.532,-20.485],[17.162,-13.225],[25.024,-19.474],[25.631,-19.809],[28.664,-18.562],[23.669,0.593],[13.255,22.274],[-10.894,16.498],[-29.608,8.265],[-29.851,7.606],[-28.037,4.98],[-18.041,3],[-21.671,-4.261]],"c":true}},"nm":"P"},{"ty":"fl","c":{"a":0,"k":[0.278,0.529,0.82,1]},"o":{"a":0,"k":100},"r":1,"nm":"F"},{"ty":"tr","p":{"a":0,"k":[0,0]},"a":{"a":0,"k":[0,0]},"s":{"a":0,"k":[100,100]},"r":{"a":0,"k":0},"o":{"a":0,"k":100},"sk":{"a":0,"k":0},"sa":{"a":0,"k":0},"nm":"T"}],"nm":"U"}],"ip":0,"op":300,"st":0}]},{"id":"comp_4","layers":[{"ind":1,"ty":3,"nm":"N","sr":1,"ks":{"o":{"a":0,"k":0},"r":{"a":0,"k":0},"p":{"a":0,"k":[93,97,0]},"a":{"a":0,"k":[0,0,0]},"s":{"a":0,"k":[369,369,100]}},"ao":0,"ip":0,"op":73,"st":-23},{"ind":2,"ty":4,"nm":"l","parent":1,"sr":1,"ks":{"o":{"a":1,"k":[{"i":{"x":[0.833],"y":[0.833]},"o":{"x":[0.167],"y":[0.167]},"t":2.908,"s":[74.334]},{"i":{"x":[0],"y":[1.033]},"o":{"x":[0.127],"y":[0.11]},"t":21.908,"s":[74.334]},{"t":58.182,"s":[0]}]},"r":{"a":0,"k":0},"p":{"a":1,"k":[{"i":{"x":0.617,"y":1},"o":{"x":0.167,"y":0.167},"t":-23,"s":[0.219,1.576,0],"to":[0,0,0],"ti":[0,0,0]},{"i":{"x":0.689,"y":1},"o":{"x":0.351,"y":0},"t":-2,"s":[0.219,1.847,0],"to":[0,0,0],"ti":[0,0,0]},{"i":{"x":0.083,"y":1},"o":{"x":0.081,"y":0},"t":2.908,"s":[0.219,1.576,0],"to":[-2.297,3.047,0],"ti":[2.297,-3.047,0]},{"t":40.908,"s":[-13.561,19.861,0]}]},"a":{"a":0,"k":[611.414,-960.086,0]},"s":{"a":1,"k":[{"i":{"x":[0,0,0.667],"y":[1,1,1]},"o":{"x":[0.199,0.199,0.333],"y":[0,0,0]},"t":2.908,"s":[0.265,0.265,100]},{"t":40.908,"s":[2.252,2.252,100]}]}},"ao":0,"shapes":[{"ty":"gr","it":[{"ty":"rc","d":1,"s":{"a":0,"k":[294.828,294.828]},"p":{"a":0,"k":[0,0]},"r":{"a":0,"k":70},"nm":"R"},{"ty":"fl","c":{"a":0,"k":[0.421,0.686,1,1]},"o":{"a":0,"k":100},"r":1,"nm":"F"},{"ty":"tr","p":{"a":0,"k":[611.414,-960.086]},"a":{"a":0,"k":[0,0]},"s":{"a":0,"k":[100,100]},"r":{"a":0,"k":45},"o":{"a":0,"k":100},"sk":{"a":0,"k":0},"sa":{"a":0,"k":0},"nm":"T"}],"nm":"R"}],"ip":0,"op":73,"st":-23},{"ind":3,"ty":4,"nm":"l","parent":1,"sr":1,"ks":{"o":{"a":1,"k":[{"i":{"x":[0.833],"y":[0.833]},"o":{"x":[0.167],"y":[0.167]},"t":4.637,"s":[74.334]},{"i":{"x":[0],"y":[1.022]},"o":{"x":[0.127],"y":[0.074]},"t":21.908,"s":[74.334]},{"t":46.092,"s":[0]}]},"r":{"a":0,"k":0},"p":{"a":1,"k":[{"i":{"x":0.667,"y":0.667},"o":{"x":0.167,"y":0.167},"t":-23,"s":[0.219,1.576,0],"to":[0,0,0],"ti":[0,0,0]},{"i":{"x":0.083,"y":1},"o":{"x":0.081,"y":0},"t":4.637,"s":[0.219,1.576,0],"to":[0.352,2.501,0],"ti":[-0.352,-2.501,0]},{"t":42.637,"s":[2.329,16.585,0]}]},"a":{"a":0,"k":[611.414,-960.086,0]},"s":{"a":1,"k":[{"i":{"x":[0,0,0.667],"y":[1,1,1]},"o":{"x":[0.199,0.199,0.333],"y":[0,0,0]},"t":4.637,"s":[0.265,0.265,100]},{"t":42.637,"s":[0.662,0.662,100]}]}},"ao":0,"shapes":[{"ty":"gr","it":[{"ty":"rc","d":1,"s":{"a":0,"k":[294.828,294.828]},"p":{"a":0,"k":[0,0]},"r":{"a":0,"k":70},"nm":"R"},{"ty":"fl","c":{"a":0,"k":[0.421,0.686,1,1]},"o":{"a":0,"k":100},"r":1,"nm":"F"},{"ty":"tr","p":{"a":0,"k":[611.414,-960.086]},"a":{"a":0,"k":[0,0]},"s":{"a":0,"k":[100,100]},"r":{"a":0,"k":45},"o":{"a":0,"k":100},"sk":{"a":0,"k":0},"sa":{"a":0,"k":0},"nm":"T"}],"nm":"R"}],"ip":0,"op":73,"st":-23},{"ind":4,"ty":4,"nm":"l","parent":1,"sr":1,"ks":{"o":{"a":1,"k":[{"i":{"x":[0.833],"y":[0.833]},"o":{"x":[0.167],"y":[0.167]},"t":-0.545,"s":[74.334]},{"i":{"x":[0],"y":[1.033]},"o":{"x":[0.127],"y":[0.11]},"t":23.637,"s":[74.334]},{"t":59.908,"s":[0]}]},"r":{"a":0,"k":0},"p":{"a":1,"k":[{"i":{"x":0.667,"y":0.667},"o":{"x":0.167,"y":0.167},"t":-23,"s":[0.219,1.576,0],"to":[0,0,0],"ti":[0,0,0]},{"i":{"x":0.083,"y":1},"o":{"x":0.081,"y":0},"t":-0.545,"s":[0.219,1.576,0],"to":[3.691,0.046,0],"ti":[-3.691,-0.046,0]},{"t":37.455,"s":[22.363,1.851,0]}]},"a":{"a":0,"k":[611.414,-960.086,0]},"s":{"a":1,"k":[{"i":{"x":[0,0,0.667],"y":[1,1,1]},"o":{"x":[0.199,0.199,0.333],"y":[0,0,0]},"t":-0.545,"s":[0.265,0.265,100]},{"t":37.455,"s":[0.662,0.662,100]}]}},"ao":0,"shapes":[{"ty":"gr","it":[{"ty":"rc","d":1,"s":{"a":0,"k":[294.828,294.828]},"p":{"a":0,"k":[0,0]},"r":{"a":0,"k":70},"nm":"R"},{"ty":"fl","c":{"a":0,"k":[0.421,0.686,1,1]},"o":{"a":0,"k":100},"r":1,"nm":"F"},{"ty":"tr","p":{"a":0,"k":[611.414,-960.086]},"a":{"a":0,"k":[0,0]},"s":{"a":0,"k":[100,100]},"r":{"a":0,"k":45},"o":{"a":0,"k":100},"sk":{"a":0,"k":0},"sa":{"a":0,"k":0},"nm":"T"}],"nm":"R"}],"ip":0,"op":73,"st":-23},{"ind":5,"ty":4,"nm":"l","parent":1,"sr":1,"ks":{"o":{"a":1,"k":[{"i":{"x":[0.833],"y":[0.833]},"o":{"x":[0.167],"y":[0.167]},"t":-0.545,"s":[74.334]},{"i":{"x":[0],"y":[1.033]},"o":{"x":[0.127],"y":[0.11]},"t":18.801,"s":[74.334]},{"t":58.182,"s":[0]}]},"r":{"a":0,"k":0},"p":{"a":1,"k":[{"i":{"x":0.667,"y":0.667},"o":{"x":0.167,"y":0.167},"t":-23,"s":[0.219,1.576,0],"to":[0,0,0],"ti":[0,0,0]},{"i":{"x":0.083,"y":1},"o":{"x":0.081,"y":0},"t":-0.545,"s":[0.219,1.576,0],"to":[0.617,-4.071,0],"ti":[-0.617,4.071,0]},{"t":34,"s":[3.919,-22.847,0]}]},"a":{"a":0,"k":[611.414,-960.086,0]},"s":{"a":1,"k":[{"i":{"x":[0,0,0.667],"y":[1,1,1]},"o":{"x":[0.199,0.199,0.333],"y":[0,0,0]},"t":-0.545,"s":[0.265,0.265,100]},{"t":34,"s":[1.59,1.59,100]}]}},"ao":0,"shapes":[{"ty":"gr","it":[{"ty":"rc","d":1,"s":{"a":0,"k":[294.828,294.828]},"p":{"a":0,"k":[0,0]},"r":{"a":0,"k":70},"nm":"R"},{"ty":"fl","c":{"a":0,"k":[0.421,0.686,1,1]},"o":{"a":0,"k":100},"r":1,"nm":"F"},{"ty":"tr","p":{"a":0,"k":[611.414,-960.086]},"a":{"a":0,"k":[0,0]},"s":{"a":0,"k":[100,100]},"r":{"a":0,"k":45},"o":{"a":0,"k":100},"sk":{"a":0,"k":0},"sa":{"a":0,"k":0},"nm":"T"}],"nm":"R"}],"ip":0,"op":73,"st":-23},{"ind":6,"ty":4,"nm":"d","parent":1,"sr":1,"ks":{"o":{"a":1,"k":[{"i":{"x":[0.833],"y":[0.833]},"o":{"x":[0.167],"y":[0.167]},"t":2,"s":[0]},{"i":{"x":[0.833],"y":[0.833]},"o":{"x":[0.167],"y":[0.167]},"t":2.908,"s":[74.334]},{"i":{"x":[0],"y":[1.033]},"o":{"x":[0.127],"y":[0.11]},"t":28.818,"s":[74.334]},{"t":65.092,"s":[0]}]},"r":{"a":0,"k":0},"p":{"a":1,"k":[{"i":{"x":0.617,"y":1},"o":{"x":0.167,"y":0.167},"t":-23,"s":[0.219,1.576,0],"to":[0,0,0],"ti":[0,0,0]},{"i":{"x":0.689,"y":1},"o":{"x":0.351,"y":0},"t":-2,"s":[0.219,2.118,0],"to":[0,0,0],"ti":[0,0,0]},{"i":{"x":0.083,"y":1},"o":{"x":0.081,"y":0},"t":2.908,"s":[0.219,1.576,0],"to":[-1.396,-3.866,0],"ti":[1.396,3.776,0]},{"i":{"x":0.083,"y":1},"o":{"x":0.167,"y":0},"t":42.637,"s":[-8.155,-21.62,0],"to":[-1.396,-3.776,0],"ti":[0,-0.09,0]},{"t":117,"s":[-8.155,-21.078,0]}]},"a":{"a":0,"k":[611.414,-960.086,0]},"s":{"a":1,"k":[{"i":{"x":[0,0,0.667],"y":[1,1,1]},"o":{"x":[0.199,0.199,0.333],"y":[0,0,0]},"t":2.908,"s":[0.662,0.662,100]},{"t":42.637,"s":[0.662,0.662,100]}]}},"ao":0,"shapes":[{"ty":"gr","it":[{"ty":"rc","d":1,"s":{"a":0,"k":[294.828,294.828]},"p":{"a":0,"k":[0,0]},"r":{"a":0,"k":70},"nm":"R"},{"ty":"fl","c":{"a":0,"k":[0.154,0.458,0.819,1]},"o":{"a":0,"k":100},"r":1,"nm":"F"},{"ty":"tr","p":{"a":0,"k":[611.414,-960.086]},"a":{"a":0,"k":[0,0]},"s":{"a":0,"k":[100,100]},"r":{"a":0,"k":45},"o":{"a":0,"k":100},"sk":{"a":0,"k":0},"sa":{"a":0,"k":0},"nm":"T"}],"nm":"R"}],"ip":0,"op":73,"st":-23},{"ind":7,"ty":4,"nm":"d","parent":1,"sr":1,"ks":{"o":{"a":1,"k":[{"i":{"x":[0.833],"y":[0.833]},"o":{"x":[0.167],"y":[0.167]},"t":2,"s":[0]},{"i":{"x":[0.833],"y":[0.833]},"o":{"x":[0.167],"y":[0.167]},"t":2.908,"s":[74.334]},{"i":{"x":[0],"y":[1.033]},"o":{"x":[0.127],"y":[0.11]},"t":31.467,"s":[74.334]},{"t":56.455,"s":[0]}]},"r":{"a":0,"k":0},"p":{"a":1,"k":[{"i":{"x":0.667,"y":0.667},"o":{"x":0.167,"y":0.167},"t":-23,"s":[0.219,1.576,0],"to":[0,0,0],"ti":[0,0,0]},{"i":{"x":0.083,"y":1},"o":{"x":0.081,"y":0},"t":2.908,"s":[0.219,1.576,0],"to":[-3.94,0.939,0],"ti":[3.94,-0.939,0]},{"t":40.988,"s":[-23.419,7.212,0]}]},"a":{"a":0,"k":[611.414,-960.086,0]},"s":{"a":1,"k":[{"i":{"x":[0,0,0.667],"y":[1,1,1]},"o":{"x":[0.199,0.199,0.333],"y":[0,0,0]},"t":2.908,"s":[0.662,0.662,100]},{"t":40.988,"s":[0.662,0.662,100]}]}},"ao":0,"shapes":[{"ty":"gr","it":[{"ty":"rc","d":1,"s":{"a":0,"k":[294.828,294.828]},"p":{"a":0,"k":[0,0]},"r":{"a":0,"k":70},"nm":"R"},{"ty":"fl","c":{"a":0,"k":[0.154,0.458,0.819,1]},"o":{"a":0,"k":100},"r":1,"nm":"F"},{"ty":"tr","p":{"a":0,"k":[611.414,-960.086]},"a":{"a":0,"k":[0,0]},"s":{"a":0,"k":[100,100]},"r":{"a":0,"k":45},"o":{"a":0,"k":100},"sk":{"a":0,"k":0},"sa":{"a":0,"k":0},"nm":"T"}],"nm":"R"}],"ip":0,"op":73,"st":-23},{"ind":8,"ty":4,"nm":"d","parent":1,"sr":1,"ks":{"o":{"a":1,"k":[{"i":{"x":[0.833],"y":[0.833]},"o":{"x":[0.167],"y":[0.167]},"t":1.182,"s":[74.334]},{"i":{"x":[0],"y":[1.033]},"o":{"x":[0.127],"y":[0.11]},"t":35.727,"s":[74.334]},{"t":72,"s":[0]}]},"r":{"a":0,"k":0},"p":{"a":1,"k":[{"i":{"x":0.667,"y":0.667},"o":{"x":0.167,"y":0.167},"t":-23,"s":[0.219,1.576,0],"to":[0,0,0],"ti":[0,0,0]},{"i":{"x":0.083,"y":1},"o":{"x":0.081,"y":0},"t":1.182,"s":[0.219,1.576,0],"to":[2.473,2.517,0],"ti":[-2.473,-2.517,0]},{"t":49.545,"s":[15.059,16.681,0]}]},"a":{"a":0,"k":[611.414,-960.086,0]},"s":{"a":1,"k":[{"i":{"x":[0,0,0.667],"y":[1,1,1]},"o":{"x":[0.199,0.199,0.333],"y":[0,0,0]},"t":1.182,"s":[0.265,0.265,100]},{"t":49.545,"s":[1.192,1.192,100]}]}},"ao":0,"shapes":[{"ty":"gr","it":[{"ty":"rc","d":1,"s":{"a":0,"k":[294.828,294.828]},"p":{"a":0,"k":[0,0]},"r":{"a":0,"k":70},"nm":"R"},{"ty":"fl","c":{"a":0,"k":[0.154,0.458,0.819,1]},"o":{"a":0,"k":100},"r":1,"nm":"F"},{"ty":"tr","p":{"a":0,"k":[611.414,-960.086]},"a":{"a":0,"k":[0,0]},"s":{"a":0,"k":[100,100]},"r":{"a":0,"k":45},"o":{"a":0,"k":100},"sk":{"a":0,"k":0},"sa":{"a":0,"k":0},"nm":"T"}],"nm":"R"}],"ip":0,"op":73,"st":-23},{"ind":9,"ty":4,"nm":"d","parent":1,"sr":1,"ks":{"o":{"a":1,"k":[{"i":{"x":[0.833],"y":[0.833]},"o":{"x":[0.167],"y":[0.167]},"t":2.908,"s":[74.334]},{"i":{"x":[0],"y":[1.033]},"o":{"x":[0.127],"y":[0.11]},"t":27.092,"s":[74.334]},{"t":63.363,"s":[0]}]},"r":{"a":0,"k":0},"p":{"a":1,"k":[{"i":{"x":0.667,"y":0.667},"o":{"x":0.167,"y":0.167},"t":-23,"s":[0.219,1.576,0],"to":[0,0,0],"ti":[0,0,0]},{"i":{"x":0.083,"y":1},"o":{"x":0.081,"y":0},"t":2.908,"s":[0.219,1.576,0],"to":[-0.655,4.657,0],"ti":[0.655,-4.657,0]},{"t":40.908,"s":[-3.713,29.517,0]}]},"a":{"a":0,"k":[611.414,-960.086,0]},"s":{"a":1,"k":[{"i":{"x":[0,0,0.667],"y":[1,1,1]},"o":{"x":[0.199,0.199,0.333],"y":[0,0,0]},"t":2.908,"s":[0.265,0.265,100]},{"t":40.908,"s":[1.59,1.59,100]}]}},"ao":0,"shapes":[{"ty":"gr","it":[{"ty":"rc","d":1,"s":{"a":0,"k":[294.828,294.828]},"p":{"a":0,"k":[0,0]},"r":{"a":0,"k":70},"nm":"R"},{"ty":"fl","c":{"a":0,"k":[0.154,0.458,0.819,1]},"o":{"a":0,"k":100},"r":1,"nm":"F"},{"ty":"tr","p":{"a":0,"k":[611.414,-960.086]},"a":{"a":0,"k":[0,0]},"s":{"a":0,"k":[100,100]},"r":{"a":0,"k":45},"o":{"a":0,"k":100},"sk":{"a":0,"k":0},"sa":{"a":0,"k":0},"nm":"T"}],"nm":"R"}],"ip":0,"op":73,"st":-23},{"ind":10,"ty":4,"nm":"d","parent":1,"sr":1,"ks":{"o":{"a":1,"k":[{"i":{"x":[0.833],"y":[0.833]},"o":{"x":[0.167],"y":[0.167]},"t":-2.273,"s":[74.334]},{"i":{"x":[0],"y":[1.033]},"o":{"x":[0.127],"y":[0.11]},"t":35.727,"s":[74.334]},{"t":72,"s":[0]}]},"r":{"a":0,"k":0},"p":{"a":1,"k":[{"i":{"x":0.667,"y":0.667},"o":{"x":0.167,"y":0.167},"t":-23,"s":[0.219,1.576,0],"to":[0,0,0],"ti":[0,0,0]},{"i":{"x":0.083,"y":1},"o":{"x":0.081,"y":0},"t":-2.273,"s":[0.219,1.576,0],"to":[-2.685,-2.718,0],"ti":[2.685,2.718,0]},{"t":49.545,"s":[-15.893,-14.73,0]}]},"a":{"a":0,"k":[611.414,-960.086,0]},"s":{"a":1,"k":[{"i":{"x":[0,0,0.667],"y":[1,1,1]},"o":{"x":[0.199,0.199,0.333],"y":[0,0,0]},"t":-2.273,"s":[0.265,0.265,100]},{"t":49.545,"s":[2.385,2.385,100]}]}},"ao":0,"shapes":[{"ty":"gr","it":[{"ty":"rc","d":1,"s":{"a":0,"k":[294.828,294.828]},"p":{"a":0,"k":[0,0]},"r":{"a":0,"k":70},"nm":"R"},{"ty":"fl","c":{"a":0,"k":[0.154,0.458,0.819,1]},"o":{"a":0,"k":100},"r":1,"nm":"F"},{"ty":"tr","p":{"a":0,"k":[611.414,-960.086]},"a":{"a":0,"k":[0,0]},"s":{"a":0,"k":[100,100]},"r":{"a":0,"k":45},"o":{"a":0,"k":100},"sk":{"a":0,"k":0},"sa":{"a":0,"k":0},"nm":"T"}],"nm":"R"}],"ip":0,"op":73,"st":-23},{"ind":11,"ty":4,"nm":"d","parent":1,"sr":1,"ks":{"o":{"a":1,"k":[{"i":{"x":[0.833],"y":[0.833]},"o":{"x":[0.167],"y":[0.167]},"t":2.908,"s":[74.334]},{"i":{"x":[0],"y":[1.033]},"o":{"x":[0.127],"y":[0.11]},"t":27.092,"s":[74.334]},{"t":63.363,"s":[0]}]},"r":{"a":0,"k":0},"p":{"a":1,"k":[{"i":{"x":0.667,"y":0.667},"o":{"x":0.167,"y":0.167},"t":-23,"s":[0.219,1.576,0],"to":[0,0,0],"ti":[0,0,0]},{"i":{"x":0.083,"y":1},"o":{"x":0.081,"y":0},"t":2.908,"s":[0.219,1.576,0],"to":[2.191,-2.888,0],"ti":[-2.191,2.888,0]},{"t":40.908,"s":[13.363,-15.755,0]}]},"a":{"a":0,"k":[611.414,-960.086,0]},"s":{"a":1,"k":[{"i":{"x":[0,0,0.667],"y":[1,1,1]},"o":{"x":[0.199,0.199,0.333],"y":[0,0,0]},"t":2.908,"s":[0.265,0.265,100]},{"t":40.908,"s":[1.298,1.298,100]}]}},"ao":0,"shapes":[{"ty":"gr","it":[{"ty":"rc","d":1,"s":{"a":0,"k":[294.828,294.828]},"p":{"a":0,"k":[0,0]},"r":{"a":0,"k":70},"nm":"R"},{"ty":"fl","c":{"a":0,"k":[0.154,0.458,0.819,1]},"o":{"a":0,"k":100},"r":1,"nm":"F"},{"ty":"tr","p":{"a":0,"k":[611.414,-960.086]},"a":{"a":0,"k":[0,0]},"s":{"a":0,"k":[100,100]},"r":{"a":0,"k":45},"o":{"a":0,"k":100},"sk":{"a":0,"k":0},"sa":{"a":0,"k":0},"nm":"T"}],"nm":"R"}],"ip":0,"op":73,"st":-23}]}],"layers":[{"ind":1,"ty":0,"nm":"s","refId":"comp_0","sr":1,"ks":{"o":{"a":0,"k":100},"r":{"a":0,"k":0},"p":{"a":0,"k":[125,140,0]},"a":{"a":0,"k":[100,100,0]},"s":{"a":0,"k":[100,100,100]}},"ao":0,"w":200,"h":200,"ip":-44,"op":556,"st":-44},{"ind":2,"ty":0,"nm":"[","refId":"comp_4","sr":1,"ks":{"o":{"a":0,"k":70},"r":{"a":0,"k":0},"p":{"a":0,"k":[128,145,0]},"a":{"a":0,"k":[91,109,0]},"s":{"a":0,"k":[120.642,120.642,100]}},"ao":0,"w":182,"h":218,"ip":2,"op":75,"st":2}],"markers":[]}