{"v":"4.8.0","meta":{"g":"LottieFiles AE 3.4.5","a":"","k":"","d":"","tc":""},"fr":60,"ip":0,"op":164,"w":250,"h":280,"nm":"J","assets":[{"id":"comp_0","layers":[{"ind":1,"ty":0,"nm":"s","refId":"comp_1","sr":1,"ks":{"o":{"a":0,"k":100},"r":{"a":0,"k":0},"p":{"a":0,"k":[148,53.5,0]},"a":{"a":0,"k":[100,100,0]},"s":{"a":0,"k":[200,200,100]}},"ao":0,"w":200,"h":200,"ip":145,"op":228,"st":145},{"ind":4,"ty":0,"nm":"[","refId":"comp_2","sr":1,"ks":{"o":{"a":0,"k":100},"r":{"a":0,"k":0},"p":{"a":0,"k":[100,100,0]},"a":{"a":0,"k":[255,262.5,0]},"s":{"a":0,"k":[37,37,100]}},"ao":0,"w":510,"h":525,"ip":0,"op":300,"st":0}]},{"id":"comp_1","layers":[{"ind":1,"ty":4,"nm":"S","sr":1,"ks":{"o":{"a":1,"k":[{"i":{"x":[0.059],"y":[1]},"o":{"x":[0.333],"y":[0]},"t":0,"s":[0]},{"i":{"x":[0.2],"y":[1]},"o":{"x":[0.131],"y":[0]},"t":5,"s":[100]},{"t":26,"s":[0]}]},"r":{"a":1,"k":[{"i":{"x":[0.667],"y":[1]},"o":{"x":[0.333],"y":[0]},"t":0,"s":[108]},{"t":63,"s":[720]}]},"p":{"a":0,"k":[100.062,99.844,0]},"a":{"a":0,"k":[0.062,-0.156,0]},"s":{"a":1,"k":[{"i":{"x":[0.322,0.322,0.667],"y":[1,1,1]},"o":{"x":[0.333,0.333,0.333],"y":[0,0,0]},"t":0,"s":[33,33,100]},{"i":{"x":[0.667,0.667,0.667],"y":[1,1,1]},"o":{"x":[0.652,0.652,0.333],"y":[0,0,0]},"t":7,"s":[150,150,100]},{"t":43,"s":[50,50,100]}]}},"ao":0,"shapes":[{"ty":"gr","it":[{"ind":0,"ty":"sh","ks":{"a":0,"k":{"i":[[0,0],[0,0]],"o":[[0,0],[0,0]],"v":[[-5.375,5.75],[5.375,-5.875]],"c":false}},"nm":"P"},{"ty":"st","c":{"a":0,"k":[1,1,1,1]},"o":{"a":0,"k":100},"w":{"a":0,"k":2},"lc":2,"lj":1,"ml":4,"nm":"S"},{"ty":"fl","c":{"a":0,"k":[1,1,1,1]},"o":{"a":0,"k":100},"r":1,"nm":"F"},{"ty":"tr","p":{"a":0,"k":[0,0]},"a":{"a":0,"k":[0,0]},"s":{"a":0,"k":[100,100]},"r":{"a":0,"k":0},"o":{"a":0,"k":100},"sk":{"a":0,"k":0},"sa":{"a":0,"k":0},"nm":"T"}],"nm":"S"}],"ip":0,"op":83,"st":0},{"ind":2,"ty":4,"nm":"S","sr":1,"ks":{"o":{"a":1,"k":[{"i":{"x":[0.059],"y":[1]},"o":{"x":[0.333],"y":[0]},"t":0,"s":[0]},{"i":{"x":[0.2],"y":[1]},"o":{"x":[0.131],"y":[0]},"t":5,"s":[100]},{"t":26,"s":[0]}]},"r":{"a":1,"k":[{"i":{"x":[0.667],"y":[1]},"o":{"x":[0.333],"y":[0]},"t":0,"s":[0]},{"t":63,"s":[720]}]},"p":{"a":0,"k":[100.062,99.844,0]},"a":{"a":0,"k":[0.062,-0.156,0]},"s":{"a":1,"k":[{"i":{"x":[0.322,0.322,0.667],"y":[1,1,1]},"o":{"x":[0.333,0.333,0.333],"y":[0,0,0]},"t":0,"s":[33,33,100]},{"i":{"x":[0.667,0.667,0.667],"y":[1,1,1]},"o":{"x":[0.652,0.652,0.333],"y":[0,0,0]},"t":7,"s":[150,150,100]},{"t":43,"s":[50,50,100]}]}},"ao":0,"shapes":[{"ty":"gr","it":[{"ind":0,"ty":"sh","ks":{"a":0,"k":{"i":[[0,0],[0,0]],"o":[[0,0],[0,0]],"v":[[-5.375,5.75],[5.375,-5.875]],"c":false}},"nm":"P"},{"ty":"st","c":{"a":0,"k":[1,1,1,1]},"o":{"a":0,"k":100},"w":{"a":0,"k":2},"lc":2,"lj":1,"ml":4,"nm":"S"},{"ty":"fl","c":{"a":0,"k":[1,1,1,1]},"o":{"a":0,"k":100},"r":1,"nm":"F"},{"ty":"tr","p":{"a":0,"k":[0,0]},"a":{"a":0,"k":[0,0]},"s":{"a":0,"k":[100,100]},"r":{"a":0,"k":0},"o":{"a":0,"k":100},"sk":{"a":0,"k":0},"sa":{"a":0,"k":0},"nm":"T"}],"nm":"S"}],"ip":0,"op":83,"st":0},{"ind":3,"ty":4,"nm":"s","sr":1,"ks":{"o":{"a":1,"k":[{"i":{"x":[0.16],"y":[1]},"o":{"x":[0.163],"y":[0.41]},"t":0,"s":[0]},{"i":{"x":[0.319],"y":[0.762]},"o":{"x":[0.167],"y":[0]},"t":5,"s":[74]},{"i":{"x":[0.682],"y":[0.829]},"o":{"x":[0.388],"y":[0.52]},"t":38.732,"s":[13.434]},{"i":{"x":[0.607],"y":[1]},"o":{"x":[0.295],"y":[0.726]},"t":63,"s":[2.046]},{"t":83,"s":[0]}]},"r":{"a":1,"k":[{"i":{"x":[0.549],"y":[0.67]},"o":{"x":[0.333],"y":[0]},"t":0,"s":[0]},{"i":{"x":[0.643],"y":[0.922]},"o":{"x":[0.268],"y":[0.691]},"t":46.988,"s":[235.834]},{"i":{"x":[0.702],"y":[1]},"o":{"x":[0.356],"y":[1.071]},"t":113.855,"s":[331.093]},{"t":150,"s":[334.861]}]},"p":{"s":true,"x":{"a":0,"k":100},"y":{"a":0,"k":100}},"a":{"a":0,"k":[0,0,0]},"s":{"a":1,"k":[{"i":{"x":[0.667,0.667,0.667],"y":[1,1,1]},"o":{"x":[0.333,0.333,0.333],"y":[0,0,0]},"t":0,"s":[0,0,100]},{"i":{"x":[0.388,0.388,0.833],"y":[0.072,0.072,5.021]},"o":{"x":[0.172,0.172,0.333],"y":[0,0,0]},"t":12.752,"s":[35,35,100]},{"i":{"x":[0.68,0.68,0.7],"y":[1,1,1]},"o":{"x":[0.23,0.23,0.177],"y":[0.905,0.905,-8.082]},"t":37,"s":[14.774,14.774,100]},{"t":83,"s":[0,0,100]}]}},"ao":0,"shapes":[{"ty":"gr","it":[{"ind":0,"ty":"sh","ks":{"a":0,"k":{"i":[[0,0],[1.12,-0.65],[0,0],[0.65,1.12],[0,0],[-1.13,0.65],[0,0],[-0.65,-1.13]],"o":[[0.65,1.12],[0,0],[-1.13,0.65],[0,0],[-0.65,-1.13],[0,0],[1.12,-0.65],[0,0]],"v":[[5.652,-0.208],[4.792,3.012],[0.212,5.652],[-3.008,4.792],[-5.648,0.212],[-4.788,-3.008],[-0.208,-5.648],[3.012,-4.788]],"c":true}},"nm":"P"},{"ty":"fl","c":{"a":0,"k":[1,1,1,1]},"o":{"a":0,"k":100},"r":1,"nm":"F"},{"ty":"tr","p":{"a":0,"k":[0,0]},"a":{"a":0,"k":[0,0]},"s":{"a":0,"k":[600,600]},"r":{"a":0,"k":0},"o":{"a":0,"k":100},"sk":{"a":0,"k":0},"sa":{"a":0,"k":0},"nm":"T"}],"nm":"G"}],"ip":0,"op":83,"st":-270}]},{"id":"comp_2","layers":[{"ind":1,"ty":4,"nm":"h","sr":1,"ks":{"o":{"a":0,"k":10},"r":{"a":0,"k":0},"p":{"a":0,"k":[286.05,219.947,0]},"a":{"a":0,"k":[0,0,0]},"s":{"a":0,"k":[100,100,100]}},"ao":0,"shapes":[{"ty":"gr","it":[{"ind":0,"ty":"sh","ks":{"a":0,"k":{"i":[[-19.675,0],[0,-39.35],[12.894,-12.894],[0,0]],"o":[[39.35,0],[0,19.675],[0,0],[12.894,-12.894]],"v":[[-10.434,-60.816],[60.816,10.434],[39.947,60.816],[-60.816,-39.947]],"c":true}},"nm":"P"},{"ty":"fl","c":{"a":0,"k":[1,1,1,1]},"o":{"a":0,"k":100},"r":1,"nm":"F"},{"ty":"tr","p":{"a":0,"k":[0,0]},"a":{"a":0,"k":[0,0]},"s":{"a":0,"k":[300,300]},"r":{"a":0,"k":0},"o":{"a":0,"k":100},"sk":{"a":0,"k":0},"sa":{"a":0,"k":0},"nm":"T"}],"nm":"h"}],"ip":0,"op":300,"st":0},{"ind":2,"ty":0,"nm":"[","refId":"comp_3","sr":1,"ks":{"o":{"a":0,"k":100},"r":{"a":0,"k":0},"p":{"a":0,"k":[255,250,0]},"a":{"a":0,"k":[175,175,0]},"s":{"a":0,"k":[88,88,100]}},"ao":0,"w":350,"h":350,"ip":0,"op":300,"st":0},{"ind":3,"ty":4,"nm":"o","sr":1,"ks":{"o":{"a":0,"k":100},"r":{"a":0,"k":0},"p":{"a":0,"k":[259.553,245.768,0]},"a":{"a":0,"k":[0,0,0]},"s":{"a":0,"k":[100,100,100]}},"ao":0,"shapes":[{"ty":"gr","it":[{"d":1,"ty":"el","s":{"a":0,"k":[348.497,348.497]},"p":{"a":0,"k":[0,0]},"nm":"E"},{"ty":"st","c":{"a":0,"k":[0.416,0.443,0.953,1]},"o":{"a":0,"k":100},"w":{"a":0,"k":42},"lc":1,"lj":1,"ml":4,"nm":"S"},{"ty":"fl","c":{"a":0,"k":[0.655,0.145,0.737,1]},"o":{"a":0,"k":0},"r":1,"nm":"F"},{"ty":"tr","p":{"a":0,"k":[-5.053,4.715]},"a":{"a":0,"k":[0,0]},"s":{"a":0,"k":[109.243,109.243]},"r":{"a":0,"k":0},"o":{"a":0,"k":100},"sk":{"a":0,"k":0},"sa":{"a":0,"k":0},"nm":"T"}],"nm":"E"}],"ip":0,"op":300,"st":0},{"ind":4,"ty":4,"nm":"m","sr":1,"ks":{"o":{"a":0,"k":100},"r":{"a":0,"k":0},"p":{"a":0,"k":[255,250.25,0]},"a":{"a":0,"k":[0,0,0]},"s":{"a":0,"k":[99,99,100]}},"ao":0,"shapes":[{"ty":"gr","it":[{"d":1,"ty":"el","s":{"a":0,"k":[142.5,142.5]},"p":{"a":0,"k":[0,0]},"nm":"E"},{"ty":"fl","c":{"a":0,"k":[0,0.2,0.784,1]},"o":{"a":0,"k":100},"r":1,"nm":"F"},{"ty":"tr","p":{"a":0,"k":[0,0]},"a":{"a":0,"k":[0,0]},"s":{"a":0,"k":[300,300]},"r":{"a":0,"k":0},"o":{"a":0,"k":100},"sk":{"a":0,"k":0},"sa":{"a":0,"k":0},"nm":"T"}],"nm":"E"}],"ip":0,"op":300,"st":0},{"ind":5,"ty":4,"nm":"s","sr":1,"ks":{"o":{"a":0,"k":100},"r":{"a":0,"k":0},"p":{"a":0,"k":[254.75,251.25,0]},"a":{"a":0,"k":[0,0,0]},"s":{"a":0,"k":[100,100,100]}},"ao":0,"shapes":[{"ty":"gr","it":[{"d":1,"ty":"el","s":{"a":0,"k":[142.5,142.5]},"p":{"a":0,"k":[0,0]},"nm":"E"},{"ty":"fl","c":{"a":0,"k":[0,0.18,0.71,1]},"o":{"a":0,"k":100},"r":1,"nm":"F"},{"ty":"tr","p":{"a":0,"k":[0,18]},"a":{"a":0,"k":[0,0]},"s":{"a":0,"k":[300,300]},"r":{"a":0,"k":0},"o":{"a":0,"k":100},"sk":{"a":0,"k":0},"sa":{"a":0,"k":0},"nm":"T"}],"nm":"E"}],"ip":0,"op":300,"st":0},{"ind":6,"ty":4,"nm":"g","sr":1,"ks":{"o":{"a":0,"k":10},"r":{"a":0,"k":0},"p":{"a":0,"k":[255.5,261,0]},"a":{"a":0,"k":[0,0,0]},"s":{"a":0,"k":[106.264,106.264,100]}},"ao":0,"shapes":[{"ty":"gr","it":[{"d":1,"ty":"el","s":{"a":0,"k":[143,149]},"p":{"a":0,"k":[0,0]},"nm":"E"},{"ty":"st","c":{"a":0,"k":[0.416,0.443,0.953,1]},"o":{"a":0,"k":100},"w":{"a":0,"k":14},"lc":1,"lj":1,"ml":4,"nm":"S"},{"ty":"tr","p":{"a":0,"k":[0,0]},"a":{"a":0,"k":[0,0]},"s":{"a":0,"k":[300,300]},"r":{"a":0,"k":0},"o":{"a":0,"k":100},"sk":{"a":0,"k":0},"sa":{"a":0,"k":0},"nm":"T"}],"nm":"E"}],"ip":0,"op":300,"st":0}]},{"id":"comp_3","layers":[{"ind":1,"ty":0,"nm":"D","refId":"comp_4","sr":1,"ks":{"o":{"a":0,"k":100},"r":{"a":0,"k":0},"p":{"a":0,"k":[175,175,0]},"a":{"a":0,"k":[33.5,32,0]},"s":{"a":0,"k":[499.6,499.6,100]}},"ao":0,"w":67,"h":64,"ip":0,"op":300,"st":0}]},{"id":"comp_4","layers":[{"ind":1,"ty":4,"nm":"R","sr":1,"ks":{"o":{"a":0,"k":100},"r":{"a":0,"k":0},"p":{"a":0,"k":[25.159,51.409,0]},"a":{"a":0,"k":[0,0,0]},"s":{"a":0,"k":[100,100,100]}},"ao":0,"shapes":[{"ty":"gr","it":[{"ind":0,"ty":"sh","ks":{"a":0,"k":{"i":[[0.613,-0.678],[0,0],[0.072,-0.065],[1.037,1.079],[0.047,0.058],[-1.231,0.934],[0,0],[-0.63,-0.655]],"o":[[0,0],[-0.065,0.072],[-1.119,0.999],[-0.052,-0.054],[-0.969,-1.187],[0,0],[0.728,-0.552],[0.634,0.659]],"v":[[5.704,-2.876],[-1.288,4.862],[-1.493,5.067],[-5.397,4.923],[-5.545,4.756],[-5.071,0.916],[3.264,-5.409],[5.667,-5.227]],"c":true}},"nm":"P"},{"ty":"fl","c":{"a":0,"k":[0.35,0.382,0.979,1]},"o":{"a":0,"k":100},"r":1,"nm":"F"},{"ty":"tr","p":{"a":0,"k":[0,0]},"a":{"a":0,"k":[0,0]},"s":{"a":0,"k":[100,100]},"r":{"a":0,"k":-21.492},"o":{"a":0,"k":100},"sk":{"a":0,"k":0},"sa":{"a":0,"k":0},"nm":"T"}],"nm":"R"}],"ip":0,"op":300,"st":0},{"ind":2,"ty":4,"nm":"R","sr":1,"ks":{"o":{"a":0,"k":100},"r":{"a":0,"k":0},"p":{"a":0,"k":[11.736,38.992,0]},"a":{"a":0,"k":[0,0,0]},"s":{"a":0,"k":[100,100,100]}},"ao":0,"shapes":[{"ty":"gr","it":[{"ind":0,"ty":"sh","ks":{"a":0,"k":{"i":[[1.348,-0.09],[0,0],[0.143,0.005],[-0.084,2.129],[-0.013,0.105],[-2.255,-0.259],[0,0],[0.051,-1.293]],"o":[[0,0],[-0.142,0.009],[-2.209,-0.081],[0.004,-0.106],[0.268,-2.173],[0,0],[1.333,0.153],[-0.052,1.302]],"v":[[8.603,2.877],[-6.788,3.9],[-7.216,3.906],[-11.063,-0.097],[-11.037,-0.414],[-6.469,-3.881],[8.795,-2.129],[11.064,0.43]],"c":true}},"nm":"P"},{"ty":"fl","c":{"a":0,"k":[0.56,0.582,1,1]},"o":{"a":0,"k":100},"r":1,"nm":"F"},{"ty":"tr","p":{"a":0,"k":[0,0]},"a":{"a":0,"k":[0,0]},"s":{"a":0,"k":[100,100]},"r":{"a":0,"k":-21.492},"o":{"a":0,"k":100},"sk":{"a":0,"k":0},"sa":{"a":0,"k":0},"nm":"T"}],"nm":"R"}],"ip":0,"op":300,"st":0},{"ind":3,"ty":4,"nm":"R","sr":1,"ks":{"o":{"a":0,"k":100},"r":{"a":0,"k":0},"p":{"a":0,"k":[13.254,20.829,0]},"a":{"a":0,"k":[0,0,0]},"s":{"a":0,"k":[100,100,100]}},"ao":0,"shapes":[{"ty":"gr","it":[{"ind":0,"ty":"sh","ks":{"a":0,"k":{"i":[[0.815,0.685],[0,0],[0.078,0.081],[-1.297,1.159],[-0.069,0.053],[-1.124,-1.376],[0,0],[0.788,-0.703]],"o":[[0,0],[-0.086,-0.072],[-1.202,-1.251],[0.065,-0.058],[1.427,-1.083],[0,0],[0.664,0.813],[-0.793,0.708]],"v":[[3.459,6.374],[-5.848,-1.439],[-6.094,-1.669],[-5.921,-6.031],[-5.72,-6.197],[-1.101,-5.667],[6.505,3.647],[6.287,6.332]],"c":true}},"nm":"P"},{"ty":"fl","c":{"a":0,"k":[0.35,0.382,0.979,1]},"o":{"a":0,"k":100},"r":1,"nm":"F"},{"ty":"tr","p":{"a":0,"k":[0,0]},"a":{"a":0,"k":[0,0]},"s":{"a":0,"k":[100,100]},"r":{"a":0,"k":-21.492},"o":{"a":0,"k":100},"sk":{"a":0,"k":0},"sa":{"a":0,"k":0},"nm":"T"}],"nm":"R"}],"ip":0,"op":300,"st":0},{"ind":4,"ty":4,"nm":"R","sr":1,"ks":{"o":{"a":0,"k":100},"r":{"a":0,"k":0},"p":{"a":0,"k":[27.893,11.409,0]},"a":{"a":0,"k":[0,0,0]},"s":{"a":0,"k":[100,100,100]}},"ao":0,"shapes":[{"ty":"gr","it":[{"ind":0,"ty":"sh","ks":{"a":0,"k":{"i":[[0.093,1.3],[0,0],[-0.005,0.137],[-2.209,-0.081],[-0.109,-0.013],[0.268,-2.173],[0,0],[1.341,0.049]],"o":[[0,0],[-0.01,-0.137],[0.084,-2.129],[0.11,0.004],[2.255,0.259],[0,0],[-0.159,1.285],[-1.351,-0.05]],"v":[[-2.985,8.292],[-4.046,-6.543],[-4.052,-6.955],[0.1,-10.664],[0.429,-10.639],[4.026,-6.235],[2.209,8.478],[-0.446,10.665]],"c":true}},"nm":"P"},{"ty":"fl","c":{"a":0,"k":[0.56,0.582,1,1]},"o":{"a":0,"k":100},"r":1,"nm":"F"},{"ty":"tr","p":{"a":0,"k":[0,0]},"a":{"a":0,"k":[0,0]},"s":{"a":0,"k":[100,100]},"r":{"a":0,"k":-21.492},"o":{"a":0,"k":100},"sk":{"a":0,"k":0},"sa":{"a":0,"k":0},"nm":"T"}],"nm":"R"}],"ip":0,"op":300,"st":0},{"ind":5,"ty":4,"nm":"R","sr":1,"ks":{"o":{"a":0,"k":100},"r":{"a":0,"k":0},"p":{"a":0,"k":[41.99,52.356,0]},"a":{"a":0,"k":[0,0,0]},"s":{"a":0,"k":[100,100,100]}},"ao":0,"shapes":[{"ty":"gr","it":[{"ind":0,"ty":"sh","ks":{"a":0,"k":{"i":[[0.195,-1.289],[0,0],[0.005,-0.137],[-2.209,-0.081],[-0.11,0.004],[0.096,2.187],[0,0],[1.341,0.049]],"o":[[0,0],[-0.021,0.136],[-0.084,2.129],[0.11,0.004],[2.269,-0.092],[0,0],[-0.057,-1.293],[-1.351,-0.05]],"v":[[-1.787,-8.475],[-4.017,6.24],[-4.056,6.65],[-0.209,10.653],[0.121,10.652],[4.055,6.526],[3.406,-8.278],[0.931,-10.654]],"c":true}},"nm":"P"},{"ty":"fl","c":{"a":0,"k":[0.56,0.582,1,1]},"o":{"a":0,"k":100},"r":1,"nm":"F"},{"ty":"tr","p":{"a":0,"k":[0,0]},"a":{"a":0,"k":[0,0]},"s":{"a":0,"k":[100,100]},"r":{"a":0,"k":-21.492},"o":{"a":0,"k":100},"sk":{"a":0,"k":0},"sa":{"a":0,"k":0},"nm":"T"}],"nm":"R"}],"ip":0,"op":300,"st":0},{"ind":6,"ty":4,"nm":"R","sr":1,"ks":{"o":{"a":0,"k":100},"r":{"a":0,"k":0},"p":{"a":0,"k":[55.079,41.923,0]},"a":{"a":0,"k":[0,0,0]},"s":{"a":0,"k":[100,100,100]}},"ao":0,"shapes":[{"ty":"gr","it":[{"ind":0,"ty":"sh","ks":{"a":0,"k":{"i":[[-0.646,-0.836],[0,0],[-0.078,-0.081],[-1.297,1.159],[-0.06,0.063],[1.338,1.185],[0,0],[0.788,-0.703]],"o":[[0,0],[0.068,0.088],[1.202,1.251],[0.065,-0.058],[1.229,-1.289],[0,0],[-0.791,-0.7],[-0.793,0.708]],"v":[[-6.376,-3.769],[0.997,5.771],[1.216,6.024],[5.742,6.191],[5.928,6.01],[5.732,1.531],[-3.323,-6.49],[-6.117,-6.484]],"c":true}},"nm":"P"},{"ty":"fl","c":{"a":0,"k":[0.35,0.382,0.979,1]},"o":{"a":0,"k":100},"r":1,"nm":"F"},{"ty":"tr","p":{"a":0,"k":[0,0]},"a":{"a":0,"k":[0,0]},"s":{"a":0,"k":[100,100]},"r":{"a":0,"k":-21.492},"o":{"a":0,"k":100},"sk":{"a":0,"k":0},"sa":{"a":0,"k":0},"nm":"T"}],"nm":"R"}],"ip":0,"op":300,"st":0},{"ind":7,"ty":4,"nm":"R","sr":1,"ks":{"o":{"a":0,"k":100},"r":{"a":0,"k":0},"p":{"a":0,"k":[55.185,25.732,0]},"a":{"a":0,"k":[0,0,0]},"s":{"a":0,"k":[100,100,100]}},"ao":0,"shapes":[{"ty":"gr","it":[{"ind":0,"ty":"sh","ks":{"a":0,"k":{"i":[[-1.337,-0.188],[0,0],[-0.143,-0.005],[-0.084,2.129],[0.005,0.106],[2.269,-0.092],[0,0],[0.051,-1.293]],"o":[[0,0],[0.141,0.02],[2.209,0.081],[0.004,-0.106],[-0.096,-2.187],[0,0],[-1.341,0.055],[-0.052,1.302]],"v":[[-8.792,1.722],[6.473,3.872],[6.899,3.91],[11.052,0.201],[11.051,-0.117],[6.77,-3.909],[-8.588,-3.283],[-11.053,-0.898]],"c":true}},"nm":"P"},{"ty":"fl","c":{"a":0,"k":[0.56,0.582,1,1]},"o":{"a":0,"k":100},"r":1,"nm":"F"},{"ty":"tr","p":{"a":0,"k":[0,0]},"a":{"a":0,"k":[0,0]},"s":{"a":0,"k":[100,100]},"r":{"a":0,"k":-21.492},"o":{"a":0,"k":100},"sk":{"a":0,"k":0},"sa":{"a":0,"k":0},"nm":"T"}],"nm":"R"}],"ip":0,"op":300,"st":0},{"ind":8,"ty":4,"nm":"R","sr":1,"ks":{"o":{"a":0,"k":100},"r":{"a":0,"k":0},"p":{"a":0,"k":[45.561,11.661,0]},"a":{"a":0,"k":[0,0,0]},"s":{"a":0,"k":[100,100,100]}},"ao":0,"shapes":[{"ty":"gr","it":[{"ind":0,"ty":"sh","ks":{"a":0,"k":{"i":[[-0.867,0.623],[0,0],[-0.084,0.075],[1.202,1.251],[0.065,0.057],[1.229,-1.289],[0,0],[-0.73,-0.759]],"o":[[0,0],[0.092,-0.066],[1.297,-1.159],[-0.06,-0.062],[-1.338,-1.185],[0,0],[-0.727,0.762],[0.735,0.765]],"v":[[-3.91,6.146],[5.987,-0.961],[6.25,-1.172],[6.423,-5.535],[6.235,-5.714],[1.588,-5.525],[-6.733,3.203],[-6.727,5.897]],"c":true}},"nm":"P"},{"ty":"fl","c":{"a":0,"k":[0.35,0.382,0.979,1]},"o":{"a":0,"k":100},"r":1,"nm":"F"},{"ty":"tr","p":{"a":0,"k":[0,0]},"a":{"a":0,"k":[0,0]},"s":{"a":0,"k":[100,100]},"r":{"a":0,"k":-21.492},"o":{"a":0,"k":100},"sk":{"a":0,"k":0},"sa":{"a":0,"k":0},"nm":"T"}],"nm":"R"}],"ip":0,"op":300,"st":0},{"ind":9,"ty":4,"nm":"E","sr":1,"ks":{"o":{"a":0,"k":100},"r":{"a":0,"k":0},"p":{"a":0,"k":[34.519,31.63,0]},"a":{"a":0,"k":[0,0,0]},"s":{"a":0,"k":[100,100,100]}},"ao":0,"shapes":[{"ty":"gr","it":[{"ind":0,"ty":"sh","ks":{"a":0,"k":{"i":[[-3.235,0],[0,3.081],[3.235,0],[0,-3.081]],"o":[[3.235,0],[0,-3.081],[-3.235,0],[0,3.081]],"v":[[0,5.578],[5.857,0],[0,-5.578],[-5.857,0]],"c":true}},"nm":"P"},{"ty":"fl","c":{"a":0,"k":[0.604,0.624,1,1]},"o":{"a":0,"k":100},"r":1,"nm":"F"},{"ty":"tr","p":{"a":0,"k":[0,0]},"a":{"a":0,"k":[0,0]},"s":{"a":0,"k":[100,100]},"r":{"a":0,"k":0},"o":{"a":0,"k":100},"sk":{"a":0,"k":0},"sa":{"a":0,"k":0},"nm":"T"}],"nm":"E"}],"ip":0,"op":300,"st":0}]},{"id":"comp_5","layers":[{"ind":1,"ty":3,"nm":"N","sr":1,"ks":{"o":{"a":0,"k":0},"r":{"a":0,"k":0},"p":{"a":0,"k":[93,97,0]},"a":{"a":0,"k":[0,0,0]},"s":{"a":0,"k":[369,369,100]}},"ao":0,"ip":0,"op":73,"st":-23},{"ind":2,"ty":4,"nm":"l","parent":1,"sr":1,"ks":{"o":{"a":1,"k":[{"i":{"x":[0.833],"y":[0.833]},"o":{"x":[0.167],"y":[0.167]},"t":2.908,"s":[74.334]},{"i":{"x":[0],"y":[1.033]},"o":{"x":[0.127],"y":[0.11]},"t":21.908,"s":[74.334]},{"t":58.182,"s":[0]}]},"r":{"a":0,"k":0},"p":{"a":1,"k":[{"i":{"x":0.617,"y":1},"o":{"x":0.167,"y":0.167},"t":-23,"s":[0.219,1.576,0],"to":[0,0,0],"ti":[0,0,0]},{"i":{"x":0.689,"y":1},"o":{"x":0.351,"y":0},"t":-2,"s":[0.219,1.847,0],"to":[0,0,0],"ti":[0,0,0]},{"i":{"x":0.083,"y":1},"o":{"x":0.081,"y":0},"t":2.908,"s":[0.219,1.576,0],"to":[-2.297,3.047,0],"ti":[2.297,-3.047,0]},{"t":40.908,"s":[-13.561,19.861,0]}]},"a":{"a":0,"k":[611.414,-960.086,0]},"s":{"a":1,"k":[{"i":{"x":[0,0,0.667],"y":[1,1,1]},"o":{"x":[0.199,0.199,0.333],"y":[0,0,0]},"t":2.908,"s":[0.265,0.265,100]},{"t":40.908,"s":[2.252,2.252,100]}]}},"ao":0,"shapes":[{"ty":"gr","it":[{"ty":"rc","d":1,"s":{"a":0,"k":[294.828,294.828]},"p":{"a":0,"k":[0,0]},"r":{"a":0,"k":70},"nm":"R"},{"ty":"fl","c":{"a":0,"k":[0.416,0.443,0.953,1]},"o":{"a":0,"k":100},"r":1,"nm":"F"},{"ty":"tr","p":{"a":0,"k":[611.414,-960.086]},"a":{"a":0,"k":[0,0]},"s":{"a":0,"k":[100,100]},"r":{"a":0,"k":45},"o":{"a":0,"k":100},"sk":{"a":0,"k":0},"sa":{"a":0,"k":0},"nm":"T"}],"nm":"R"}],"ip":0,"op":73,"st":-23},{"ind":3,"ty":4,"nm":"l","parent":1,"sr":1,"ks":{"o":{"a":1,"k":[{"i":{"x":[0.833],"y":[0.833]},"o":{"x":[0.167],"y":[0.167]},"t":4.637,"s":[74.334]},{"i":{"x":[0],"y":[1.022]},"o":{"x":[0.127],"y":[0.074]},"t":21.908,"s":[74.334]},{"t":46.092,"s":[0]}]},"r":{"a":0,"k":0},"p":{"a":1,"k":[{"i":{"x":0.667,"y":0.667},"o":{"x":0.167,"y":0.167},"t":-23,"s":[0.219,1.576,0],"to":[0,0,0],"ti":[0,0,0]},{"i":{"x":0.083,"y":1},"o":{"x":0.081,"y":0},"t":4.637,"s":[0.219,1.576,0],"to":[0.352,2.501,0],"ti":[-0.352,-2.501,0]},{"t":42.637,"s":[2.329,16.585,0]}]},"a":{"a":0,"k":[611.414,-960.086,0]},"s":{"a":1,"k":[{"i":{"x":[0,0,0.667],"y":[1,1,1]},"o":{"x":[0.199,0.199,0.333],"y":[0,0,0]},"t":4.637,"s":[0.265,0.265,100]},{"t":42.637,"s":[0.662,0.662,100]}]}},"ao":0,"shapes":[{"ty":"gr","it":[{"ty":"rc","d":1,"s":{"a":0,"k":[294.828,294.828]},"p":{"a":0,"k":[0,0]},"r":{"a":0,"k":70},"nm":"R"},{"ty":"fl","c":{"a":0,"k":[0.416,0.443,0.953,1]},"o":{"a":0,"k":100},"r":1,"nm":"F"},{"ty":"tr","p":{"a":0,"k":[611.414,-960.086]},"a":{"a":0,"k":[0,0]},"s":{"a":0,"k":[100,100]},"r":{"a":0,"k":45},"o":{"a":0,"k":100},"sk":{"a":0,"k":0},"sa":{"a":0,"k":0},"nm":"T"}],"nm":"R"}],"ip":0,"op":73,"st":-23},{"ind":4,"ty":4,"nm":"l","parent":1,"sr":1,"ks":{"o":{"a":1,"k":[{"i":{"x":[0.833],"y":[0.833]},"o":{"x":[0.167],"y":[0.167]},"t":-0.545,"s":[74.334]},{"i":{"x":[0],"y":[1.033]},"o":{"x":[0.127],"y":[0.11]},"t":23.637,"s":[74.334]},{"t":59.908,"s":[0]}]},"r":{"a":0,"k":0},"p":{"a":1,"k":[{"i":{"x":0.667,"y":0.667},"o":{"x":0.167,"y":0.167},"t":-23,"s":[0.219,1.576,0],"to":[0,0,0],"ti":[0,0,0]},{"i":{"x":0.083,"y":1},"o":{"x":0.081,"y":0},"t":-0.545,"s":[0.219,1.576,0],"to":[3.691,0.046,0],"ti":[-3.691,-0.046,0]},{"t":37.455,"s":[22.363,1.851,0]}]},"a":{"a":0,"k":[611.414,-960.086,0]},"s":{"a":1,"k":[{"i":{"x":[0,0,0.667],"y":[1,1,1]},"o":{"x":[0.199,0.199,0.333],"y":[0,0,0]},"t":-0.545,"s":[0.265,0.265,100]},{"t":37.455,"s":[0.662,0.662,100]}]}},"ao":0,"shapes":[{"ty":"gr","it":[{"ty":"rc","d":1,"s":{"a":0,"k":[294.828,294.828]},"p":{"a":0,"k":[0,0]},"r":{"a":0,"k":70},"nm":"R"},{"ty":"fl","c":{"a":0,"k":[0.416,0.443,0.953,1]},"o":{"a":0,"k":100},"r":1,"nm":"F"},{"ty":"tr","p":{"a":0,"k":[611.414,-960.086]},"a":{"a":0,"k":[0,0]},"s":{"a":0,"k":[100,100]},"r":{"a":0,"k":45},"o":{"a":0,"k":100},"sk":{"a":0,"k":0},"sa":{"a":0,"k":0},"nm":"T"}],"nm":"R"}],"ip":0,"op":73,"st":-23},{"ind":5,"ty":4,"nm":"l","parent":1,"sr":1,"ks":{"o":{"a":1,"k":[{"i":{"x":[0.833],"y":[0.833]},"o":{"x":[0.167],"y":[0.167]},"t":-0.545,"s":[74.334]},{"i":{"x":[0],"y":[1.033]},"o":{"x":[0.127],"y":[0.11]},"t":18.801,"s":[74.334]},{"t":58.182,"s":[0]}]},"r":{"a":0,"k":0},"p":{"a":1,"k":[{"i":{"x":0.667,"y":0.667},"o":{"x":0.167,"y":0.167},"t":-23,"s":[0.219,1.576,0],"to":[0,0,0],"ti":[0,0,0]},{"i":{"x":0.083,"y":1},"o":{"x":0.081,"y":0},"t":-0.545,"s":[0.219,1.576,0],"to":[0.617,-4.071,0],"ti":[-0.617,4.071,0]},{"t":34,"s":[3.919,-22.847,0]}]},"a":{"a":0,"k":[611.414,-960.086,0]},"s":{"a":1,"k":[{"i":{"x":[0,0,0.667],"y":[1,1,1]},"o":{"x":[0.199,0.199,0.333],"y":[0,0,0]},"t":-0.545,"s":[0.265,0.265,100]},{"t":34,"s":[1.59,1.59,100]}]}},"ao":0,"shapes":[{"ty":"gr","it":[{"ty":"rc","d":1,"s":{"a":0,"k":[294.828,294.828]},"p":{"a":0,"k":[0,0]},"r":{"a":0,"k":70},"nm":"R"},{"ty":"fl","c":{"a":0,"k":[0.416,0.443,0.953,1]},"o":{"a":0,"k":100},"r":1,"nm":"F"},{"ty":"tr","p":{"a":0,"k":[611.414,-960.086]},"a":{"a":0,"k":[0,0]},"s":{"a":0,"k":[100,100]},"r":{"a":0,"k":45},"o":{"a":0,"k":100},"sk":{"a":0,"k":0},"sa":{"a":0,"k":0},"nm":"T"}],"nm":"R"}],"ip":0,"op":73,"st":-23},{"ind":6,"ty":4,"nm":"d","parent":1,"sr":1,"ks":{"o":{"a":1,"k":[{"i":{"x":[0.833],"y":[0.833]},"o":{"x":[0.167],"y":[0.167]},"t":2,"s":[0]},{"i":{"x":[0.833],"y":[0.833]},"o":{"x":[0.167],"y":[0.167]},"t":2.908,"s":[74.334]},{"i":{"x":[0],"y":[1.033]},"o":{"x":[0.127],"y":[0.11]},"t":28.818,"s":[74.334]},{"t":65.092,"s":[0]}]},"r":{"a":0,"k":0},"p":{"a":1,"k":[{"i":{"x":0.617,"y":1},"o":{"x":0.167,"y":0.167},"t":-23,"s":[0.219,1.576,0],"to":[0,0,0],"ti":[0,0,0]},{"i":{"x":0.689,"y":1},"o":{"x":0.351,"y":0},"t":-2,"s":[0.219,2.118,0],"to":[0,0,0],"ti":[0,0,0]},{"i":{"x":0.083,"y":1},"o":{"x":0.081,"y":0},"t":2.908,"s":[0.219,1.576,0],"to":[-1.396,-3.866,0],"ti":[1.396,3.866,0]},{"t":42.637,"s":[-8.155,-21.62,0]}]},"a":{"a":0,"k":[611.414,-960.086,0]},"s":{"a":1,"k":[{"i":{"x":[0,0,0.667],"y":[1,1,1]},"o":{"x":[0.199,0.199,0.333],"y":[0,0,0]},"t":2.908,"s":[0.662,0.662,100]},{"t":42.637,"s":[0.662,0.662,100]}]}},"ao":0,"shapes":[{"ty":"gr","it":[{"ty":"rc","d":1,"s":{"a":0,"k":[294.828,294.828]},"p":{"a":0,"k":[0,0]},"r":{"a":0,"k":70},"nm":"R"},{"ty":"fl","c":{"a":0,"k":[0.319,0.349,0.909,1]},"o":{"a":0,"k":100},"r":1,"nm":"F"},{"ty":"tr","p":{"a":0,"k":[611.414,-960.086]},"a":{"a":0,"k":[0,0]},"s":{"a":0,"k":[100,100]},"r":{"a":0,"k":45},"o":{"a":0,"k":100},"sk":{"a":0,"k":0},"sa":{"a":0,"k":0},"nm":"T"}],"nm":"R"}],"ip":0,"op":73,"st":-23},{"ind":7,"ty":4,"nm":"d","parent":1,"sr":1,"ks":{"o":{"a":1,"k":[{"i":{"x":[0.833],"y":[0.833]},"o":{"x":[0.167],"y":[0.167]},"t":2,"s":[0]},{"i":{"x":[0.833],"y":[0.833]},"o":{"x":[0.167],"y":[0.167]},"t":2.908,"s":[74.334]},{"i":{"x":[0],"y":[1.033]},"o":{"x":[0.127],"y":[0.11]},"t":31.467,"s":[74.334]},{"t":56.455,"s":[0]}]},"r":{"a":0,"k":0},"p":{"a":1,"k":[{"i":{"x":0.667,"y":0.667},"o":{"x":0.167,"y":0.167},"t":-23,"s":[0.219,1.576,0],"to":[0,0,0],"ti":[0,0,0]},{"i":{"x":0.083,"y":1},"o":{"x":0.081,"y":0},"t":2.908,"s":[0.219,1.576,0],"to":[-3.94,0.939,0],"ti":[3.94,-0.939,0]},{"t":40.988,"s":[-23.419,7.212,0]}]},"a":{"a":0,"k":[611.414,-960.086,0]},"s":{"a":1,"k":[{"i":{"x":[0,0,0.667],"y":[1,1,1]},"o":{"x":[0.199,0.199,0.333],"y":[0,0,0]},"t":2.908,"s":[0.662,0.662,100]},{"t":40.988,"s":[0.662,0.662,100]}]}},"ao":0,"shapes":[{"ty":"gr","it":[{"ty":"rc","d":1,"s":{"a":0,"k":[294.828,294.828]},"p":{"a":0,"k":[0,0]},"r":{"a":0,"k":70},"nm":"R"},{"ty":"fl","c":{"a":0,"k":[0.318,0.349,0.91,1]},"o":{"a":0,"k":100},"r":1,"nm":"F"},{"ty":"tr","p":{"a":0,"k":[611.414,-960.086]},"a":{"a":0,"k":[0,0]},"s":{"a":0,"k":[100,100]},"r":{"a":0,"k":45},"o":{"a":0,"k":100},"sk":{"a":0,"k":0},"sa":{"a":0,"k":0},"nm":"T"}],"nm":"R"}],"ip":0,"op":73,"st":-23},{"ind":8,"ty":4,"nm":"d","parent":1,"sr":1,"ks":{"o":{"a":1,"k":[{"i":{"x":[0.833],"y":[0.833]},"o":{"x":[0.167],"y":[0.167]},"t":1.182,"s":[74.334]},{"i":{"x":[0],"y":[1.033]},"o":{"x":[0.127],"y":[0.11]},"t":35.727,"s":[74.334]},{"t":72,"s":[0]}]},"r":{"a":0,"k":0},"p":{"a":1,"k":[{"i":{"x":0.667,"y":0.667},"o":{"x":0.167,"y":0.167},"t":-23,"s":[0.219,1.576,0],"to":[0,0,0],"ti":[0,0,0]},{"i":{"x":0.083,"y":1},"o":{"x":0.081,"y":0},"t":1.182,"s":[0.219,1.576,0],"to":[2.473,2.517,0],"ti":[-2.473,-2.517,0]},{"t":49.545,"s":[15.059,16.681,0]}]},"a":{"a":0,"k":[611.414,-960.086,0]},"s":{"a":1,"k":[{"i":{"x":[0,0,0.667],"y":[1,1,1]},"o":{"x":[0.199,0.199,0.333],"y":[0,0,0]},"t":1.182,"s":[0.265,0.265,100]},{"t":49.545,"s":[1.192,1.192,100]}]}},"ao":0,"shapes":[{"ty":"gr","it":[{"ty":"rc","d":1,"s":{"a":0,"k":[294.828,294.828]},"p":{"a":0,"k":[0,0]},"r":{"a":0,"k":70},"nm":"R"},{"ty":"fl","c":{"a":0,"k":[0.318,0.349,0.91,1]},"o":{"a":0,"k":100},"r":1,"nm":"F"},{"ty":"tr","p":{"a":0,"k":[611.414,-960.086]},"a":{"a":0,"k":[0,0]},"s":{"a":0,"k":[100,100]},"r":{"a":0,"k":45},"o":{"a":0,"k":100},"sk":{"a":0,"k":0},"sa":{"a":0,"k":0},"nm":"T"}],"nm":"R"}],"ip":0,"op":73,"st":-23},{"ind":9,"ty":4,"nm":"d","parent":1,"sr":1,"ks":{"o":{"a":1,"k":[{"i":{"x":[0.833],"y":[0.833]},"o":{"x":[0.167],"y":[0.167]},"t":2.908,"s":[74.334]},{"i":{"x":[0],"y":[1.033]},"o":{"x":[0.127],"y":[0.11]},"t":27.092,"s":[74.334]},{"t":63.363,"s":[0]}]},"r":{"a":0,"k":0},"p":{"a":1,"k":[{"i":{"x":0.667,"y":0.667},"o":{"x":0.167,"y":0.167},"t":-23,"s":[0.219,1.576,0],"to":[0,0,0],"ti":[0,0,0]},{"i":{"x":0.083,"y":1},"o":{"x":0.081,"y":0},"t":2.908,"s":[0.219,1.576,0],"to":[-0.655,4.657,0],"ti":[0.655,-4.657,0]},{"t":40.908,"s":[-3.713,29.517,0]}]},"a":{"a":0,"k":[611.414,-960.086,0]},"s":{"a":1,"k":[{"i":{"x":[0,0,0.667],"y":[1,1,1]},"o":{"x":[0.199,0.199,0.333],"y":[0,0,0]},"t":2.908,"s":[0.265,0.265,100]},{"t":40.908,"s":[1.59,1.59,100]}]}},"ao":0,"shapes":[{"ty":"gr","it":[{"ty":"rc","d":1,"s":{"a":0,"k":[294.828,294.828]},"p":{"a":0,"k":[0,0]},"r":{"a":0,"k":70},"nm":"R"},{"ty":"fl","c":{"a":0,"k":[0.318,0.349,0.91,1]},"o":{"a":0,"k":100},"r":1,"nm":"F"},{"ty":"tr","p":{"a":0,"k":[611.414,-960.086]},"a":{"a":0,"k":[0,0]},"s":{"a":0,"k":[100,100]},"r":{"a":0,"k":45},"o":{"a":0,"k":100},"sk":{"a":0,"k":0},"sa":{"a":0,"k":0},"nm":"T"}],"nm":"R"}],"ip":0,"op":73,"st":-23},{"ind":10,"ty":4,"nm":"d","parent":1,"sr":1,"ks":{"o":{"a":1,"k":[{"i":{"x":[0.833],"y":[0.833]},"o":{"x":[0.167],"y":[0.167]},"t":-2.273,"s":[74.334]},{"i":{"x":[0],"y":[1.033]},"o":{"x":[0.127],"y":[0.11]},"t":35.727,"s":[74.334]},{"t":72,"s":[0]}]},"r":{"a":0,"k":0},"p":{"a":1,"k":[{"i":{"x":0.667,"y":0.667},"o":{"x":0.167,"y":0.167},"t":-23,"s":[0.219,1.576,0],"to":[0,0,0],"ti":[0,0,0]},{"i":{"x":0.083,"y":1},"o":{"x":0.081,"y":0},"t":-2.273,"s":[0.219,1.576,0],"to":[-2.685,-2.718,0],"ti":[2.685,2.718,0]},{"t":49.545,"s":[-15.893,-14.73,0]}]},"a":{"a":0,"k":[611.414,-960.086,0]},"s":{"a":1,"k":[{"i":{"x":[0,0,0.667],"y":[1,1,1]},"o":{"x":[0.199,0.199,0.333],"y":[0,0,0]},"t":-2.273,"s":[0.265,0.265,100]},{"t":49.545,"s":[2.385,2.385,100]}]}},"ao":0,"shapes":[{"ty":"gr","it":[{"ty":"rc","d":1,"s":{"a":0,"k":[294.828,294.828]},"p":{"a":0,"k":[0,0]},"r":{"a":0,"k":70},"nm":"R"},{"ty":"fl","c":{"a":0,"k":[0.318,0.349,0.91,1]},"o":{"a":0,"k":100},"r":1,"nm":"F"},{"ty":"tr","p":{"a":0,"k":[611.414,-960.086]},"a":{"a":0,"k":[0,0]},"s":{"a":0,"k":[100,100]},"r":{"a":0,"k":45},"o":{"a":0,"k":100},"sk":{"a":0,"k":0},"sa":{"a":0,"k":0},"nm":"T"}],"nm":"R"}],"ip":0,"op":73,"st":-23},{"ind":11,"ty":4,"nm":"d","parent":1,"sr":1,"ks":{"o":{"a":1,"k":[{"i":{"x":[0.833],"y":[0.833]},"o":{"x":[0.167],"y":[0.167]},"t":2.908,"s":[74.334]},{"i":{"x":[0],"y":[1.033]},"o":{"x":[0.127],"y":[0.11]},"t":27.092,"s":[74.334]},{"t":63.363,"s":[0]}]},"r":{"a":0,"k":0},"p":{"a":1,"k":[{"i":{"x":0.667,"y":0.667},"o":{"x":0.167,"y":0.167},"t":-23,"s":[0.219,1.576,0],"to":[0,0,0],"ti":[0,0,0]},{"i":{"x":0.083,"y":1},"o":{"x":0.081,"y":0},"t":2.908,"s":[0.219,1.576,0],"to":[2.191,-2.888,0],"ti":[-2.191,2.888,0]},{"t":40.908,"s":[13.363,-15.755,0]}]},"a":{"a":0,"k":[611.414,-960.086,0]},"s":{"a":1,"k":[{"i":{"x":[0,0,0.667],"y":[1,1,1]},"o":{"x":[0.199,0.199,0.333],"y":[0,0,0]},"t":2.908,"s":[0.265,0.265,100]},{"t":40.908,"s":[1.298,1.298,100]}]}},"ao":0,"shapes":[{"ty":"gr","it":[{"ty":"rc","d":1,"s":{"a":0,"k":[294.828,294.828]},"p":{"a":0,"k":[0,0]},"r":{"a":0,"k":70},"nm":"R"},{"ty":"fl","c":{"a":0,"k":[0.318,0.349,0.91,1]},"o":{"a":0,"k":100},"r":1,"nm":"F"},{"ty":"tr","p":{"a":0,"k":[611.414,-960.086]},"a":{"a":0,"k":[0,0]},"s":{"a":0,"k":[100,100]},"r":{"a":0,"k":45},"o":{"a":0,"k":100},"sk":{"a":0,"k":0},"sa":{"a":0,"k":0},"nm":"T"}],"nm":"R"}],"ip":0,"op":73,"st":-23}]}],"layers":[{"ind":1,"ty":0,"nm":"s","refId":"comp_0","sr":1,"ks":{"o":{"a":0,"k":100},"r":{"a":0,"k":0},"p":{"a":0,"k":[125,140,0]},"a":{"a":0,"k":[100,100,0]},"s":{"a":0,"k":[100,100,100]}},"ao":0,"w":200,"h":200,"ip":-44,"op":556,"st":-44},{"ind":2,"ty":0,"nm":"[","refId":"comp_5","sr":1,"ks":{"o":{"a":0,"k":70},"r":{"a":0,"k":0},"p":{"a":0,"k":[128,145,0]},"a":{"a":0,"k":[91,109,0]},"s":{"a":0,"k":[120.642,120.642,100]}},"ao":0,"w":182,"h":218,"ip":2,"op":75,"st":2}],"markers":[]}
