{"v":"4.8.0","ip":0,"op":164,"fr":60,"w":250,"h":280,"nm":"D","assets":[{"id":"comp_0","layers":[{"ind":1,"ty":0,"nm":"s","sr":1,"ks":{"o":{"a":0,"k":100},"r":{"a":0,"k":0},"p":{"a":0,"k":[148,53.5,0]},"a":{"a":0,"k":[100,100,0]},"s":{"a":0,"k":[200,200,100]}},"ip":145,"op":228,"st":145,"refId":"comp_1","h":200,"w":200},{"ind":4,"ty":0,"nm":"[","sr":1,"ks":{"o":{"a":0,"k":100},"r":{"a":0,"k":0},"p":{"a":0,"k":[100,100,0]},"a":{"a":0,"k":[255,262.5,0]},"s":{"a":0,"k":[37,37,100]}},"ip":0,"op":300,"st":0,"refId":"comp_2","h":525,"w":510}]},{"id":"comp_1","layers":[{"ind":1,"ty":4,"nm":"S","sr":1,"ks":{"o":{"a":1,"k":[{"i":{"x":[0.059],"y":[1]},"o":{"x":[0.333],"y":[0]},"t":0,"s":[0]},{"i":{"x":[0],"y":[1]},"o":{"x":[0.131],"y":[0]},"t":5,"s":[100]},{"t":26,"s":[0]}]},"r":{"a":1,"k":[{"i":{"x":[0.667],"y":[1]},"o":{"x":[0.333],"y":[0]},"t":0,"s":[108]},{"t":63,"s":[720]}]},"p":{"a":0,"k":[100.062,99.844,0]},"a":{"a":0,"k":[0.062,-0.156,0]},"s":{"k":[{"i":{"x":[0.322,0.322,0.667],"y":[1,1,1]},"o":{"x":[0.333,0.333,0.333],"y":[0,0,0]},"t":0,"s":[33,33,100]},{"i":{"x":[0.667,0.667,0.667],"y":[1,1,1]},"o":{"x":[0.652,0.652,0.333],"y":[0,0,0]},"t":7,"s":[150,150,100]},{"t":43,"s":[50,50,100]}],"a":1}},"shapes":[{"ty":"gr","nm":"S","bm":0,"it":[{"ty":"sh","nm":"P","ind":0,"ks":{"k":{"i":[[0,0],[0,0]],"o":[[0,0],[0,0]],"v":[[-5.375,5.75],[5.375,-5.875]],"c":false},"a":0}},{"ty":"st","nm":"S","bm":0,"lc":2,"lj":1,"ml":4,"o":{"a":0,"k":100},"w":{"a":0,"k":2},"c":{"a":0,"k":[1,1,1,1]}},{"ty":"fl","nm":"F","bm":0,"c":{"a":0,"k":[1,1,1,1]},"o":{"a":0,"k":100},"r":1},{"ty":"tr","o":{"a":0,"k":100},"r":{"a":0,"k":0},"p":{"a":0,"k":[0,0]},"a":{"a":0,"k":[0,0]},"s":{"a":0,"k":[100,100]},"nm":"T","sk":{"a":0,"k":0},"sa":{"a":0,"k":0}}]}],"ip":0,"op":83,"st":0},{"ind":2,"ty":4,"nm":"S","sr":1,"ks":{"o":{"a":1,"k":[{"i":{"x":[0.059],"y":[1]},"o":{"x":[0.333],"y":[0]},"t":0,"s":[0]},{"i":{"x":[0],"y":[1]},"o":{"x":[0.131],"y":[0]},"t":5,"s":[100]},{"t":26,"s":[0]}]},"r":{"a":1,"k":[{"i":{"x":[0.667],"y":[1]},"o":{"x":[0.333],"y":[0]},"t":0,"s":[0]},{"t":63,"s":[720]}]},"p":{"a":0,"k":[100.062,99.844,0]},"a":{"a":0,"k":[0.062,-0.156,0]},"s":{"k":[{"i":{"x":[0.322,0.322,0.667],"y":[1,1,1]},"o":{"x":[0.333,0.333,0.333],"y":[0,0,0]},"t":0,"s":[33,33,100]},{"i":{"x":[0.667,0.667,0.667],"y":[1,1,1]},"o":{"x":[0.652,0.652,0.333],"y":[0,0,0]},"t":7,"s":[150,150,100]},{"t":43,"s":[50,50,100]}],"a":1}},"shapes":[{"ty":"gr","nm":"S","bm":0,"it":[{"ty":"sh","nm":"P","ind":0,"ks":{"k":{"i":[[0,0],[0,0]],"o":[[0,0],[0,0]],"v":[[-5.375,5.75],[5.375,-5.875]],"c":false},"a":0}},{"ty":"st","nm":"S","bm":0,"lc":2,"lj":1,"ml":4,"o":{"a":0,"k":100},"w":{"a":0,"k":2},"c":{"a":0,"k":[1,1,1,1]}},{"ty":"fl","nm":"F","bm":0,"c":{"a":0,"k":[1,1,1,1]},"o":{"a":0,"k":100},"r":1},{"ty":"tr","o":{"a":0,"k":100},"r":{"a":0,"k":0},"p":{"a":0,"k":[0,0]},"a":{"a":0,"k":[0,0]},"s":{"a":0,"k":[100,100]},"nm":"T","sk":{"a":0,"k":0},"sa":{"a":0,"k":0}}]}],"ip":0,"op":83,"st":0},{"ind":3,"ty":4,"nm":"s","sr":1,"ks":{"o":{"a":1,"k":[{"i":{"x":[0.16],"y":[1]},"o":{"x":[0.163],"y":[0.41]},"t":0,"s":[0]},{"i":{"x":[0.319],"y":[0.762]},"o":{"x":[0.167],"y":[0]},"t":5,"s":[74]},{"i":{"x":[0.682],"y":[0.829]},"o":{"x":[0.388],"y":[0.52]},"t":38.732,"s":[13.434]},{"i":{"x":[0.607],"y":[1]},"o":{"x":[0.295],"y":[0.726]},"t":63,"s":[2.046]},{"t":83,"s":[0]}]},"r":{"a":1,"k":[{"i":{"x":[0.549],"y":[0.67]},"o":{"x":[0.333],"y":[0]},"t":0,"s":[0]},{"i":{"x":[0.643],"y":[0.922]},"o":{"x":[0.268],"y":[0.691]},"t":46.988,"s":[235.834]},{"i":{"x":[0.702],"y":[1]},"o":{"x":[0.356],"y":[1.071]},"t":113.855,"s":[331.093]},{"t":150,"s":[334.861]}]},"p":{"s":true,"x":{"a":0,"k":100},"y":{"a":0,"k":100}},"a":{"a":0,"k":[0,0,0]},"s":{"k":[{"i":{"x":[0.667,0.667,0.667],"y":[1,1,1]},"o":{"x":[0.333,0.333,0.333],"y":[0,0,0]},"t":0,"s":[0,0,100]},{"i":{"x":[0.388,0.388,0.833],"y":[0.072,0.072,5.021]},"o":{"x":[0.172,0.172,0.333],"y":[0,0,0]},"t":12.752,"s":[35,35,100]},{"i":{"x":[0.68,0.68,0.7],"y":[1,1,1]},"o":{"x":[0.23,0.23,0.177],"y":[0.905,0.905,-8.082]},"t":37,"s":[14.774,14.774,100]},{"t":83,"s":[0,0,100]}],"a":1}},"shapes":[{"ty":"gr","nm":"G","bm":0,"it":[{"ty":"sh","nm":"P","ind":0,"ks":{"k":{"i":[[0,0],[1.12,-0.65],[0,0],[0.65,1.12],[0,0],[-1.13,0.65],[0,0],[-0.65,-1.13]],"o":[[0.65,1.12],[0,0],[-1.13,0.65],[0,0],[-0.65,-1.13],[0,0],[1.12,-0.65],[0,0]],"v":[[5.652,-0.208],[4.792,3.012],[0.212,5.652],[-3.008,4.792],[-5.648,0.212],[-4.788,-3.008],[-0.208,-5.648],[3.012,-4.788]],"c":true},"a":0}},{"ty":"fl","nm":"F","bm":0,"c":{"a":0,"k":[1,1,1,1]},"o":{"a":0,"k":100},"r":1},{"ty":"tr","o":{"a":0,"k":100},"r":{"a":0,"k":0},"p":{"a":0,"k":[0,0]},"a":{"a":0,"k":[0,0]},"s":{"a":0,"k":[600,600]},"nm":"T","sk":{"a":0,"k":0},"sa":{"a":0,"k":0}}]}],"ip":0,"op":83,"st":-270}]},{"id":"comp_2","layers":[{"ind":1,"ty":4,"nm":"h","sr":1,"ks":{"o":{"a":0,"k":10},"r":{"a":0,"k":0},"p":{"a":0,"k":[286.05,214.947,0]},"a":{"a":0,"k":[0,0,0]},"s":{"a":0,"k":[100,100,100]}},"shapes":[{"ty":"gr","nm":"h","bm":0,"it":[{"ty":"sh","nm":"P","ind":0,"ks":{"k":{"i":[[-19.675,0],[0,-39.35],[12.894,-12.894],[0,0]],"o":[[39.35,0],[0,19.675],[0,0],[12.894,-12.894]],"v":[[-10.434,-60.816],[60.816,10.434],[39.947,60.816],[-60.816,-39.947]],"c":true},"a":0}},{"ty":"fl","nm":"F","bm":0,"c":{"a":0,"k":[1,1,1,1]},"o":{"a":0,"k":100},"r":1},{"ty":"tr","o":{"a":0,"k":100},"r":{"a":0,"k":0},"p":{"a":0,"k":[0,0]},"a":{"a":0,"k":[0,0]},"s":{"a":0,"k":[300,300]},"nm":"T","sk":{"a":0,"k":0},"sa":{"a":0,"k":0}}]}],"ip":0,"op":300,"st":0},{"ind":2,"ty":0,"nm":"[","sr":1,"ks":{"o":{"a":0,"k":100},"r":{"a":0,"k":0},"p":{"a":0,"k":[267,267,0]},"a":{"a":0,"k":[175,175,0]},"s":{"a":0,"k":[322,322,100]}},"ip":0,"op":300,"st":0,"refId":"comp_3","h":350,"w":350},{"ind":3,"ty":4,"nm":"o","sr":1,"ks":{"o":{"a":0,"k":100},"r":{"a":0,"k":0},"p":{"a":0,"k":[259.553,245.768,0]},"a":{"a":0,"k":[0,0,0]},"s":{"a":0,"k":[100,100,100]}},"shapes":[{"ty":"gr","nm":"E","bm":0,"it":[{"ty":"el","nm":"E","d":1,"p":{"a":0,"k":[0,0]},"s":{"a":0,"k":[348.497,348.497]}},{"ty":"st","nm":"S","bm":0,"lc":1,"lj":1,"ml":4,"o":{"a":0,"k":100},"w":{"a":0,"k":42},"c":{"a":0,"k":[0.76862745098,0.219607843137,0.556862745098,1]}},{"ty":"fl","nm":"F","bm":0,"c":{"a":0,"k":[0.443137254902,0.36862745098,0.941176470588,1]},"o":{"a":0,"k":0},"r":1},{"ty":"tr","o":{"a":0,"k":100},"r":{"a":0,"k":0},"p":{"a":0,"k":[-5.053,4.715]},"a":{"a":0,"k":[0,0]},"s":{"a":0,"k":[109.243,109.243]},"nm":"T","sk":{"a":0,"k":0},"sa":{"a":0,"k":0}}]}],"ip":0,"op":300,"st":0},{"ind":4,"ty":4,"nm":"m","sr":1,"ks":{"o":{"a":0,"k":100},"r":{"a":0,"k":0},"p":{"a":0,"k":[255,250.25,0]},"a":{"a":0,"k":[0,0,0]},"s":{"a":0,"k":[99,99,100]}},"shapes":[{"ty":"gr","nm":"E","bm":0,"it":[{"ty":"el","nm":"E","d":1,"p":{"a":0,"k":[0,0]},"s":{"a":0,"k":[142.5,142.5]}},{"ty":"fl","nm":"F","bm":0,"c":{"a":0,"k":[0.674509803922,0.003921568627,0.41568627451,1]},"o":{"a":0,"k":100},"r":1},{"ty":"tr","o":{"a":0,"k":100},"r":{"a":0,"k":0},"p":{"a":0,"k":[0,0]},"a":{"a":0,"k":[0,0]},"s":{"a":0,"k":[300,300]},"nm":"T","sk":{"a":0,"k":0},"sa":{"a":0,"k":0}}]}],"ip":0,"op":300,"st":0},{"ind":5,"ty":4,"nm":"s","sr":1,"ks":{"o":{"a":0,"k":100},"r":{"a":0,"k":0},"p":{"a":0,"k":[254.75,251.25,0]},"a":{"a":0,"k":[0,0,0]},"s":{"a":0,"k":[100,100,100]}},"shapes":[{"ty":"gr","nm":"E","bm":0,"it":[{"ty":"el","nm":"E","d":1,"p":{"a":0,"k":[0,0]},"s":{"a":0,"k":[142.5,142.5]}},{"ty":"fl","nm":"F","bm":0,"c":{"a":0,"k":[0.674509803922,0.003921568627,0.41568627451,1]},"o":{"a":0,"k":100},"r":1},{"ty":"tr","o":{"a":0,"k":100},"r":{"a":0,"k":0},"p":{"a":0,"k":[0,18]},"a":{"a":0,"k":[0,0]},"s":{"a":0,"k":[300,300]},"nm":"T","sk":{"a":0,"k":0},"sa":{"a":0,"k":0}}]}],"ip":0,"op":300,"st":0},{"ind":6,"ty":4,"nm":"g","sr":1,"ks":{"o":{"a":0,"k":10},"r":{"a":0,"k":0},"p":{"a":0,"k":[255.5,261,0]},"a":{"a":0,"k":[0,0,0]},"s":{"a":0,"k":[106.264,106.264,100]}},"shapes":[{"ty":"gr","nm":"E","bm":0,"it":[{"ty":"el","nm":"E","d":1,"p":{"a":0,"k":[0,0]},"s":{"a":0,"k":[143,149]}},{"ty":"st","nm":"S","bm":0,"lc":1,"lj":1,"ml":4,"o":{"a":0,"k":100},"w":{"a":0,"k":14},"c":{"a":0,"k":[0.985049019608,0.48224846335,0.790985645967,1]}},{"ty":"tr","o":{"a":0,"k":100},"r":{"a":0,"k":0},"p":{"a":0,"k":[0,2]},"a":{"a":0,"k":[0,0]},"s":{"a":0,"k":[300,300]},"nm":"T","sk":{"a":0,"k":0},"sa":{"a":0,"k":0}}]}],"ip":0,"op":300,"st":0}]},{"id":"comp_3","layers":[{"ind":1,"ty":4,"nm":"E","sr":1,"ks":{"o":{"a":0,"k":100},"r":{"a":0,"k":0},"p":{"a":0,"k":[146.1,169.64,0]},"a":{"a":0,"k":[0,0,0]},"s":{"a":0,"k":[100,100,100]}},"shapes":[{"ty":"gr","nm":"E","bm":0,"it":[{"ty":"sh","nm":"P","ind":0,"ks":{"k":{"i":[[-2.442,-0.654],[-0.654,2.442],[2.442,0.654],[0.654,-2.442]],"o":[[2.442,0.654],[0.654,-2.442],[-2.442,-0.654],[-0.654,2.442]],"v":[[-1.185,4.421],[4.421,1.185],[1.185,-4.421],[-4.421,-1.185]],"c":true},"a":0}},{"ty":"fl","nm":"F","bm":0,"c":{"a":0,"k":[1,0.61960786581,0.843137264252,1]},"o":{"a":0,"k":100},"r":1},{"ty":"tr","o":{"a":0,"k":100},"r":{"a":0,"k":0},"p":{"a":0,"k":[0,0]},"a":{"a":0,"k":[0,0]},"s":{"a":0,"k":[100,100]},"nm":"T","sk":{"a":0,"k":0},"sa":{"a":0,"k":0}}]}],"ip":0,"op":300,"st":0},{"ind":2,"ty":4,"nm":"E","sr":1,"ks":{"o":{"a":0,"k":100},"r":{"a":0,"k":0},"p":{"a":0,"k":[138.719,177.858,0]},"a":{"a":0,"k":[0,0,0]},"s":{"a":0,"k":[100,100,100]}},"shapes":[{"ty":"gr","nm":"E","bm":0,"it":[{"ty":"sh","nm":"P","ind":0,"ks":{"k":{"i":[[-1.773,-0.475],[-0.475,1.773],[1.773,0.475],[0.475,-1.773]],"o":[[1.773,0.475],[0.475,-1.773],[-1.773,-0.475],[-0.475,1.773]],"v":[[-0.86,3.21],[3.21,0.86],[0.86,-3.21],[-3.21,-0.86]],"c":true},"a":0}},{"ty":"fl","nm":"F","bm":0,"c":{"a":0,"k":[1,0.61960786581,0.843137264252,1]},"o":{"a":0,"k":100},"r":1},{"ty":"tr","o":{"a":0,"k":100},"r":{"a":0,"k":0},"p":{"a":0,"k":[0,0]},"a":{"a":0,"k":[0,0]},"s":{"a":0,"k":[100,100]},"nm":"T","sk":{"a":0,"k":0},"sa":{"a":0,"k":0}}]}],"ip":0,"op":300,"st":0},{"ind":3,"ty":4,"nm":"S","sr":1,"ks":{"o":{"a":0,"k":100},"r":{"a":0,"k":0},"p":{"a":0,"k":[152.821,168.588,0]},"a":{"a":0,"k":[0,0,0]},"s":{"a":0,"k":[100,100,100]}},"shapes":[{"ty":"gr","nm":"S","bm":0,"it":[{"ty":"sh","nm":"P","ind":0,"ks":{"k":{"i":[[-0.035,-1.491],[4.021,-1.315],[0,0],[-0.176,0.205],[0.062,2.678],[0.562,1.241],[-0.569,0.234],[0.113,4.867],[3.664,1.832],[-0.601,0.569],[0.067,2.872],[1.025,1.503],[-0.287,0.305],[-0.593,0.46],[-0.072,-3.117],[1.772,-1.723],[-0.736,-0.379],[-0.095,-4.09],[4.245,-1.528],[-0.296,-0.596]],"o":[[0.103,4.448],[0,0],[-0.039,-0.267],[1.615,-1.886],[-0.034,-1.448],[-0.254,-0.561],[4.249,-1.745],[-0.102,-4.381],[-0.74,-0.37],[1.934,-1.831],[-0.045,-1.954],[-0.236,-0.346],[0.53,-0.563],[2.409,1.61],[0.062,2.665],[-0.593,0.577],[3.398,1.749],[0.111,4.759],[-0.626,0.226],[0.623,1.253]],"v":[[0.025,16.147],[-6.755,25.736],[-6.755,25.733],[-6.524,24.995],[-4.019,17.966],[-4.942,13.906],[-4.358,12.426],[2.726,1.587],[-3.595,-8.373],[-3.893,-10.494],[-0.845,-17.807],[-2.533,-23.071],[-2.499,-24.184],[-0.703,-25.736],[3.391,-18.29],[0.605,-11.475],[0.908,-9.331],[6.761,0.013],[-0.364,10.41],[-0.996,11.997]],"c":true},"a":0}},{"ty":"fl","nm":"F","bm":0,"c":{"a":0,"k":[0.764501929283,0.266281604767,0.553576529026,1]},"o":{"a":0,"k":100},"r":1},{"ty":"tr","o":{"a":0,"k":100},"r":{"a":0,"k":0},"p":{"a":0,"k":[0,0]},"a":{"a":0,"k":[0,0]},"s":{"a":0,"k":[100,100]},"nm":"T","sk":{"a":0,"k":0},"sa":{"a":0,"k":0}}]}],"ip":0,"op":300,"st":0},{"ind":4,"ty":4,"nm":"R","sr":1,"ks":{"o":{"a":0,"k":100},"r":{"a":0,"k":0},"p":{"a":0,"k":[172.609,149.845,0]},"a":{"a":0,"k":[0,0,0]},"s":{"a":0,"k":[100,100,100]}},"shapes":[{"ty":"gr","nm":"R","bm":0,"it":[{"ty":"sh","nm":"P","ind":0,"ks":{"k":{"i":[[0,0],[2.088,-2.088],[0,0],[-2.088,-2.088],[0,0],[-2.088,2.088],[0,0],[2.088,2.088]],"o":[[-2.088,-2.088],[0,0],[-2.088,2.088],[0,0],[2.088,2.088],[0,0],[2.088,-2.088],[0,0]],"v":[[3.77,-8.511],[-3.79,-8.511],[-8.511,-3.79],[-8.511,3.77],[-3.77,8.511],[3.79,8.511],[8.511,3.79],[8.511,-3.77]],"c":true},"a":0}},{"ty":"rd","nm":"R","r":{"a":0,"k":3}},{"ty":"fl","nm":"F","bm":0,"c":{"a":0,"k":[0.654901981354,0.117647059262,0.43137255311,1]},"o":{"a":0,"k":100},"r":1},{"ty":"tr","o":{"a":0,"k":100},"r":{"a":0,"k":0},"p":{"a":0,"k":[0,0]},"a":{"a":0,"k":[0,0]},"s":{"a":0,"k":[100,100]},"nm":"T","sk":{"a":0,"k":0},"sa":{"a":0,"k":0}}]}],"ip":0,"op":300,"st":0},{"ind":5,"ty":4,"nm":"E","sr":1,"ks":{"o":{"a":0,"k":100},"r":{"a":0,"k":0},"p":{"a":0,"k":[189.295,170.086,0]},"a":{"a":0,"k":[0,0,0]},"s":{"a":0,"k":[100,100,100]}},"shapes":[{"ty":"gr","nm":"E","bm":0,"it":[{"ty":"sh","nm":"P","ind":0,"ks":{"k":{"i":[[-3.918,-1.05],[-1.05,3.918],[3.918,1.05],[1.05,-3.918]],"o":[[3.918,1.05],[1.05,-3.918],[-3.918,-1.05],[-1.05,3.918]],"v":[[-1.901,7.094],[7.094,1.901],[1.901,-7.094],[-7.094,-1.901]],"c":true},"a":0}},{"ty":"fl","nm":"F","bm":0,"c":{"a":0,"k":[0.654901981354,0.117647059262,0.43137255311,1]},"o":{"a":0,"k":100},"r":1},{"ty":"tr","o":{"a":0,"k":100},"r":{"a":0,"k":0},"p":{"a":0,"k":[0,0]},"a":{"a":0,"k":[0,0]},"s":{"a":0,"k":[100,100]},"nm":"T","sk":{"a":0,"k":0},"sa":{"a":0,"k":0}}]}],"ip":0,"op":300,"st":0},{"ind":6,"ty":4,"nm":"E","sr":1,"ks":{"o":{"a":0,"k":100},"r":{"a":0,"k":0},"p":{"a":0,"k":[169.389,184.341,0]},"a":{"a":0,"k":[0,0,0]},"s":{"a":0,"k":[100,100,100]}},"shapes":[{"ty":"gr","nm":"E","bm":0,"it":[{"ty":"sh","nm":"P","ind":0,"ks":{"k":{"i":[[-3.103,-0.831],[-0.831,3.103],[3.103,0.831],[0.831,-3.103]],"o":[[3.103,0.831],[0.831,-3.103],[-3.103,-0.831],[-0.831,3.103]],"v":[[-1.506,5.619],[5.619,1.506],[1.506,-5.619],[-5.619,-1.506]],"c":true},"a":0}},{"ty":"fl","nm":"F","bm":0,"c":{"a":0,"k":[0.654901981354,0.117647059262,0.43137255311,1]},"o":{"a":0,"k":100},"r":1},{"ty":"tr","o":{"a":0,"k":100},"r":{"a":0,"k":0},"p":{"a":0,"k":[0,0]},"a":{"a":0,"k":[0,0]},"s":{"a":0,"k":[100,100]},"nm":"T","sk":{"a":0,"k":0},"sa":{"a":0,"k":0}}]}],"ip":0,"op":300,"st":0},{"ind":7,"ty":4,"nm":"S","sr":1,"ks":{"o":{"a":0,"k":100},"r":{"a":0,"k":0},"p":{"a":0,"k":[176.884,168.368,0]},"a":{"a":0,"k":[0,0,0]},"s":{"a":0,"k":[100,100,100]}},"shapes":[{"ty":"gr","nm":"S","bm":0,"it":[{"ty":"sh","nm":"P","ind":0,"ks":{"k":{"i":[[4.548,-16.974],[17.471,4.681],[4.006,4.034],[0,0],[0,0],[0,0],[0,0],[0,0],[0,0],[0,0],[0,0],[0,0],[-10.859,-2.91]],"o":[[-4.548,16.974],[-5.935,-1.59],[0,0],[0,0],[0,0],[0,0],[0,0],[0,0],[0,0],[0,0],[0,0],[7.867,-6.573],[17.471,4.681]],"v":[[26.938,8.477],[-12.931,30.734],[-28.001,22.033],[-26.794,17.529],[-26.86,12.464],[-22.621,9.2],[-20.158,3.389],[-20.263,-2.98],[-24.01,-7.349],[-24.503,-12.269],[-23.334,-20.497],[-26.193,-24.323],[3.539,-30.734]],"c":true},"a":0}},{"ty":"fl","nm":"F","bm":0,"c":{"a":0,"k":[1,0.525490224361,0.802287578583,1]},"o":{"a":0,"k":100},"r":1},{"ty":"tr","o":{"a":0,"k":100},"r":{"a":0,"k":0},"p":{"a":0,"k":[0,0]},"a":{"a":0,"k":[0,0]},"s":{"a":0,"k":[100,100]},"nm":"T","sk":{"a":0,"k":0},"sa":{"a":0,"k":0}}]}],"ip":0,"op":300,"st":0},{"ind":8,"ty":4,"nm":"S","sr":1,"ks":{"o":{"a":0,"k":100},"r":{"a":0,"k":0},"p":{"a":0,"k":[174.736,172.693,0]},"a":{"a":0,"k":[0,0,0]},"s":{"a":0,"k":[100,100,100]}},"shapes":[{"ty":"gr","nm":"S","bm":0,"it":[{"ty":"sh","nm":"P","ind":0,"ks":{"k":{"i":[[4.681,-17.471],[17.471,4.681],[4.121,4.692],[0,0],[0,0],[0,0],[0,0],[0,0],[0,0],[0,0],[0,0],[0,0],[0,0],[-9.302,-2.493]],"o":[[-4.681,17.471],[-6.485,-1.738],[0,0],[0,0],[0,0],[0,0],[0,0],[0,0],[0,0],[0,0],[0,0],[0,0],[7.501,-4.841],[17.471,4.681]],"v":[[27.55,8.477],[-12.561,31.635],[-28.674,21.638],[-24.25,18.194],[-23.821,9.833],[-22.78,7.394],[-20.626,4.671],[-17.33,-4.733],[-21.428,-11.655],[-24.474,-13.571],[-20.766,-20.407],[-21.229,-27.131],[-21.852,-27.513],[4.392,-31.635]],"c":true},"a":0}},{"ty":"fl","nm":"F","bm":0,"c":{"a":0,"k":[0.847058832645,0.309803932905,0.61960786581,1]},"o":{"a":0,"k":100},"r":1},{"ty":"tr","o":{"a":0,"k":100},"r":{"a":0,"k":0},"p":{"a":0,"k":[0,0]},"a":{"a":0,"k":[0,0]},"s":{"a":0,"k":[100,100]},"nm":"T","sk":{"a":0,"k":0},"sa":{"a":0,"k":0}}]}],"ip":0,"op":300,"st":0}]},{"id":"comp_4","layers":[{"ind":1,"ty":3,"nm":"N","sr":1,"ks":{"o":{"a":0,"k":0},"r":{"a":0,"k":0},"p":{"a":0,"k":[93,97,0]},"a":{"a":0,"k":[0,0,0]},"s":{"a":0,"k":[369,369,100]}},"ip":0,"op":73,"st":-23},{"ind":2,"ty":4,"nm":"l","sr":1,"ks":{"o":{"a":1,"k":[{"i":{"x":[0.833],"y":[0.833]},"o":{"x":[0.167],"y":[0.167]},"t":2.908,"s":[74.334]},{"i":{"x":[0],"y":[1.033]},"o":{"x":[0.127],"y":[0.11]},"t":21.908,"s":[74.334]},{"t":58.182,"s":[0]}]},"r":{"a":0,"k":0},"p":{"k":[{"i":{"x":0.617,"y":1},"o":{"x":0.167,"y":0.167},"t":-23,"s":[0.219,1.576,0],"ti":[0,0,0],"to":[0,0,0]},{"i":{"x":0.689,"y":1},"o":{"x":0.351,"y":0},"t":-2,"s":[0.219,1.847,0],"ti":[0,0,0],"to":[0,0,0]},{"i":{"x":0.083,"y":1},"o":{"x":0.081,"y":0},"t":2.908,"s":[0.219,1.576,0],"ti":[2.297,-3.047,0],"to":[-2.297,3.047,0]},{"t":40.908,"s":[-13.561,19.861,0]}],"a":1},"a":{"a":0,"k":[611.414,-960.086,0]},"s":{"k":[{"i":{"x":[0,0,0.667],"y":[1,1,1]},"o":{"x":[0.199,0.199,0.333],"y":[0,0,0]},"t":2.908,"s":[0.265,0.265,100]},{"t":40.908,"s":[2.252,2.252,100]}],"a":1}},"shapes":[{"ty":"gr","nm":"R","bm":0,"it":[{"ty":"rc","nm":"R","d":1,"s":{"a":0,"k":[294.828,294.828]},"p":{"a":0,"k":[0,0]},"r":{"a":0,"k":70}},{"ty":"fl","nm":"F","bm":0,"c":{"a":0,"k":[1,0.525490196078,0.803921568627,1]},"o":{"a":0,"k":100},"r":1},{"ty":"tr","o":{"a":0,"k":100},"r":{"a":0,"k":45},"p":{"a":0,"k":[611.414,-960.086]},"a":{"a":0,"k":[0,0]},"s":{"a":0,"k":[100,100]},"nm":"T","sk":{"a":0,"k":0},"sa":{"a":0,"k":0}}]}],"ip":0,"op":73,"st":-23,"parent":1},{"ind":3,"ty":4,"nm":"l","sr":1,"ks":{"o":{"a":1,"k":[{"i":{"x":[0.833],"y":[0.833]},"o":{"x":[0.167],"y":[0.167]},"t":4.637,"s":[74.334]},{"i":{"x":[0],"y":[1.022]},"o":{"x":[0.127],"y":[0.074]},"t":21.908,"s":[74.334]},{"t":46.092,"s":[0]}]},"r":{"a":0,"k":0},"p":{"k":[{"i":{"x":0.667,"y":0.667},"o":{"x":0.167,"y":0.167},"t":-23,"s":[0.219,1.576,0],"ti":[0,0,0],"to":[0,0,0]},{"i":{"x":0.083,"y":1},"o":{"x":0.081,"y":0},"t":4.637,"s":[0.219,1.576,0],"ti":[-0.352,-2.501,0],"to":[0.352,2.501,0]},{"t":42.637,"s":[2.329,16.585,0]}],"a":1},"a":{"a":0,"k":[611.414,-960.086,0]},"s":{"k":[{"i":{"x":[0,0,0.667],"y":[1,1,1]},"o":{"x":[0.199,0.199,0.333],"y":[0,0,0]},"t":4.637,"s":[0.265,0.265,100]},{"t":42.637,"s":[0.662,0.662,100]}],"a":1}},"shapes":[{"ty":"gr","nm":"R","bm":0,"it":[{"ty":"rc","nm":"R","d":1,"s":{"a":0,"k":[294.828,294.828]},"p":{"a":0,"k":[0,0]},"r":{"a":0,"k":70}},{"ty":"fl","nm":"F","bm":0,"c":{"a":0,"k":[1,0.525490196078,0.803921568627,1]},"o":{"a":0,"k":100},"r":1},{"ty":"tr","o":{"a":0,"k":100},"r":{"a":0,"k":45},"p":{"a":0,"k":[611.414,-960.086]},"a":{"a":0,"k":[0,0]},"s":{"a":0,"k":[100,100]},"nm":"T","sk":{"a":0,"k":0},"sa":{"a":0,"k":0}}]}],"ip":0,"op":73,"st":-23,"parent":1},{"ind":4,"ty":4,"nm":"l","sr":1,"ks":{"o":{"a":1,"k":[{"i":{"x":[0.833],"y":[0.833]},"o":{"x":[0.167],"y":[0.167]},"t":-0.545,"s":[74.334]},{"i":{"x":[0],"y":[1.033]},"o":{"x":[0.127],"y":[0.11]},"t":23.637,"s":[74.334]},{"t":59.908,"s":[0]}]},"r":{"a":0,"k":0},"p":{"k":[{"i":{"x":0.667,"y":0.667},"o":{"x":0.167,"y":0.167},"t":-23,"s":[0.219,1.576,0],"ti":[0,0,0],"to":[0,0,0]},{"i":{"x":0.083,"y":1},"o":{"x":0.081,"y":0},"t":-0.545,"s":[0.219,1.576,0],"ti":[-3.691,-0.046,0],"to":[3.691,0.046,0]},{"t":37.455,"s":[22.363,1.851,0]}],"a":1},"a":{"a":0,"k":[611.414,-960.086,0]},"s":{"k":[{"i":{"x":[0,0,0.667],"y":[1,1,1]},"o":{"x":[0.199,0.199,0.333],"y":[0,0,0]},"t":-0.545,"s":[0.265,0.265,100]},{"t":37.455,"s":[0.662,0.662,100]}],"a":1}},"shapes":[{"ty":"gr","nm":"R","bm":0,"it":[{"ty":"rc","nm":"R","d":1,"s":{"a":0,"k":[294.828,294.828]},"p":{"a":0,"k":[0,0]},"r":{"a":0,"k":70}},{"ty":"fl","nm":"F","bm":0,"c":{"a":0,"k":[1,0.525490196078,0.803921568627,1]},"o":{"a":0,"k":100},"r":1},{"ty":"tr","o":{"a":0,"k":100},"r":{"a":0,"k":45},"p":{"a":0,"k":[611.414,-960.086]},"a":{"a":0,"k":[0,0]},"s":{"a":0,"k":[100,100]},"nm":"T","sk":{"a":0,"k":0},"sa":{"a":0,"k":0}}]}],"ip":0,"op":73,"st":-23,"parent":1},{"ind":5,"ty":4,"nm":"l","sr":1,"ks":{"o":{"a":1,"k":[{"i":{"x":[0.833],"y":[0.833]},"o":{"x":[0.167],"y":[0.167]},"t":-0.545,"s":[74.334]},{"i":{"x":[0],"y":[1.033]},"o":{"x":[0.127],"y":[0.11]},"t":18.801,"s":[74.334]},{"t":58.182,"s":[0]}]},"r":{"a":0,"k":0},"p":{"k":[{"i":{"x":0.667,"y":0.667},"o":{"x":0.167,"y":0.167},"t":-23,"s":[0.219,1.576,0],"ti":[0,0,0],"to":[0,0,0]},{"i":{"x":0.083,"y":1},"o":{"x":0.081,"y":0},"t":-0.545,"s":[0.219,1.576,0],"ti":[-0.617,4.071,0],"to":[0.617,-4.071,0]},{"t":34,"s":[3.919,-22.847,0]}],"a":1},"a":{"a":0,"k":[611.414,-960.086,0]},"s":{"k":[{"i":{"x":[0,0,0.667],"y":[1,1,1]},"o":{"x":[0.199,0.199,0.333],"y":[0,0,0]},"t":-0.545,"s":[0.265,0.265,100]},{"t":34,"s":[1.59,1.59,100]}],"a":1}},"shapes":[{"ty":"gr","nm":"R","bm":0,"it":[{"ty":"rc","nm":"R","d":1,"s":{"a":0,"k":[294.828,294.828]},"p":{"a":0,"k":[0,0]},"r":{"a":0,"k":70}},{"ty":"fl","nm":"F","bm":0,"c":{"a":0,"k":[1,0.525490196078,0.803921568627,1]},"o":{"a":0,"k":100},"r":1},{"ty":"tr","o":{"a":0,"k":100},"r":{"a":0,"k":45},"p":{"a":0,"k":[611.414,-960.086]},"a":{"a":0,"k":[0,0]},"s":{"a":0,"k":[100,100]},"nm":"T","sk":{"a":0,"k":0},"sa":{"a":0,"k":0}}]}],"ip":0,"op":73,"st":-23,"parent":1},{"ind":6,"ty":4,"nm":"d","sr":1,"ks":{"o":{"a":1,"k":[{"i":{"x":[0.833],"y":[0.833]},"o":{"x":[0.167],"y":[0.167]},"t":2,"s":[0]},{"i":{"x":[0.833],"y":[0.833]},"o":{"x":[0.167],"y":[0.167]},"t":2.908,"s":[74.334]},{"i":{"x":[0],"y":[1.033]},"o":{"x":[0.127],"y":[0.11]},"t":28.818,"s":[74.334]},{"t":65.092,"s":[0]}]},"r":{"a":0,"k":0},"p":{"k":[{"i":{"x":0.617,"y":1},"o":{"x":0.167,"y":0.167},"t":-23,"s":[0.219,1.576,0],"ti":[0,0,0],"to":[0,0,0]},{"i":{"x":0.689,"y":1},"o":{"x":0.351,"y":0},"t":-2,"s":[0.219,2.118,0],"ti":[0,0,0],"to":[0,0,0]},{"i":{"x":0.083,"y":1},"o":{"x":0.081,"y":0},"t":2.908,"s":[0.219,1.576,0],"ti":[1.396,3.776,0],"to":[-1.396,-3.866,0]},{"i":{"x":0.083,"y":1},"o":{"x":0.167,"y":0},"t":42.637,"s":[-8.155,-21.62,0],"ti":[0,-0.09,0],"to":[-1.396,-3.776,0]},{"t":117,"s":[-8.155,-21.078,0]}],"a":1},"a":{"a":0,"k":[611.414,-960.086,0]},"s":{"k":[{"i":{"x":[0,0,0.667],"y":[1,1,1]},"o":{"x":[0.199,0.199,0.333],"y":[0,0,0]},"t":2.908,"s":[0.662,0.662,100]},{"t":42.637,"s":[0.662,0.662,100]}],"a":1}},"shapes":[{"ty":"gr","nm":"R","bm":0,"it":[{"ty":"rc","nm":"R","d":1,"s":{"a":0,"k":[294.828,294.828]},"p":{"a":0,"k":[0,0]},"r":{"a":0,"k":70}},{"ty":"fl","nm":"F","bm":0,"c":{"a":0,"k":[0.905637254902,0.22535497628,0.643072210574,1]},"o":{"a":0,"k":100},"r":1},{"ty":"tr","o":{"a":0,"k":100},"r":{"a":0,"k":45},"p":{"a":0,"k":[611.414,-960.086]},"a":{"a":0,"k":[0,0]},"s":{"a":0,"k":[100,100]},"nm":"T","sk":{"a":0,"k":0},"sa":{"a":0,"k":0}}]}],"ip":0,"op":73,"st":-23,"parent":1},{"ind":7,"ty":4,"nm":"d","sr":1,"ks":{"o":{"a":1,"k":[{"i":{"x":[0.833],"y":[0.833]},"o":{"x":[0.167],"y":[0.167]},"t":2,"s":[0]},{"i":{"x":[0.833],"y":[0.833]},"o":{"x":[0.167],"y":[0.167]},"t":2.908,"s":[74.334]},{"i":{"x":[0],"y":[1.033]},"o":{"x":[0.127],"y":[0.11]},"t":31.467,"s":[74.334]},{"t":56.455,"s":[0]}]},"r":{"a":0,"k":0},"p":{"k":[{"i":{"x":0.667,"y":0.667},"o":{"x":0.167,"y":0.167},"t":-23,"s":[0.219,1.576,0],"ti":[0,0,0],"to":[0,0,0]},{"i":{"x":0.083,"y":1},"o":{"x":0.081,"y":0},"t":2.908,"s":[0.219,1.576,0],"ti":[3.94,-0.939,0],"to":[-3.94,0.939,0]},{"t":40.988,"s":[-23.419,7.212,0]}],"a":1},"a":{"a":0,"k":[611.414,-960.086,0]},"s":{"k":[{"i":{"x":[0,0,0.667],"y":[1,1,1]},"o":{"x":[0.199,0.199,0.333],"y":[0,0,0]},"t":2.908,"s":[0.662,0.662,100]},{"t":40.988,"s":[0.662,0.662,100]}],"a":1}},"shapes":[{"ty":"gr","nm":"R","bm":0,"it":[{"ty":"rc","nm":"R","d":1,"s":{"a":0,"k":[294.828,294.828]},"p":{"a":0,"k":[0,0]},"r":{"a":0,"k":70}},{"ty":"fl","nm":"F","bm":0,"c":{"a":0,"k":[0.905637254902,0.22535497628,0.643072210574,1]},"o":{"a":0,"k":100},"r":1},{"ty":"tr","o":{"a":0,"k":100},"r":{"a":0,"k":45},"p":{"a":0,"k":[611.414,-960.086]},"a":{"a":0,"k":[0,0]},"s":{"a":0,"k":[100,100]},"nm":"T","sk":{"a":0,"k":0},"sa":{"a":0,"k":0}}]}],"ip":0,"op":73,"st":-23,"parent":1},{"ind":8,"ty":4,"nm":"d","sr":1,"ks":{"o":{"a":1,"k":[{"i":{"x":[0.833],"y":[0.833]},"o":{"x":[0.167],"y":[0.167]},"t":1.182,"s":[74.334]},{"i":{"x":[0],"y":[1.033]},"o":{"x":[0.127],"y":[0.11]},"t":35.727,"s":[74.334]},{"t":72,"s":[0]}]},"r":{"a":0,"k":0},"p":{"k":[{"i":{"x":0.667,"y":0.667},"o":{"x":0.167,"y":0.167},"t":-23,"s":[0.219,1.576,0],"ti":[0,0,0],"to":[0,0,0]},{"i":{"x":0.083,"y":1},"o":{"x":0.081,"y":0},"t":1.182,"s":[0.219,1.576,0],"ti":[-2.473,-2.517,0],"to":[2.473,2.517,0]},{"t":49.545,"s":[15.059,16.681,0]}],"a":1},"a":{"a":0,"k":[611.414,-960.086,0]},"s":{"k":[{"i":{"x":[0,0,0.667],"y":[1,1,1]},"o":{"x":[0.199,0.199,0.333],"y":[0,0,0]},"t":1.182,"s":[0.265,0.265,100]},{"t":49.545,"s":[1.192,1.192,100]}],"a":1}},"shapes":[{"ty":"gr","nm":"R","bm":0,"it":[{"ty":"rc","nm":"R","d":1,"s":{"a":0,"k":[294.828,294.828]},"p":{"a":0,"k":[0,0]},"r":{"a":0,"k":70}},{"ty":"fl","nm":"F","bm":0,"c":{"a":0,"k":[0.905637254902,0.22535497628,0.643072210574,1]},"o":{"a":0,"k":100},"r":1},{"ty":"tr","o":{"a":0,"k":100},"r":{"a":0,"k":45},"p":{"a":0,"k":[611.414,-960.086]},"a":{"a":0,"k":[0,0]},"s":{"a":0,"k":[100,100]},"nm":"T","sk":{"a":0,"k":0},"sa":{"a":0,"k":0}}]}],"ip":0,"op":73,"st":-23,"parent":1},{"ind":9,"ty":4,"nm":"d","sr":1,"ks":{"o":{"a":1,"k":[{"i":{"x":[0.833],"y":[0.833]},"o":{"x":[0.167],"y":[0.167]},"t":2.908,"s":[74.334]},{"i":{"x":[0],"y":[1.033]},"o":{"x":[0.127],"y":[0.11]},"t":27.092,"s":[74.334]},{"t":63.363,"s":[0]}]},"r":{"a":0,"k":0},"p":{"k":[{"i":{"x":0.667,"y":0.667},"o":{"x":0.167,"y":0.167},"t":-23,"s":[0.219,1.576,0],"ti":[0,0,0],"to":[0,0,0]},{"i":{"x":0.083,"y":1},"o":{"x":0.081,"y":0},"t":2.908,"s":[0.219,1.576,0],"ti":[0.655,-4.657,0],"to":[-0.655,4.657,0]},{"t":40.908,"s":[-3.713,29.517,0]}],"a":1},"a":{"a":0,"k":[611.414,-960.086,0]},"s":{"k":[{"i":{"x":[0,0,0.667],"y":[1,1,1]},"o":{"x":[0.199,0.199,0.333],"y":[0,0,0]},"t":2.908,"s":[0.265,0.265,100]},{"t":40.908,"s":[1.59,1.59,100]}],"a":1}},"shapes":[{"ty":"gr","nm":"R","bm":0,"it":[{"ty":"rc","nm":"R","d":1,"s":{"a":0,"k":[294.828,294.828]},"p":{"a":0,"k":[0,0]},"r":{"a":0,"k":70}},{"ty":"fl","nm":"F","bm":0,"c":{"a":0,"k":[0.905637254902,0.22535497628,0.643072210574,1]},"o":{"a":0,"k":100},"r":1},{"ty":"tr","o":{"a":0,"k":100},"r":{"a":0,"k":45},"p":{"a":0,"k":[611.414,-960.086]},"a":{"a":0,"k":[0,0]},"s":{"a":0,"k":[100,100]},"nm":"T","sk":{"a":0,"k":0},"sa":{"a":0,"k":0}}]}],"ip":0,"op":73,"st":-23,"parent":1},{"ind":10,"ty":4,"nm":"d","sr":1,"ks":{"o":{"a":1,"k":[{"i":{"x":[0.833],"y":[0.833]},"o":{"x":[0.167],"y":[0.167]},"t":-2.273,"s":[74.334]},{"i":{"x":[0],"y":[1.033]},"o":{"x":[0.127],"y":[0.11]},"t":35.727,"s":[74.334]},{"t":72,"s":[0]}]},"r":{"a":0,"k":0},"p":{"k":[{"i":{"x":0.667,"y":0.667},"o":{"x":0.167,"y":0.167},"t":-23,"s":[0.219,1.576,0],"ti":[0,0,0],"to":[0,0,0]},{"i":{"x":0.083,"y":1},"o":{"x":0.081,"y":0},"t":-2.273,"s":[0.219,1.576,0],"ti":[2.685,2.718,0],"to":[-2.685,-2.718,0]},{"t":49.545,"s":[-15.893,-14.73,0]}],"a":1},"a":{"a":0,"k":[611.414,-960.086,0]},"s":{"k":[{"i":{"x":[0,0,0.667],"y":[1,1,1]},"o":{"x":[0.199,0.199,0.333],"y":[0,0,0]},"t":-2.273,"s":[0.265,0.265,100]},{"t":49.545,"s":[2.385,2.385,100]}],"a":1}},"shapes":[{"ty":"gr","nm":"R","bm":0,"it":[{"ty":"rc","nm":"R","d":1,"s":{"a":0,"k":[294.828,294.828]},"p":{"a":0,"k":[0,0]},"r":{"a":0,"k":70}},{"ty":"fl","nm":"F","bm":0,"c":{"a":0,"k":[0.905637254902,0.22535497628,0.643072210574,1]},"o":{"a":0,"k":100},"r":1},{"ty":"tr","o":{"a":0,"k":100},"r":{"a":0,"k":45},"p":{"a":0,"k":[611.414,-960.086]},"a":{"a":0,"k":[0,0]},"s":{"a":0,"k":[100,100]},"nm":"T","sk":{"a":0,"k":0},"sa":{"a":0,"k":0}}]}],"ip":0,"op":73,"st":-23,"parent":1},{"ind":11,"ty":4,"nm":"d","sr":1,"ks":{"o":{"a":1,"k":[{"i":{"x":[0.833],"y":[0.833]},"o":{"x":[0.167],"y":[0.167]},"t":2.908,"s":[74.334]},{"i":{"x":[0],"y":[1.033]},"o":{"x":[0.127],"y":[0.11]},"t":27.092,"s":[74.334]},{"t":63.363,"s":[0]}]},"r":{"a":0,"k":0},"p":{"k":[{"i":{"x":0.667,"y":0.667},"o":{"x":0.167,"y":0.167},"t":-23,"s":[0.219,1.576,0],"ti":[0,0,0],"to":[0,0,0]},{"i":{"x":0.083,"y":1},"o":{"x":0.081,"y":0},"t":2.908,"s":[0.219,1.576,0],"ti":[-2.191,2.888,0],"to":[2.191,-2.888,0]},{"t":40.908,"s":[13.363,-15.755,0]}],"a":1},"a":{"a":0,"k":[611.414,-960.086,0]},"s":{"k":[{"i":{"x":[0,0,0.667],"y":[1,1,1]},"o":{"x":[0.199,0.199,0.333],"y":[0,0,0]},"t":2.908,"s":[0.265,0.265,100]},{"t":40.908,"s":[1.298,1.298,100]}],"a":1}},"shapes":[{"ty":"gr","nm":"R","bm":0,"it":[{"ty":"rc","nm":"R","d":1,"s":{"a":0,"k":[294.828,294.828]},"p":{"a":0,"k":[0,0]},"r":{"a":0,"k":70}},{"ty":"fl","nm":"F","bm":0,"c":{"a":0,"k":[0.905637254902,0.22535497628,0.643072210574,1]},"o":{"a":0,"k":100},"r":1},{"ty":"tr","o":{"a":0,"k":100},"r":{"a":0,"k":45},"p":{"a":0,"k":[611.414,-960.086]},"a":{"a":0,"k":[0,0]},"s":{"a":0,"k":[100,100]},"nm":"T","sk":{"a":0,"k":0},"sa":{"a":0,"k":0}}]}],"ip":0,"op":73,"st":-23,"parent":1}]}],"layers":[{"ind":1,"ty":0,"nm":"s","sr":1,"ks":{"o":{"a":0,"k":100},"r":{"a":0,"k":0},"p":{"a":0,"k":[125,140,0]},"a":{"a":0,"k":[100,100,0]},"s":{"a":0,"k":[100,100,100]}},"ip":-44,"op":556,"st":-44,"refId":"comp_0","h":200,"w":200},{"ind":2,"ty":0,"nm":"[","sr":1,"ks":{"o":{"a":0,"k":70},"r":{"a":0,"k":0},"p":{"a":0,"k":[128,145,0]},"a":{"a":0,"k":[91,109,0]},"s":{"a":0,"k":[120.642,120.642,100]}},"ip":2,"op":75,"st":2,"refId":"comp_4","h":218,"w":182}],"markers":[]}