{"v":"4.8.0","ip":0,"op":164,"fr":60,"w":250,"h":280,"nm":"A","assets":[{"id":"comp_0","layers":[{"ind":1,"ty":0,"nm":"s","sr":1.0,"ks":{"o":{"a":0,"k":100.0},"r":{"a":0,"k":0.0},"p":{"a":0,"k":[148.0,53.5,0.0]},"a":{"a":0,"k":[100.0,100.0,0.0]},"s":{"a":0,"k":[200.0,200.0,100.0]}},"ip":145,"op":228,"st":145.0,"refId":"comp_1","h":200,"w":200},{"ind":4,"ty":0,"nm":"[","sr":1.0,"ks":{"o":{"a":0,"k":100.0},"r":{"a":0,"k":0.0},"p":{"a":0,"k":[100.0,100.0,0.0]},"a":{"a":0,"k":[255.0,262.5,0.0]},"s":{"a":0,"k":[37.0,37.0,100.0]}},"ip":0,"op":300,"st":0.0,"refId":"comp_2","h":525,"w":510}]},{"id":"comp_1","layers":[{"ind":1,"ty":4,"nm":"S","sr":1.0,"ks":{"o":{"a":1,"k":[{"i":{"x":[0.059],"y":[1]},"o":{"x":[0.333],"y":[0]},"t":0,"s":[0.0]},{"i":{"x":[0],"y":[1]},"o":{"x":[0.131],"y":[0]},"t":5,"s":[100.0]},{"t":26,"s":[0.0]}]},"r":{"a":1,"k":[{"i":{"x":[0.667],"y":[1]},"o":{"x":[0.333],"y":[0]},"t":0,"s":[108.0]},{"t":63,"s":[720.0]}]},"p":{"a":0,"k":[100.062,99.844,0.0]},"a":{"a":0,"k":[0.062,-0.156,0.0]},"s":{"k":[{"i":{"x":[0.322,0.322,0.667],"y":[1.0,1.0,1.0]},"o":{"x":[0.333,0.333,0.333],"y":[0.0,0.0,0.0]},"t":0,"s":[33,33,100]},{"i":{"x":[0.667,0.667,0.667],"y":[1.0,1.0,1.0]},"o":{"x":[0.652,0.652,0.333],"y":[0.0,0.0,0.0]},"t":7,"s":[150,150,100]},{"t":43,"s":[50,50,100]}],"a":1}},"shapes":[{"ty":"gr","nm":"S","bm":0,"it":[{"ty":"sh","nm":"P","ind":0,"ks":{"k":{"i":[[0.0,0.0],[0.0,0.0]],"o":[[0.0,0.0],[0.0,0.0]],"v":[[-5.375,5.75],[5.375,-5.875]],"c":false},"a":0}},{"ty":"st","nm":"S","bm":0,"lc":2,"lj":1,"ml":4.0,"o":{"a":0,"k":100.0},"w":{"a":0,"k":2.0},"c":{"a":0,"k":[1.0,1.0,1.0,1.0]}},{"ty":"fl","nm":"F","bm":0,"c":{"a":0,"k":[1.0,1.0,1.0,1.0]},"o":{"a":0,"k":100.0},"r":1},{"ty":"tr","o":{"a":0,"k":100.0},"r":{"a":0,"k":0.0},"p":{"a":0,"k":[0.0,0.0]},"a":{"a":0,"k":[0.0,0.0]},"s":{"a":0,"k":[100.0,100.0]},"nm":"T","sk":{"a":0,"k":0.0},"sa":{"a":0,"k":0.0}}]}],"ip":0,"op":83,"st":0.0},{"ind":2,"ty":4,"nm":"S","sr":1.0,"ks":{"o":{"a":1,"k":[{"i":{"x":[0.059],"y":[1]},"o":{"x":[0.333],"y":[0]},"t":0,"s":[0.0]},{"i":{"x":[0],"y":[1]},"o":{"x":[0.131],"y":[0]},"t":5,"s":[100.0]},{"t":26,"s":[0.0]}]},"r":{"a":1,"k":[{"i":{"x":[0.667],"y":[1]},"o":{"x":[0.333],"y":[0]},"t":0,"s":[0.0]},{"t":63,"s":[720.0]}]},"p":{"a":0,"k":[100.062,99.844,0.0]},"a":{"a":0,"k":[0.062,-0.156,0.0]},"s":{"k":[{"i":{"x":[0.322,0.322,0.667],"y":[1.0,1.0,1.0]},"o":{"x":[0.333,0.333,0.333],"y":[0.0,0.0,0.0]},"t":0,"s":[33,33,100]},{"i":{"x":[0.667,0.667,0.667],"y":[1.0,1.0,1.0]},"o":{"x":[0.652,0.652,0.333],"y":[0.0,0.0,0.0]},"t":7,"s":[150,150,100]},{"t":43,"s":[50,50,100]}],"a":1}},"shapes":[{"ty":"gr","nm":"S","bm":0,"it":[{"ty":"sh","nm":"P","ind":0,"ks":{"k":{"i":[[0.0,0.0],[0.0,0.0]],"o":[[0.0,0.0],[0.0,0.0]],"v":[[-5.375,5.75],[5.375,-5.875]],"c":false},"a":0}},{"ty":"st","nm":"S","bm":0,"lc":2,"lj":1,"ml":4.0,"o":{"a":0,"k":100.0},"w":{"a":0,"k":2.0},"c":{"a":0,"k":[1.0,1.0,1.0,1.0]}},{"ty":"fl","nm":"F","bm":0,"c":{"a":0,"k":[1.0,1.0,1.0,1.0]},"o":{"a":0,"k":100.0},"r":1},{"ty":"tr","o":{"a":0,"k":100.0},"r":{"a":0,"k":0.0},"p":{"a":0,"k":[0.0,0.0]},"a":{"a":0,"k":[0.0,0.0]},"s":{"a":0,"k":[100.0,100.0]},"nm":"T","sk":{"a":0,"k":0.0},"sa":{"a":0,"k":0.0}}]}],"ip":0,"op":83,"st":0.0},{"ind":3,"ty":4,"nm":"s","sr":1.0,"ks":{"o":{"a":1,"k":[{"i":{"x":[0.16],"y":[1]},"o":{"x":[0.163],"y":[0.41]},"t":0,"s":[0.0]},{"i":{"x":[0.319],"y":[0.762]},"o":{"x":[0.167],"y":[0]},"t":5,"s":[74.0]},{"i":{"x":[0.682],"y":[0.829]},"o":{"x":[0.388],"y":[0.52]},"t":38.732,"s":[13.434]},{"i":{"x":[0.607],"y":[1]},"o":{"x":[0.295],"y":[0.726]},"t":63,"s":[2.046]},{"t":83,"s":[0.0]}]},"r":{"a":1,"k":[{"i":{"x":[0.549],"y":[0.67]},"o":{"x":[0.333],"y":[0]},"t":0,"s":[0.0]},{"i":{"x":[0.643],"y":[0.922]},"o":{"x":[0.268],"y":[0.691]},"t":46.988,"s":[235.834]},{"i":{"x":[0.702],"y":[1]},"o":{"x":[0.356],"y":[1.071]},"t":113.855,"s":[331.093]},{"t":150,"s":[334.861]}]},"p":{"s":true,"x":{"a":0,"k":100.0},"y":{"a":0,"k":100.0}},"a":{"a":0,"k":[0.0,0.0,0.0]},"s":{"k":[{"i":{"x":[0.667,0.667,0.667],"y":[1.0,1.0,1.0]},"o":{"x":[0.333,0.333,0.333],"y":[0.0,0.0,0.0]},"t":0,"s":[0,0,100]},{"i":{"x":[0.388,0.388,0.833],"y":[0.072,0.072,5.021]},"o":{"x":[0.172,0.172,0.333],"y":[0.0,0.0,0.0]},"t":12.752,"s":[35,35,100]},{"i":{"x":[0.68,0.68,0.7],"y":[1.0,1.0,1.0]},"o":{"x":[0.23,0.23,0.177],"y":[0.905,0.905,-8.082]},"t":37,"s":[14.774,14.774,100]},{"t":83,"s":[0,0,100]}],"a":1}},"shapes":[{"ty":"gr","nm":"G","bm":0,"it":[{"ty":"sh","nm":"P","ind":0,"ks":{"k":{"i":[[0.0,0.0],[1.12,-0.65],[0.0,0.0],[0.65,1.12],[0.0,0.0],[-1.13,0.65],[0.0,0.0],[-0.65,-1.13]],"o":[[0.65,1.12],[0.0,0.0],[-1.13,0.65],[0.0,0.0],[-0.65,-1.13],[0.0,0.0],[1.12,-0.65],[0.0,0.0]],"v":[[5.652,-0.208],[4.792,3.012],[0.212,5.652],[-3.008,4.792],[-5.648,0.212],[-4.788,-3.008],[-0.208,-5.648],[3.012,-4.788]],"c":true},"a":0}},{"ty":"fl","nm":"F","bm":0,"c":{"a":0,"k":[1.0,1.0,1.0,1.0]},"o":{"a":0,"k":100.0},"r":1},{"ty":"tr","o":{"a":0,"k":100.0},"r":{"a":0,"k":0.0},"p":{"a":0,"k":[0.0,0.0]},"a":{"a":0,"k":[0.0,0.0]},"s":{"a":0,"k":[600.0,600.0]},"nm":"T","sk":{"a":0,"k":0.0},"sa":{"a":0,"k":0.0}}]}],"ip":0,"op":83,"st":-270.0}]},{"id":"comp_2","layers":[{"ind":1,"ty":4,"nm":"h","sr":1.0,"ks":{"o":{"a":0,"k":10.0},"r":{"a":0,"k":0.0},"p":{"a":0,"k":[286.05,214.947,0.0]},"a":{"a":0,"k":[0.0,0.0,0.0]},"s":{"a":0,"k":[100.0,100.0,100.0]}},"shapes":[{"ty":"gr","nm":"h","bm":0,"it":[{"ty":"sh","nm":"P","ind":0,"ks":{"k":{"i":[[-19.675,0.0],[0.0,-39.35],[12.894,-12.894],[0.0,0.0]],"o":[[39.35,0.0],[0.0,19.675],[0.0,0.0],[12.894,-12.894]],"v":[[-10.434,-60.816],[60.816,10.434],[39.947,60.816],[-60.816,-39.947]],"c":true},"a":0}},{"ty":"fl","nm":"F","bm":0,"c":{"a":0,"k":[1.0,1.0,1.0,1.0]},"o":{"a":0,"k":100.0},"r":1},{"ty":"tr","o":{"a":0,"k":100.0},"r":{"a":0,"k":0.0},"p":{"a":0,"k":[0.0,0.0]},"a":{"a":0,"k":[0.0,0.0]},"s":{"a":0,"k":[300.0,300.0]},"nm":"T","sk":{"a":0,"k":0.0},"sa":{"a":0,"k":0.0}}]}],"ip":0,"op":300,"st":0.0},{"ind":2,"ty":0,"nm":"[","sr":1.0,"ks":{"o":{"a":0,"k":100.0},"r":{"a":0,"k":0.0},"p":{"a":0,"k":[282.0,271.0,0.0]},"a":{"a":0,"k":[175.0,175.0,0.0]},"s":{"a":0,"k":[362.0,362.0,100.0]}},"ip":0,"op":300,"st":0.0,"refId":"comp_3","h":350,"w":350},{"ind":3,"ty":4,"nm":"o","sr":1.0,"ks":{"o":{"a":0,"k":100.0},"r":{"a":0,"k":0.0},"p":{"a":0,"k":[259.553,245.768,0.0]},"a":{"a":0,"k":[0.0,0.0,0.0]},"s":{"a":0,"k":[100.0,100.0,100.0]}},"shapes":[{"ty":"gr","nm":"E","bm":0,"it":[{"ty":"el","nm":"E","d":1,"p":{"a":0,"k":[0.0,0.0]},"s":{"a":0,"k":[348.497,348.497]}},{"ty":"st","nm":"S","bm":0,"lc":1,"lj":1,"ml":4.0,"o":{"a":0,"k":100.0},"w":{"a":0,"k":42.0},"c":{"a":0,"k":[0.0,0.709803921569,0.576470588235,1.0]}},{"ty":"fl","nm":"F","bm":0,"c":{"a":0,"k":[0.443137254902,0.36862745098,0.941176470588,1.0]},"o":{"a":0,"k":0.0},"r":1},{"ty":"tr","o":{"a":0,"k":100.0},"r":{"a":0,"k":0.0},"p":{"a":0,"k":[-5.053,4.715]},"a":{"a":0,"k":[0.0,0.0]},"s":{"a":0,"k":[109.243,109.243]},"nm":"T","sk":{"a":0,"k":0.0},"sa":{"a":0,"k":0.0}}]}],"ip":0,"op":300,"st":0.0},{"ind":4,"ty":4,"nm":"m","sr":1.0,"ks":{"o":{"a":0,"k":100.0},"r":{"a":0,"k":0.0},"p":{"a":0,"k":[255.0,250.25,0.0]},"a":{"a":0,"k":[0.0,0.0,0.0]},"s":{"a":0,"k":[99.0,99.0,100.0]}},"shapes":[{"ty":"gr","nm":"E","bm":0,"it":[{"ty":"el","nm":"E","d":1,"p":{"a":0,"k":[0.0,0.0]},"s":{"a":0,"k":[142.5,142.5]}},{"ty":"fl","nm":"F","bm":0,"c":{"a":0,"k":[0.003921568627,0.525490196078,0.41568627451,1.0]},"o":{"a":0,"k":100.0},"r":1},{"ty":"tr","o":{"a":0,"k":100.0},"r":{"a":0,"k":0.0},"p":{"a":0,"k":[0.0,0.0]},"a":{"a":0,"k":[0.0,0.0]},"s":{"a":0,"k":[300.0,300.0]},"nm":"T","sk":{"a":0,"k":0.0},"sa":{"a":0,"k":0.0}}]}],"ip":0,"op":300,"st":0.0},{"ind":5,"ty":4,"nm":"s","sr":1.0,"ks":{"o":{"a":0,"k":100.0},"r":{"a":0,"k":0.0},"p":{"a":0,"k":[254.75,251.25,0.0]},"a":{"a":0,"k":[0.0,0.0,0.0]},"s":{"a":0,"k":[100.0,100.0,100.0]}},"shapes":[{"ty":"gr","nm":"E","bm":0,"it":[{"ty":"el","nm":"E","d":1,"p":{"a":0,"k":[0.0,0.0]},"s":{"a":0,"k":[142.5,142.5]}},{"ty":"fl","nm":"F","bm":0,"c":{"a":0,"k":[0.0,0.643137254902,0.490196078431,1.0]},"o":{"a":0,"k":100.0},"r":1},{"ty":"tr","o":{"a":0,"k":100.0},"r":{"a":0,"k":0.0},"p":{"a":0,"k":[0.0,18.0]},"a":{"a":0,"k":[0.0,0.0]},"s":{"a":0,"k":[300.0,300.0]},"nm":"T","sk":{"a":0,"k":0.0},"sa":{"a":0,"k":0.0}}]}],"ip":0,"op":300,"st":0.0},{"ind":6,"ty":4,"nm":"g","sr":1.0,"ks":{"o":{"a":0,"k":10.0},"r":{"a":0,"k":0.0},"p":{"a":0,"k":[255.5,261.0,0.0]},"a":{"a":0,"k":[0.0,0.0,0.0]},"s":{"a":0,"k":[106.264,106.264,100.0]}},"shapes":[{"ty":"gr","nm":"E","bm":0,"it":[{"ty":"el","nm":"E","d":1,"p":{"a":0,"k":[0.0,0.0]},"s":{"a":0,"k":[143.0,149.0]}},{"ty":"st","nm":"S","bm":0,"lc":1,"lj":1,"ml":4.0,"o":{"a":0,"k":100.0},"w":{"a":0,"k":14.0},"c":{"a":0,"k":[0.49597120098,1.0,0.90532059015,1.0]}},{"ty":"tr","o":{"a":0,"k":100.0},"r":{"a":0,"k":0.0},"p":{"a":0,"k":[0.0,2.0]},"a":{"a":0,"k":[0.0,0.0]},"s":{"a":0,"k":[300.0,300.0]},"nm":"T","sk":{"a":0,"k":0.0},"sa":{"a":0,"k":0.0}}]}],"ip":0,"op":300,"st":0.0}]},{"id":"comp_3","layers":[{"ind":1,"ty":4,"nm":"I","sr":1.0,"ks":{"o":{"a":0,"k":100.0},"r":{"a":0,"k":0.0},"p":{"a":0,"k":[166.178,164.154,0.0]},"a":{"a":0,"k":[0.0,0.0,0.0]},"s":{"a":0,"k":[100.0,100.0,100.0]}},"shapes":[{"ty":"gr","nm":"I","bm":0,"it":[{"ty":"sh","nm":"P","ind":0,"ks":{"k":{"i":[[3.925,1.336],[1.201,0.107],[0.682,-1.609],[-1.287,-0.438],[-2.439,-2.862],[-1.211,-1.634],[-0.2,-0.271],[-1.075,-1.356],[-3.72,-1.977],[-4.626,2.206],[-1.179,5.263],[1.232,4.038],[1.435,3.233],[0.198,0.45],[0.31,0.737],[2.224,0.884],[-1.105,-2.508],[-0.206,-0.465],[-0.985,-3.229],[0.699,-3.119],[3.579,-1.707],[3.238,1.721],[2.466,3.11],[1.011,1.369],[0.206,0.278],[1.321,1.55]],"o":[[-1.116,-0.38],[-0.952,1.485],[1.668,-0.155],[2.719,0.925],[1.209,1.418],[0.198,0.267],[1.011,1.369],[2.564,3.234],[4.831,2.568],[4.624,-2.205],[0.947,-4.229],[-1.074,-3.519],[-0.205,-0.462],[-0.344,-0.781],[-1.94,-1.38],[0.751,2.483],[0.206,0.466],[1.445,3.259],[1.121,3.675],[-0.809,3.612],[-3.578,1.706],[-2.837,-1.508],[-1.021,-1.288],[-0.203,-0.275],[-1.214,-1.639],[-2.619,-3.073]],"v":[[-20.963,-8.312],[-24.436,-9.047],[-26.894,-4.396],[-22.494,-3.904],[-14.941,1.954],[-11.348,6.562],[-10.751,7.37],[-7.621,11.508],[1.609,19.9],[16.735,19.823],[26.449,8.231],[25.484,-4.338],[21.416,-14.603],[20.81,-15.972],[19.826,-18.249],[13.554,-21.657],[16.505,-14.1],[17.123,-12.703],[20.987,-2.982],[21.864,7.227],[14.705,15.624],[3.834,15.792],[-3.927,8.624],[-6.948,4.628],[-7.561,3.799],[-11.351,-1.058]],"c":true},"a":0}},{"ty":"fl","nm":"F","bm":0,"c":{"a":0,"k":[0.0,0.827450990677,0.674509823322,1.0]},"o":{"a":0,"k":100.0},"r":1},{"ty":"tr","o":{"a":0,"k":100.0},"r":{"a":0,"k":0.0},"p":{"a":0,"k":[0.0,0.0]},"a":{"a":0,"k":[0.0,0.0]},"s":{"a":0,"k":[100.0,100.0]},"nm":"T","sk":{"a":0,"k":0.0},"sa":{"a":0,"k":0.0}}]}],"ip":0,"op":300,"st":0.0},{"ind":2,"ty":4,"nm":"E","sr":1.0,"ks":{"o":{"a":0,"k":100.0},"r":{"a":0,"k":0.0},"p":{"a":0,"k":[167.498,169.548,0.0]},"a":{"a":0,"k":[0.0,0.0,0.0]},"s":{"a":0,"k":[100.0,100.0,100.0]}},"shapes":[{"ty":"gr","nm":"E","bm":0,"it":[{"ty":"sh","nm":"P","ind":0,"ks":{"k":{"i":[[-15.739,5.349],[5.254,15.2],[15.739,-5.349],[-5.254,-15.2]],"o":[[15.739,-5.349],[-5.254,-15.2],[-15.739,5.349],[5.254,15.2]],"v":[[9.989,27.501],[28.974,-9.706],[-9.037,-27.543],[-29.078,10.023]],"c":true},"a":0}},{"ty":"fl","nm":"F","bm":0,"c":{"a":0,"k":[0.0,0.709163427353,0.578085839748,1.0]},"o":{"a":0,"k":100.0},"r":1},{"ty":"tr","o":{"a":0,"k":100.0},"r":{"a":0,"k":0.0},"p":{"a":0,"k":[0.0,0.0]},"a":{"a":0,"k":[0.0,0.0]},"s":{"a":0,"k":[100.0,100.0]},"nm":"T","sk":{"a":0,"k":0.0},"sa":{"a":0,"k":0.0}}]}],"ip":0,"op":300,"st":0.0}]},{"id":"comp_4","layers":[{"ind":1,"ty":3,"nm":"N","sr":1.0,"ks":{"o":{"a":0,"k":0.0},"r":{"a":0,"k":0.0},"p":{"a":0,"k":[93.0,97.0,0.0]},"a":{"a":0,"k":[0.0,0.0,0.0]},"s":{"a":0,"k":[369.0,369.0,100.0]}},"ip":0,"op":73,"st":-23.0},{"ind":2,"ty":4,"nm":"l","sr":1.0,"ks":{"o":{"a":1,"k":[{"i":{"x":[0.833],"y":[0.833]},"o":{"x":[0.167],"y":[0.167]},"t":2.908,"s":[74.334]},{"i":{"x":[0],"y":[1.033]},"o":{"x":[0.127],"y":[0.11]},"t":21.908,"s":[74.334]},{"t":58.182,"s":[0.0]}]},"r":{"a":0,"k":0.0},"p":{"k":[{"i":{"x":0.617,"y":1.0},"o":{"x":0.167,"y":0.167},"t":-23,"s":[0.219,1.576,0],"ti":[0,0,0],"to":[0,0,0]},{"i":{"x":0.689,"y":1.0},"o":{"x":0.351,"y":0.0},"t":-2,"s":[0.219,1.847,0],"ti":[0,0,0],"to":[0,0,0]},{"i":{"x":0.083,"y":1.0},"o":{"x":0.081,"y":0.0},"t":2.908,"s":[0.219,1.576,0],"ti":[2.297,-3.047,0],"to":[-2.297,3.047,0]},{"t":40.908,"s":[-13.561,19.861,0]}],"a":1},"a":{"a":0,"k":[611.414,-960.086,0.0]},"s":{"k":[{"i":{"x":[0.0,0.0,0.667],"y":[1.0,1.0,1.0]},"o":{"x":[0.199,0.199,0.333],"y":[0.0,0.0,0.0]},"t":2.908,"s":[0.265,0.265,100]},{"t":40.908,"s":[2.252,2.252,100]}],"a":1}},"shapes":[{"ty":"gr","nm":"R","bm":0,"it":[{"ty":"rc","nm":"R","d":1,"s":{"a":0,"k":[294.828,294.828]},"p":{"a":0,"k":[0.0,0.0]},"r":{"a":0,"k":70.0}},{"ty":"fl","nm":"F","bm":0,"c":{"a":0,"k":[0.132100109026,0.859941789216,0.723220166973,1.0]},"o":{"a":0,"k":100.0},"r":1},{"ty":"tr","o":{"a":0,"k":100.0},"r":{"a":0,"k":45.0},"p":{"a":0,"k":[611.414,-960.086]},"a":{"a":0,"k":[0.0,0.0]},"s":{"a":0,"k":[100.0,100.0]},"nm":"T","sk":{"a":0,"k":0.0},"sa":{"a":0,"k":0.0}}]}],"ip":0,"op":73,"st":-23.0,"parent":1},{"ind":3,"ty":4,"nm":"l","sr":1.0,"ks":{"o":{"a":1,"k":[{"i":{"x":[0.833],"y":[0.833]},"o":{"x":[0.167],"y":[0.167]},"t":4.637,"s":[74.334]},{"i":{"x":[0],"y":[1.022]},"o":{"x":[0.127],"y":[0.074]},"t":21.908,"s":[74.334]},{"t":46.092,"s":[0.0]}]},"r":{"a":0,"k":0.0},"p":{"k":[{"i":{"x":0.667,"y":0.667},"o":{"x":0.167,"y":0.167},"t":-23,"s":[0.219,1.576,0],"ti":[0,0,0],"to":[0,0,0]},{"i":{"x":0.083,"y":1.0},"o":{"x":0.081,"y":0.0},"t":4.637,"s":[0.219,1.576,0],"ti":[-0.352,-2.501,0],"to":[0.352,2.501,0]},{"t":42.637,"s":[2.329,16.585,0]}],"a":1},"a":{"a":0,"k":[611.414,-960.086,0.0]},"s":{"k":[{"i":{"x":[0.0,0.0,0.667],"y":[1.0,1.0,1.0]},"o":{"x":[0.199,0.199,0.333],"y":[0.0,0.0,0.0]},"t":4.637,"s":[0.265,0.265,100]},{"t":42.637,"s":[0.662,0.662,100]}],"a":1}},"shapes":[{"ty":"gr","nm":"R","bm":0,"it":[{"ty":"rc","nm":"R","d":1,"s":{"a":0,"k":[294.828,294.828]},"p":{"a":0,"k":[0.0,0.0]},"r":{"a":0,"k":70.0}},{"ty":"fl","nm":"F","bm":0,"c":{"a":0,"k":[0.132100109026,0.859941789216,0.723220166973,1.0]},"o":{"a":0,"k":100.0},"r":1},{"ty":"tr","o":{"a":0,"k":100.0},"r":{"a":0,"k":45.0},"p":{"a":0,"k":[611.414,-960.086]},"a":{"a":0,"k":[0.0,0.0]},"s":{"a":0,"k":[100.0,100.0]},"nm":"T","sk":{"a":0,"k":0.0},"sa":{"a":0,"k":0.0}}]}],"ip":0,"op":73,"st":-23.0,"parent":1},{"ind":4,"ty":4,"nm":"l","sr":1.0,"ks":{"o":{"a":1,"k":[{"i":{"x":[0.833],"y":[0.833]},"o":{"x":[0.167],"y":[0.167]},"t":-0.545,"s":[74.334]},{"i":{"x":[0],"y":[1.033]},"o":{"x":[0.127],"y":[0.11]},"t":23.637,"s":[74.334]},{"t":59.908,"s":[0.0]}]},"r":{"a":0,"k":0.0},"p":{"k":[{"i":{"x":0.667,"y":0.667},"o":{"x":0.167,"y":0.167},"t":-23,"s":[0.219,1.576,0],"ti":[0,0,0],"to":[0,0,0]},{"i":{"x":0.083,"y":1.0},"o":{"x":0.081,"y":0.0},"t":-0.545,"s":[0.219,1.576,0],"ti":[-3.691,-0.046,0],"to":[3.691,0.046,0]},{"t":37.455,"s":[22.363,1.851,0]}],"a":1},"a":{"a":0,"k":[611.414,-960.086,0.0]},"s":{"k":[{"i":{"x":[0.0,0.0,0.667],"y":[1.0,1.0,1.0]},"o":{"x":[0.199,0.199,0.333],"y":[0.0,0.0,0.0]},"t":-0.545,"s":[0.265,0.265,100]},{"t":37.455,"s":[0.662,0.662,100]}],"a":1}},"shapes":[{"ty":"gr","nm":"R","bm":0,"it":[{"ty":"rc","nm":"R","d":1,"s":{"a":0,"k":[294.828,294.828]},"p":{"a":0,"k":[0.0,0.0]},"r":{"a":0,"k":70.0}},{"ty":"fl","nm":"F","bm":0,"c":{"a":0,"k":[0.132100109026,0.859941789216,0.723220166973,1.0]},"o":{"a":0,"k":100.0},"r":1},{"ty":"tr","o":{"a":0,"k":100.0},"r":{"a":0,"k":45.0},"p":{"a":0,"k":[611.414,-960.086]},"a":{"a":0,"k":[0.0,0.0]},"s":{"a":0,"k":[100.0,100.0]},"nm":"T","sk":{"a":0,"k":0.0},"sa":{"a":0,"k":0.0}}]}],"ip":0,"op":73,"st":-23.0,"parent":1},{"ind":5,"ty":4,"nm":"l","sr":1.0,"ks":{"o":{"a":1,"k":[{"i":{"x":[0.833],"y":[0.833]},"o":{"x":[0.167],"y":[0.167]},"t":-0.545,"s":[74.334]},{"i":{"x":[0],"y":[1.033]},"o":{"x":[0.127],"y":[0.11]},"t":18.801,"s":[74.334]},{"t":58.182,"s":[0.0]}]},"r":{"a":0,"k":0.0},"p":{"k":[{"i":{"x":0.667,"y":0.667},"o":{"x":0.167,"y":0.167},"t":-23,"s":[0.219,1.576,0],"ti":[0,0,0],"to":[0,0,0]},{"i":{"x":0.083,"y":1.0},"o":{"x":0.081,"y":0.0},"t":-0.545,"s":[0.219,1.576,0],"ti":[-0.617,4.071,0],"to":[0.617,-4.071,0]},{"t":34,"s":[3.919,-22.847,0]}],"a":1},"a":{"a":0,"k":[611.414,-960.086,0.0]},"s":{"k":[{"i":{"x":[0.0,0.0,0.667],"y":[1.0,1.0,1.0]},"o":{"x":[0.199,0.199,0.333],"y":[0.0,0.0,0.0]},"t":-0.545,"s":[0.265,0.265,100]},{"t":34,"s":[1.59,1.59,100]}],"a":1}},"shapes":[{"ty":"gr","nm":"R","bm":0,"it":[{"ty":"rc","nm":"R","d":1,"s":{"a":0,"k":[294.828,294.828]},"p":{"a":0,"k":[0.0,0.0]},"r":{"a":0,"k":70.0}},{"ty":"fl","nm":"F","bm":0,"c":{"a":0,"k":[0.132100109026,0.859941789216,0.723220166973,1.0]},"o":{"a":0,"k":100.0},"r":1},{"ty":"tr","o":{"a":0,"k":100.0},"r":{"a":0,"k":45.0},"p":{"a":0,"k":[611.414,-960.086]},"a":{"a":0,"k":[0.0,0.0]},"s":{"a":0,"k":[100.0,100.0]},"nm":"T","sk":{"a":0,"k":0.0},"sa":{"a":0,"k":0.0}}]}],"ip":0,"op":73,"st":-23.0,"parent":1},{"ind":6,"ty":4,"nm":"d","sr":1.0,"ks":{"o":{"a":1,"k":[{"i":{"x":[0.833],"y":[0.833]},"o":{"x":[0.167],"y":[0.167]},"t":2,"s":[0.0]},{"i":{"x":[0.833],"y":[0.833]},"o":{"x":[0.167],"y":[0.167]},"t":2.908,"s":[74.334]},{"i":{"x":[0],"y":[1.033]},"o":{"x":[0.127],"y":[0.11]},"t":28.818,"s":[74.334]},{"t":65.092,"s":[0.0]}]},"r":{"a":0,"k":0.0},"p":{"k":[{"i":{"x":0.617,"y":1.0},"o":{"x":0.167,"y":0.167},"t":-23,"s":[0.219,1.576,0],"ti":[0,0,0],"to":[0,0,0]},{"i":{"x":0.689,"y":1.0},"o":{"x":0.351,"y":0.0},"t":-2,"s":[0.219,2.118,0],"ti":[0,0,0],"to":[0,0,0]},{"i":{"x":0.083,"y":1.0},"o":{"x":0.081,"y":0.0},"t":2.908,"s":[0.219,1.576,0],"ti":[1.396,3.776,0],"to":[-1.396,-3.866,0]},{"i":{"x":0.083,"y":1.0},"o":{"x":0.167,"y":0.0},"t":42.637,"s":[-8.155,-21.62,0],"ti":[0,-0.09,0],"to":[-1.396,-3.776,0]},{"t":117,"s":[-8.155,-21.078,0]}],"a":1},"a":{"a":0,"k":[611.414,-960.086,0.0]},"s":{"k":[{"i":{"x":[0.0,0.0,0.667],"y":[1.0,1.0,1.0]},"o":{"x":[0.199,0.199,0.333],"y":[0.0,0.0,0.0]},"t":2.908,"s":[0.662,0.662,100]},{"t":42.637,"s":[0.662,0.662,100]}],"a":1}},"shapes":[{"ty":"gr","nm":"R","bm":0,"it":[{"ty":"rc","nm":"R","d":1,"s":{"a":0,"k":[294.828,294.828]},"p":{"a":0,"k":[0.0,0.0]},"r":{"a":0,"k":70.0}},{"ty":"fl","nm":"F","bm":0,"c":{"a":0,"k":[0.012992181965,0.609727328431,0.497633421655,1.0]},"o":{"a":0,"k":100.0},"r":1},{"ty":"tr","o":{"a":0,"k":100.0},"r":{"a":0,"k":45.0},"p":{"a":0,"k":[611.414,-960.086]},"a":{"a":0,"k":[0.0,0.0]},"s":{"a":0,"k":[100.0,100.0]},"nm":"T","sk":{"a":0,"k":0.0},"sa":{"a":0,"k":0.0}}]}],"ip":0,"op":73,"st":-23.0,"parent":1},{"ind":7,"ty":4,"nm":"d","sr":1.0,"ks":{"o":{"a":1,"k":[{"i":{"x":[0.833],"y":[0.833]},"o":{"x":[0.167],"y":[0.167]},"t":2,"s":[0.0]},{"i":{"x":[0.833],"y":[0.833]},"o":{"x":[0.167],"y":[0.167]},"t":2.908,"s":[74.334]},{"i":{"x":[0],"y":[1.033]},"o":{"x":[0.127],"y":[0.11]},"t":31.467,"s":[74.334]},{"t":56.455,"s":[0.0]}]},"r":{"a":0,"k":0.0},"p":{"k":[{"i":{"x":0.667,"y":0.667},"o":{"x":0.167,"y":0.167},"t":-23,"s":[0.219,1.576,0],"ti":[0,0,0],"to":[0,0,0]},{"i":{"x":0.083,"y":1.0},"o":{"x":0.081,"y":0.0},"t":2.908,"s":[0.219,1.576,0],"ti":[3.94,-0.939,0],"to":[-3.94,0.939,0]},{"t":40.988,"s":[-23.419,7.212,0]}],"a":1},"a":{"a":0,"k":[611.414,-960.086,0.0]},"s":{"k":[{"i":{"x":[0.0,0.0,0.667],"y":[1.0,1.0,1.0]},"o":{"x":[0.199,0.199,0.333],"y":[0.0,0.0,0.0]},"t":2.908,"s":[0.662,0.662,100]},{"t":40.988,"s":[0.662,0.662,100]}],"a":1}},"shapes":[{"ty":"gr","nm":"R","bm":0,"it":[{"ty":"rc","nm":"R","d":1,"s":{"a":0,"k":[294.828,294.828]},"p":{"a":0,"k":[0.0,0.0]},"r":{"a":0,"k":70.0}},{"ty":"fl","nm":"F","bm":0,"c":{"a":0,"k":[0.012992181965,0.609727328431,0.497633421655,1.0]},"o":{"a":0,"k":100.0},"r":1},{"ty":"tr","o":{"a":0,"k":100.0},"r":{"a":0,"k":45.0},"p":{"a":0,"k":[611.414,-960.086]},"a":{"a":0,"k":[0.0,0.0]},"s":{"a":0,"k":[100.0,100.0]},"nm":"T","sk":{"a":0,"k":0.0},"sa":{"a":0,"k":0.0}}]}],"ip":0,"op":73,"st":-23.0,"parent":1},{"ind":8,"ty":4,"nm":"d","sr":1.0,"ks":{"o":{"a":1,"k":[{"i":{"x":[0.833],"y":[0.833]},"o":{"x":[0.167],"y":[0.167]},"t":1.182,"s":[74.334]},{"i":{"x":[0],"y":[1.033]},"o":{"x":[0.127],"y":[0.11]},"t":35.727,"s":[74.334]},{"t":72,"s":[0.0]}]},"r":{"a":0,"k":0.0},"p":{"k":[{"i":{"x":0.667,"y":0.667},"o":{"x":0.167,"y":0.167},"t":-23,"s":[0.219,1.576,0],"ti":[0,0,0],"to":[0,0,0]},{"i":{"x":0.083,"y":1.0},"o":{"x":0.081,"y":0.0},"t":1.182,"s":[0.219,1.576,0],"ti":[-2.473,-2.517,0],"to":[2.473,2.517,0]},{"t":49.545,"s":[15.059,16.681,0]}],"a":1},"a":{"a":0,"k":[611.414,-960.086,0.0]},"s":{"k":[{"i":{"x":[0.0,0.0,0.667],"y":[1.0,1.0,1.0]},"o":{"x":[0.199,0.199,0.333],"y":[0.0,0.0,0.0]},"t":1.182,"s":[0.265,0.265,100]},{"t":49.545,"s":[1.192,1.192,100]}],"a":1}},"shapes":[{"ty":"gr","nm":"R","bm":0,"it":[{"ty":"rc","nm":"R","d":1,"s":{"a":0,"k":[294.828,294.828]},"p":{"a":0,"k":[0.0,0.0]},"r":{"a":0,"k":70.0}},{"ty":"fl","nm":"F","bm":0,"c":{"a":0,"k":[0.012992181965,0.609727328431,0.497633421655,1.0]},"o":{"a":0,"k":100.0},"r":1},{"ty":"tr","o":{"a":0,"k":100.0},"r":{"a":0,"k":45.0},"p":{"a":0,"k":[611.414,-960.086]},"a":{"a":0,"k":[0.0,0.0]},"s":{"a":0,"k":[100.0,100.0]},"nm":"T","sk":{"a":0,"k":0.0},"sa":{"a":0,"k":0.0}}]}],"ip":0,"op":73,"st":-23.0,"parent":1},{"ind":9,"ty":4,"nm":"d","sr":1.0,"ks":{"o":{"a":1,"k":[{"i":{"x":[0.833],"y":[0.833]},"o":{"x":[0.167],"y":[0.167]},"t":2.908,"s":[74.334]},{"i":{"x":[0],"y":[1.033]},"o":{"x":[0.127],"y":[0.11]},"t":27.092,"s":[74.334]},{"t":63.363,"s":[0.0]}]},"r":{"a":0,"k":0.0},"p":{"k":[{"i":{"x":0.667,"y":0.667},"o":{"x":0.167,"y":0.167},"t":-23,"s":[0.219,1.576,0],"ti":[0,0,0],"to":[0,0,0]},{"i":{"x":0.083,"y":1.0},"o":{"x":0.081,"y":0.0},"t":2.908,"s":[0.219,1.576,0],"ti":[0.655,-4.657,0],"to":[-0.655,4.657,0]},{"t":40.908,"s":[-3.713,29.517,0]}],"a":1},"a":{"a":0,"k":[611.414,-960.086,0.0]},"s":{"k":[{"i":{"x":[0.0,0.0,0.667],"y":[1.0,1.0,1.0]},"o":{"x":[0.199,0.199,0.333],"y":[0.0,0.0,0.0]},"t":2.908,"s":[0.265,0.265,100]},{"t":40.908,"s":[1.59,1.59,100]}],"a":1}},"shapes":[{"ty":"gr","nm":"R","bm":0,"it":[{"ty":"rc","nm":"R","d":1,"s":{"a":0,"k":[294.828,294.828]},"p":{"a":0,"k":[0.0,0.0]},"r":{"a":0,"k":70.0}},{"ty":"fl","nm":"F","bm":0,"c":{"a":0,"k":[0.012992181965,0.609727328431,0.497633421655,1.0]},"o":{"a":0,"k":100.0},"r":1},{"ty":"tr","o":{"a":0,"k":100.0},"r":{"a":0,"k":45.0},"p":{"a":0,"k":[611.414,-960.086]},"a":{"a":0,"k":[0.0,0.0]},"s":{"a":0,"k":[100.0,100.0]},"nm":"T","sk":{"a":0,"k":0.0},"sa":{"a":0,"k":0.0}}]}],"ip":0,"op":73,"st":-23.0,"parent":1},{"ind":10,"ty":4,"nm":"d","sr":1.0,"ks":{"o":{"a":1,"k":[{"i":{"x":[0.833],"y":[0.833]},"o":{"x":[0.167],"y":[0.167]},"t":-2.273,"s":[74.334]},{"i":{"x":[0],"y":[1.033]},"o":{"x":[0.127],"y":[0.11]},"t":35.727,"s":[74.334]},{"t":72,"s":[0.0]}]},"r":{"a":0,"k":0.0},"p":{"k":[{"i":{"x":0.667,"y":0.667},"o":{"x":0.167,"y":0.167},"t":-23,"s":[0.219,1.576,0],"ti":[0,0,0],"to":[0,0,0]},{"i":{"x":0.083,"y":1.0},"o":{"x":0.081,"y":0.0},"t":-2.273,"s":[0.219,1.576,0],"ti":[2.685,2.718,0],"to":[-2.685,-2.718,0]},{"t":49.545,"s":[-15.893,-14.73,0]}],"a":1},"a":{"a":0,"k":[611.414,-960.086,0.0]},"s":{"k":[{"i":{"x":[0.0,0.0,0.667],"y":[1.0,1.0,1.0]},"o":{"x":[0.199,0.199,0.333],"y":[0.0,0.0,0.0]},"t":-2.273,"s":[0.265,0.265,100]},{"t":49.545,"s":[2.385,2.385,100]}],"a":1}},"shapes":[{"ty":"gr","nm":"R","bm":0,"it":[{"ty":"rc","nm":"R","d":1,"s":{"a":0,"k":[294.828,294.828]},"p":{"a":0,"k":[0.0,0.0]},"r":{"a":0,"k":70.0}},{"ty":"fl","nm":"F","bm":0,"c":{"a":0,"k":[0.012992181965,0.609727328431,0.497633421655,1.0]},"o":{"a":0,"k":100.0},"r":1},{"ty":"tr","o":{"a":0,"k":100.0},"r":{"a":0,"k":45.0},"p":{"a":0,"k":[611.414,-960.086]},"a":{"a":0,"k":[0.0,0.0]},"s":{"a":0,"k":[100.0,100.0]},"nm":"T","sk":{"a":0,"k":0.0},"sa":{"a":0,"k":0.0}}]}],"ip":0,"op":73,"st":-23.0,"parent":1},{"ind":11,"ty":4,"nm":"d","sr":1.0,"ks":{"o":{"a":1,"k":[{"i":{"x":[0.833],"y":[0.833]},"o":{"x":[0.167],"y":[0.167]},"t":2.908,"s":[74.334]},{"i":{"x":[0],"y":[1.033]},"o":{"x":[0.127],"y":[0.11]},"t":27.092,"s":[74.334]},{"t":63.363,"s":[0.0]}]},"r":{"a":0,"k":0.0},"p":{"k":[{"i":{"x":0.667,"y":0.667},"o":{"x":0.167,"y":0.167},"t":-23,"s":[0.219,1.576,0],"ti":[0,0,0],"to":[0,0,0]},{"i":{"x":0.083,"y":1.0},"o":{"x":0.081,"y":0.0},"t":2.908,"s":[0.219,1.576,0],"ti":[-2.191,2.888,0],"to":[2.191,-2.888,0]},{"t":40.908,"s":[13.363,-15.755,0]}],"a":1},"a":{"a":0,"k":[611.414,-960.086,0.0]},"s":{"k":[{"i":{"x":[0.0,0.0,0.667],"y":[1.0,1.0,1.0]},"o":{"x":[0.199,0.199,0.333],"y":[0.0,0.0,0.0]},"t":2.908,"s":[0.265,0.265,100]},{"t":40.908,"s":[1.298,1.298,100]}],"a":1}},"shapes":[{"ty":"gr","nm":"R","bm":0,"it":[{"ty":"rc","nm":"R","d":1,"s":{"a":0,"k":[294.828,294.828]},"p":{"a":0,"k":[0.0,0.0]},"r":{"a":0,"k":70.0}},{"ty":"fl","nm":"F","bm":0,"c":{"a":0,"k":[0.012992181965,0.609727328431,0.497633421655,1.0]},"o":{"a":0,"k":100.0},"r":1},{"ty":"tr","o":{"a":0,"k":100.0},"r":{"a":0,"k":45.0},"p":{"a":0,"k":[611.414,-960.086]},"a":{"a":0,"k":[0.0,0.0]},"s":{"a":0,"k":[100.0,100.0]},"nm":"T","sk":{"a":0,"k":0.0},"sa":{"a":0,"k":0.0}}]}],"ip":0,"op":73,"st":-23.0,"parent":1}]}],"layers":[{"ind":1,"ty":0,"nm":"s","sr":1.0,"ks":{"o":{"a":0,"k":100.0},"r":{"a":0,"k":0.0},"p":{"a":0,"k":[125.0,140.0,0.0]},"a":{"a":0,"k":[100.0,100.0,0.0]},"s":{"a":0,"k":[100.0,100.0,100.0]}},"ip":-44,"op":556,"st":-44.0,"refId":"comp_0","h":200,"w":200},{"ind":2,"ty":0,"nm":"[","sr":1.0,"ks":{"o":{"a":0,"k":70.0},"r":{"a":0,"k":0.0},"p":{"a":0,"k":[128.0,145.0,0.0]},"a":{"a":0,"k":[91.0,109.0,0.0]},"s":{"a":0,"k":[120.642,120.642,100.0]}},"ip":2,"op":75,"st":2.0,"refId":"comp_4","h":218,"w":182}],"markers":[]}