{"nm":"J","h":150,"w":150,"meta":{"g":"LottieFiles Figma v67"},"layers":[{"ty":0,"nm":"G","sr":1,"st":0,"op":61,"ip":0,"hasMask":false,"ao":0,"ks":{"a":{"a":0,"k":[63.72,64.75]},"s":{"a":0,"k":[100,100]},"sk":{"a":0,"k":0},"p":{"a":0,"k":[68.33,73.71]},"r":{"a":0,"k":0},"sa":{"a":0,"k":0},"o":{"a":0,"k":100}},"w":150,"h":150,"refId":"1","ind":1}],"v":"5.7.0","fr":60,"op":60,"ip":0,"assets":[{"nm":"[","id":"1","layers":[{"ty":4,"nm":"S","sr":1,"st":0,"op":61,"ip":0,"hasMask":false,"ao":0,"ks":{"a":{"a":0,"k":[52.4,24.49]},"s":{"a":0,"k":[100,100]},"sk":{"a":0,"k":0},"p":{"a":0,"k":[74.48,98.6]},"r":{"a":0,"k":0},"sa":{"a":0,"k":0},"o":{"a":0,"k":100}},"shapes":[{"ty":"sh","nm":"","d":1,"ks":{"a":0,"k":{"c":true,"i":[[0,0],[-20.35,0],[-3.92,27.69],[0,0],[24.83,0],[9.24,11.81],[0,0],[0,0]],"o":[[10.1,16.04],[28.77,0],[0,0],[-4.47,23.45],[-16.3,0],[0,0],[0,0],[0,0]],"v":[[0,22.28],[48.32,48.98],[104.8,0],[98.05,1.63],[48.32,42.57],[8.39,23.23],[7.93,23.34],[0,22.28]]}}},{"ty":"fl","nm":"","c":{"a":0,"k":[0.553,0.843,0.984]},"r":2,"o":{"a":0,"k":100}}],"ind":1},{"ty":0,"nm":"n","sr":1,"st":0,"op":61,"ip":0,"hasMask":false,"ao":0,"ks":{"a":{"a":0,"k":[22,10.29]},"s":{"a":0,"k":[100,100]},"sk":{"a":0,"k":0},"p":{"a":0,"k":[57.3,92.58]},"r":{"a":0,"k":0},"sa":{"a":0,"k":0},"o":{"a":0,"k":100}},"w":150,"h":150,"refId":"2","ind":2},{"ty":0,"nm":"a","sr":1,"st":0,"op":61,"ip":0,"hasMask":false,"ao":0,"ks":{"a":{"a":0,"k":[23.04,31.39]},"s":{"a":0,"k":[100,100]},"sk":{"a":0,"k":0},"p":{"a":0,"k":[23.04,69.86]},"r":{"a":0,"k":0},"sa":{"a":0,"k":0},"o":{"a":0,"k":100}},"w":150,"h":150,"refId":"3","ind":3},{"ty":4,"nm":"V","sr":1,"st":0,"op":61,"ip":0,"hasMask":false,"ao":0,"ks":{"a":{"a":0,"k":[3.68,0.68]},"s":{"a":0,"k":[100,100]},"sk":{"a":0,"k":0},"p":{"a":0,"k":[98.72,70.8]},"r":{"a":0,"k":0},"sa":{"a":0,"k":0},"o":{"a":0,"k":100}},"shapes":[{"ty":"sh","nm":"","d":1,"ks":{"a":0,"k":{"c":true,"i":[[0,0],[0.37,-0.37],[-0.37,-0.37],[0,0]],"o":[[-0.37,-0.37],[-0.37,0.37],[0,0],[0,0]],"v":[[0.67,-0.67],[-0.67,-0.67],[-0.67,0.67],[0.67,-0.67]]}}},{"ty":"sh","nm":"","d":1,"ks":{"a":0,"k":{"c":true,"i":[[0,0],[0.29,0.44],[0.44,-0.29],[0,0]],"o":[[0.44,-0.29],[-0.29,-0.44],[0,0],[0,0]],"v":[[7.88,1.07],[8.15,-0.26],[6.82,-0.52],[7.88,1.07]]}}},{"ty":"sh","nm":"","d":1,"ks":{"a":0,"k":{"c":true,"i":[[0,0],[-0.71,-0.28],[-0.76,0],[0,0],[0.58,0.23],[0.21,0.21],[0,0]],"o":[[0.47,0.47],[0.72,0.28],[0,0],[-0.44,0],[-0.59,-0.23],[0,0],[0,0]],"v":[[-0.67,0.67],[1.23,1.82],[3.54,2.31],[3.54,0.41],[1.92,0.05],[0.67,-0.67],[-0.67,0.67]]}}},{"ty":"sh","nm":"","d":1,"ks":{"a":0,"k":{"c":true,"i":[[0,0],[-0.97,0.65],[0,0],[1.3,0],[0,0]],"o":[[1.69,0],[0,0],[-0.67,0.44],[0,0],[0,0]],"v":[[3.54,2.31],[7.88,1.07],[6.82,-0.52],[3.54,0.41],[3.54,2.31]]}}},{"ty":"fl","nm":"","c":{"a":0,"k":[0.882,0.6,0.53]},"r":1,"o":{"a":0,"k":100}}],"ind":4},{"ty":4,"nm":"e","sr":1,"st":0,"op":61,"ip":0,"hasMask":false,"ao":0,"ks":{"a":{"a":0,"k":[5.18,8.03]},"s":{"a":0,"k":[100,100]},"sk":{"a":0,"k":0},"p":{"a":0,"k":[100.4,62.99]},"r":{"a":0,"k":32.79},"sa":{"a":0,"k":0},"o":{"a":0,"k":100}},"shapes":[{"ty":"sh","nm":"","d":1,"ks":{"a":0,"k":{"c":true,"i":[[0,-2.86],[0,0],[2.86,0],[0,0],[0,2.86],[0,0],[-2.86,0],[0,0]],"o":[[0,0],[0,2.86],[0,0],[-2.86,0],[0,0],[0,-2.86],[0,0],[2.86,0]],"v":[[10.37,5.18],[10.37,10.87],[5.19,16.05],[5.18,16.05],[0,10.87],[0,5.18],[5.18,0],[5.19,0]]}}},{"ty":"fl","nm":"","c":{"a":0,"k":[1,0.777,0.718]},"r":1,"o":{"a":0,"k":100}}],"ind":5},{"ty":4,"nm":"V","sr":1,"st":0,"op":61,"ip":0,"hasMask":false,"ao":0,"ks":{"a":{"a":0,"k":[6.49,1.37]},"s":{"a":0,"k":[100,100]},"sk":{"a":0,"k":0},"p":{"a":0,"k":[50.91,42.41]},"r":{"a":0,"k":2.97},"sa":{"a":0,"k":0},"o":{"a":0,"k":100}},"shapes":[{"ty":"sh","nm":"","d":1,"ks":{"a":0,"k":{"c":true,"i":[[0,0],[-0.78,-1.37],[-1.37,0.78],[0,0]],"o":[[-1.37,0.78],[0.78,1.37],[0,0],[0,0]],"v":[[-1.41,-0.44],[-2.49,3.46],[1.41,4.54],[-1.41,-0.44]]}}},{"ty":"sh","nm":"","d":1,"ks":{"a":0,"k":{"c":true,"i":[[0,0],[0,0],[0,0]],"o":[[0,0],[0,0],[0,0]],"v":[[6.99,0.05],[6.74,2.9],[6.99,0.05]]}}},{"ty":"sh","nm":"","d":1,"ks":{"a":0,"k":{"c":true,"i":[[0,0],[-1.02,1.21],[1.21,1.02],[0,0]],"o":[[1.21,1.02],[1.02,-1.21],[0,0],[0,0]],"v":[[11.15,4.93],[15.18,4.58],[14.83,0.55],[11.15,4.93]]}}},{"ty":"sh","nm":"","d":1,"ks":{"a":0,"k":{"c":true,"i":[[0,0],[-0.77,0.28],[-1.31,-0.12],[0,0],[1.49,-0.54],[0.89,-0.5],[0,0]],"o":[[1.23,-0.7],[0.63,-0.23],[0,0],[-2.08,-0.18],[-1.35,0.49],[0,0],[0,0]],"v":[[1.41,4.54],[4,3.17],[6.74,2.9],[7.24,-2.8],[2.03,-2.2],[-1.41,-0.44],[1.41,4.54]]}}},{"ty":"sh","nm":"","d":1,"ks":{"a":0,"k":{"c":true,"i":[[0,0],[-0.6,-0.33],[-0.63,-0.53],[0,0],[4.25,0.37],[0,0]],"o":[[1.26,0.11],[0.64,0.35],[0,0],[-1.22,-1.02],[0,0],[0,0]],"v":[[6.74,2.9],[9.43,3.65],[11.15,4.93],[14.83,0.55],[7.24,-2.8],[6.74,2.9]]}}},{"ty":"fl","nm":"","c":{"a":0,"k":[0.953,0.706,0.243]},"r":1,"o":{"a":0,"k":100}},{"ty":"fl","nm":"","c":{"a":0,"k":[0.874,0.874,0.874]},"r":1,"o":{"a":0,"k":100}}],"ind":6},{"ty":4,"nm":"V","sr":1,"st":0,"op":61,"ip":0,"hasMask":false,"ao":0,"ks":{"a":{"a":0,"k":[5.85,1.18]},"s":{"a":0,"k":[100,100]},"sk":{"a":0,"k":0},"p":{"a":0,"k":[68.7,38.94]},"r":{"a":0,"k":-40.02},"sa":{"a":0,"k":0},"o":{"a":0,"k":100}},"shapes":[{"ty":"sh","nm":"","d":1,"ks":{"a":0,"k":{"c":true,"i":[[0,0],[-0.41,-1.52],[-1.52,0.41],[0,0]],"o":[[-1.52,0.41],[0.41,1.52],[0,0],[0,0]],"v":[[-0.74,-1.52],[-2.76,1.99],[0.74,4.01],[-0.74,-1.52]]}}},{"ty":"sh","nm":"","d":1,"ks":{"a":0,"k":{"c":true,"i":[[0,0],[0,0],[0,0]],"o":[[0,0],[0,0],[0,0]],"v":[[5.98,0.05],[5.73,2.9],[5.98,0.05]]}}},{"ty":"sh","nm":"","d":1,"ks":{"a":0,"k":{"c":true,"i":[[0,0],[-1.02,1.21],[1.21,1.02],[0,0]],"o":[[1.21,1.02],[1.02,-1.21],[0,0],[0,0]],"v":[[9.85,4.54],[13.88,4.19],[13.53,0.16],[9.85,4.54]]}}},{"ty":"sh","nm":"","d":1,"ks":{"a":0,"k":{"c":true,"i":[[0,0],[-2.74,-0.24],[0,0],[0.15,-0.04],[0,0]],"o":[[2.21,-0.59],[0,0],[-4.04,-0.36],[0,0],[0,0]],"v":[[0.74,4.01],[5.73,2.9],[6.24,-2.8],[-0.74,-1.52],[0.74,4.01]]}}},{"ty":"sh","nm":"","d":1,"ks":{"a":0,"k":{"c":true,"i":[[0,0],[-0.5,-0.24],[-0.57,-0.48],[0,0],[1.23,0.59],[1.93,0.17],[0,0]],"o":[[1.38,0.12],[0.51,0.25],[0,0],[-0.57,-0.48],[-1.24,-0.6],[0,0],[0,0]],"v":[[5.73,2.9],[8.41,3.52],[9.85,4.54],[13.53,0.16],[10.89,-1.63],[6.24,-2.8],[5.73,2.9]]}}},{"ty":"fl","nm":"","c":{"a":0,"k":[0.953,0.706,0.243]},"r":1,"o":{"a":0,"k":100}},{"ty":"fl","nm":"","c":{"a":0,"k":[0.874,0.874,0.874]},"r":1,"o":{"a":0,"k":100}}],"ind":7},{"ty":4,"nm":"I","sr":1,"st":0,"op":61,"ip":0,"hasMask":false,"ao":0,"ks":{"a":{"a":0,"k":[33.48,10.35]},"s":{"a":0,"k":[100,100]},"sk":{"a":0,"k":0},"p":{"a":0,"k":[73.1,42.92]},"r":{"a":0,"k":0},"sa":{"a":0,"k":0},"o":{"a":0,"k":100}},"shapes":[{"ty":"sh","nm":"","d":1,"ks":{"a":0,"k":{"c":true,"i":[[0,0],[0,0.08],[-0.08,-1.17],[-8.24,0.36],[-8.28,-3.06],[-6.05,-3.65],[0,0],[4.95,1.83],[3.28,0.71]],"o":[[-18.21,3.68],[0,-0.01],[1.7,-1.13],[11.99,-0.53],[5.69,2.1],[0,0],[-5.82,-3.33],[-2.86,-1.06],[0,0]],"v":[[39.34,0],[0,7.87],[0.12,9.67],[14.74,5.68],[45.93,9.81],[66.96,20.7],[66.35,11.5],[48.57,2.66],[39.34,0]]}}},{"ty":"fl","nm":"","c":{"a":0,"k":[0.923,0.336,0.336]},"r":2,"o":{"a":0,"k":100}}],"ind":8},{"ty":4,"nm":"I","sr":1,"st":0,"op":61,"ip":0,"hasMask":false,"ao":0,"ks":{"a":{"a":0,"k":[28.05,8.06]},"s":{"a":0,"k":[100,100]},"sk":{"a":0,"k":0},"p":{"a":0,"k":[67.67,38.6]},"r":{"a":0,"k":0},"sa":{"a":0,"k":0},"o":{"a":0,"k":100}},"shapes":[{"ty":"sh","nm":"","d":1,"ks":{"a":0,"k":{"c":true,"i":[[0,0],[0,2.34],[0.02,0.44],[2.19,0.81],[12.79,-0.56],[3.26,-1.29],[0,-2.26],[-0.07,-0.78],[-8.26,0.36],[-8.28,-3.06],[-3.4,-1.77]],"o":[[0.59,-2.16],[0,-0.45],[-2.72,-1.34],[-9.42,-3.48],[-5.82,0.26],[-0.55,2.09],[0,0.79],[1.69,-1.13],[11.99,-0.53],[2.57,0.95],[0,0]],"v":[[55.2,16.13],[56.1,9.36],[56.06,8.02],[48.57,4.7],[14.4,0.11],[0.84,2.83],[0,9.36],[0.11,11.72],[14.74,7.72],[45.93,11.85],[55.2,16.13]]}}},{"ty":"fl","nm":"","c":{"a":0,"k":[0.923,0.336,0.336]},"r":2,"o":{"a":0,"k":100}}],"ind":9},{"ty":4,"nm":"h","sr":1,"st":0,"op":61,"ip":0,"hasMask":false,"ao":0,"ks":{"a":{"a":0,"k":[33.48,11.37]},"s":{"a":0,"k":[100,100]},"sk":{"a":0,"k":0},"p":{"a":0,"k":[73.1,41.9]},"r":{"a":0,"k":0},"sa":{"a":0,"k":0},"o":{"a":0,"k":100}},"shapes":[{"ty":"sh","nm":"","d":1,"ks":{"a":0,"k":{"c":true,"i":[[0,0],[0,-0.18],[0,0],[-0.01,-0.08],[-0.05,-0.56],[-8.26,0.36],[-8.28,-3.06],[-6.05,-3.65],[0,0],[4.95,1.83],[12.79,-0.56],[3.26,-1.29],[0,-2.25]],"o":[[0,0.18],[0,0],[0,0],[0.01,0.57],[1.69,-1.13],[11.99,-0.53],[5.69,2.1],[0,0],[-5.82,-3.33],[-9.42,-3.48],[-5.82,0.26],[-0.55,2.09],[0,0]],"v":[[0,9.36],[0.01,9.91],[0,9.91],[0.01,10.02],[0.11,11.72],[14.74,7.72],[45.93,11.85],[66.96,22.74],[66.35,13.54],[48.57,4.7],[14.4,0.11],[0.84,2.83],[0,9.36]]}}},{"ty":"fl","nm":"","c":{"a":0,"k":[0.903,0.259,0.259]},"r":2,"o":{"a":0,"k":100}}],"ind":10},{"ty":4,"nm":"V","sr":1,"st":0,"op":61,"ip":0,"hasMask":false,"ao":0,"ks":{"a":{"a":0,"k":[1.84,2.52]},"s":{"a":0,"k":[100,100]},"sk":{"a":0,"k":0},"p":{"a":0,"k":[64.2,56.44]},"r":{"a":0,"k":0},"sa":{"a":0,"k":0},"o":{"a":0,"k":100}},"shapes":[{"ty":"sh","nm":"","d":1,"ks":{"a":0,"k":{"c":true,"i":[[0,0],[-0.97,-1.76],[0,0],[0,0],[0,0]],"o":[[0.41,1.86],[0,0],[0,0],[0,0],[0,0]],"v":[[0,0.41],[1.77,5.04],[3.68,4.08],[2.31,0],[0,0.41]]}}},{"ty":"fl","nm":"","c":{"a":0,"k":[0.926,0.353,0.326]},"r":1,"o":{"a":0,"k":100}}],"ind":11},{"ty":4,"nm":"N","sr":1,"st":0,"op":61,"ip":0,"hasMask":false,"ao":0,"ks":{"a":{"a":0,"k":[4.35,6.04]},"s":{"a":0,"k":[100,100]},"sk":{"a":0,"k":0},"p":{"a":0,"k":[59.11,59.73]},"r":{"a":0,"k":82.66},"sa":{"a":0,"k":0},"o":{"a":0,"k":100}},"shapes":[{"ty":"sh","nm":"","d":1,"ks":{"a":0,"k":{"c":true,"i":[[0,0],[-3.04,-1.85],[2.79,-1.68],[0.11,3.6],[-0.16,0.1]],"o":[[0.16,-0.1],[3.03,1.85],[-2.79,1.68],[-0.11,-3.62],[0,0]],"v":[[0.1,0],[6.25,3.5],[6.75,11.54],[0.11,7.19],[0.1,0]]}}},{"ty":"fl","nm":"","c":{"a":0,"k":[0.933,0.584,0.514]},"r":1,"o":{"a":0,"k":100}}],"ind":12},{"ty":0,"nm":"g","sr":1,"st":0,"op":61,"ip":0,"hasMask":false,"ao":0,"ks":{"a":{"a":0,"k":[28.12,5.11]},"s":{"a":0,"k":[100,100]},"sk":{"a":0,"k":0},"p":{"a":0,"k":[67.88,56.98]},"r":{"a":0,"k":0},"sa":{"a":0,"k":0},"o":{"a":0,"k":100}},"w":150,"h":150,"refId":"4","ind":13},{"ty":4,"nm":"E","sr":1,"st":0,"op":61,"ip":0,"hasMask":false,"ao":0,"ks":{"a":{"a":0,"k":[3,3]},"s":{"a":0,"k":[100,100]},"sk":{"a":0,"k":0},"p":{"a":0,"k":[51.33,45.48]},"r":{"a":0,"k":0},"sa":{"a":0,"k":0},"o":{"a":0,"k":100}},"shapes":[{"ty":"sh","nm":"","d":1,"ks":{"a":0,"k":{"c":true,"i":[[0,0],[1.65,0],[0,1.65],[-1.65,0],[0,-1.65]],"o":[[0,1.65],[-1.65,0],[0,-1.65],[1.65,0],[0,0]],"v":[[5.99,3],[3,5.99],[0,3],[3,0],[5.99,3]]}}},{"ty":"fl","nm":"","c":{"a":0,"k":[1,1,1]},"r":1,"o":{"a":0,"k":100}}],"ind":14},{"ty":4,"nm":"E","sr":1,"st":0,"op":61,"ip":0,"hasMask":false,"ao":0,"ks":{"a":{"a":0,"k":[3,3]},"s":{"a":0,"k":[100,100]},"sk":{"a":0,"k":0},"p":{"a":0,"k":[73.66,44.93]},"r":{"a":0,"k":0},"sa":{"a":0,"k":0},"o":{"a":0,"k":100}},"shapes":[{"ty":"sh","nm":"","d":1,"ks":{"a":0,"k":{"c":true,"i":[[0,0],[1.65,0],[0,1.65],[-1.65,0],[0,-1.65]],"o":[[0,1.65],[-1.65,0],[0,-1.65],[1.65,0],[0,0]],"v":[[5.99,3],[3,5.99],[0,3],[3,0],[5.99,3]]}}},{"ty":"fl","nm":"","c":{"a":0,"k":[1,1,1]},"r":1,"o":{"a":0,"k":100}}],"ind":15},{"ty":4,"nm":"R","sr":1,"st":0,"op":61,"ip":0,"hasMask":false,"ao":0,"ks":{"a":{"a":0,"k":[4.08,5.28]},"s":{"a":0,"k":[100,100]},"sk":{"a":0,"k":0},"p":{"a":0,"k":[54.02,49.44]},"r":{"a":0,"k":2.69},"sa":{"a":0,"k":0},"o":{"a":0,"k":100}},"shapes":[{"ty":"sh","nm":"","d":1,"ks":{"a":0,"k":{"c":true,"i":[[0,-2.25],[0,0],[2.25,0],[0,0],[0,2.25],[0,0],[-2.25,0],[0,0]],"o":[[0,0],[0,2.25],[0,0],[-2.25,0],[0,0],[0,-2.25],[0,0],[2.25,0]],"v":[[8.16,4.08],[8.16,6.48],[4.08,10.56],[4.08,10.56],[0,6.48],[0,4.08],[4.08,0],[4.08,0]]}}},{"ty":"fl","nm":"","c":{"a":0,"k":[0.239,0.239,0.239]},"r":1,"o":{"a":0,"k":100}}],"ind":16},{"ty":4,"nm":"R","sr":1,"st":0,"op":61,"ip":0,"hasMask":false,"ao":0,"ks":{"a":{"a":0,"k":[7.57,10.08]},"s":{"a":0,"k":[100,100]},"sk":{"a":0,"k":0},"p":{"a":0,"k":[52.01,49.91]},"r":{"a":0,"k":2.69},"sa":{"a":0,"k":0},"o":{"a":0,"k":100}},"shapes":[{"ty":"sh","nm":"","d":1,"ks":{"a":0,"k":{"c":true,"i":[[0,-4.18],[0,0],[4.18,0],[0,0],[0,4.18],[0,0],[-4.18,0],[0,0]],"o":[[0,0],[0,4.18],[0,0],[-4.18,0],[0,0],[0,-4.18],[0,0],[4.18,0]],"v":[[15.13,7.57],[15.13,12.59],[7.57,20.15],[7.57,20.15],[0,12.59],[0,7.57],[7.57,0],[7.57,0]]}}},{"ty":"fl","nm":"","c":{"a":0,"k":[1,1,1]},"r":1,"o":{"a":0,"k":100}}],"ind":17},{"ty":4,"nm":"R","sr":1,"st":0,"op":61,"ip":0,"hasMask":false,"ao":0,"ks":{"a":{"a":0,"k":[4.24,7.37]},"s":{"a":0,"k":[100,100]},"sk":{"a":0,"k":0},"p":{"a":0,"k":[75.79,50.86]},"r":{"a":0,"k":2.69},"sa":{"a":0,"k":0},"o":{"a":0,"k":100}},"shapes":[{"ty":"sh","nm":"","d":1,"ks":{"a":0,"k":{"c":true,"i":[[0,-2.34],[0,0],[2.34,0],[0,0],[0,2.34],[0,0],[-2.34,0],[0,0]],"o":[[0,0],[0,2.34],[0,0],[-2.34,0],[0,0],[0,-2.34],[0,0],[2.34,0]],"v":[[8.47,4.24],[8.47,10.51],[4.24,14.75],[4.24,14.75],[0,10.51],[0,4.24],[4.24,0],[4.24,0]]}}},{"ty":"fl","nm":"","c":{"a":0,"k":[0.239,0.239,0.239]},"r":1,"o":{"a":0,"k":100}}],"ind":18},{"ty":4,"nm":"R","sr":1,"st":0,"op":61,"ip":0,"hasMask":false,"ao":0,"ks":{"a":{"a":0,"k":[8.17,10.08]},"s":{"a":0,"k":[100,100]},"sk":{"a":0,"k":0},"p":{"a":0,"k":[73.12,48.47]},"r":{"a":0,"k":2.69},"sa":{"a":0,"k":0},"o":{"a":0,"k":100}},"shapes":[{"ty":"sh","nm":"","d":1,"ks":{"a":0,"k":{"c":true,"i":[[0,-4.51],[0,0],[4.51,0],[0,0],[0,4.51],[0,0],[-4.51,0],[0,0]],"o":[[0,0],[0,4.51],[0,0],[-4.51,0],[0,0],[0,-4.51],[0,0],[4.51,0]],"v":[[16.34,8.17],[16.34,11.98],[8.17,20.15],[8.17,20.15],[0,11.98],[0,8.17],[8.17,0],[8.17,0]]}}},{"ty":"fl","nm":"","c":{"a":0,"k":[1,1,1]},"r":1,"o":{"a":0,"k":100}}],"ind":19},{"ty":4,"nm":"S","sr":1,"st":0,"op":61,"ip":0,"hasMask":false,"ao":0,"ks":{"a":{"a":0,"k":[14.98,19.8]},"s":{"a":0,"k":[100,100]},"sk":{"a":0,"k":0},"p":{"a":0,"k":[99.2,98.98]},"r":{"a":0,"k":0},"sa":{"a":0,"k":0},"o":{"a":0,"k":100}},"shapes":[{"ty":"sh","nm":"","d":1,"ks":{"a":0,"k":{"c":true,"i":[[0,0],[-0.43,-7.96],[0,0],[0,0],[0,0],[0,0],[7.96,-0.43],[0,0]],"o":[[-7.96,0.43],[0,0],[0,0],[0,0],[0,0],[-0.43,-7.96],[0,0],[0,0]],"v":[[13.66,0.07],[0.02,15.25],[1.33,39.61],[16.68,33.56],[29.96,19.19],[29.66,13.66],[14.47,0.02],[13.66,0.07]]}}},{"ty":"fl","nm":"","c":{"a":0,"k":[1,0.777,0.718]},"r":2,"o":{"a":0,"k":100}}],"ind":20},{"ty":0,"nm":"m","sr":1,"st":0,"op":61,"ip":0,"hasMask":false,"ao":0,"ks":{"a":{"a":0,"k":[13.34,11.3]},"s":{"a":0,"k":[100,100]},"sk":{"a":0,"k":0},"p":{"a":0,"k":[70.12,71.49]},"r":{"a":0,"k":0},"sa":{"a":0,"k":0},"o":{"a":0,"k":100}},"w":150,"h":150,"refId":"5","ind":21},{"ty":0,"nm":"h","sr":1,"st":0,"op":61,"ip":0,"hasMask":false,"ao":0,"ks":{"a":{"a":0,"k":[39.42,40.17]},"s":{"a":0,"k":[100,100]},"sk":{"a":0,"k":0},"p":{"a":0,"k":[79.11,40.17]},"r":{"a":0,"k":0},"sa":{"a":0,"k":0},"o":{"a":0,"k":100}},"w":150,"h":150,"refId":"6","ind":22},{"ty":0,"nm":"b","sr":1,"st":0,"op":61,"ip":0,"hasMask":false,"ao":0,"ks":{"a":{"a":0,"k":[37.3,23.13]},"s":{"a":0,"k":[100,100]},"sk":{"a":0,"k":0},"p":{"a":0,"k":[85.58,98.1]},"r":{"a":0,"k":0},"sa":{"a":0,"k":0},"o":{"a":0,"k":100}},"w":150,"h":150,"refId":"7","ind":23},{"ty":4,"nm":"V","sr":1,"st":0,"op":61,"ip":0,"hasMask":false,"ao":0,"ks":{"a":{"a":0,"k":[8.99,4.17]},"s":{"a":0,"k":[100,100]},"sk":{"a":0,"k":0},"p":{"a":0,"k":[93.81,82.43]},"r":{"a":0,"k":0},"sa":{"a":0,"k":0},"o":{"a":0,"k":100}},"shapes":[{"ty":"sh","nm":"","d":1,"ks":{"a":0,"k":{"c":true,"i":[[0,0],[-0.09,0.59],[0.59,0.09],[0,0]],"o":[[0.6,0.09],[0.09,-0.59],[0,0],[0,0]],"v":[[17.81,1.25],[19.05,0.34],[18.13,-0.9],[17.81,1.25]]}}},{"ty":"sh","nm":"","d":1,"ks":{"a":0,"k":{"c":true,"i":[[0,0],[0,0],[0,0]],"o":[[0,0],[0,0],[0,0]],"v":[[7.62,1.4],[7.2,0.4],[7.62,1.4]]}}},{"ty":"sh","nm":"","d":1,"ks":{"a":0,"k":{"c":true,"i":[[0,0],[-0.5,-0.33],[-0.33,0.5],[0,0]],"o":[[-0.33,0.5],[0.5,0.33],[0,0],[0,0]],"v":[[-0.91,7.74],[-0.6,9.25],[0.91,8.95],[-0.91,7.74]]}}},{"ty":"sh","nm":"","d":1,"ks":{"a":0,"k":{"c":true,"i":[[0,0],[4.2,-1.78],[0,0],[-1.71,-0.26],[0,0]],"o":[[-1.92,-0.29],[0,0],[3.69,-1.57],[0,0],[0,0]],"v":[[18.13,-0.9],[7.2,0.4],[8.05,2.4],[17.81,1.25],[18.13,-0.9]]}}},{"ty":"sh","nm":"","d":1,"ks":{"a":0,"k":{"c":true,"i":[[0,0],[1.35,-2.03],[0,0],[-4.3,1.82],[0,0]],"o":[[-4.96,2.11],[0,0],[1.37,-2.06],[0,0],[0,0]],"v":[[7.2,0.4],[-0.91,7.74],[0.91,8.95],[8.05,2.4],[7.2,0.4]]}}},{"ty":"fl","nm":"","c":{"a":0,"k":[0.882,0.6,0.53]},"r":1,"o":{"a":0,"k":100}}],"ind":24},{"ty":4,"nm":"h","sr":1,"st":0,"op":61,"ip":0,"hasMask":false,"ao":0,"ks":{"a":{"a":0,"k":[34.43,35.69]},"s":{"a":0,"k":[100,100]},"sk":{"a":0,"k":0},"p":{"a":0,"k":[74.24,63.74]},"r":{"a":0,"k":0},"sa":{"a":0,"k":0},"o":{"a":0,"k":100}},"shapes":[{"ty":"sh","nm":"","d":1,"ks":{"a":0,"k":{"c":true,"i":[[0,0],[-0.42,-6.3],[0,0],[-6.3,0.42],[0,0],[0.42,6.3],[0,0],[0,0],[0,0],[0,0],[0,0],[6.3,-0.42],[0,0]],"o":[[-6.3,0.42],[0,0],[0.42,6.3],[0,0],[6.3,-0.42],[0,0],[0,0],[0,0],[0,0],[0,0],[-0.42,-6.3],[0,0],[0,0]],"v":[[10.68,2.87],[0.03,15.04],[3.05,60.69],[15.22,71.35],[58.18,68.5],[68.83,56.33],[68.83,56.22],[65.03,54.32],[65.58,50.24],[68.34,48.86],[65.81,10.68],[53.64,0.03],[10.68,2.87]]}}},{"ty":"fl","nm":"","c":{"a":0,"k":[1,0.777,0.718]},"r":2,"o":{"a":0,"k":100}}],"ind":25},{"ty":4,"nm":"V","sr":1,"st":0,"op":61,"ip":0,"hasMask":false,"ao":0,"ks":{"a":{"a":0,"k":[2.88,2.88]},"s":{"a":0,"k":[100,100]},"sk":{"a":0,"k":0},"p":{"a":0,"k":[32.89,97.13]},"r":{"a":0,"k":0},"sa":{"a":0,"k":0},"o":{"a":0,"k":100}},"shapes":[{"ty":"sh","nm":"","d":1,"ks":{"a":0,"k":{"c":true,"i":[[0,0],[0,0],[0,0],[0,0],[0,0]],"o":[[0,0],[0,0],[0,0],[0,0],[0,0]],"v":[[0,0],[3.85,1.28],[5.77,4.49],[0.64,5.77],[0,0]]}}},{"ty":"fl","nm":"","c":{"a":0,"k":[1,0.777,0.718]},"r":1,"o":{"a":0,"k":100}}],"ind":26},{"ty":4,"nm":"S","sr":1,"st":0,"op":61,"ip":0,"hasMask":false,"ao":0,"ks":{"a":{"a":0,"k":[35.27,20.56]},"s":{"a":0,"k":[100,100]},"sk":{"a":0,"k":0},"p":{"a":0,"k":[66.99,98.99]},"r":{"a":0,"k":0},"sa":{"a":0,"k":0},"o":{"a":0,"k":100}},"shapes":[{"ty":"sh","nm":"","d":1,"ks":{"a":0,"k":{"c":true,"i":[[0,0],[0,-9.02],[0,0],[0,0],[0,0],[-7.28,3.82],[0,0],[9.02,0],[0,0]],"o":[[-9.02,0],[0,0],[0,0],[0,0],[1.08,0],[0,0],[0,-9.02],[0,0],[0,0]],"v":[[16.34,0],[0,16.34],[0,27.71],[22.06,41.12],[52.29,41.12],[70.53,32.25],[70.53,16.34],[54.19,0],[16.34,0]]}}},{"ty":"fl","nm":"","c":{"a":0,"k":[1,0.777,0.718]},"r":2,"o":{"a":0,"k":100}}],"ind":27},{"ty":4,"nm":"E","sr":1,"st":0,"op":61,"ip":0,"hasMask":false,"ao":0,"ks":{"a":{"a":0,"k":[57.05,57.05]},"s":{"a":0,"k":[100,100]},"sk":{"a":0,"k":0},"p":{"a":0,"k":[70.39,66.04]},"r":{"a":0,"k":0},"sa":{"a":0,"k":0},"o":{"a":0,"k":100}},"shapes":[{"ty":"sh","nm":"","d":1,"ks":{"a":0,"k":{"c":true,"i":[[0,0],[0,-28.15],[-28.15,0],[0,28.15],[28.15,0]],"o":[[-28.15,0],[0,28.15],[28.15,0],[0,-28.15],[0,0]],"v":[[57.05,6.41],[6.41,57.05],[57.05,107.69],[107.69,57.05],[57.05,6.41]]}}},{"ty":"sh","nm":"","d":1,"ks":{"a":0,"k":{"c":true,"i":[[0,0],[-31.51,0],[0,-31.51],[31.51,0],[0,31.51]],"o":[[0,-31.51],[31.51,0],[0,31.51],[-31.51,0],[0,0]],"v":[[0,57.05],[57.05,0],[114.1,57.05],[57.05,114.1],[0,57.05]]}}},{"ty":"fl","nm":"","c":{"a":0,"k":[0.553,0.843,0.984]},"r":2,"o":{"a":0,"k":100}}],"ind":28},{"ty":4,"nm":"E","sr":1,"st":0,"op":61,"ip":0,"hasMask":false,"ao":0,"ks":{"a":{"a":0,"k":[54.62,54.62]},"s":{"a":0,"k":[100,100]},"sk":{"a":0,"k":0},"p":{"a":0,"k":[69.73,66.06]},"r":{"a":0,"k":0},"sa":{"a":0,"k":0},"o":{"a":0,"k":100}},"shapes":[{"ty":"sh","nm":"","d":1,"ks":{"a":0,"k":{"c":true,"i":[[0,0],[30.17,0],[0,30.17],[-30.17,0],[0,-30.17]],"o":[[0,30.17],[-30.17,0],[0,-30.17],[30.17,0],[0,0]],"v":[[109.24,54.62],[54.62,109.24],[0,54.62],[54.62,0],[109.24,54.62]]}}},{"ty":"fl","nm":"","c":{"a":0,"k":[0.91,0.969,0.996]},"r":1,"o":{"a":0,"k":100}}],"ind":29},{"ty":4,"nm":"E","sr":1,"st":0,"op":61,"ip":0,"hasMask":false,"ao":0,"ks":{"a":{"a":0,"k":[57.05,57.14]},"s":{"a":0,"k":[100,100]},"sk":{"a":0,"k":0},"p":{"a":0,"k":[70.39,72.36]},"r":{"a":0,"k":0},"sa":{"a":0,"k":0},"o":{"a":0,"k":100}},"shapes":[{"ty":"sh","nm":"","d":1,"ks":{"a":0,"k":{"c":true,"i":[[0,0],[0,-28.24],[-28.45,0],[0,28.24],[28.45,0]],"o":[[-28.45,0],[0,28.24],[28.45,0],[0,-28.24],[0,0]],"v":[[56.38,6.41],[6.35,56.58],[56.41,107.69],[107.64,56.88],[56.38,6.41]]}}},{"ty":"sh","nm":"","d":1,"ks":{"a":0,"k":{"c":true,"i":[[0,0],[-31.85,0],[0,-31.6],[31.85,0],[0,31.6]],"o":[[0,-31.6],[31.85,0],[0,31.6],[-31.85,0],[0,0]],"v":[[0,56.58],[56.38,0],[114.1,56.88],[56.41,114.28],[0,56.58]]}}},{"ty":"fl","nm":"","c":{"a":0,"k":[0.314,0.679,0.914]},"r":2,"o":{"a":0,"k":100}}],"ind":30}]},{"nm":"[","id":"2","layers":[{"ty":4,"nm":"E","sr":1,"st":0,"op":61,"ip":0,"hasMask":false,"ao":0,"ks":{"a":{"a":0,"k":[3.11,4.52]},"s":{"a":0,"k":[100,100]},"sk":{"a":0,"k":0},"p":{"a":0,"k":[5.1,5.49]},"r":{"a":0,"k":33.82},"sa":{"a":0,"k":0},"o":{"a":0,"k":100}},"shapes":[{"ty":"sh","nm":"","d":1,"ks":{"a":0,"k":{"c":true,"i":[[0,0],[1.95,0],[0,2.5],[-1.95,0],[0,-2.5]],"o":[[0,2.5],[-1.95,0],[0,-2.5],[1.95,0],[0,0]],"v":[[6.23,4.46],[3.54,9.04],[0,4.52],[3.54,0],[6.23,4.46]]}}},{"ty":"fl","nm":"","c":{"a":0,"k":[0.988,0.949,0.804]},"r":1,"o":{"a":0,"k":100}}],"ind":1},{"ty":4,"nm":"E","sr":1,"st":0,"op":61,"ip":0,"hasMask":false,"ao":0,"ks":{"a":{"a":0,"k":[3.26,4.52]},"s":{"a":0,"k":[100,100]},"sk":{"a":0,"k":0},"p":{"a":0,"k":[9.89,12.31]},"r":{"a":0,"k":21.48},"sa":{"a":0,"k":0},"o":{"a":0,"k":100}},"shapes":[{"ty":"sh","nm":"","d":1,"ks":{"a":0,"k":{"c":true,"i":[[0,0],[1.95,0],[0,2.5],[-1.95,0],[0,-2.5]],"o":[[0,2.5],[-1.95,0],[0,-2.5],[1.95,0],[0,0]],"v":[[6.51,4.59],[3.54,9.04],[0,4.52],[3.54,0],[6.51,4.59]]}}},{"ty":"fl","nm":"","c":{"a":0,"k":[0.988,0.949,0.804]},"r":1,"o":{"a":0,"k":100}}],"ind":2},{"ty":4,"nm":"E","sr":1,"st":0,"op":61,"ip":0,"hasMask":false,"ao":0,"ks":{"a":{"a":0,"k":[3.39,4.25]},"s":{"a":0,"k":[100,100]},"sk":{"a":0,"k":0},"p":{"a":0,"k":[18.46,15.71]},"r":{"a":0,"k":12.38},"sa":{"a":0,"k":0},"o":{"a":0,"k":100}},"shapes":[{"ty":"sh","nm":"","d":1,"ks":{"a":0,"k":{"c":true,"i":[[0,0],[1.95,0],[0,2.34],[-1.95,0],[0,-2.34]],"o":[[0,2.34],[-1.95,0],[0,-2.34],[1.95,0],[0,0]],"v":[[6.78,4.37],[3.54,8.49],[0,4.25],[3.54,0],[6.78,4.37]]}}},{"ty":"fl","nm":"","c":{"a":0,"k":[0.988,0.949,0.804]},"r":1,"o":{"a":0,"k":100}}],"ind":3},{"ty":4,"nm":"E","sr":1,"st":0,"op":61,"ip":0,"hasMask":false,"ao":0,"ks":{"a":{"a":0,"k":[3.54,4.25]},"s":{"a":0,"k":[100,100]},"sk":{"a":0,"k":0},"p":{"a":0,"k":[29.55,15.18]},"r":{"a":0,"k":1.78},"sa":{"a":0,"k":0},"o":{"a":0,"k":100}},"shapes":[{"ty":"sh","nm":"","d":1,"ks":{"a":0,"k":{"c":true,"i":[[0,0],[1.95,0],[0,2.34],[-1.95,0],[0,-2.34]],"o":[[0,2.34],[-1.95,0],[0,-2.34],[1.95,0],[0,0]],"v":[[7.08,4.25],[3.54,8.49],[0,4.25],[3.54,0],[7.08,4.25]]}}},{"ty":"fl","nm":"","c":{"a":0,"k":[0.988,0.949,0.804]},"r":1,"o":{"a":0,"k":100}}],"ind":4},{"ty":4,"nm":"E","sr":1,"st":0,"op":61,"ip":0,"hasMask":false,"ao":0,"ks":{"a":{"a":0,"k":[3.54,3.95]},"s":{"a":0,"k":[100,100]},"sk":{"a":0,"k":0},"p":{"a":0,"k":[39.73,11.58]},"r":{"a":0,"k":-11.77},"sa":{"a":0,"k":0},"o":{"a":0,"k":100}},"shapes":[{"ty":"sh","nm":"","d":1,"ks":{"a":0,"k":{"c":true,"i":[[0,0],[1.95,0],[0,2.18],[-1.95,0],[0,-2.18]],"o":[[0,2.18],[-1.95,0],[0,-2.18],[1.95,0],[0,0]],"v":[[7.08,3.95],[3.54,7.9],[0,3.95],[3.54,0],[7.08,3.95]]}}},{"ty":"fl","nm":"","c":{"a":0,"k":[0.988,0.949,0.804]},"r":1,"o":{"a":0,"k":100}}],"ind":5}]},{"nm":"[","id":"3","layers":[{"ty":4,"nm":"V","sr":1,"st":0,"op":61,"ip":0,"hasMask":false,"ao":0,"ks":{"a":{"a":0,"k":[6.22,10.27]},"s":{"a":0,"k":[100,100]},"sk":{"a":0,"k":0},"p":{"a":0,"k":[35.59,46.78]},"r":{"a":0,"k":0},"sa":{"a":0,"k":0},"o":{"a":0,"k":100}},"shapes":[{"ty":"sh","nm":"","d":1,"ks":{"a":0,"k":{"c":true,"i":[[0,0],[-0.6,-0.09],[-0.09,0.6],[0,0]],"o":[[-0.09,0.6],[0.6,0.09],[0,0],[0,0]],"v":[[-1.08,20.38],[-0.15,21.61],[1.08,20.69],[-1.08,20.38]]}}},{"ty":"sh","nm":"","d":1,"ks":{"a":0,"k":{"c":true,"i":[[0,0],[0,0],[0,0]],"o":[[0,0],[0,0],[0,0]],"v":[[1.28,11.56],[2.36,11.74],[1.28,11.56]]}}},{"ty":"sh","nm":"","d":1,"ks":{"a":0,"k":{"c":true,"i":[[0,0],[0,0],[0,0],[0,0]],"o":[[0,0],[0,0],[0,0],[0,0]],"v":[[5.13,4.51],[4.33,3.77],[4.33,3.77],[5.13,4.51]]}}},{"ty":"sh","nm":"","d":1,"ks":{"a":0,"k":{"c":true,"i":[[0,0],[0.2,0.57],[0.57,-0.2],[0,0]],"o":[[0.57,-0.2],[-0.2,-0.57],[0,0],[0,0]],"v":[[12.79,1.03],[13.46,-0.36],[12.07,-1.03],[12.79,1.03]]}}},{"ty":"sh","nm":"","d":1,"ks":{"a":0,"k":{"c":true,"i":[[0,0],[-0.32,1.93],[0,0],[0.64,-4.46],[0,0]],"o":[[0.65,-4.52],[0,0],[-0.33,1.96],[0,0],[0,0]],"v":[[1.08,20.69],[2.36,11.74],[0.21,11.38],[-1.08,20.38],[1.08,20.69]]}}},{"ty":"sh","nm":"","d":1,"ks":{"a":0,"k":{"c":true,"i":[[0,0],[-1.59,1.71],[0,0],[0.54,-3.22],[0,0]],"o":[[0.43,-2.6],[0,0],[-1.71,1.84],[0,0],[0,0]],"v":[[2.36,11.74],[5.92,5.25],[4.33,3.77],[0.21,11.38],[2.36,11.74]]}}},{"ty":"sh","nm":"","d":1,"ks":{"a":0,"k":{"c":true,"i":[[0,0],[-2.22,0.78],[0,0],[2.07,-2.21],[0,0]],"o":[[1.75,-1.87],[0,0],[-2.41,0.85],[0,0],[0,0]],"v":[[5.92,5.25],[12.79,1.03],[12.07,-1.03],[4.33,3.77],[5.92,5.25]]}}},{"ty":"fl","nm":"","c":{"a":0,"k":[0.882,0.6,0.53]},"r":1,"o":{"a":0,"k":100}}],"ind":1},{"ty":4,"nm":"V","sr":1,"st":0,"op":61,"ip":0,"hasMask":false,"ao":0,"ks":{"a":{"a":0,"k":[8.34,6.88]},"s":{"a":0,"k":[100,100]},"sk":{"a":0,"k":0},"p":{"a":0,"k":[17.87,16.44]},"r":{"a":0,"k":0},"sa":{"a":0,"k":0},"o":{"a":0,"k":100}},"shapes":[{"ty":"sh","nm":"","d":1,"ks":{"a":0,"k":{"c":true,"i":[[0,0],[0.59,-0.11],[-0.11,-0.59],[0,0]],"o":[[-0.11,-0.59],[-0.59,0.11],[0,0],[0,0]],"v":[[17.68,-0.2],[16.41,-1.07],[15.54,0.2],[17.68,-0.2]]}}},{"ty":"sh","nm":"","d":1,"ks":{"a":0,"k":{"c":true,"i":[[0,0],[0,0],[0,0]],"o":[[0,0],[0,0],[0,0]],"v":[[12.12,6.54],[12.4,7.59],[12.12,6.54]]}}},{"ty":"sh","nm":"","d":1,"ks":{"a":0,"k":{"c":true,"i":[[0,0],[0.54,-0.27],[-0.27,-0.54],[0,0]],"o":[[-0.27,-0.54],[-0.54,0.27],[0,0],[0,0]],"v":[[0.97,-0.49],[-0.49,-0.97],[-0.97,0.49],[0.97,-0.49]]}}},{"ty":"sh","nm":"","d":1,"ks":{"a":0,"k":{"c":true,"i":[[0,0],[-0.57,0.18],[0.18,0.57],[0,0]],"o":[[0.18,0.57],[0.57,-0.18],[0,0],[0,0]],"v":[[8.76,14.08],[10.13,14.79],[10.84,13.43],[8.76,14.08]]}}},{"ty":"sh","nm":"","d":1,"ks":{"a":0,"k":{"c":true,"i":[[0,0],[0.43,0.43],[0.43,-0.43],[0,0]],"o":[[0.43,-0.43],[-0.43,-0.43],[0,0],[0,0]],"v":[[12.62,8.8],[12.62,7.26],[11.08,7.26],[12.62,8.8]]}}},{"ty":"sh","nm":"","d":1,"ks":{"a":0,"k":{"c":true,"i":[[0,0],[2.93,-0.79],[0,0],[0.5,2.68],[0,0]],"o":[[0.31,1.68],[0,0],[4.13,-1.11],[0,0],[0,0]],"v":[[15.54,0.2],[11.84,5.48],[12.4,7.59],[17.68,-0.2],[15.54,0.2]]}}},{"ty":"sh","nm":"","d":1,"ks":{"a":0,"k":{"c":true,"i":[[0,0],[1.68,1.27],[0.79,1.59],[0,0],[-2.14,-1.62],[-3.87,1.04],[0,0]],"o":[[-3.21,0.86],[-1.74,-1.31],[0,0],[0.84,1.68],[2.2,1.66],[0,0],[0,0]],"v":[[11.84,5.48],[4.67,4.34],[0.97,-0.49],[-0.97,0.49],[3.36,6.08],[12.4,7.59],[11.84,5.48]]}}},{"ty":"sh","nm":"","d":1,"ks":{"a":0,"k":{"c":true,"i":[[0,0],[-0.02,0.55],[-0.13,0.38],[0,0],[0.02,-0.67],[-0.17,-0.53],[0,0]],"o":[[-0.06,-0.2],[0.02,-0.53],[0,0],[-0.21,0.64],[-0.02,0.65],[0,0],[0,0]],"v":[[10.84,13.43],[10.75,12.26],[10.97,10.83],[8.91,10.14],[8.57,12.19],[8.76,14.08],[10.84,13.43]]}}},{"ty":"sh","nm":"","d":1,"ks":{"a":0,"k":{"c":true,"i":[[0,0],[-0.65,0.65],[0,0],[0.51,-1.54],[0,0]],"o":[[0.3,-0.91],[0,0],[-0.34,0.34],[0,0],[0,0]],"v":[[10.97,10.83],[12.62,8.8],[11.08,7.26],[8.91,10.14],[10.97,10.83]]}}},{"ty":"fl","nm":"","c":{"a":0,"k":[0.882,0.6,0.53]},"r":1,"o":{"a":0,"k":100}}],"ind":2},{"ty":4,"nm":"E","sr":1,"st":0,"op":61,"ip":0,"hasMask":false,"ao":0,"ks":{"a":{"a":0,"k":[5.85,4.9]},"s":{"a":0,"k":[100,100]},"sk":{"a":0,"k":0},"p":{"a":0,"k":[11.17,7.66]},"r":{"a":0,"k":0},"sa":{"a":0,"k":0},"o":{"a":0,"k":100}},"shapes":[{"ty":"sh","nm":"","d":1,"ks":{"a":0,"k":{"c":true,"i":[[0,0],[3.23,0],[0,2.71],[-3.23,0],[0,-2.71]],"o":[[0,2.71],[-3.23,0],[0,-2.71],[3.23,0],[0,0]],"v":[[11.71,4.9],[5.85,9.8],[0,4.9],[5.85,0],[11.71,4.9]]}}},{"ty":"fl","nm":"","c":{"a":0,"k":[1,0.777,0.718]},"r":1,"o":{"a":0,"k":100}}],"ind":3},{"ty":4,"nm":"E","sr":1,"st":0,"op":61,"ip":0,"hasMask":false,"ao":0,"ks":{"a":{"a":0,"k":[7.22,5.31]},"s":{"a":0,"k":[100,100]},"sk":{"a":0,"k":0},"p":{"a":0,"k":[19.33,5.89]},"r":{"a":0,"k":0},"sa":{"a":0,"k":0},"o":{"a":0,"k":100}},"shapes":[{"ty":"sh","nm":"","d":1,"ks":{"a":0,"k":{"c":true,"i":[[0,0],[3.99,0],[0,2.93],[-3.99,0],[0,-2.93]],"o":[[0,2.93],[-3.99,0],[0,-2.93],[3.99,0],[0,0]],"v":[[14.43,5.31],[7.22,10.62],[0,5.31],[7.22,0],[14.43,5.31]]}}},{"ty":"fl","nm":"","c":{"a":0,"k":[1,0.777,0.718]},"r":1,"o":{"a":0,"k":100}}],"ind":4},{"ty":4,"nm":"V","sr":1,"st":0,"op":61,"ip":0,"hasMask":false,"ao":0,"ks":{"a":{"a":0,"k":[6.6,3.13]},"s":{"a":0,"k":[100,100]},"sk":{"a":0,"k":0},"p":{"a":0,"k":[6.6,12.7]},"r":{"a":0,"k":0},"sa":{"a":0,"k":0},"o":{"a":0,"k":100}},"shapes":[{"ty":"sh","nm":"","d":1,"ks":{"a":0,"k":{"c":true,"i":[[0,0],[2.06,-1.52],[-1.52,-2.06],[0,0]],"o":[[-1.52,-2.06],[-2.06,1.52],[0,0],[0,0]],"v":[[3.72,-2.75],[-2.75,-3.72],[-3.72,2.75],[3.72,-2.75]]}}},{"ty":"sh","nm":"","d":1,"ks":{"a":0,"k":{"c":true,"i":[[0,0],[-0.37,2.53],[2.53,0.37],[0,0]],"o":[[2.53,0.37],[0.37,-2.53],[0,0],[0,0]],"v":[[12.54,10.84],[17.79,6.93],[13.88,1.68],[12.54,10.84]]}}},{"ty":"sh","nm":"","d":1,"ks":{"a":0,"k":{"c":true,"i":[[0,0],[-2.7,-1.25],[-3.18,-0.47],[0,0],[1.86,0.86],[0.53,0.71],[0,0]],"o":[[1.79,2.42],[2.77,1.28],[0,0],[-2.4,-0.35],[-1.92,-0.89],[0,0],[0,0]],"v":[[-3.72,2.75],[3.43,8.2],[12.54,10.84],[13.88,1.68],[7.32,-0.2],[3.72,-2.75],[-3.72,2.75]]}}},{"ty":"fl","nm":"","c":{"a":0,"k":[1,0.777,0.718]},"r":1,"o":{"a":0,"k":100}}],"ind":5},{"ty":4,"nm":"V","sr":1,"st":0,"op":61,"ip":0,"hasMask":false,"ao":0,"ks":{"a":{"a":0,"k":[3.09,7.22]},"s":{"a":0,"k":[100,100]},"sk":{"a":0,"k":0},"p":{"a":0,"k":[26.1,7.25]},"r":{"a":0,"k":0},"sa":{"a":0,"k":0},"o":{"a":0,"k":100}},"shapes":[{"ty":"sh","nm":"","d":1,"ks":{"a":0,"k":{"c":true,"i":[[0,0],[2.53,-0.38],[-0.38,-2.53],[0,0]],"o":[[-0.38,-2.53],[-2.53,0.38],[0,0],[0,0]],"v":[[10.57,-0.69],[5.3,-4.58],[1.41,0.69],[10.57,-0.69]]}}},{"ty":"sh","nm":"","d":1,"ks":{"a":0,"k":{"c":true,"i":[[0,0],[0,0],[0,0]],"o":[[0,0],[0,0],[0,0]],"v":[[5.04,9.4],[0.69,7.8],[5.04,9.4]]}}},{"ty":"sh","nm":"","d":1,"ks":{"a":0,"k":{"c":true,"i":[[0,0],[-1.42,-2.13],[-2.13,1.42],[0,0]],"o":[[-2.13,1.42],[1.42,2.13],[0,0],[0,0]],"v":[[-2.57,10.58],[-3.85,17],[2.57,18.29],[-2.57,10.58]]}}},{"ty":"sh","nm":"","d":1,"ks":{"a":0,"k":{"c":true,"i":[[0,0],[0.84,-2.28],[0,0],[0.51,3.43],[0,0]],"o":[[0.3,2.02],[0,0],[1.41,-3.86],[0,0],[0,0]],"v":[[1.41,0.69],[0.69,7.8],[9.38,10.99],[10.57,-0.69],[1.41,0.69]]}}},{"ty":"sh","nm":"","d":1,"ks":{"a":0,"k":{"c":true,"i":[[0,0],[-0.33,0.24],[0.1,-0.05],[0.27,-0.13],[0.88,-0.59],[0,0],[-0.43,0.21],[-0.76,0.54],[-0.89,2.43],[0,0]],"o":[[-0.61,1.65],[0.02,-0.02],[-0.12,0.06],[-0.51,0.25],[0,0],[0.35,-0.23],[0.36,-0.18],[1.86,-1.33],[0,0],[0,0]],"v":[[0.69,7.8],[0.19,9.06],[0.1,9.11],[-0.42,9.37],[-2.57,10.58],[2.57,18.29],[3.64,17.69],[5.56,16.61],[9.38,10.99],[0.69,7.8]]}}},{"ty":"fl","nm":"","c":{"a":0,"k":[1,0.777,0.718]},"r":1,"o":{"a":0,"k":100}}],"ind":6},{"ty":4,"nm":"E","sr":1,"st":0,"op":61,"ip":0,"hasMask":false,"ao":0,"ks":{"a":{"a":0,"k":[12,9.84]},"s":{"a":0,"k":[100,100]},"sk":{"a":0,"k":0},"p":{"a":0,"k":[20.77,15]},"r":{"a":0,"k":-35.76},"sa":{"a":0,"k":0},"o":{"a":0,"k":100}},"shapes":[{"ty":"sh","nm":"","d":1,"ks":{"a":0,"k":{"c":true,"i":[[0,0],[6.63,0],[0,5.44],[-6.63,0],[0,-5.44]],"o":[[0,5.44],[-6.63,0],[0,-5.44],[6.63,0],[0,0]],"v":[[24,9.84],[12,19.69],[0,9.84],[12,0],[24,9.84]]}}},{"ty":"fl","nm":"","c":{"a":0,"k":[1,0.777,0.718]},"r":1,"o":{"a":0,"k":100}}],"ind":7},{"ty":4,"nm":"V","sr":1,"st":0,"op":61,"ip":0,"hasMask":false,"ao":0,"ks":{"a":{"a":0,"k":[19.24,25.72]},"s":{"a":0,"k":[100,100]},"sk":{"a":0,"k":0},"p":{"a":0,"k":[25.29,35.92]},"r":{"a":0,"k":-3.55},"sa":{"a":0,"k":0},"o":{"a":0,"k":100}},"shapes":[{"ty":"sh","nm":"","d":1,"ks":{"a":0,"k":{"c":true,"i":[[0,0],[-1.82,0.02],[0.68,-5.63],[4.59,0.83],[6.08,8.44],[-1.32,5.92],[-4.03,-0.93],[0.14,-2.26],[-5.18,-3.98]],"o":[[5.6,4.3],[0.51,2.08],[-0.85,7.04],[-4.59,-0.83],[-7.41,-10.28],[1.32,-5.92],[3.23,0.75],[-2.42,3.81],[0,0]],"v":[[23.91,21.29],[37.54,25.82],[38.22,39.09],[29.28,51.36],[4.81,34.56],[1.74,4.77],[14.96,0.68],[19.98,7.67],[23.91,21.29]]}}},{"ty":"fl","nm":"","c":{"a":0,"k":[1,0.777,0.718]},"r":1,"o":{"a":0,"k":100}}],"ind":8}]},{"nm":"[","id":"4","layers":[{"ty":4,"nm":"V","sr":1,"st":0,"op":61,"ip":0,"hasMask":false,"ao":0,"ks":{"a":{"a":0,"k":[7.42,0.68]},"s":{"a":0,"k":[100,100]},"sk":{"a":0,"k":0},"p":{"a":0,"k":[48.81,3.95]},"r":{"a":0,"k":0},"sa":{"a":0,"k":0},"o":{"a":0,"k":100}},"shapes":[{"ty":"sh","nm":"","d":1,"ks":{"a":0,"k":{"c":true,"i":[[0,0],[0.1,-1.12],[-1.12,-0.1],[0,0]],"o":[[-1.12,-0.1],[-0.1,1.12],[0,0],[0,0]],"v":[[0.19,-2.03],[-2.03,-0.19],[-0.19,2.03],[0.19,-2.03]]}}},{"ty":"sh","nm":"","d":1,"ks":{"a":0,"k":{"c":true,"i":[[0,0],[-0.1,1.12],[1.12,0.1],[0,0]],"o":[[1.12,0.1],[0.1,-1.12],[0,0],[0,0]],"v":[[14.65,3.4],[16.88,1.55],[15.03,-0.67],[14.65,3.4]]}}},{"ty":"sh","nm":"","d":1,"ks":{"a":0,"k":{"c":true,"i":[[0,0],[0,0],[0,0],[0,0],[0,0]],"o":[[0,0],[0,0],[0,0],[0,0],[0,0]],"v":[[-0.19,2.03],[14.65,3.4],[15.03,-0.67],[0.19,-2.03],[-0.19,2.03]]}}},{"ty":"fl","nm":"","c":{"a":0,"k":[0.926,0.353,0.326]},"r":1,"o":{"a":0,"k":100}}],"ind":1},{"ty":4,"nm":"V","sr":1,"st":0,"op":61,"ip":0,"hasMask":false,"ao":0,"ks":{"a":{"a":0,"k":[3.54,0.41]},"s":{"a":0,"k":[100,100]},"sk":{"a":0,"k":0},"p":{"a":0,"k":[20.56,2.18]},"r":{"a":0,"k":0},"sa":{"a":0,"k":0},"o":{"a":0,"k":100}},"shapes":[{"ty":"sh","nm":"","d":1,"ks":{"a":0,"k":{"c":true,"i":[[0,0],[-0.44,-1.04],[-1.04,0.44],[0,0]],"o":[[-1.04,0.44],[0.44,1.04],[0,0],[0,0]],"v":[[-0.79,-1.07],[-1.88,1.61],[0.79,2.7],[-0.79,-1.07]]}}},{"ty":"sh","nm":"","d":1,"ks":{"a":0,"k":{"c":true,"i":[[0,0],[-0.39,1.06],[1.06,0.39],[0,0]],"o":[[1.06,0.39],[0.39,-1.06],[0,0],[0,0]],"v":[[6.37,2.73],[9,1.52],[7.79,-1.1],[6.37,2.73]]}}},{"ty":"sh","nm":"","d":1,"ks":{"a":0,"k":{"c":true,"i":[[0,0],[-0.7,-0.01],[-1.32,-0.48],[0,0],[1.43,0.02],[1.54,-0.64],[0,0]],"o":[[1.23,-0.51],[0.73,0.01],[0,0],[-1.45,-0.53],[-1.46,-0.02],[0,0],[0,0]],"v":[[0.79,2.7],[3.51,2.04],[6.37,2.73],[7.79,-1.1],[3.57,-2.04],[-0.79,-1.07],[0.79,2.7]]}}},{"ty":"fl","nm":"","c":{"a":0,"k":[0.926,0.353,0.326]},"r":1,"o":{"a":0,"k":100}}],"ind":2},{"ty":4,"nm":"S","sr":1,"st":0,"op":61,"ip":0,"hasMask":false,"ao":0,"ks":{"a":{"a":0,"k":[6.54,3.54]},"s":{"a":0,"k":[100,100]},"sk":{"a":0,"k":0},"p":{"a":0,"k":[31.18,3.4]},"r":{"a":0,"k":0},"sa":{"a":0,"k":0},"o":{"a":0,"k":100}},"shapes":[{"ty":"sh","nm":"","d":1,"ks":{"a":0,"k":{"c":true,"i":[[0,0],[0,-0.541],[0,0],[-4.512,0],[0,5.189],[0,0],[0.462,0],[0,0]],"o":[[-0.462,0],[0,0],[0,5.189],[4.512,0],[0,0],[0,-0.541],[0,0],[0,0]],"v":[[0.85,0],[0,0.95],[0,0.95],[8.175,10.348],[16.337,0.95],[16.337,0.95],[15.487,0],[0.85,0]]}}},{"ty":"st","nm":"","lc":1,"lj":1,"ml":4,"o":{"a":0,"k":100},"w":{"a":0,"k":3.268},"c":{"a":0,"k":[0.926,0.353,0.326]}}],"ind":3},{"ty":4,"nm":"S","sr":1,"st":0,"op":61,"ip":0,"hasMask":false,"ao":0,"ks":{"a":{"a":0,"k":[6.54,3.54]},"s":{"a":0,"k":[100,100]},"sk":{"a":0,"k":0},"p":{"a":0,"k":[6.67,3.4]},"r":{"a":0,"k":0},"sa":{"a":0,"k":0},"o":{"a":0,"k":100}},"shapes":[{"ty":"sh","nm":"","d":1,"ks":{"a":0,"k":{"c":true,"i":[[0,0],[0,-0.541],[0,0],[-4.512,0],[0,5.189],[0,0],[0.462,0],[0,0]],"o":[[-0.462,0],[0,0],[0,5.189],[4.512,0],[0,0],[0,-0.541],[0,0],[0,0]],"v":[[0.85,0],[0,0.95],[0,0.95],[8.175,10.348],[16.337,0.95],[16.337,0.95],[15.487,0],[0.85,0]]}}},{"ty":"st","nm":"","lc":1,"lj":1,"ml":4,"o":{"a":0,"k":100},"w":{"a":0,"k":3.268},"c":{"a":0,"k":[0.926,0.353,0.326]}}],"ind":4},{"ty":4,"nm":"V","sr":1,"st":0,"op":61,"ip":0,"hasMask":false,"ao":0,"ks":{"a":{"a":0,"k":[8.1,5.11]},"s":{"a":0,"k":[100,100]},"sk":{"a":0,"k":0},"p":{"a":0,"k":[32.75,5.11]},"r":{"a":0,"k":0},"sa":{"a":0,"k":0},"o":{"a":0,"k":100}},"shapes":[{"ty":"sh","nm":"","d":1,"ks":{"a":0,"k":{"c":true,"i":[[0,0],[0,0],[0,0],[0,0],[0,0],[0,0],[0,0],[0,0],[0,0]],"o":[[0,0],[0,0],[0,0],[0,0],[0,0],[0,0],[0,0],[0,0],[0,0]],"v":[[15.39,0],[2.31,0],[0,2.18],[0.95,5.99],[4.77,9.26],[9.26,10.21],[14.3,8.44],[16.2,2.72],[15.39,0]]}}},{"ty":"fl","nm":"","c":{"a":0,"k":[0.239,0.239,0.239]},"r":1,"o":{"a":0,"k":100}}],"ind":5},{"ty":4,"nm":"V","sr":1,"st":0,"op":61,"ip":0,"hasMask":false,"ao":0,"ks":{"a":{"a":0,"k":[8.1,5.11]},"s":{"a":0,"k":[100,100]},"sk":{"a":0,"k":0},"p":{"a":0,"k":[8.1,5.11]},"r":{"a":0,"k":0},"sa":{"a":0,"k":0},"o":{"a":0,"k":100}},"shapes":[{"ty":"sh","nm":"","d":1,"ks":{"a":0,"k":{"c":true,"i":[[0,0],[0,0],[0,0],[0,0],[0,0],[0,0],[0,0],[0,0],[0,0]],"o":[[0,0],[0,0],[0,0],[0,0],[0,0],[0,0],[0,0],[0,0],[0,0]],"v":[[15.39,0],[2.31,0],[0,2.18],[0.95,5.99],[4.77,9.26],[9.26,10.21],[14.3,8.44],[16.2,2.72],[15.39,0]]}}},{"ty":"fl","nm":"","c":{"a":0,"k":[0.239,0.239,0.239]},"r":1,"o":{"a":0,"k":100}}],"ind":6}]},{"nm":"[","id":"5","layers":[{"ty":4,"nm":"I","sr":1,"st":0,"op":61,"ip":0,"hasMask":false,"ao":0,"ks":{"a":{"a":0,"k":[5.78,4.28]},"s":{"a":0,"k":[100,100]},"sk":{"a":0,"k":0},"p":{"a":0,"k":[20.9,7.44]},"r":{"a":0,"k":0},"sa":{"a":0,"k":0},"o":{"a":0,"k":100}},"shapes":[{"ty":"sh","nm":"","d":1,"ks":{"a":0,"k":{"c":true,"i":[[0,0],[-0.05,-0.8],[0.52,-0.35],[0.85,-0.08],[0.47,0.05],[0.03,-0.21],[0.72,-0.72],[0.82,-0.14],[0.34,0.02],[0.27,0.14],[-0.2,0.4],[-0.4,-0.2],[0,0],[0,0],[-0.21,-0.01],[-0.29,0.05],[-0.46,0.46],[-0.05,0.33],[0.01,0.22],[0,0.09],[0,0],[0,0],[0,0.16],[-0.21,0.15],[-0.25,-0.08],[-0.7,0.06],[-0.33,0.22],[-0.17,1.12]],"o":[[0.43,0.79],[-0.41,0.56],[-0.65,0.43],[-0.47,0.04],[0,0.19],[-0.12,0.69],[-0.76,0.76],[-0.41,0.07],[-0.32,-0.02],[-0.4,-0.2],[0.2,-0.4],[0,0],[0,0],[0.01,0],[0.21,0.01],[0.58,-0.1],[0.5,-0.5],[0.03,-0.18],[0,-0.06],[0,0],[0,0],[-0.01,-0.16],[0,-0.26],[0.21,-0.15],[0.48,0.16],[0.71,-0.07],[0.8,-0.53],[0,0]],"v":[[10.85,0],[11.57,2.43],[10.12,3.79],[7.72,4.52],[6.29,4.52],[6.24,5.11],[5.07,7.23],[2.54,8.49],[1.39,8.55],[0.45,8.33],[0.09,7.24],[1.18,6.87],[1.18,6.87],[1.18,6.87],[1.51,6.92],[2.26,6.88],[3.92,6.07],[4.62,4.85],[4.65,4.26],[4.64,4.03],[4.64,4.03],[4.64,4.03],[4.63,3.52],[4.97,2.85],[5.7,2.74],[7.57,2.9],[9.21,2.43],[10.85,0]]}}},{"ty":"fl","nm":"","c":{"a":0,"k":[0.671,0.671,0.671]},"r":2,"o":{"a":0,"k":100}}],"ind":1},{"ty":4,"nm":"I","sr":1,"st":0,"op":61,"ip":0,"hasMask":false,"ao":0,"ks":{"a":{"a":0,"k":[8.96,10.99]},"s":{"a":0,"k":[100,100]},"sk":{"a":0,"k":0},"p":{"a":0,"k":[17.73,10.99]},"r":{"a":0,"k":0},"sa":{"a":0,"k":0},"o":{"a":0,"k":100}},"shapes":[{"ty":"sh","nm":"","d":1,"ks":{"a":0,"k":{"c":true,"i":[[0,0],[0,0],[0,0],[-1.72,1.62],[0,5.04],[3.81,0],[0.86,-0.8],[0.1,-0.09],[0.32,-0.39],[0.84,-0.51],[1.11,-0.08],[0.1,-0.01]],"o":[[0,0],[0,0],[3.38,-1.11],[2.31,-2.18],[0,-2.59],[-3.33,0],[-0.12,0.12],[-0.31,0.26],[-0.52,0.63],[-0.67,0.4],[-0.1,0.01],[0,0]],"v":[[0,5.89],[0.35,13.34],[4.05,21.98],[11.92,16.88],[17.91,5.85],[11.92,0],[6.27,2.15],[5.93,2.45],[5.01,3.46],[3.07,5.31],[0.3,5.87],[0,5.89]]}}},{"ty":"fl","nm":"","c":{"a":0,"k":[1,1,1]},"r":2,"o":{"a":0,"k":100}}],"ind":2},{"ty":4,"nm":"I","sr":1,"st":0,"op":61,"ip":0,"hasMask":false,"ao":0,"ks":{"a":{"a":0,"k":[5.85,4.77]},"s":{"a":0,"k":[100,100]},"sk":{"a":0,"k":0},"p":{"a":0,"k":[11.3,17.84]},"r":{"a":0,"k":0},"sa":{"a":0,"k":0},"o":{"a":0,"k":100}},"shapes":[{"ty":"sh","nm":"","d":1,"ks":{"a":0,"k":{"c":true,"i":[[0,0],[-0.92,0],[-2.2,1.49],[0,0.31],[3.23,0],[0,-3.23],[-0.65,-0.94]],"o":[[0.84,0.24],[3.03,0],[0.05,-0.29],[0,-3.23],[-3.23,0],[0,1.23],[0,0]],"v":[[1.03,9.17],[3.68,9.53],[11.64,6.76],[11.71,5.85],[5.85,0],[0,5.85],[1.03,9.17]]}}},{"ty":"fl","nm":"","c":{"a":0,"k":[1,1,1]},"r":2,"o":{"a":0,"k":100}}],"ind":3},{"ty":4,"nm":"I","sr":1,"st":0,"op":61,"ip":0,"hasMask":false,"ao":0,"ks":{"a":{"a":0,"k":[5.75,4.4]},"s":{"a":0,"k":[100,100]},"sk":{"a":0,"k":0},"p":{"a":0,"k":[6.78,9.77]},"r":{"a":0,"k":0},"sa":{"a":0,"k":0},"o":{"a":0,"k":100}},"shapes":[{"ty":"sh","nm":"","d":1,"ks":{"a":0,"k":{"c":true,"i":[[0,0],[0,-1.07],[3.23,0],[0.69,2.46],[-1.48,0.61],[-1.16,0.09],[-0.66,0.35]],"o":[[0.5,0.86],[0,3.23],[-2.68,0],[1.12,-1.91],[1.18,-0.49],[1.05,-0.08],[0,0]],"v":[[10.7,0],[11.49,2.94],[5.64,8.79],[0,4.52],[4.41,1.17],[8.04,0.5],[10.7,0]]}}},{"ty":"fl","nm":"","c":{"a":0,"k":[1,1,1]},"r":2,"o":{"a":0,"k":100}}],"ind":4},{"ty":4,"nm":"V","sr":1,"st":0,"op":61,"ip":0,"hasMask":false,"ao":0,"ks":{"a":{"a":0,"k":[13.34,11.3]},"s":{"a":0,"k":[100,100]},"sk":{"a":0,"k":0},"p":{"a":0,"k":[13.34,11.3]},"r":{"a":0,"k":0},"sa":{"a":0,"k":0},"o":{"a":0,"k":100}},"shapes":[{"ty":"sh","nm":"","d":1,"ks":{"a":0,"k":{"c":true,"i":[[0,0],[0,4.49],[-2.31,0.95],[-1.36,0.82],[-0.82,0.68],[-3.81,0],[0,-2.59],[2.31,-2.18],[5.04,0]],"o":[[-5.04,0],[0,-5.31],[2.31,-0.95],[1.36,-0.82],[0.82,-0.68],[3.81,0],[0,5.04],[-2.31,2.18],[0,0]],"v":[[9.12,22.6],[0,14.3],[5.45,6.54],[11.85,5.31],[14.71,2.45],[20.7,0],[26.69,5.85],[20.7,16.88],[9.12,22.6]]}}},{"ty":"fl","nm":"","c":{"a":0,"k":[0.702,0.42,0.42]},"r":1,"o":{"a":0,"k":100}}],"ind":5}]},{"nm":"[","id":"6","layers":[{"ty":4,"nm":"h","sr":1,"st":0,"op":61,"ip":0,"hasMask":false,"ao":0,"ks":{"a":{"a":0,"k":[16.2,14.98]},"s":{"a":0,"k":[100,100]},"sk":{"a":0,"k":0},"p":{"a":0,"k":[34.12,14.98]},"r":{"a":0,"k":0},"sa":{"a":0,"k":0},"o":{"a":0,"k":100}},"shapes":[{"ty":"sh","nm":"","d":1,"ks":{"a":0,"k":{"c":true,"i":[[0,0],[8.95,0],[0,8.27],[-8.95,0],[0,-8.27]],"o":[[0,8.27],[-8.95,0],[0,-8.27],[8.95,0],[0,0]],"v":[[32.41,14.98],[16.2,29.96],[0,14.98],[16.2,0],[32.41,14.98]]}}},{"ty":"fl","nm":"","c":{"a":0,"k":[0.953,0.706,0.243]},"r":1,"o":{"a":0,"k":100}}],"ind":1},{"ty":4,"nm":"V","sr":1,"st":0,"op":61,"ip":0,"hasMask":false,"ao":0,"ks":{"a":{"a":0,"k":[8.07,15.25]},"s":{"a":0,"k":[100,100]},"sk":{"a":0,"k":0},"p":{"a":0,"k":[70.78,65.08]},"r":{"a":0,"k":0},"sa":{"a":0,"k":0},"o":{"a":0,"k":100}},"shapes":[{"ty":"sh","nm":"","d":1,"ks":{"a":0,"k":{"c":true,"i":[[0,0],[0,0],[-1.34,-0.77],[-2.45,1.33],[-0.27,-2.59],[3.27,-5.85],[2.45,-0.5],[0,0]],"o":[[0,0],[1.13,1.54],[1.91,1.09],[3.27,-1.77],[0.27,2.59],[-3.57,6.4],[0,0],[0,0]],"v":[[0,2.72],[0.82,0],[5.72,5.58],[12.25,5.85],[16.07,8.31],[12.66,22.88],[1.63,30.5],[0,2.72]]}}},{"ty":"fl","nm":"","c":{"a":0,"k":[0.953,0.706,0.243]},"r":1,"o":{"a":0,"k":100}}],"ind":2},{"ty":4,"nm":"R","sr":1,"st":0,"op":61,"ip":0,"hasMask":false,"ao":0,"ks":{"a":{"a":0,"k":[6.94,11.3]},"s":{"a":0,"k":[100,100]},"sk":{"a":0,"k":0},"p":{"a":0,"k":[56.41,49.74]},"r":{"a":0,"k":-9.21},"sa":{"a":0,"k":0},"o":{"a":0,"k":100}},"shapes":[{"ty":"sh","nm":"","d":1,"ks":{"a":0,"k":{"c":true,"i":[[0,-1.95],[0,0],[1.95,0],[0,0],[0,1.95],[0,0],[-1.95,0],[0,0]],"o":[[0,0],[0,1.95],[0,0],[-1.95,0],[0,0],[0,-1.95],[0,0],[1.95,0]],"v":[[13.89,3.54],[13.89,19.05],[10.35,22.59],[3.54,22.59],[0,19.05],[0,3.54],[3.54,0],[10.35,0]]}}},{"ty":"fl","nm":"","c":{"a":0,"k":[0.953,0.706,0.243]},"r":1,"o":{"a":0,"k":100}}],"ind":3},{"ty":4,"nm":"h","sr":1,"st":0,"op":61,"ip":0,"hasMask":false,"ao":0,"ks":{"a":{"a":0,"k":[28.02,14.71]},"s":{"a":0,"k":[100,100]},"sk":{"a":0,"k":0},"p":{"a":0,"k":[28.02,27.78]},"r":{"a":0,"k":0},"sa":{"a":0,"k":0},"o":{"a":0,"k":100}},"shapes":[{"ty":"sh","nm":"","d":1,"ks":{"a":0,"k":{"c":true,"i":[[0,0],[0,0.88],[15.49,0],[0.96,-13.98],[0,0],[0,0],[0,0]],"o":[[0.09,-0.86],[0,-14.81],[-14.86,0],[0,0],[0,0],[0,0],[0,0]],"v":[[55.91,29.42],[56.04,26.82],[27.99,0],[0,25.04],[16.14,22.47],[36.84,23.69],[55.91,29.42]]}}},{"ty":"fl","nm":"","c":{"a":0,"k":[0.953,0.706,0.243]},"r":2,"o":{"a":0,"k":100}}],"ind":4},{"ty":4,"nm":"h","sr":1,"st":0,"op":61,"ip":0,"hasMask":false,"ao":0,"ks":{"a":{"a":0,"k":[9.55,13.53]},"s":{"a":0,"k":[100,100]},"sk":{"a":0,"k":0},"p":{"a":0,"k":[57.47,41.59]},"r":{"a":0,"k":0},"sa":{"a":0,"k":0},"o":{"a":0,"k":100}},"shapes":[{"ty":"sh","nm":"","d":1,"ks":{"a":0,"k":{"c":true,"i":[[0,0],[0,0],[0,0],[0,0],[-0.42,-6.3],[0,0]],"o":[[0,0],[0,0],[0,0],[6.3,-0.42],[0,0],[0,0]],"v":[[19.09,27.06],[1.85,14.97],[0,0.41],[5.84,0.03],[18.01,10.68],[19.09,27.06]]}}},{"ty":"fl","nm":"","c":{"a":0,"k":[0.953,0.706,0.243]},"r":2,"o":{"a":0,"k":100}}],"ind":5},{"ty":4,"nm":"h","sr":1,"st":0,"op":61,"ip":0,"hasMask":false,"ao":0,"ks":{"a":{"a":0,"k":[9.81,14.23]},"s":{"a":0,"k":[100,100]},"sk":{"a":0,"k":0},"p":{"a":0,"k":[52.24,21.45]},"r":{"a":0,"k":0},"sa":{"a":0,"k":0},"o":{"a":0,"k":100}},"shapes":[{"ty":"sh","nm":"","d":1,"ks":{"a":0,"k":{"c":true,"i":[[0,0],[0.27,0.27],[0,0],[0,0],[0,0],[0.98,0.98],[0,1.37],[-0.57,4.72],[3.54,0],[4.77,0],[0.68,1.91]],"o":[[-0.54,-1.52],[0,0],[0,0],[0,0],[2.04,-1.27],[-1.63,-1.63],[0,-1.37],[0.33,-2.73],[-1.91,0],[-1.42,0],[0,0]],"v":[[6.94,2.72],[5.45,0],[0,8.85],[6.26,24.37],[14.57,28.46],[19.47,23.56],[15.11,20.15],[19.2,12.66],[16.48,4.08],[10.89,6.26],[6.94,2.72]]}}},{"ty":"fl","nm":"","c":{"a":0,"k":[0.953,0.706,0.243]},"r":1,"o":{"a":0,"k":100}}],"ind":6}]},{"nm":"[","id":"7","layers":[{"ty":4,"nm":"S","sr":1,"st":0,"op":61,"ip":0,"hasMask":false,"ao":0,"ks":{"a":{"a":0,"k":[27.62,18.04]},"s":{"a":0,"k":[100,100]},"sk":{"a":0,"k":0},"p":{"a":0,"k":[44.59,28.14]},"r":{"a":0,"k":0},"sa":{"a":0,"k":0},"o":{"a":0,"k":100}},"shapes":[{"ty":"sh","nm":"","d":1,"ks":{"a":0,"k":{"c":true,"i":[[0,0],[0,0],[-4.23,0.26],[0,0],[0,0]],"o":[[0,0],[5.23,-0.16],[0,0],[0,0],[0,0]],"v":[[19.74,23.18],[0,36.07],[16.18,35.29],[20.3,33.56],[19.74,23.18]]}}},{"ty":"sh","nm":"","d":1,"ks":{"a":0,"k":{"c":true,"i":[[0,0],[0,0],[0,0],[0,0],[-0.06,-1.08],[0,0]],"o":[[0,0],[0,0],[0,0],[0.28,1],[0,0],[0,0]],"v":[[48.83,11.28],[54.31,3.98],[55.25,0],[48.13,4.65],[48.64,7.77],[48.83,11.28]]}}},{"ty":"fl","nm":"","c":{"a":0,"k":[0.988,0.949,0.804]},"r":2,"o":{"a":0,"k":100}}],"ind":1},{"ty":4,"nm":"S","sr":1,"st":0,"op":61,"ip":0,"hasMask":false,"ao":0,"ks":{"a":{"a":0,"k":[37.3,23.13]},"s":{"a":0,"k":[100,100]},"sk":{"a":0,"k":0},"p":{"a":0,"k":[37.3,23.13]},"r":{"a":0,"k":0},"sa":{"a":0,"k":0},"o":{"a":0,"k":100}},"shapes":[{"ty":"sh","nm":"","d":1,"ks":{"a":0,"k":{"c":true,"i":[[0,0],[0,0],[0,0],[-0.22,-4.05],[0,0],[0,0]],"o":[[0,0],[0,0],[2.83,2.47],[0,0],[0,0],[0,0]],"v":[[71.27,14.08],[74.6,0],[60.69,7.79],[65.6,17.87],[65.79,21.38],[71.27,14.08]]}}},{"ty":"sh","nm":"","d":1,"ks":{"a":0,"k":{"c":true,"i":[[0,0],[0,0],[0,0],[-0.64,-0.32],[-7.49,0.45],[0,0]],"o":[[0,0],[0,0],[4.47,2.06],[1.09,0.54],[0,0],[0,0]],"v":[[37.26,43.67],[36.07,21.57],[0,41.75],[9.31,46.08],[33.14,45.4],[37.26,43.67]]}}},{"ty":"fl","nm":"","c":{"a":0,"k":[0.922,0.349,0.326]},"r":2,"o":{"a":0,"k":100}}],"ind":2}]}]}