{"nm":"M","h":150,"w":150,"meta":{"g":"LottieFiles Figma v67"},"layers":[{"ty":4,"nm":"S","sr":1,"st":0,"op":61,"ip":0,"hasMask":false,"ao":0,"ks":{"a":{"a":0,"k":[57.05,43.82]},"s":{"a":0,"k":[100,100]},"sk":{"a":0,"k":0},"p":{"a":0,"k":[75,88.23]},"r":{"a":0,"k":0},"sa":{"a":0,"k":0},"o":{"a":0,"k":100}},"shapes":[{"ty":"sh","nm":"","d":1,"ks":{"a":0,"k":{"c":true,"i":[[0,0],[0,0],[0,-11.25],[-31.51,0],[0,31.51],[2.05,5.88],[0,0],[0,-6.29],[27.97,0],[0,27.97],[-5.53,8.12]],"o":[[0,0],[-5.62,8.84],[0,31.51],[31.51,0],[0,-6.58],[0,0],[2.1,5.56],[0,27.97],[-27.97,0],[0,-10.56],[0,0]],"v":[[15.18,2.1],[8.88,0],[0,30.59],[57.05,87.64],[114.1,30.59],[110.94,11.79],[104.45,12.71],[107.69,30.59],[57.05,81.23],[6.41,30.59],[15.18,2.1]]}}},{"ty":"fl","nm":"","c":{"a":0,"k":[0,0.828,0.675]},"r":2,"o":{"a":0,"k":100}}],"ind":1},{"ty":0,"nm":"G","sr":1,"st":0,"op":61,"ip":0,"hasMask":false,"ao":0,"ks":{"a":{"a":0,"k":[57.05,66.84]},"s":{"a":0,"k":[100,100]},"sk":{"a":0,"k":0},"p":{"a":0,"k":[75,71.62]},"r":{"a":0,"k":0},"sa":{"a":0,"k":0},"o":{"a":0,"k":100}},"w":150,"h":150,"refId":"1","ind":2}],"v":"5.7.0","fr":60,"op":60,"ip":0,"assets":[{"nm":"[","id":"1","layers":[{"ty":4,"nm":"V","sr":1,"st":0,"op":61,"ip":0,"hasMask":false,"ao":0,"ks":{"a":{"a":0,"k":[2.44,9.35]},"s":{"a":0,"k":[100,100]},"sk":{"a":0,"k":0},"p":{"a":0,"k":[90.45,104.93]},"r":{"a":0,"k":0},"sa":{"a":0,"k":0},"o":{"a":0,"k":100}},"shapes":[{"ty":"sh","nm":"","d":1,"ks":{"a":0,"k":{"c":true,"i":[[0,0],[1.97,0.51],[0.51,-1.97],[0,0]],"o":[[0.51,-1.97],[-1.97,-0.51],[0,0],[0,0]],"v":[[8.45,0.93],[5.81,-3.57],[1.31,-0.93],[8.45,0.93]]}}},{"ty":"sh","nm":"","d":1,"ks":{"a":0,"k":{"c":true,"i":[[0,0],[0,0],[0,0],[0,0],[0,0]],"o":[[0,0],[0,0],[0,0],[0,0],[0,0]],"v":[[3.57,19.64],[8.45,0.93],[1.31,-0.93],[-3.57,17.78],[3.57,19.64]]}}},{"ty":"fl","nm":"","c":{"a":0,"k":[0.52,0.297,0]},"r":1,"o":{"a":0,"k":100}}],"ind":1},{"ty":4,"nm":"V","sr":1,"st":0,"op":61,"ip":0,"hasMask":false,"ao":0,"ks":{"a":{"a":0,"k":[1.91,7.05]},"s":{"a":0,"k":[100,100]},"sk":{"a":0,"k":0},"p":{"a":0,"k":[89.53,90.76]},"r":{"a":0,"k":0},"sa":{"a":0,"k":0},"o":{"a":0,"k":100}},"shapes":[{"ty":"sh","nm":"","d":1,"ks":{"a":0,"k":{"c":true,"i":[[0,0],[1.87,0.8],[0.8,-1.87],[0,0]],"o":[[0.8,-1.87],[-1.87,-0.8],[0,0],[0,0]],"v":[[4.58,1.45],[2.64,-3.39],[-2.21,-1.45],[4.58,1.45]]}}},{"ty":"sh","nm":"","d":1,"ks":{"a":0,"k":{"c":true,"i":[[0,0],[-1.61,1.25],[1.25,1.61],[0,0]],"o":[[1.25,1.61],[1.61,-1.25],[0,0],[0,0]],"v":[[0.91,16.37],[6.09,17.01],[6.73,11.83],[0.91,16.37]]}}},{"ty":"sh","nm":"","d":1,"ks":{"a":0,"k":{"c":true,"i":[[0,0],[0,-3.63],[0,0],[-0.24,0.57],[0,0]],"o":[[-0.55,1.28],[0,0],[0,-2.43],[0,0],[0,0]],"v":[[-2.21,-1.45],[-3.69,6.32],[3.69,6.32],[4.58,1.45],[-2.21,-1.45]]}}},{"ty":"sh","nm":"","d":1,"ks":{"a":0,"k":{"c":true,"i":[[0,0],[-1.17,-1.5],[0,0],[0.37,0.43],[0.22,0.34],[0,1.39],[0,0]],"o":[[0,5.85],[0,0],[-0.51,-0.66],[-0.41,-0.47],[-0.36,-0.55],[0,0],[0,0]],"v":[[-3.69,6.32],[0.91,16.37],[6.73,11.83],[5.28,10.12],[4.36,8.96],[3.69,6.32],[-3.69,6.32]]}}},{"ty":"fl","nm":"","c":{"a":0,"k":[0.643,0.4,0.282]},"r":1,"o":{"a":0,"k":100}}],"ind":2},{"ty":4,"nm":"S","sr":1,"st":0,"op":61,"ip":0,"hasMask":false,"ao":0,"ks":{"a":{"a":0,"k":[10.54,14.1]},"s":{"a":0,"k":[100,100]},"sk":{"a":0,"k":0},"p":{"a":0,"k":[97.23,91.75]},"r":{"a":0,"k":0},"sa":{"a":0,"k":0},"o":{"a":0,"k":100}},"shapes":[{"ty":"sh","nm":"","d":1,"ks":{"a":0,"k":{"c":true,"i":[[0,0],[0,0],[0.61,0],[0,7.79],[-5.82,0],[-0.21,-7.53]],"o":[[0,0],[-0.58,0.13],[-5.82,0],[0,-7.79],[5.69,0],[0,0]],"v":[[21.07,13.55],[12.32,28],[10.54,28.2],[0,14.1],[10.54,0],[21.07,13.55]]}}},{"ty":"fl","nm":"","c":{"a":0,"k":[0.643,0.4,0.282]},"r":2,"o":{"a":0,"k":100}}],"ind":3},{"ty":4,"nm":"V","sr":1,"st":0,"op":61,"ip":0,"hasMask":false,"ao":0,"ks":{"a":{"a":0,"k":[0.99,4.02]},"s":{"a":0,"k":[100,100]},"sk":{"a":0,"k":0},"p":{"a":0,"k":[98.62,68.1]},"r":{"a":0,"k":0},"sa":{"a":0,"k":0},"o":{"a":0,"k":100}},"shapes":[{"ty":"sh","nm":"","d":1,"ks":{"a":0,"k":{"c":true,"i":[[0,0],[1.37,-0.68],[-0.68,-1.37],[0,0]],"o":[[-0.68,-1.37],[-1.37,0.68],[0,0],[0,0]],"v":[[2.47,-1.24],[-1.24,-2.47],[-2.47,1.24],[2.47,-1.24]]}}},{"ty":"sh","nm":"","d":1,"ks":{"a":0,"k":{"c":true,"i":[[0,0],[-1.52,0.19],[0.18,1.52],[0,0]],"o":[[0.18,1.52],[1.52,-0.18],[0,0],[0,0]],"v":[[-0.77,8.37],[2.31,10.78],[4.72,7.7],[-0.77,8.37]]}}},{"ty":"sh","nm":"","d":1,"ks":{"a":0,"k":{"c":true,"i":[[0,0],[-0.5,-4.12],[0,0],[0.71,1.42],[0,0]],"o":[[0.34,0.69],[0,0],[-0.55,-4.52],[0,0],[0,0]],"v":[[-2.47,1.24],[-0.77,8.37],[4.72,7.7],[2.47,-1.24],[-2.47,1.24]]}}},{"ty":"fl","nm":"","c":{"a":0,"k":[0.52,0.297,0]},"r":1,"o":{"a":0,"k":100}}],"ind":4},{"ty":4,"nm":"V","sr":1,"st":0,"op":61,"ip":0,"hasMask":false,"ao":0,"ks":{"a":{"a":0,"k":[5.47,12.91]},"s":{"a":0,"k":[100,100]},"sk":{"a":0,"k":0},"p":{"a":0,"k":[101.12,75.28]},"r":{"a":0,"k":0},"sa":{"a":0,"k":0},"o":{"a":0,"k":100}},"shapes":[{"ty":"sh","nm":"","d":1,"ks":{"a":0,"k":{"c":true,"i":[[0,0],[0,0],[0,0]],"o":[[0,0],[0,0],[0,0]],"v":[[5.01,9.75],[8.34,11.33],[5.01,9.75]]}}},{"ty":"sh","nm":"","d":1,"ks":{"a":0,"k":{"c":true,"i":[[0,0],[1.48,1.4],[1.4,-1.48],[0,0]],"o":[[1.4,-1.48],[-1.48,-1.4],[0,0],[0,0]],"v":[[13.61,2.54],[13.47,-2.68],[8.26,-2.54],[13.61,2.54]]}}},{"ty":"sh","nm":"","d":1,"ks":{"a":0,"k":{"c":true,"i":[[0,0],[-2.98,6.31],[0,0],[1.04,-3.91],[0,0]],"o":[[1.25,-4.7],[0,0],[-3.37,7.13],[0,0],[0,0]],"v":[[3.57,26.77],[8.34,11.33],[1.67,8.17],[-3.57,24.88],[3.57,26.77]]}}},{"ty":"sh","nm":"","d":1,"ks":{"a":0,"k":{"c":true,"i":[[0,0],[-1.91,2.01],[0,0],[1.55,-3.27],[0,0]],"o":[[1.61,-3.4],[0,0],[-2.84,2.99],[0,0],[0,0]],"v":[[8.34,11.33],[13.61,2.54],[8.26,-2.54],[1.67,8.17],[8.34,11.33]]}}},{"ty":"fl","nm":"","c":{"a":0,"k":[0.52,0.297,0]},"r":1,"o":{"a":0,"k":100}}],"ind":5},{"ty":0,"nm":"b","sr":1,"st":0,"op":61,"ip":0,"hasMask":false,"ao":0,"ks":{"a":{"a":0,"k":[12.39,15.34]},"s":{"a":0,"k":[100,100]},"sk":{"a":0,"k":0},"p":{"a":0,"k":[44.8,34.55]},"r":{"a":0,"k":0},"sa":{"a":0,"k":0},"o":{"a":0,"k":100}},"w":150,"h":150,"refId":"2","ind":6},{"ty":4,"nm":"V","sr":1,"st":0,"op":61,"ip":0,"hasMask":false,"ao":0,"ks":{"a":{"a":0,"k":[12.9,16.07]},"s":{"a":0,"k":[100,100]},"sk":{"a":0,"k":0},"p":{"a":0,"k":[21.46,101.51]},"r":{"a":0,"k":0},"sa":{"a":0,"k":0},"o":{"a":0,"k":100}},"shapes":[{"ty":"sh","nm":"","d":1,"ks":{"a":0,"k":{"c":true,"i":[[0,0],[0,0],[0,0]],"o":[[0,0],[0,0],[0,0]],"v":[[25.17,19.76],[28.49,20.58],[25.17,19.76]]}}},{"ty":"sh","nm":"","d":1,"ks":{"a":0,"k":{"c":true,"i":[[0,0],[0,0],[0,0]],"o":[[0,0],[0,0],[0,0]],"v":[[17.26,1.05],[16.06,4.26],[17.26,1.05]]}}},{"ty":"sh","nm":"","d":1,"ks":{"a":0,"k":{"c":true,"i":[[0,0],[-0.89,3.63],[0,0],[1,-3.42],[0,0]],"o":[[0.85,-2.9],[0,0],[-0.86,3.49],[0,0],[0,0]],"v":[[24.77,33.1],[28.49,20.58],[21.84,18.94],[18.19,31.18],[24.77,33.1]]}}},{"ty":"sh","nm":"","d":1,"ks":{"a":0,"k":{"c":true,"i":[[0,0],[8.81,3.28],[0,0],[1.82,-7.4],[0,0]],"o":[[2.39,-9.73],[0,0],[4.63,1.72],[0,0],[0,0]],"v":[[28.49,20.58],[18.46,-2.16],[16.06,4.26],[21.84,18.94],[28.49,20.58]]}}},{"ty":"sh","nm":"","d":1,"ks":{"a":0,"k":{"c":true,"i":[[0,0],[3,-8.3],[0,0],[-6.21,-2.32],[0,0]],"o":[[-9.12,-3.4],[0,0],[1.48,-4.09],[0,0],[0,0]],"v":[[18.46,-2.16],[-3.22,6.47],[3.22,8.8],[16.06,4.26],[18.46,-2.16]]}}},{"ty":"fl","nm":"","c":{"a":0,"k":[1,0.48,0]},"r":1,"o":{"a":0,"k":100}}],"ind":7},{"ty":4,"nm":"R","sr":1,"st":0,"op":61,"ip":0,"hasMask":false,"ao":0,"ks":{"a":{"a":0,"k":[11.46,3.56]},"s":{"a":0,"k":[100,100]},"sk":{"a":0,"k":0},"p":{"a":0,"k":[45.47,105.87]},"r":{"a":0,"k":29.34},"sa":{"a":0,"k":0},"o":{"a":0,"k":100}},"shapes":[{"ty":"sh","nm":"","d":1,"ks":{"a":0,"k":{"c":true,"i":[[0,0],[0,0],[0,0],[0,0],[0,0]],"o":[[0,0],[0,0],[0,0],[0,0],[0,0]],"v":[[0,0],[20.03,0],[22.93,7.11],[2.9,7.11],[0,0]]}}},{"ty":"fl","nm":"","c":{"a":0,"k":[1,0.48,0]},"r":1,"o":{"a":0,"k":100}}],"ind":8},{"ty":4,"nm":"V","sr":1,"st":0,"op":61,"ip":0,"hasMask":false,"ao":0,"ks":{"a":{"a":0,"k":[4.62,9.75]},"s":{"a":0,"k":[100,100]},"sk":{"a":0,"k":0},"p":{"a":0,"k":[53.9,114.15]},"r":{"a":0,"k":0},"sa":{"a":0,"k":0},"o":{"a":0,"k":100}},"shapes":[{"ty":"sh","nm":"","d":1,"ks":{"a":0,"k":{"c":true,"i":[[0,0],[-0.13,1.41],[0.26,-3.56],[0.66,-2.5],[0,0],[-0.84,3.9]],"o":[[0.84,-3.9],[3.29,1.71],[-0.18,2.42],[0,0],[0.4,-1.71],[0,0]],"v":[[2.37,9.09],[3.82,0],[9.22,9.49],[7.38,19.5],[0,18.05],[2.37,9.09]]}}},{"ty":"fl","nm":"","c":{"a":0,"k":[1,0.48,0]},"r":1,"o":{"a":0,"k":100}}],"ind":9},{"ty":4,"nm":"V","sr":1,"st":0,"op":61,"ip":0,"hasMask":false,"ao":0,"ks":{"a":{"a":0,"k":[11.2,10.8]},"s":{"a":0,"k":[100,100]},"sk":{"a":0,"k":0},"p":{"a":0,"k":[42.03,112.97]},"r":{"a":0,"k":0},"sa":{"a":0,"k":0},"o":{"a":0,"k":100}},"shapes":[{"ty":"sh","nm":"","d":1,"ks":{"a":0,"k":{"c":true,"i":[[0,0],[0,0],[0,0],[0,0],[0,0]],"o":[[0,0],[0,0],[0,0],[0,0],[0,0]],"v":[[4.61,0],[0,15.55],[20.82,21.61],[22.4,9.35],[4.61,0]]}}},{"ty":"fl","nm":"","c":{"a":0,"k":[0.992,0.69,0.165]},"r":1,"o":{"a":0,"k":100}}],"ind":10},{"ty":4,"nm":"S","sr":1,"st":0,"op":61,"ip":0,"hasMask":false,"ao":0,"ks":{"a":{"a":0,"k":[11.41,8.45]},"s":{"a":0,"k":[100,100]},"sk":{"a":0,"k":0},"p":{"a":0,"k":[60.47,116.23]},"r":{"a":0,"k":0},"sa":{"a":0,"k":0},"o":{"a":0,"k":100}},"shapes":[{"ty":"sh","nm":"","d":1,"ks":{"a":0,"k":{"c":true,"i":[[0,0],[4.31,-2.58],[-2.58,-4.31],[0,0],[0,0],[0,0]],"o":[[-2.58,-4.31],[-4.31,2.58],[0,0],[0,0],[0,0],[0,0]],"v":[[16.89,4.41],[4.41,1.3],[1.3,13.77],[3.17,16.89],[22.83,14.31],[16.89,4.41]]}}},{"ty":"fl","nm":"","c":{"a":0,"k":[0.643,0.4,0.282]},"r":2,"o":{"a":0,"k":100}}],"ind":11},{"ty":0,"nm":"G","sr":1,"st":0,"op":61,"ip":0,"hasMask":false,"ao":0,"ks":{"a":{"a":0,"k":[7.17,8.76]},"s":{"a":0,"k":[100,-100]},"sk":{"a":0,"k":0},"p":{"a":0,"k":[50.53,82.84]},"r":{"a":0,"k":-180},"sa":{"a":0,"k":0},"o":{"a":0,"k":100}},"w":150,"h":150,"refId":"3","ind":12},{"ty":0,"nm":"n","sr":1,"st":0,"op":61,"ip":0,"hasMask":false,"ao":0,"ks":{"a":{"a":0,"k":[3.54,4.03]},"s":{"a":0,"k":[100,-100]},"sk":{"a":0,"k":0},"p":{"a":0,"k":[65.58,79.07]},"r":{"a":0,"k":-180},"sa":{"a":0,"k":0},"o":{"a":0,"k":100}},"w":150,"h":150,"refId":"4","ind":13},{"ty":4,"nm":"V","sr":1,"st":0,"op":61,"ip":0,"hasMask":false,"ao":0,"ks":{"a":{"a":0,"k":[6.13,6.07]},"s":{"a":0,"k":[100,100]},"sk":{"a":0,"k":0},"p":{"a":0,"k":[55.67,73.56]},"r":{"a":0,"k":0},"sa":{"a":0,"k":0},"o":{"a":0,"k":100}},"shapes":[{"ty":"sh","nm":"","d":1,"ks":{"a":0,"k":{"c":true,"i":[[0,0],[1.71,-0.18],[0,0],[0,0],[3.16,3.16]],"o":[[-2.86,-2.86],[0,0],[0,0],[-0.4,-2.77],[0,0]],"v":[[8.3,3.45],[0,0.02],[4.74,11.36],[12.25,12.15],[8.3,3.45]]}}},{"ty":"fl","nm":"","c":{"a":0,"k":[0.608,0.408,0.302]},"r":1,"o":{"a":0,"k":100}}],"ind":14},{"ty":4,"nm":"I","sr":1,"st":0,"op":61,"ip":0,"hasMask":false,"ao":0,"ks":{"a":{"a":0,"k":[2.29,2.15]},"s":{"a":0,"k":[100,100]},"sk":{"a":0,"k":0},"p":{"a":0,"k":[57.69,59.17]},"r":{"a":0,"k":0},"sa":{"a":0,"k":0},"o":{"a":0,"k":100}},"shapes":[{"ty":"sh","nm":"","d":1,"ks":{"a":0,"k":{"c":true,"i":[[0,0],[0.02,1.28],[0.12,0.22],[0.75,-1.62],[-1.19,0.5]],"o":[[1.27,-0.54],[-0.01,-0.31],[-1.98,0.13],[0.14,1.11],[0,0]],"v":[[2.32,4.09],[4.58,0.81],[4.39,0],[0,3],[2.32,4.09]]}}},{"ty":"fl","nm":"","c":{"a":0,"k":[1,1,1]},"r":2,"o":{"a":0,"k":100}}],"ind":15},{"ty":4,"nm":"I","sr":1,"st":0,"op":61,"ip":0,"hasMask":false,"ao":0,"ks":{"a":{"a":0,"k":[4.3,6.1]},"s":{"a":0,"k":[100,-100]},"sk":{"a":0,"k":0},"p":{"a":0,"k":[58.36,63.11]},"r":{"a":0,"k":-180},"sa":{"a":0,"k":0},"o":{"a":0,"k":100}},"shapes":[{"ty":"sh","nm":"","d":1,"ks":{"a":0,"k":{"c":true,"i":[[0,0],[0,0],[2.82,-0.47],[-0.86,-2.53],[0,0],[-1.83,1.21],[-0.06,1.51]],"o":[[0,0],[-0.6,-2.33],[-1.38,1.34],[0,0],[0.83,2.53],[1.64,-1.08],[0,0]],"v":[[8.61,7.52],[7.54,3.8],[1.65,0.07],[0.36,6.27],[1.47,9.44],[6.31,11.67],[8.61,7.52]]}}},{"ty":"fl","nm":"","c":{"a":0,"k":[0.239,0.239,0.239]},"r":2,"o":{"a":0,"k":100}}],"ind":16},{"ty":4,"nm":"V","sr":1,"st":0,"op":61,"ip":0,"hasMask":false,"ao":0,"ks":{"a":{"a":0,"k":[7.07,10.15]},"s":{"a":0,"k":[100,-100]},"sk":{"a":0,"k":0},"p":{"a":0,"k":[60.11,67.16]},"r":{"a":0,"k":-180},"sa":{"a":0,"k":0},"o":{"a":0,"k":100}},"shapes":[{"ty":"sh","nm":"","d":1,"ks":{"a":0,"k":{"c":true,"i":[[0,0],[3.54,-1.97],[-1.35,-4.49],[0,0],[-3.19,1.68],[1.04,3.15],[0,0]],"o":[[-0.73,-2.85],[-3.02,1.68],[0,0],[1.13,3.95],[4.78,-2.51],[0,0],[0,0]],"v":[[12.06,3.8],[4.24,0.76],[0.41,10.82],[1.94,15.78],[9.83,19.63],[13.58,9.12],[12.06,3.8]]}}},{"ty":"fl","nm":"","c":{"a":0,"k":[1,1,1]},"r":1,"o":{"a":0,"k":100}}],"ind":17},{"ty":4,"nm":"V","sr":1,"st":0,"op":61,"ip":0,"hasMask":false,"ao":0,"ks":{"a":{"a":0,"k":[12.91,14.82]},"s":{"a":0,"k":[100,100]},"sk":{"a":0,"k":0},"p":{"a":0,"k":[21.21,101.7]},"r":{"a":0,"k":0},"sa":{"a":0,"k":0},"o":{"a":0,"k":100}},"shapes":[{"ty":"sh","nm":"","d":1,"ks":{"a":0,"k":{"c":true,"i":[[0,0],[0,0],[0,0],[0,0],[0,0],[0,0],[0,0],[0,0]],"o":[[0,0],[0,0],[0,0],[0,0],[0,0],[0,0],[0,0],[0,0]],"v":[[6.46,0],[0,7.38],[7.77,18.84],[22.93,29.65],[25.82,14.76],[23.58,5.53],[17.92,0],[6.46,0]]}}},{"ty":"fl","nm":"","c":{"a":0,"k":[0.643,0.4,0.282]},"r":1,"o":{"a":0,"k":100}}],"ind":18},{"ty":4,"nm":"E","sr":1,"st":0,"op":61,"ip":0,"hasMask":false,"ao":0,"ks":{"a":{"a":0,"k":[11.94,8.7]},"s":{"a":0,"k":[100,100]},"sk":{"a":0,"k":0},"p":{"a":0,"k":[41.37,102.91]},"r":{"a":0,"k":17.06},"sa":{"a":0,"k":0},"o":{"a":0,"k":100}},"shapes":[{"ty":"sh","nm":"","d":1,"ks":{"a":0,"k":{"c":true,"i":[[0,0],[6.74,0],[0,4.8],[-6.74,0],[0,-4.8]],"o":[[0,7.99],[-6.74,0],[0,-4.8],[6.74,0],[0,0]],"v":[[23.88,8.52],[12.2,17.39],[0,8.7],[12.2,0],[23.88,8.52]]}}},{"ty":"fl","nm":"","c":{"a":0,"k":[0.992,0.69,0.165]},"r":1,"o":{"a":0,"k":100}}],"ind":19},{"ty":4,"nm":"I","sr":1,"st":0,"op":61,"ip":0,"hasMask":false,"ao":0,"ks":{"a":{"a":0,"k":[2.26,2.02]},"s":{"a":0,"k":[100,100]},"sk":{"a":0,"k":0},"p":{"a":0,"k":[71.68,67.72]},"r":{"a":0,"k":0},"sa":{"a":0,"k":0},"o":{"a":0,"k":100}},"shapes":[{"ty":"sh","nm":"","d":1,"ks":{"a":0,"k":{"c":true,"i":[[0,0],[0.02,1.28],[0.05,0.17],[0.73,-1.69],[-1.07,0.46]],"o":[[1.27,-0.54],[0,-0.21],[-2,0.08],[0.27,0.89],[0,0]],"v":[[2.26,3.85],[4.52,0.57],[4.43,0],[0,3.06],[2.26,3.85]]}}},{"ty":"fl","nm":"","c":{"a":0,"k":[1,1,1]},"r":2,"o":{"a":0,"k":100}}],"ind":20},{"ty":4,"nm":"I","sr":1,"st":0,"op":61,"ip":0,"hasMask":false,"ao":0,"ks":{"a":{"a":0,"k":[4.29,6.13]},"s":{"a":0,"k":[100,-100]},"sk":{"a":0,"k":0},"p":{"a":0,"k":[72.34,71.82]},"r":{"a":0,"k":-180},"sa":{"a":0,"k":0},"o":{"a":0,"k":100}},"shapes":[{"ty":"sh","nm":"","d":1,"ks":{"a":0,"k":{"c":true,"i":[[0,0],[0,0],[2.7,-0.49],[-0.87,-2.57],[0,0],[-1.83,1.21],[-0.14,1.39]],"o":[[0,0],[-0.61,-2.31],[-1.41,1.33],[0,0],[0.83,2.53],[1.5,-0.99],[0,0]],"v":[[8.58,7.95],[7.43,3.73],[1.71,0.08],[0.36,6.33],[1.47,9.51],[6.31,11.73],[8.58,7.95]]}}},{"ty":"fl","nm":"","c":{"a":0,"k":[0.239,0.239,0.239]},"r":2,"o":{"a":0,"k":100}}],"ind":21},{"ty":4,"nm":"V","sr":1,"st":0,"op":61,"ip":0,"hasMask":false,"ao":0,"ks":{"a":{"a":0,"k":[6.78,10.11]},"s":{"a":0,"k":[100,-100]},"sk":{"a":0,"k":0},"p":{"a":0,"k":[73.87,75.8]},"r":{"a":0,"k":-180},"sa":{"a":0,"k":0},"o":{"a":0,"k":100}},"shapes":[{"ty":"sh","nm":"","d":1,"ks":{"a":0,"k":{"c":true,"i":[[0,0],[3.36,-1.91],[-1.36,-4.49],[0,0],[-3.03,1.62],[0.96,3.44],[0,0]],"o":[[-0.74,-2.81],[-2.87,1.63],[0,0],[1.14,3.95],[4.54,-2.43],[0,0],[0,0]],"v":[[11.45,3.73],[3.95,0.73],[0.44,10.68],[1.98,15.64],[9.59,19.59],[13.01,9.45],[11.45,3.73]]}}},{"ty":"fl","nm":"","c":{"a":0,"k":[1,1,1]},"r":1,"o":{"a":0,"k":100}}],"ind":22},{"ty":4,"nm":"E","sr":1,"st":0,"op":61,"ip":0,"hasMask":false,"ao":0,"ks":{"a":{"a":0,"k":[6.46,6.46]},"s":{"a":0,"k":[100,100]},"sk":{"a":0,"k":0},"p":{"a":0,"k":[35.15,57.99]},"r":{"a":0,"k":-10},"sa":{"a":0,"k":0},"o":{"a":0,"k":100}},"shapes":[{"ty":"sh","nm":"","d":1,"ks":{"a":0,"k":{"c":true,"i":[[0,0],[3.57,0],[0,3.57],[-3.57,0],[0,-3.57]],"o":[[0,3.57],[-3.57,0],[0,-3.57],[3.57,0],[0,0]],"v":[[12.91,6.46],[6.46,12.91],[0,6.46],[6.46,0],[12.91,6.46]]}}},{"ty":"fl","nm":"","c":{"a":0,"k":[0.643,0.4,0.282]},"r":1,"o":{"a":0,"k":100}}],"ind":23},{"ty":4,"nm":"V","sr":1,"st":0,"op":61,"ip":0,"hasMask":false,"ao":0,"ks":{"a":{"a":0,"k":[6.61,5.14]},"s":{"a":0,"k":[100,100]},"sk":{"a":0,"k":0},"p":{"a":0,"k":[82.99,46.57]},"r":{"a":0,"k":-5.83},"sa":{"a":0,"k":0},"o":{"a":0,"k":100}},"shapes":[{"ty":"sh","nm":"","d":1,"ks":{"a":0,"k":{"c":true,"i":[[0,0],[-4.65,-1.14],[5.19,2.08],[0,0]],"o":[[2.07,-5.22],[-0.52,7.8],[0,0],[0,0]],"v":[[1.06,7.05],[13.23,0.26],[0,9.72],[1.06,7.05]]}}},{"ty":"fl","nm":"","c":{"a":0,"k":[0.992,0.69,0.165]},"r":1,"o":{"a":0,"k":100}}],"ind":24},{"ty":4,"nm":"V","sr":1,"st":0,"op":61,"ip":0,"hasMask":false,"ao":0,"ks":{"a":{"a":0,"k":[8.1,5.77]},"s":{"a":0,"k":[100,100]},"sk":{"a":0,"k":0},"p":{"a":0,"k":[74.24,43.2]},"r":{"a":0,"k":109.52},"sa":{"a":0,"k":0},"o":{"a":0,"k":100}},"shapes":[{"ty":"sh","nm":"","d":1,"ks":{"a":0,"k":{"c":true,"i":[[0,0],[-6.19,-2.46],[0,0],[5.77,1.59]],"o":[[2.21,-8.34],[0,0],[-2.47,6.17],[0,0]],"v":[[0,11.1],[16.21,0.67],[14.95,3.82],[0,11.1]]}}},{"ty":"fl","nm":"","c":{"a":0,"k":[0.992,0.69,0.165]},"r":1,"o":{"a":0,"k":100}}],"ind":25},{"ty":4,"nm":"V","sr":1,"st":0,"op":61,"ip":0,"hasMask":false,"ao":0,"ks":{"a":{"a":0,"k":[32.35,15.23]},"s":{"a":0,"k":[100,100]},"sk":{"a":0,"k":0},"p":{"a":0,"k":[56.19,57.42]},"r":{"a":0,"k":0},"sa":{"a":0,"k":0},"o":{"a":0,"k":100}},"shapes":[{"ty":"sh","nm":"","d":1,"ks":{"a":0,"k":{"c":true,"i":[[0,0],[0,0],[-5.9,1.37],[-2.24,-0.92],[-3.73,-1.58],[0,0],[0,0],[0,0],[0,0]],"o":[[0,0],[6.19,-1.23],[7.38,-1.71],[1.79,0.74],[0,0],[0,0],[0,0],[0,0],[0,0]],"v":[[0.53,19.12],[0,6.08],[25.96,0.68],[37.95,1.86],[51.39,7.53],[64.69,17.28],[59.55,30.45],[50.46,10.82],[0.53,19.12]]}}},{"ty":"fl","nm":"","c":{"a":0,"k":[0.992,0.69,0.165]},"r":1,"o":{"a":0,"k":100}}],"ind":26},{"ty":4,"nm":"V","sr":1,"st":0,"op":61,"ip":0,"hasMask":false,"ao":0,"ks":{"a":{"a":0,"k":[32.8,27.21]},"s":{"a":0,"k":[100,100]},"sk":{"a":0,"k":0},"p":{"a":0,"k":[54.03,77.59]},"r":{"a":0,"k":0},"sa":{"a":0,"k":0},"o":{"a":0,"k":100}},"shapes":[{"ty":"sh","nm":"","d":1,"ks":{"a":0,"k":{"c":true,"i":[[0,0],[-0.92,4.88],[0,0],[0,0],[0,0],[1.99,-5.7],[5.27,-0.92],[3.34,-0.4],[0,0],[6.32,3.48],[-0.79,4.22]],"o":[[0.64,-3.43],[0,0],[0,0],[0,0],[-2.72,7.77],[-2.77,7.91],[-4.22,0.74],[0,0],[0.09,-2.64],[-7.91,-4.35],[0,0]],"v":[[0.9,22.27],[4.46,4.35],[13.42,0],[53.74,1.19],[65.6,12.39],[55.32,42.95],[43.73,52.31],[28.44,54.42],[13.42,46.91],[5.78,34.26],[0.9,22.27]]}}},{"ty":"fl","nm":"","c":{"a":0,"k":[0.643,0.4,0.282]},"r":1,"o":{"a":0,"k":100}}],"ind":27},{"ty":0,"nm":"h","sr":1,"st":0,"op":61,"ip":0,"hasMask":false,"ao":0,"ks":{"a":{"a":0,"k":[48.99,36.11]},"s":{"a":0,"k":[100,100]},"sk":{"a":0,"k":0},"p":{"a":0,"k":[60.58,36.11]},"r":{"a":0,"k":0},"sa":{"a":0,"k":0},"o":{"a":0,"k":100}},"w":150,"h":150,"refId":"5","ind":28},{"ty":4,"nm":"I","sr":1,"st":0,"op":61,"ip":0,"hasMask":false,"ao":0,"ks":{"a":{"a":0,"k":[3.95,10.27]},"s":{"a":0,"k":[100,100]},"sk":{"a":0,"k":0},"p":{"a":0,"k":[8.95,75.03]},"r":{"a":0,"k":0},"sa":{"a":0,"k":0},"o":{"a":0,"k":100}},"shapes":[{"ty":"sh","nm":"","d":1,"ks":{"a":0,"k":{"c":true,"i":[[0,0],[0,0],[-0.74,1.66],[-0.1,0.22],[0,0],[-0.46,0.92],[-0.06,1.65],[1.4,1.31],[1.62,-0.2],[0.27,-0.07],[0,0],[-0.51,0.06],[-0.64,-0.6],[0.03,-0.75],[0.83,-1.67],[0.63,-1.42],[0,0],[0.1,-0.22],[0.06,-0.13],[0,0]],"o":[[0,0],[0.71,-1.35],[0.1,-0.23],[0,0],[0.64,-1.44],[0.88,-1.76],[0.07,-1.79],[-1.54,-1.45],[-0.27,0.03],[0,0],[0.31,-0.16],[0.86,-0.11],[0.71,0.66],[-0.03,0.89],[-0.5,0.99],[0,0],[-0.1,0.22],[-0.06,0.13],[0,0],[0,0]],"v":[[2.04,20.54],[2.04,20.54],[4.3,15.76],[4.6,15.08],[4.6,15.08],[6.28,11.42],[7.89,6.29],[5.91,1.63],[0.81,0.05],[0,0.21],[0,3.84],[1.24,3.45],[3.57,4.13],[4.46,6.16],[3.21,9.89],[1.46,13.7],[1.46,13.7],[1.17,14.36],[0.99,14.76],[2.04,20.54]]}}},{"ty":"fl","nm":"","c":{"a":0,"k":[0.875,0.42,0]},"r":2,"o":{"a":0,"k":100}}],"ind":29},{"ty":4,"nm":"V","sr":1,"st":0,"op":61,"ip":0,"hasMask":false,"ao":0,"ks":{"a":{"a":0,"k":[6.72,3.03]},"s":{"a":0,"k":[100,100]},"sk":{"a":0,"k":0},"p":{"a":0,"k":[13.44,83.45]},"r":{"a":0,"k":0},"sa":{"a":0,"k":0},"o":{"a":0,"k":100}},"shapes":[{"ty":"sh","nm":"","d":1,"ks":{"a":0,"k":{"c":true,"i":[[0,0],[0,0.8],[0.8,0],[0,0]],"o":[[0.8,0],[0,-0.8],[0,0],[0,0]],"v":[[13.44,1.45],[14.89,0],[13.44,-1.45],[13.44,1.45]]}}},{"ty":"sh","nm":"","d":1,"ks":{"a":0,"k":{"c":true,"i":[[0,0],[-2.3,1.21],[0,0],[1.29,-1.57],[0,0]],"o":[[1.08,-1.33],[0,0],[-2.7,1.42],[0,0],[0,0]],"v":[[1.12,6.98],[6.34,2.73],[4.99,0.17],[-1.12,5.14],[1.12,6.98]]}}},{"ty":"sh","nm":"","d":1,"ks":{"a":0,"k":{"c":true,"i":[[0,0],[-2.11,0],[0,0],[2.85,-1.5],[0,0]],"o":[[2.16,-1.13],[0,0],[-2.11,0],[0,0],[0,0]],"v":[[6.34,2.73],[13.44,1.45],[13.44,-1.45],[4.99,0.17],[6.34,2.73]]}}},{"ty":"fl","nm":"","c":{"a":0,"k":[0.875,0.42,0]},"r":1,"o":{"a":0,"k":100}}],"ind":30},{"ty":4,"nm":"V","sr":1,"st":0,"op":61,"ip":0,"hasMask":false,"ao":0,"ks":{"a":{"a":0,"k":[10.54,13.94]},"s":{"a":0,"k":[100,100]},"sk":{"a":0,"k":0},"p":{"a":0,"k":[15.55,76.1]},"r":{"a":0,"k":0},"sa":{"a":0,"k":0},"o":{"a":0,"k":100}},"shapes":[{"ty":"sh","nm":"","d":1,"ks":{"a":0,"k":{"c":true,"i":[[0,0],[0,0],[0,0],[0,0],[0,0],[5.01,3.73],[1.63,-0.26]],"o":[[0,0],[0,0],[0,0],[0,0],[-1.01,-1.98],[-4.53,-3.37],[0,0]],"v":[[0,0.22],[0,11.94],[2.9,27.89],[21.08,23.41],[19.24,12.74],[11.59,2.72],[0,0.22]]}}},{"ty":"fl","nm":"","c":{"a":0,"k":[1,0.48,0]},"r":1,"o":{"a":0,"k":100}}],"ind":31},{"ty":0,"nm":"G","sr":1,"st":0,"op":61,"ip":0,"hasMask":false,"ao":0,"ks":{"a":{"a":0,"k":[57.05,60.26]},"s":{"a":0,"k":[100,100]},"sk":{"a":0,"k":0},"p":{"a":0,"k":[57.05,73.42]},"r":{"a":0,"k":0},"sa":{"a":0,"k":0},"o":{"a":0,"k":100}},"w":150,"h":150,"refId":"6","ind":32}]},{"nm":"[","id":"2","layers":[{"ty":4,"nm":"V","sr":1,"st":0,"op":61,"ip":0,"hasMask":false,"ao":0,"ks":{"a":{"a":0,"k":[2.83,5.86]},"s":{"a":0,"k":[100,100]},"sk":{"a":0,"k":0},"p":{"a":0,"k":[15.35,21.48]},"r":{"a":0,"k":0},"sa":{"a":0,"k":0},"o":{"a":0,"k":100}},"shapes":[{"ty":"sh","nm":"","d":1,"ks":{"a":0,"k":{"c":true,"i":[[0,0],[1.18,0.57],[0.57,-1.18],[0,0]],"o":[[0.57,-1.18],[-1.18,-0.57],[0,0],[0,0]],"v":[[7.8,1.03],[6.7,-2.14],[3.53,-1.03],[7.8,1.03]]}}},{"ty":"sh","nm":"","d":1,"ks":{"a":0,"k":{"c":true,"i":[[0,0],[-1.18,-0.57],[-0.57,1.18],[0,0]],"o":[[-0.57,1.18],[1.18,0.57],[0,0],[0,0]],"v":[[-2.14,10.69],[-1.03,13.86],[2.14,12.76],[-2.14,10.69]]}}},{"ty":"sh","nm":"","d":1,"ks":{"a":0,"k":{"c":true,"i":[[0,0],[0,0],[0,0],[0,0],[0,0]],"o":[[0,0],[0,0],[0,0],[0,0],[0,0]],"v":[[3.53,-1.03],[-2.14,10.69],[2.14,12.76],[7.8,1.03],[3.53,-1.03]]}}},{"ty":"fl","nm":"","c":{"a":0,"k":[0.141,0.141,0.141]},"r":1,"o":{"a":0,"k":100}}],"ind":1},{"ty":4,"nm":"V","sr":1,"st":0,"op":61,"ip":0,"hasMask":false,"ao":0,"ks":{"a":{"a":0,"k":[4.97,8.31]},"s":{"a":0,"k":[100,100]},"sk":{"a":0,"k":0},"p":{"a":0,"k":[9.64,22.31]},"r":{"a":0,"k":61.88},"sa":{"a":0,"k":0},"o":{"a":0,"k":100}},"shapes":[{"ty":"sh","nm":"","d":1,"ks":{"a":0,"k":{"c":true,"i":[[0,0],[-2.08,-3.86],[3.95,0],[-1.5,3.91],[-0.23,0]],"o":[[0.23,0],[2.08,3.86],[-3.95,0],[1.5,-3.91],[0,0]],"v":[[4.1,0],[9.14,8.94],[5.08,16.62],[0.48,8.94],[4.1,0]]}}},{"ty":"fl","nm":"","c":{"a":0,"k":[1,0.48,0]},"r":1,"o":{"a":0,"k":100}}],"ind":2},{"ty":4,"nm":"V","sr":1,"st":0,"op":61,"ip":0,"hasMask":false,"ao":0,"ks":{"a":{"a":0,"k":[6.56,11.05]},"s":{"a":0,"k":[100,100]},"sk":{"a":0,"k":0},"p":{"a":0,"k":[12.07,12.2]},"r":{"a":0,"k":167.69},"sa":{"a":0,"k":0},"o":{"a":0,"k":100}},"shapes":[{"ty":"sh","nm":"","d":1,"ks":{"a":0,"k":{"c":true,"i":[[0,0],[-2.75,-5.13],[5.21,0],[-1.98,5.2],[-0.3,0]],"o":[[0.3,0],[2.75,5.13],[-5.21,0],[1.98,-5.2],[0,0]],"v":[[5.41,0],[12.06,11.89],[6.7,22.1],[0.63,11.89],[5.41,0]]}}},{"ty":"fl","nm":"","c":{"a":0,"k":[1,0.48,0]},"r":1,"o":{"a":0,"k":100}}],"ind":3},{"ty":4,"nm":"V","sr":1,"st":0,"op":61,"ip":0,"hasMask":false,"ao":0,"ks":{"a":{"a":0,"k":[0.72,4.41]},"s":{"a":0,"k":[100,100]},"sk":{"a":0,"k":0},"p":{"a":0,"k":[16.27,22.14]},"r":{"a":0,"k":0},"sa":{"a":0,"k":0},"o":{"a":0,"k":100}},"shapes":[{"ty":"sh","nm":"","d":1,"ks":{"a":0,"k":{"c":true,"i":[[0,0],[1.87,0.31],[0.31,-1.87],[0,0]],"o":[[0.31,-1.87],[-1.87,-0.31],[0,0],[0,0]],"v":[[4.83,0.56],[2,-3.38],[-1.93,-0.55],[4.83,0.56]]}}},{"ty":"sh","nm":"","d":1,"ks":{"a":0,"k":{"c":true,"i":[[0,0],[-1.87,-0.31],[-0.31,1.87],[0,0]],"o":[[-0.31,1.87],[1.87,0.31],[0,0],[0,0]],"v":[[-3.38,8.27],[-0.55,12.21],[3.38,9.38],[-3.38,8.27]]}}},{"ty":"sh","nm":"","d":1,"ks":{"a":0,"k":{"c":true,"i":[[0,0],[0,0],[0,0],[0,0],[0,0]],"o":[[0,0],[0,0],[0,0],[0,0],[0,0]],"v":[[-1.93,-0.55],[-3.38,8.27],[3.38,9.38],[4.83,0.56],[-1.93,-0.55]]}}},{"ty":"fl","nm":"","c":{"a":0,"k":[1,0.48,0]},"r":1,"o":{"a":0,"k":100}}],"ind":4},{"ty":4,"nm":"V","sr":1,"st":0,"op":61,"ip":0,"hasMask":false,"ao":0,"ks":{"a":{"a":0,"k":[4.41,6.26]},"s":{"a":0,"k":[100,100]},"sk":{"a":0,"k":0},"p":{"a":0,"k":[20.36,13.58]},"r":{"a":0,"k":0},"sa":{"a":0,"k":0},"o":{"a":0,"k":100}},"shapes":[{"ty":"sh","nm":"","d":1,"ks":{"a":0,"k":{"c":true,"i":[[0,0],[1.55,1.09],[1.09,-1.55],[0,0]],"o":[[1.09,-1.55],[-1.55,-1.09],[0,0],[0,0]],"v":[[11.63,1.97],[10.8,-2.8],[6.03,-1.97],[11.63,1.97]]}}},{"ty":"sh","nm":"","d":1,"ks":{"a":0,"k":{"c":true,"i":[[0,0],[-1.55,-1.09],[-1.09,1.55],[0,0]],"o":[[-1.09,1.55],[1.55,1.09],[0,0],[0,0]],"v":[[-2.8,10.54],[-1.97,15.32],[2.8,14.49],[-2.8,10.54]]}}},{"ty":"sh","nm":"","d":1,"ks":{"a":0,"k":{"c":true,"i":[[0,0],[0,0],[0,0],[0,0],[0,0]],"o":[[0,0],[0,0],[0,0],[0,0],[0,0]],"v":[[6.03,-1.97],[-2.8,10.54],[2.8,14.49],[11.63,1.97],[6.03,-1.97]]}}},{"ty":"fl","nm":"","c":{"a":0,"k":[1,0.48,0]},"r":1,"o":{"a":0,"k":100}}],"ind":5}]},{"nm":"[","id":"3","layers":[{"ty":4,"nm":"V","sr":1,"st":0,"op":61,"ip":0,"hasMask":false,"ao":0,"ks":{"a":{"a":0,"k":[3.18,3.94]},"s":{"a":0,"k":[100,100]},"sk":{"a":0,"k":0},"p":{"a":0,"k":[10.88,12.71]},"r":{"a":0,"k":0},"sa":{"a":0,"k":0},"o":{"a":0,"k":100}},"shapes":[{"ty":"sh","nm":"","d":1,"ks":{"a":0,"k":{"c":true,"i":[[0,0],[2.92,-1.7],[0,0.95],[-2.89,0],[-0.36,-0.08]],"o":[[-0.71,3.23],[-0.44,-0.77],[0,-2.91],[0.38,0],[0,0]],"v":[[6.36,0.12],[0.7,7.89],[0,5.26],[5.24,0],[6.36,0.12]]}}},{"ty":"fl","nm":"","c":{"a":0,"k":[0.817,0.252,0.252]},"r":1,"o":{"a":0,"k":100}}],"ind":1},{"ty":4,"nm":"V","sr":1,"st":0,"op":61,"ip":0,"hasMask":false,"ao":0,"ks":{"a":{"a":0,"k":[7.17,8.76]},"s":{"a":0,"k":[100,100]},"sk":{"a":0,"k":0},"p":{"a":0,"k":[7.17,8.76]},"r":{"a":0,"k":0},"sa":{"a":0,"k":0},"o":{"a":0,"k":100}},"shapes":[{"ty":"sh","nm":"","d":1,"ks":{"a":0,"k":{"c":true,"i":[[0,0],[-2.19,1.87],[-0.07,0.9],[-2.6,0.17],[-0.19,-3.04],[0,0],[4.17,-2.19],[1.41,2.7]],"o":[[-1.2,-2.31],[0.69,-0.58],[0.21,-2.92],[3.03,-0.19],[0,0],[0.3,4.72],[-2.69,1.41],[0,0]],"v":[[0.54,14.55],[2.41,7.54],[3.58,5.19],[8.46,0.01],[14.3,5.17],[14.32,5.53],[7.96,16.89],[0.54,14.55]]}}},{"ty":"fl","nm":"","c":{"a":0,"k":[0.628,0.032,0.032]},"r":2,"o":{"a":0,"k":100}}],"ind":2}]},{"nm":"[","id":"4","layers":[{"ty":4,"nm":"V","sr":1,"st":0,"op":61,"ip":0,"hasMask":false,"ao":0,"ks":{"a":{"a":0,"k":[2.48,3.41]},"s":{"a":0,"k":[100,100]},"sk":{"a":0,"k":0},"p":{"a":0,"k":[4.6,3.41]},"r":{"a":0,"k":0},"sa":{"a":0,"k":0},"o":{"a":0,"k":100}},"shapes":[{"ty":"sh","nm":"","d":1,"ks":{"a":0,"k":{"c":true,"i":[[0,0],[1.29,-0.49],[0.49,1.3],[-0.1,0.04],[-0.49,-1.3]],"o":[[0.49,1.3],[-1.29,0.49],[-0.49,-1.3],[0.1,-0.04],[0,0]],"v":[[4.8,3.43],[3.34,6.67],[0.12,5.2],[0.85,0],[4.8,3.43]]}}},{"ty":"fl","nm":"","c":{"a":0,"k":[0.526,0.251,0.122]},"r":1,"o":{"a":0,"k":100}}],"ind":1},{"ty":4,"nm":"V","sr":1,"st":0,"op":61,"ip":0,"hasMask":false,"ao":0,"ks":{"a":{"a":0,"k":[3.48,3.03]},"s":{"a":0,"k":[100,100]},"sk":{"a":0,"k":0},"p":{"a":0,"k":[3.48,5.03]},"r":{"a":0,"k":0},"sa":{"a":0,"k":0},"o":{"a":0,"k":100}},"shapes":[{"ty":"sh","nm":"","d":1,"ks":{"a":0,"k":{"c":true,"i":[[0,0],[1.23,-0.71],[0,0],[-0.67,-1.17],[-1.23,0.71],[0,0],[0.67,1.17]],"o":[[-0.67,-1.17],[0,0],[-1.23,0.71],[0.67,1.17],[0,0],[1.23,-0.71],[0,0]],"v":[[6.65,1.19],[3.2,0.36],[1.32,1.45],[0.31,4.87],[3.76,5.69],[5.64,4.6],[6.65,1.19]]}}},{"ty":"fl","nm":"","c":{"a":0,"k":[0.526,0.251,0.122]},"r":1,"o":{"a":0,"k":100}}],"ind":2}]},{"nm":"[","id":"5","layers":[{"ty":4,"nm":"R","sr":1,"st":0,"op":61,"ip":0,"hasMask":false,"ao":0,"ks":{"a":{"a":0,"k":[18.4,23.84]},"s":{"a":0,"k":[100,100]},"sk":{"a":0,"k":0},"p":{"a":0,"k":[67.92,42.66]},"r":{"a":0,"k":48.59},"sa":{"a":0,"k":0},"o":{"a":0,"k":100}},"shapes":[{"ty":"sh","nm":"","d":1,"ks":{"a":0,"k":{"c":true,"i":[[0,-5.24],[0,0],[5.24,0],[0,0],[0,5.24],[0,0],[-5.24,0],[0,0]],"o":[[0,0],[0,5.24],[0,0],[-5.24,0],[0,0],[0,-5.24],[0,0],[5.24,0]],"v":[[36.8,9.49],[36.8,38.2],[27.31,47.69],[9.49,47.69],[0,38.2],[0,9.49],[9.49,0],[27.31,0]]}}},{"ty":"fl","nm":"","c":{"a":0,"k":[0.239,0.239,0.239]},"r":1,"o":{"a":0,"k":100}},{"ty":"fl","nm":"","c":{"a":0,"k":[0.276,0.276,0.276]},"r":1,"o":{"a":0,"k":100}},{"ty":"fl","nm":"","c":{"a":0,"k":[0.276,0.276,0.276]},"r":1,"o":{"a":0,"k":100}},{"ty":"fl","nm":"","c":{"a":0,"k":[0.276,0.276,0.276]},"r":1,"o":{"a":0,"k":100}}],"ind":1},{"ty":4,"nm":"R","sr":1,"st":0,"op":61,"ip":0,"hasMask":false,"ao":0,"ks":{"a":{"a":0,"k":[19.4,23.66]},"s":{"a":0,"k":[100,100]},"sk":{"a":0,"k":0},"p":{"a":0,"k":[48.2,26.95]},"r":{"a":0,"k":11.08},"sa":{"a":0,"k":0},"o":{"a":0,"k":100}},"shapes":[{"ty":"sh","nm":"","d":1,"ks":{"a":0,"k":{"c":true,"i":[[0,-5.24],[0,0],[5.24,0],[0,0],[0,5.24],[0,0],[-5.24,0],[0,0]],"o":[[0,0],[0,5.24],[0,0],[-5.24,0],[0,0],[0,-5.24],[0,0],[5.24,0]],"v":[[38.8,9.49],[38.8,37.83],[29.31,47.32],[9.49,47.32],[0,37.83],[0,9.49],[9.49,0],[29.31,0]]}}},{"ty":"fl","nm":"","c":{"a":0,"k":[0.239,0.239,0.239]},"r":1,"o":{"a":0,"k":100}},{"ty":"fl","nm":"","c":{"a":0,"k":[0.276,0.276,0.276]},"r":1,"o":{"a":0,"k":100}},{"ty":"fl","nm":"","c":{"a":0,"k":[0.276,0.276,0.276]},"r":1,"o":{"a":0,"k":100}},{"ty":"fl","nm":"","c":{"a":0,"k":[0.276,0.276,0.276]},"r":1,"o":{"a":0,"k":100}}],"ind":2},{"ty":4,"nm":"R","sr":1,"st":0,"op":61,"ip":0,"hasMask":false,"ao":0,"ks":{"a":{"a":0,"k":[17.79,23.85]},"s":{"a":0,"k":[100,100]},"sk":{"a":0,"k":0},"p":{"a":0,"k":[25.75,34.38]},"r":{"a":0,"k":-23.23},"sa":{"a":0,"k":0},"o":{"a":0,"k":100}},"shapes":[{"ty":"sh","nm":"","d":1,"ks":{"a":0,"k":{"c":true,"i":[[0,-5.24],[0,0],[5.24,0],[0,0],[0,5.24],[0,0],[-5.24,0],[0,0]],"o":[[0,0],[0,5.24],[0,0],[-5.24,0],[0,0],[0,-5.24],[0,0],[5.24,0]],"v":[[35.57,9.49],[35.57,38.21],[26.08,47.7],[9.49,47.7],[0,38.21],[0,9.49],[9.49,0],[26.08,0]]}}},{"ty":"fl","nm":"","c":{"a":0,"k":[0.239,0.239,0.239]},"r":1,"o":{"a":0,"k":100}},{"ty":"fl","nm":"","c":{"a":0,"k":[0.276,0.276,0.276]},"r":1,"o":{"a":0,"k":100}},{"ty":"fl","nm":"","c":{"a":0,"k":[0.276,0.276,0.276]},"r":1,"o":{"a":0,"k":100}},{"ty":"fl","nm":"","c":{"a":0,"k":[0.276,0.276,0.276]},"r":1,"o":{"a":0,"k":100}}],"ind":3}]},{"nm":"[","id":"6","layers":[{"ty":4,"nm":"E","sr":1,"st":0,"op":61,"ip":0,"hasMask":false,"ao":0,"ks":{"a":{"a":0,"k":[57.05,57.05]},"s":{"a":0,"k":[100,100]},"sk":{"a":0,"k":0},"p":{"a":0,"k":[60.26,60.26]},"r":{"a":0,"k":0},"sa":{"a":0,"k":0},"o":{"a":0,"k":100}},"shapes":[{"ty":"sh","nm":"","d":1,"ks":{"a":0,"k":{"c":true,"i":[[0,0],[29.74,0],[0,29.74],[-29.74,0],[0,-29.74]],"o":[[0,29.74],[-29.74,0],[0,-29.74],[29.74,0],[0,0]],"v":[[107.69,53.845],[53.845,107.69],[0,53.845],[53.845,0],[107.69,53.845]]}}},{"ty":"st","nm":"","lc":1,"lj":1,"ml":4,"o":{"a":0,"k":100},"w":{"a":0,"k":6.41},"c":{"a":0,"k":[0,0.828,0.675]}}],"ind":1},{"ty":4,"nm":"E","sr":1,"st":0,"op":61,"ip":0,"hasMask":false,"ao":0,"ks":{"a":{"a":0,"k":[54.01,54.01]},"s":{"a":0,"k":[100,100]},"sk":{"a":0,"k":0},"p":{"a":0,"k":[56.98,55.99]},"r":{"a":0,"k":0},"sa":{"a":0,"k":0},"o":{"a":0,"k":100}},"shapes":[{"ty":"sh","nm":"","d":1,"ks":{"a":0,"k":{"c":true,"i":[[0,0],[29.83,0],[0,29.83],[-29.83,0],[0,-29.83]],"o":[[0,29.83],[-29.83,0],[0,-29.83],[29.83,0],[0,0]],"v":[[108.03,54.01],[54.01,108.03],[0,54.01],[54.01,0],[108.03,54.01]]}}},{"ty":"fl","nm":"","c":{"a":0,"k":[0.879,0.98,0.953]},"r":1,"o":{"a":0,"k":100}}],"ind":2},{"ty":4,"nm":"E","sr":1,"st":0,"op":61,"ip":0,"hasMask":false,"ao":0,"ks":{"a":{"a":0,"k":[57.05,57.05]},"s":{"a":0,"k":[100,100]},"sk":{"a":0,"k":0},"p":{"a":0,"k":[60.26,66.67]},"r":{"a":0,"k":0},"sa":{"a":0,"k":0},"o":{"a":0,"k":100}},"shapes":[{"ty":"sh","nm":"","d":1,"ks":{"a":0,"k":{"c":true,"i":[[0,0],[29.74,0],[0,29.74],[-29.74,0],[0,-29.74]],"o":[[0,29.74],[-29.74,0],[0,-29.74],[29.74,0],[0,0]],"v":[[107.69,53.845],[53.845,107.69],[0,53.845],[53.845,0],[107.69,53.845]]}}},{"ty":"st","nm":"","lc":1,"lj":1,"ml":4,"o":{"a":0,"k":100},"w":{"a":0,"k":6.41},"c":{"a":0,"k":[0.004,0.679,0.545]}}],"ind":3}]}]}