{"nm":"S","h":150,"w":150,"meta":{"g":"LottieFiles Figma v67"},"layers":[{"ty":0,"nm":"G","sr":1,"st":0,"op":61,"ip":0,"hasMask":false,"ao":0,"ks":{"a":{"a":0,"k":[57.05,60.26]},"s":{"a":0,"k":[100,100]},"sk":{"a":0,"k":0},"p":{"a":0,"k":[75,78.21]},"r":{"a":0,"k":0},"sa":{"a":0,"k":0},"o":{"a":0,"k":100}},"w":150,"h":150,"refId":"1","ind":1}],"v":"5.7.0","fr":60,"op":60,"ip":0,"assets":[{"nm":"[","id":"1","layers":[{"ty":4,"nm":"S","sr":1,"st":0,"op":61,"ip":0,"hasMask":false,"ao":0,"ks":{"a":{"a":0,"k":[57.05,40.66]},"s":{"a":0,"k":[100,100]},"sk":{"a":0,"k":0},"p":{"a":0,"k":[57.05,73.44]},"r":{"a":0,"k":0},"sa":{"a":0,"k":0},"o":{"a":0,"k":100}},"shapes":[{"ty":"sh","nm":"","d":1,"ks":{"a":0,"k":{"c":true,"i":[[0,0],[0,0],[0,-7.91],[-31.51,0],[0,31.51],[3.47,7.37],[0,0],[0,-8.18],[27.97,0],[0,27.97],[-2.93,6.41]],"o":[[0,0],[-2.91,6.85],[0,31.51],[31.51,0],[0,-8.68],[0,0],[3.45,6.84],[0,27.97],[-27.97,0],[0,-7.51],[0,0]],"v":[[10.98,3.22],[4.52,1.99],[0,24.27],[57.05,81.32],[114.1,24.27],[108.7,0],[102.3,1.52],[107.69,24.27],[57.05,74.91],[6.41,24.27],[10.98,3.22]]}}},{"ty":"fl","nm":"","c":{"a":0,"k":[0.799,0.964,0.676]},"r":2,"o":{"a":0,"k":100}}],"ind":1},{"ty":4,"nm":"V","sr":1,"st":0,"op":61,"ip":0,"hasMask":false,"ao":0,"ks":{"a":{"a":0,"k":[16.5,17.18]},"s":{"a":0,"k":[100,-100]},"sk":{"a":0,"k":0},"p":{"a":0,"k":[33.41,87.57]},"r":{"a":0,"k":-180},"sa":{"a":0,"k":0},"o":{"a":0,"k":100}},"shapes":[{"ty":"sh","nm":"","d":1,"ks":{"a":0,"k":{"c":true,"i":[[0,0],[-5.62,1.62],[0,0],[8.21,4.11],[0,5.87],[-10.37,4.18]],"o":[[10.37,-4.18],[0,0],[-5.17,5.33],[-6.88,-3.44],[0,-2.5],[0,0]],"v":[[11,6.12],[28.5,0],[33,21.57],[11,33.44],[0,18.5],[11,6.12]]}}},{"ty":"fl","nm":"","c":{"a":0,"k":[0.369,0.8,0.235]},"r":1,"o":{"a":0,"k":100}}],"ind":2},{"ty":4,"nm":"V","sr":1,"st":0,"op":61,"ip":0,"hasMask":false,"ao":0,"ks":{"a":{"a":0,"k":[16.5,17.43]},"s":{"a":0,"k":[100,100]},"sk":{"a":0,"k":0},"p":{"a":0,"k":[79.52,88.32]},"r":{"a":0,"k":0},"sa":{"a":0,"k":0},"o":{"a":0,"k":100}},"shapes":[{"ty":"sh","nm":"","d":1,"ks":{"a":0,"k":{"c":true,"i":[[0,0],[-5.62,1.62],[0,0],[9.11,5.05],[0,5.87],[-10.37,4.18]],"o":[[10.37,-4.18],[0,0],[-5.17,5.33],[-6.73,-3.73],[0,-2.5],[0,0]],"v":[[11,6.12],[28.5,0],[33,21.74],[11,33.61],[0,18.5],[11,6.12]]}}},{"ty":"fl","nm":"","c":{"a":0,"k":[0.369,0.8,0.235]},"r":1,"o":{"a":0,"k":100}}],"ind":3},{"ty":0,"nm":"c","sr":1,"st":0,"op":61,"ip":0,"hasMask":false,"ao":0,"ks":{"a":{"a":0,"k":[19.5,24.73]},"s":{"a":0,"k":[100,100]},"sk":{"a":0,"k":0},"p":{"a":0,"k":[56.39,84.62]},"r":{"a":0,"k":0},"sa":{"a":0,"k":0},"o":{"a":0,"k":100}},"w":150,"h":150,"refId":"2","ind":4},{"ty":4,"nm":"V","sr":1,"st":0,"op":61,"ip":0,"hasMask":false,"ao":0,"ks":{"a":{"a":0,"k":[10.75,4]},"s":{"a":0,"k":[100,-100]},"sk":{"a":0,"k":0},"p":{"a":0,"k":[33.66,73.13]},"r":{"a":0,"k":-180},"sa":{"a":0,"k":0},"o":{"a":0,"k":100}},"shapes":[{"ty":"sh","nm":"","d":1,"ks":{"a":0,"k":{"c":true,"i":[[0,0],[-0.37,-0.82],[-0.82,0.37],[0,0]],"o":[[-0.82,0.37],[0.37,0.82],[0,0],[0,0]],"v":[[-0.67,6.52],[-1.48,8.67],[0.67,9.48],[-0.67,6.52]]}}},{"ty":"sh","nm":"","d":1,"ks":{"a":0,"k":{"c":true,"i":[[0,0],[0.27,0.86],[0.86,-0.27],[0,0]],"o":[[0.86,-0.27],[-0.27,-0.86],[0,0],[0,0]],"v":[[21.98,1.55],[23.05,-0.49],[21.01,-1.55],[21.98,1.55]]}}},{"ty":"sh","nm":"","d":1,"ks":{"a":0,"k":{"c":true,"i":[[0,0],[-8.35,2.62],[0,0],[8.59,-3.92],[0,0]],"o":[[8.41,-3.83],[0,0],[-8.4,2.63],[0,0],[0,0]],"v":[[0.67,9.48],[21.98,1.55],[21.01,-1.55],[-0.67,6.52],[0.67,9.48]]}}},{"ty":"fl","nm":"","c":{"a":0,"k":[0.294,0.647,0.184]},"r":1,"o":{"a":0,"k":100}}],"ind":5},{"ty":4,"nm":"V","sr":1,"st":0,"op":61,"ip":0,"hasMask":false,"ao":0,"ks":{"a":{"a":0,"k":[10.75,4]},"s":{"a":0,"k":[100,100]},"sk":{"a":0,"k":0},"p":{"a":0,"k":[80.78,73.01]},"r":{"a":0,"k":0},"sa":{"a":0,"k":0},"o":{"a":0,"k":100}},"shapes":[{"ty":"sh","nm":"","d":1,"ks":{"a":0,"k":{"c":true,"i":[[0,0],[-0.37,-0.82],[-0.82,0.37],[0,0]],"o":[[-0.82,0.37],[0.37,0.82],[0,0],[0,0]],"v":[[-0.67,6.52],[-1.48,8.67],[0.67,9.48],[-0.67,6.52]]}}},{"ty":"sh","nm":"","d":1,"ks":{"a":0,"k":{"c":true,"i":[[0,0],[0.27,0.86],[0.86,-0.27],[0,0]],"o":[[0.86,-0.27],[-0.27,-0.86],[0,0],[0,0]],"v":[[21.98,1.55],[23.05,-0.49],[21.01,-1.55],[21.98,1.55]]}}},{"ty":"sh","nm":"","d":1,"ks":{"a":0,"k":{"c":true,"i":[[0,0],[-8.35,2.62],[0,0],[8.59,-3.92],[0,0]],"o":[[8.41,-3.83],[0,0],[-8.4,2.63],[0,0],[0,0]],"v":[[0.67,9.48],[21.98,1.55],[21.01,-1.55],[-0.67,6.52],[0.67,9.48]]}}},{"ty":"fl","nm":"","c":{"a":0,"k":[0.294,0.647,0.184]},"r":1,"o":{"a":0,"k":100}}],"ind":6},{"ty":4,"nm":"V","sr":1,"st":0,"op":61,"ip":0,"hasMask":false,"ao":0,"ks":{"a":{"a":0,"k":[1.75,0.11]},"s":{"a":0,"k":[100,100]},"sk":{"a":0,"k":0},"p":{"a":0,"k":[56.65,43.28]},"r":{"a":0,"k":0},"sa":{"a":0,"k":0},"o":{"a":0,"k":100}},"shapes":[{"ty":"sh","nm":"","d":1,"ks":{"a":0,"k":{"c":true,"i":[[0,0],[-0.13,-0.68],[-0.68,0.13],[0,0]],"o":[[-0.68,0.13],[0.13,0.68],[0,0],[0,0]],"v":[[-0.24,-1.01],[-1.23,0.46],[0.24,1.44],[-0.24,-1.01]]}}},{"ty":"sh","nm":"","d":1,"ks":{"a":0,"k":{"c":true,"i":[[0,0],[-0.15,0.67],[0.67,0.15],[0,0]],"o":[[0.67,0.15],[0.15,-0.67],[0,0],[0,0]],"v":[[3.22,1.44],[4.72,0.49],[3.78,-1],[3.22,1.44]]}}},{"ty":"sh","nm":"","d":1,"ks":{"a":0,"k":{"c":true,"i":[[0,0],[-1.12,-0.25],[0,0],[1.55,-0.31],[0,0]],"o":[[1.27,-0.25],[0,0],[-1.52,-0.35],[0,0],[0,0]],"v":[[0.24,1.44],[3.22,1.44],[3.78,-1],[-0.24,-1.01],[0.24,1.44]]}}},{"ty":"fl","nm":"","c":{"a":0,"k":[1,0.87,0]},"r":1,"o":{"a":0,"k":100}}],"ind":7},{"ty":4,"nm":"V","sr":1,"st":0,"op":61,"ip":0,"hasMask":false,"ao":0,"ks":{"a":{"a":0,"k":[8.42,4.59]},"s":{"a":0,"k":[100,100]},"sk":{"a":0,"k":0},"p":{"a":0,"k":[56.61,45.43]},"r":{"a":0,"k":0},"sa":{"a":0,"k":0},"o":{"a":0,"k":100}},"shapes":[{"ty":"sh","nm":"","d":1,"ks":{"a":0,"k":{"c":true,"i":[[0,0],[0.28,-0.1],[0.04,0.01],[0,0],[0.16,0],[0,0],[0.04,0.02],[-0.06,0.25],[-4.05,0],[-0.95,-3.78]],"o":[[0.06,0.25],[-0.04,0.01],[0,0],[-0.2,0],[0,0],[-0.05,0.01],[-0.24,-0.1],[0.95,-3.78],[4.05,0],[0,0]],"v":[[16.83,6.57],[16.5,7.14],[16.37,7.14],[8.67,9.18],[8.18,9.18],[0.48,7.14],[0.34,7.14],[0.01,6.57],[8.42,0],[16.83,6.57]]}}},{"ty":"fl","nm":"","c":{"a":0,"k":[1,0.761,0]},"r":1,"o":{"a":0,"k":100}}],"ind":8},{"ty":4,"nm":"V","sr":1,"st":0,"op":61,"ip":0,"hasMask":false,"ao":0,"ks":{"a":{"a":0,"k":[5.91,6.5]},"s":{"a":0,"k":[100,100]},"sk":{"a":0,"k":0},"p":{"a":0,"k":[56.51,47.86]},"r":{"a":0,"k":0},"sa":{"a":0,"k":0},"o":{"a":0,"k":100}},"shapes":[{"ty":"sh","nm":"","d":1,"ks":{"a":0,"k":{"c":true,"i":[[0,0],[-3.26,0],[0,-3.28],[0,0],[3.26,0],[0,3.28],[0,0]],"o":[[0,-3.28],[3.26,0],[0,0],[0,3.28],[-3.26,0],[0,0],[0,0]],"v":[[0,5.04],[5.91,0],[11.81,5.04],[11.81,7.07],[5.91,13],[0,7.07],[0,5.04]]}}},{"ty":"fl","nm":"","c":{"a":0,"k":[0.957,0.565,0]},"r":1,"o":{"a":0,"k":100}}],"ind":9},{"ty":4,"nm":"V","sr":1,"st":0,"op":61,"ip":0,"hasMask":false,"ao":0,"ks":{"a":{"a":0,"k":[19.16,23.1]},"s":{"a":0,"k":[100,100]},"sk":{"a":0,"k":0},"p":{"a":0,"k":[78.05,39.3]},"r":{"a":0,"k":0},"sa":{"a":0,"k":0},"o":{"a":0,"k":100}},"shapes":[{"ty":"sh","nm":"","d":1,"ks":{"a":0,"k":{"c":true,"i":[[0,0],[0,0],[10.58,0],[0,10.46],[0,0],[-10.58,0],[0,-10.46]],"o":[[0,0],[0,10.46],[-10.58,0],[0,0],[0,-10.46],[10.58,0],[0,0]],"v":[[38.32,18.95],[38.32,27.25],[19.16,46.2],[0,27.25],[0,18.95],[19.16,0],[38.32,18.95]]}}},{"ty":"sh","nm":"","d":1,"ks":{"a":0,"k":{"c":true,"i":[[0,0],[0,-8.15],[0,0],[-8.24,0],[0,8.15],[0,0],[8.24,0]],"o":[[-8.24,0],[0,0],[0,8.15],[8.24,0],[0,0],[0,-8.15],[0,0]],"v":[[19.16,4.19],[4.24,18.95],[4.24,27.25],[19.16,42.01],[34.08,27.25],[34.08,18.95],[19.16,4.19]]}}},{"ty":"fl","nm":"","c":{"a":0,"k":[0.149,0.161,0.169]},"r":2,"o":{"a":0,"k":100}}],"ind":10},{"ty":4,"nm":"V","sr":1,"st":0,"op":61,"ip":0,"hasMask":false,"ao":0,"ks":{"a":{"a":0,"k":[19.16,23.1]},"s":{"a":0,"k":[100,100]},"sk":{"a":0,"k":0},"p":{"a":0,"k":[35.15,39.3]},"r":{"a":0,"k":0},"sa":{"a":0,"k":0},"o":{"a":0,"k":100}},"shapes":[{"ty":"sh","nm":"","d":1,"ks":{"a":0,"k":{"c":true,"i":[[0,0],[0,0],[10.58,0],[0,10.46],[0,0],[-10.58,0],[0,-10.46]],"o":[[0,0],[0,10.46],[-10.58,0],[0,0],[0,-10.46],[10.58,0],[0,0]],"v":[[38.32,18.95],[38.32,27.25],[19.16,46.2],[0,27.25],[0,18.95],[19.16,0],[38.32,18.95]]}}},{"ty":"sh","nm":"","d":1,"ks":{"a":0,"k":{"c":true,"i":[[0,0],[0,-8.15],[0,0],[-8.24,0],[0,8.15],[0,0],[8.24,0]],"o":[[-8.24,0],[0,0],[0,8.15],[8.24,0],[0,0],[0,-8.15],[0,0]],"v":[[19.16,4.19],[4.24,18.95],[4.24,27.25],[19.16,42.01],[34.08,27.25],[34.08,18.95],[19.16,4.19]]}}},{"ty":"fl","nm":"","c":{"a":0,"k":[0.149,0.161,0.169]},"r":2,"o":{"a":0,"k":100}}],"ind":11},{"ty":4,"nm":"V","sr":1,"st":0,"op":61,"ip":0,"hasMask":false,"ao":0,"ks":{"a":{"a":0,"k":[19.75,8.52]},"s":{"a":0,"k":[100,-100]},"sk":{"a":0,"k":0},"p":{"a":0,"k":[33.66,57.24]},"r":{"a":0,"k":-180},"sa":{"a":0,"k":0},"o":{"a":0,"k":100}},"shapes":[{"ty":"sh","nm":"","d":1,"ks":{"a":0,"k":{"c":true,"i":[[0,0],[2.17,-2.5],[0,0],[0,0],[0,0],[8.7,-1.5]],"o":[[-8.7,1.5],[0,0],[0,0],[0,0],[-3.75,-1.04],[0,0]],"v":[[18.5,0.67],[0,9.92],[17.37,17.04],[38.74,9.05],[39.49,1.55],[18.5,0.67]]}}},{"ty":"fl","nm":"","c":{"a":0,"k":[0.369,0.8,0.235]},"r":1,"o":{"a":0,"k":100}}],"ind":12},{"ty":4,"nm":"V","sr":1,"st":0,"op":61,"ip":0,"hasMask":false,"ao":0,"ks":{"a":{"a":0,"k":[19.75,8.52]},"s":{"a":0,"k":[100,100]},"sk":{"a":0,"k":0},"p":{"a":0,"k":[79.9,57.24]},"r":{"a":0,"k":0},"sa":{"a":0,"k":0},"o":{"a":0,"k":100}},"shapes":[{"ty":"sh","nm":"","d":1,"ks":{"a":0,"k":{"c":true,"i":[[0,0],[2.17,-2.5],[0,0],[0,0],[0,0],[8.7,-1.5]],"o":[[-8.7,1.5],[0,0],[0,0],[0,0],[-3.75,-1.04],[0,0]],"v":[[18.5,0.67],[0,9.92],[17.37,17.04],[38.74,9.05],[39.49,1.55],[18.5,0.67]]}}},{"ty":"fl","nm":"","c":{"a":0,"k":[0.369,0.8,0.235]},"r":1,"o":{"a":0,"k":100}}],"ind":13},{"ty":4,"nm":"V","sr":1,"st":0,"op":61,"ip":0,"hasMask":false,"ao":0,"ks":{"a":{"a":0,"k":[6.05,2.73]},"s":{"a":0,"k":[100,100]},"sk":{"a":0,"k":0},"p":{"a":0,"k":[56.32,40.84]},"r":{"a":0,"k":0},"sa":{"a":0,"k":0},"o":{"a":0,"k":100}},"shapes":[{"ty":"sh","nm":"","d":1,"ks":{"a":0,"k":{"c":true,"i":[[0,0],[3.28,-2.05],[0,0],[-1.97,-1.49],[0,0]],"o":[[-0.95,-0.71],[0,0],[5.17,-3.23],[0,0],[0,0]],"v":[[9.5,5.36],[2.28,5.47],[0,1.79],[12.09,1.89],[9.5,5.36]]}}},{"ty":"fl","nm":"","c":{"a":0,"k":[0.149,0.161,0.169]},"r":2,"o":{"a":0,"k":100}}],"ind":14},{"ty":4,"nm":"V","sr":1,"st":0,"op":61,"ip":0,"hasMask":false,"ao":0,"ks":{"a":{"a":0,"k":[6.89,9.79]},"s":{"a":0,"k":[100,100]},"sk":{"a":0,"k":0},"p":{"a":0,"k":[40.7,33.78]},"r":{"a":0,"k":0},"sa":{"a":0,"k":0},"o":{"a":0,"k":100}},"shapes":[{"ty":"sh","nm":"","d":1,"ks":{"a":0,"k":{"c":true,"i":[[0,0],[0,2.82],[0.46,0.75],[-0.73,0],[0,-3.53],[0,0],[3.8,0],[0,3.53],[0,0]],"o":[[3.04,0],[0,-0.92],[0.66,-0.2],[3.8,0],[0,0],[0,3.53],[-3.8,0],[0,0],[0,0]],"v":[[0,7.95],[5.51,2.84],[4.79,0.3],[6.89,0],[13.78,6.38],[13.78,13.19],[6.89,19.58],[0,13.19],[0,7.95]]}}},{"ty":"fl","nm":"","c":{"a":0,"k":[0.149,0.161,0.169]},"r":2,"o":{"a":0,"k":100}}],"ind":15},{"ty":4,"nm":"V","sr":1,"st":0,"op":61,"ip":0,"hasMask":false,"ao":0,"ks":{"a":{"a":0,"k":[6.89,9.79]},"s":{"a":0,"k":[100,100]},"sk":{"a":0,"k":0},"p":{"a":0,"k":[72.82,33.78]},"r":{"a":0,"k":0},"sa":{"a":0,"k":0},"o":{"a":0,"k":100}},"shapes":[{"ty":"sh","nm":"","d":1,"ks":{"a":0,"k":{"c":true,"i":[[0,0],[0,2.82],[0.46,0.75],[-0.73,0],[0,-3.53],[0,0],[3.8,0],[0,3.53],[0,0]],"o":[[3.04,0],[0,-0.92],[0.66,-0.2],[3.8,0],[0,0],[0,3.53],[-3.8,0],[0,0],[0,0]],"v":[[0,7.95],[5.51,2.84],[4.79,0.3],[6.89,0],[13.78,6.38],[13.78,13.19],[6.89,19.58],[0,13.19],[0,7.95]]}}},{"ty":"fl","nm":"","c":{"a":0,"k":[0.149,0.161,0.169]},"r":2,"o":{"a":0,"k":100}}],"ind":16},{"ty":4,"nm":"V","sr":1,"st":0,"op":61,"ip":0,"hasMask":false,"ao":0,"ks":{"a":{"a":0,"k":[15.3,19.7]},"s":{"a":0,"k":[100,100]},"sk":{"a":0,"k":0},"p":{"a":0,"k":[77.75,39.67]},"r":{"a":0,"k":0},"sa":{"a":0,"k":0},"o":{"a":0,"k":100}},"shapes":[{"ty":"sh","nm":"","d":1,"ks":{"a":0,"k":{"c":true,"i":[[0,0],[-8.45,0],[0,-8.49],[0,0],[8.45,0],[0,8.49],[0,0]],"o":[[0,-8.49],[8.45,0],[0,0],[0,8.49],[-8.45,0],[0,0],[0,0]],"v":[[0,15.38],[15.3,0],[30.59,15.38],[30.59,24.02],[15.3,39.4],[0,24.02],[0,15.38]]}}},{"ty":"fl","nm":"","c":{"a":0,"k":[1,1,1]},"r":1,"o":{"a":0,"k":100}}],"ind":17},{"ty":4,"nm":"V","sr":1,"st":0,"op":61,"ip":0,"hasMask":false,"ao":0,"ks":{"a":{"a":0,"k":[15.3,19.7]},"s":{"a":0,"k":[100,100]},"sk":{"a":0,"k":0},"p":{"a":0,"k":[35.5,39.48]},"r":{"a":0,"k":0},"sa":{"a":0,"k":0},"o":{"a":0,"k":100}},"shapes":[{"ty":"sh","nm":"","d":1,"ks":{"a":0,"k":{"c":true,"i":[[0,0],[-8.45,0],[0,-8.49],[0,0],[8.45,0],[0,8.49],[0,0]],"o":[[0,-8.49],[8.45,0],[0,0],[0,8.49],[-8.45,0],[0,0],[0,0]],"v":[[0,15.38],[15.3,0],[30.6,15.38],[30.6,24.02],[15.3,39.4],[0,24.02],[0,15.38]]}}},{"ty":"fl","nm":"","c":{"a":0,"k":[1,1,1]},"r":1,"o":{"a":0,"k":100}}],"ind":18},{"ty":4,"nm":"V","sr":1,"st":0,"op":61,"ip":0,"hasMask":false,"ao":0,"ks":{"a":{"a":0,"k":[5.63,3.1]},"s":{"a":0,"k":[100,100]},"sk":{"a":0,"k":0},"p":{"a":0,"k":[16.91,43.57]},"r":{"a":0,"k":0},"sa":{"a":0,"k":0},"o":{"a":0,"k":100}},"shapes":[{"ty":"sh","nm":"","d":1,"ks":{"a":0,"k":{"c":true,"i":[[0,0],[0,0],[0,0],[0,0],[0,-1.71],[-1.71,0]],"o":[[0,0],[0,0],[0,0],[-1.71,0],[0,1.71],[0,0]],"v":[[3.09,6.21],[11.25,6.21],[11.25,0],[3.09,0],[0,3.1],[3.09,6.21]]}}},{"ty":"fl","nm":"","c":{"a":0,"k":[0.149,0.161,0.169]},"r":2,"o":{"a":0,"k":100}}],"ind":19},{"ty":4,"nm":"V","sr":1,"st":0,"op":61,"ip":0,"hasMask":false,"ao":0,"ks":{"a":{"a":0,"k":[5.62,3.1]},"s":{"a":0,"k":[100,100]},"sk":{"a":0,"k":0},"p":{"a":0,"k":[96.34,43.57]},"r":{"a":0,"k":0},"sa":{"a":0,"k":0},"o":{"a":0,"k":100}},"shapes":[{"ty":"sh","nm":"","d":1,"ks":{"a":0,"k":{"c":true,"i":[[0,0],[0,0],[0,0],[0,0],[0,-1.71],[1.7,0]],"o":[[0,0],[0,0],[0,0],[1.7,0],[0,1.71],[0,0]],"v":[[8.16,6.21],[0,6.21],[0,0],[8.16,0],[11.25,3.1],[8.16,6.21]]}}},{"ty":"fl","nm":"","c":{"a":0,"k":[0.149,0.161,0.169]},"r":2,"o":{"a":0,"k":100}}],"ind":20},{"ty":4,"nm":"V","sr":1,"st":0,"op":61,"ip":0,"hasMask":false,"ao":0,"ks":{"a":{"a":0,"k":[4.52,4.55]},"s":{"a":0,"k":[100,100]},"sk":{"a":0,"k":0},"p":{"a":0,"k":[33.51,31.74]},"r":{"a":0,"k":0},"sa":{"a":0,"k":0},"o":{"a":0,"k":100}},"shapes":[{"ty":"sh","nm":"","d":1,"ks":{"a":0,"k":{"c":true,"i":[[0,0],[2.5,0],[0,2.51],[-2.5,0],[0,-2.51]],"o":[[0,2.51],[-2.5,0],[0,-2.51],[2.5,0],[0,0]],"v":[[9.05,4.55],[4.52,9.09],[0,4.55],[4.52,0],[9.05,4.55]]}}},{"ty":"fl","nm":"","c":{"a":0,"k":[0.965,0.706,0.396]},"r":1,"o":{"a":0,"k":100}}],"ind":21},{"ty":4,"nm":"V","sr":1,"st":0,"op":61,"ip":0,"hasMask":false,"ao":0,"ks":{"a":{"a":0,"k":[5.66,8.72]},"s":{"a":0,"k":[100,100]},"sk":{"a":0,"k":0},"p":{"a":0,"k":[73.85,37.93]},"r":{"a":0,"k":0},"sa":{"a":0,"k":0},"o":{"a":0,"k":100}},"shapes":[{"ty":"sh","nm":"","d":1,"ks":{"a":0,"k":{"c":true,"i":[[0,0],[0,2.51],[0.38,0.67],[-0.6,0],[0,-3.14],[0,0],[3.12,0],[0,3.14],[0,0]],"o":[[2.5,0],[0,-0.82],[0.54,-0.18],[3.12,0],[0,0],[0,3.14],[-3.12,0],[0,0],[0,0]],"v":[[0,7.07],[4.52,2.53],[3.93,0.27],[5.66,0],[11.31,5.68],[11.31,11.75],[5.66,17.43],[0,11.75],[0,7.07]]}}},{"ty":"fl","nm":"","c":{"a":0,"k":[0,0,0]},"r":2,"o":{"a":0,"k":100}}],"ind":22},{"ty":4,"nm":"V","sr":1,"st":0,"op":61,"ip":0,"hasMask":false,"ao":0,"ks":{"a":{"a":0,"k":[5.66,8.72]},"s":{"a":0,"k":[100,100]},"sk":{"a":0,"k":0},"p":{"a":0,"k":[39.17,37.93]},"r":{"a":0,"k":0},"sa":{"a":0,"k":0},"o":{"a":0,"k":100}},"shapes":[{"ty":"sh","nm":"","d":1,"ks":{"a":0,"k":{"c":true,"i":[[0,0],[-3.12,0],[0,-3.14],[0,0],[3.12,0],[0,3.14],[0,0]],"o":[[0,-3.14],[3.12,0],[0,0],[0,3.14],[-3.12,0],[0,0],[0,0]],"v":[[0,5.68],[5.66,0],[11.31,5.68],[11.31,11.75],[5.66,17.43],[0,11.75],[0,5.68]]}}},{"ty":"fl","nm":"","c":{"a":0,"k":[0,0,0]},"r":1,"o":{"a":0,"k":100}}],"ind":23},{"ty":4,"nm":"V","sr":1,"st":0,"op":61,"ip":0,"hasMask":false,"ao":0,"ks":{"a":{"a":0,"k":[12.06,15.54]},"s":{"a":0,"k":[100,100]},"sk":{"a":0,"k":0},"p":{"a":0,"k":[77.5,37.93]},"r":{"a":0,"k":0},"sa":{"a":0,"k":0},"o":{"a":0,"k":100}},"shapes":[{"ty":"sh","nm":"","d":1,"ks":{"a":0,"k":{"c":true,"i":[[0,0],[-6.66,0],[0,-6.7],[0,0],[6.66,0],[0,6.7],[0,0]],"o":[[0,-6.7],[6.66,0],[0,0],[0,6.7],[-6.66,0],[0,0],[0,0]],"v":[[0,12.13],[12.06,0],[24.13,12.13],[24.13,18.95],[12.06,31.07],[0,18.95],[0,12.13]]}}},{"ty":"fl","nm":"","c":{"a":0,"k":[0.965,0.706,0.396]},"r":1,"o":{"a":0,"k":100}}],"ind":24},{"ty":4,"nm":"V","sr":1,"st":0,"op":61,"ip":0,"hasMask":false,"ao":0,"ks":{"a":{"a":0,"k":[12.06,15.54]},"s":{"a":0,"k":[100,100]},"sk":{"a":0,"k":0},"p":{"a":0,"k":[35.52,37.93]},"r":{"a":0,"k":0},"sa":{"a":0,"k":0},"o":{"a":0,"k":100}},"shapes":[{"ty":"sh","nm":"","d":1,"ks":{"a":0,"k":{"c":true,"i":[[0,0],[-6.66,0],[0,-6.7],[0,0],[6.66,0],[0,6.7],[0,0]],"o":[[0,-6.7],[6.66,0],[0,0],[0,6.7],[-6.66,0],[0,0],[0,0]],"v":[[0,12.13],[12.06,0],[24.13,12.13],[24.13,18.95],[12.06,31.07],[0,18.95],[0,12.13]]}}},{"ty":"fl","nm":"","c":{"a":0,"k":[0.965,0.706,0.396]},"r":1,"o":{"a":0,"k":100}}],"ind":25},{"ty":4,"nm":"V","sr":1,"st":0,"op":61,"ip":0,"hasMask":false,"ao":0,"ks":{"a":{"a":0,"k":[17.34,21.73]},"s":{"a":0,"k":[100,100]},"sk":{"a":0,"k":0},"p":{"a":0,"k":[78,38.06]},"r":{"a":0,"k":0},"sa":{"a":0,"k":0},"o":{"a":0,"k":100}},"shapes":[{"ty":"sh","nm":"","d":1,"ks":{"a":0,"k":{"c":true,"i":[[0,0],[-9.58,0],[0,-9.63],[0,0],[9.58,0],[0,9.63],[0,0]],"o":[[0,-9.63],[9.58,0],[0,0],[0,9.63],[-9.58,0],[0,0],[0,0]],"v":[[0,17.43],[17.34,0],[34.68,17.43],[34.68,26.02],[17.34,43.45],[0,26.02],[0,17.43]]}}},{"ty":"fl","nm":"","c":{"a":0,"k":[0.639,0.584,0.192]},"r":1,"o":{"a":0,"k":100}}],"ind":26},{"ty":4,"nm":"V","sr":1,"st":0,"op":61,"ip":0,"hasMask":false,"ao":0,"ks":{"a":{"a":0,"k":[17.34,21.73]},"s":{"a":0,"k":[100,100]},"sk":{"a":0,"k":0},"p":{"a":0,"k":[35.02,38.06]},"r":{"a":0,"k":0},"sa":{"a":0,"k":0},"o":{"a":0,"k":100}},"shapes":[{"ty":"sh","nm":"","d":1,"ks":{"a":0,"k":{"c":true,"i":[[0,0],[-9.58,0],[0,-9.63],[0,0],[9.58,0],[0,9.63],[0,0]],"o":[[0,-9.63],[9.58,0],[0,0],[0,9.63],[-9.58,0],[0,0],[0,0]],"v":[[0,17.43],[17.34,0],[34.68,17.43],[34.68,26.02],[17.34,43.45],[0,26.02],[0,17.43]]}}},{"ty":"fl","nm":"","c":{"a":0,"k":[0.639,0.584,0.192]},"r":1,"o":{"a":0,"k":100}}],"ind":27},{"ty":4,"nm":"V","sr":1,"st":0,"op":61,"ip":0,"hasMask":false,"ao":0,"ks":{"a":{"a":0,"k":[7.84,7.49]},"s":{"a":0,"k":[100,100]},"sk":{"a":0,"k":0},"p":{"a":0,"k":[32.82,22.05]},"r":{"a":0,"k":0},"sa":{"a":0,"k":0},"o":{"a":0,"k":100}},"shapes":[{"ty":"sh","nm":"","d":1,"ks":{"a":0,"k":{"c":true,"i":[[0,0],[0,0],[0.86,-0.34],[3.09,3.12],[-2.29,3.5],[-0.63,-0.63]],"o":[[0,0],[0.63,0.63],[-4.14,1.62],[-3.09,-3.12],[0.48,-0.73],[0,0]],"v":[[3.66,0.42],[15.34,12.25],[14.86,14.21],[2.71,11.74],[1.43,0.61],[3.66,0.42]]}}},{"ty":"fl","nm":"","c":{"a":0,"k":[0.537,0.886,0.271]},"r":1,"o":{"a":0,"k":100}}],"ind":28},{"ty":4,"nm":"V","sr":1,"st":0,"op":61,"ip":0,"hasMask":false,"ao":0,"ks":{"a":{"a":0,"k":[8.34,7.96]},"s":{"a":0,"k":[100,100]},"sk":{"a":0,"k":0},"p":{"a":0,"k":[40.68,19.39]},"r":{"a":0,"k":0},"sa":{"a":0,"k":0},"o":{"a":0,"k":100}},"shapes":[{"ty":"sh","nm":"","d":1,"ks":{"a":0,"k":{"c":true,"i":[[0,0],[0,0],[0.92,-0.36],[3.28,3.32],[-2.43,3.72],[-0.67,-0.67]],"o":[[0,0],[0.67,0.67],[-4.4,1.72],[-3.28,-3.32],[0.51,-0.77],[0,0]],"v":[[3.89,0.45],[16.31,13.02],[15.8,15.11],[2.88,12.48],[1.52,0.65],[3.89,0.45]]}}},{"ty":"fl","nm":"","c":{"a":0,"k":[0.537,0.886,0.271]},"r":1,"o":{"a":0,"k":100}}],"ind":29},{"ty":4,"nm":"V","sr":1,"st":0,"op":61,"ip":0,"hasMask":false,"ao":0,"ks":{"a":{"a":0,"k":[8.57,8.17]},"s":{"a":0,"k":[100,100]},"sk":{"a":0,"k":0},"p":{"a":0,"k":[79.77,22.69]},"r":{"a":0,"k":0},"sa":{"a":0,"k":0},"o":{"a":0,"k":100}},"shapes":[{"ty":"sh","nm":"","d":1,"ks":{"a":0,"k":{"c":true,"i":[[0,0],[0,0],[-0.94,-0.38],[-3.38,3.39],[2.46,3.85],[0.69,-0.69]],"o":[[0,0],[-0.69,0.69],[4.5,1.81],[3.38,-3.39],[-0.51,-0.8],[0,0]],"v":[[13.2,0.45],[0.39,13.3],[0.89,15.45],[14.14,12.85],[15.63,0.68],[13.2,0.45]]}}},{"ty":"fl","nm":"","c":{"a":0,"k":[0.537,0.886,0.271]},"r":1,"o":{"a":0,"k":100}}],"ind":30},{"ty":4,"nm":"V","sr":1,"st":0,"op":61,"ip":0,"hasMask":false,"ao":0,"ks":{"a":{"a":0,"k":[8.57,8.17]},"s":{"a":0,"k":[100,100]},"sk":{"a":0,"k":0},"p":{"a":0,"k":[72.31,19.62]},"r":{"a":0,"k":0},"sa":{"a":0,"k":0},"o":{"a":0,"k":100}},"shapes":[{"ty":"sh","nm":"","d":1,"ks":{"a":0,"k":{"c":true,"i":[[0,0],[0,0],[-0.94,-0.38],[-3.38,3.39],[2.46,3.85],[0.69,-0.69]],"o":[[0,0],[-0.69,0.69],[4.5,1.81],[3.38,-3.39],[-0.51,-0.8],[0,0]],"v":[[13.2,0.45],[0.39,13.3],[0.89,15.45],[14.14,12.85],[15.63,0.68],[13.2,0.45]]}}},{"ty":"fl","nm":"","c":{"a":0,"k":[0.537,0.886,0.271]},"r":1,"o":{"a":0,"k":100}}],"ind":31},{"ty":4,"nm":"V","sr":1,"st":0,"op":61,"ip":0,"hasMask":false,"ao":0,"ks":{"a":{"a":0,"k":[11.36,11.44]},"s":{"a":0,"k":[100,100]},"sk":{"a":0,"k":0},"p":{"a":0,"k":[56.49,31.72]},"r":{"a":0,"k":0},"sa":{"a":0,"k":0},"o":{"a":0,"k":100}},"shapes":[{"ty":"sh","nm":"","d":1,"ks":{"a":0,"k":{"c":true,"i":[[0,0],[-5.29,3.86],[0,0.07],[5.65,-0.01],[3.94,-0.01],[-3.16,-2.57]],"o":[[4.75,3.86],[5.29,-3.86],[0,-0.03],[-1.52,0],[-3.79,-17.5],[0,0]],"v":[[2.16,0.49],[20.56,0.49],[19.77,22.89],[11.29,22.86],[3.1,22.89],[2.16,0.49]]}}},{"ty":"fl","nm":"","c":{"a":0,"k":[0.537,0.886,0.271]},"r":2,"o":{"a":0,"k":100}}],"ind":32},{"ty":4,"nm":"V","sr":1,"st":0,"op":61,"ip":0,"hasMask":false,"ao":0,"ks":{"a":{"a":0,"k":[6.3,2.69]},"s":{"a":0,"k":[100,100]},"sk":{"a":0,"k":0},"p":{"a":0,"k":[56.6,80.83]},"r":{"a":0,"k":0},"sa":{"a":0,"k":0},"o":{"a":0,"k":100}},"shapes":[{"ty":"sh","nm":"","d":1,"ks":{"a":0,"k":{"c":true,"i":[[0,0],[0,0],[0.18,-0.53],[2.87,0],[0.86,2.54],[-0.58,0]],"o":[[0,0],[0.58,0],[-0.87,2.54],[-2.87,0],[-0.18,-0.53],[0,0]],"v":[[0.86,0],[11.74,0],[12.56,1.07],[6.3,5.37],[0.04,1.08],[0.86,0]]}}},{"ty":"fl","nm":"","c":{"a":0,"k":[0.537,0.886,0.098]},"r":1,"o":{"a":0,"k":100}}],"ind":33},{"ty":4,"nm":"V","sr":1,"st":0,"op":61,"ip":0,"hasMask":false,"ao":0,"ks":{"a":{"a":0,"k":[6.3,2.69]},"s":{"a":0,"k":[100,100]},"sk":{"a":0,"k":0},"p":{"a":0,"k":[66.09,71.59]},"r":{"a":0,"k":0},"sa":{"a":0,"k":0},"o":{"a":0,"k":100}},"shapes":[{"ty":"sh","nm":"","d":1,"ks":{"a":0,"k":{"c":true,"i":[[0,0],[0,0],[0.18,-0.53],[2.87,0],[0.86,2.54],[-0.58,0]],"o":[[0,0],[0.58,0],[-0.87,2.54],[-2.87,0],[-0.18,-0.53],[0,0]],"v":[[0.86,0],[11.74,0],[12.56,1.07],[6.3,5.37],[0.04,1.08],[0.86,0]]}}},{"ty":"fl","nm":"","c":{"a":0,"k":[0.537,0.886,0.098]},"r":1,"o":{"a":0,"k":100}}],"ind":34},{"ty":4,"nm":"V","sr":1,"st":0,"op":61,"ip":0,"hasMask":false,"ao":0,"ks":{"a":{"a":0,"k":[6.3,2.69]},"s":{"a":0,"k":[100,100]},"sk":{"a":0,"k":0},"p":{"a":0,"k":[47.1,71.59]},"r":{"a":0,"k":0},"sa":{"a":0,"k":0},"o":{"a":0,"k":100}},"shapes":[{"ty":"sh","nm":"","d":1,"ks":{"a":0,"k":{"c":true,"i":[[0,0],[0,0],[0.18,-0.53],[2.87,0],[0.86,2.54],[-0.58,0]],"o":[[0,0],[0.58,0],[-0.87,2.54],[-2.87,0],[-0.18,-0.53],[0,0]],"v":[[0.86,0],[11.74,0],[12.56,1.07],[6.3,5.37],[0.04,1.08],[0.86,0]]}}},{"ty":"fl","nm":"","c":{"a":0,"k":[0.537,0.886,0.098]},"r":1,"o":{"a":0,"k":100}}],"ind":35},{"ty":4,"nm":"V","sr":1,"st":0,"op":61,"ip":0,"hasMask":false,"ao":0,"ks":{"a":{"a":0,"k":[44.89,53.04]},"s":{"a":0,"k":[100,100]},"sk":{"a":0,"k":0},"p":{"a":0,"k":[56.78,57.81]},"r":{"a":0,"k":0},"sa":{"a":0,"k":0},"o":{"a":0,"k":100}},"shapes":[{"ty":"sh","nm":"","d":1,"ks":{"a":0,"k":{"c":true,"i":[[0,0],[-9.77,-3.72],[-5.17,0],[-9.11,3.47],[-0.91,-9.65],[0,0],[26.47,0],[0,11.52],[-0.48,9.02]],"o":[[0.52,-9.63],[9.11,3.47],[5.17,0],[9.77,-3.72],[0.91,9.65],[0,9.8],[-23.53,0],[0.05,-3.33],[0,0]],"v":[[0.91,14.7],[23.45,0.95],[45.04,6.41],[67.88,0.95],[89.17,14.7],[89.69,79.98],[45.04,106.07],[0,79.72],[0.91,14.7]]}}},{"ty":"fl","nm":"","c":{"a":0,"k":[0.369,0.8,0.235]},"r":1,"o":{"a":0,"k":100}}],"ind":36},{"ty":0,"nm":"G","sr":1,"st":0,"op":61,"ip":0,"hasMask":false,"ao":0,"ks":{"a":{"a":0,"k":[57.05,60.26]},"s":{"a":0,"k":[100,100]},"sk":{"a":0,"k":0},"p":{"a":0,"k":[57.05,60.26]},"r":{"a":0,"k":0},"sa":{"a":0,"k":0},"o":{"a":0,"k":100}},"w":150,"h":150,"refId":"3","ind":37}]},{"nm":"[","id":"2","layers":[{"ty":4,"nm":"R","sr":1,"st":0,"op":61,"ip":0,"hasMask":false,"ao":0,"ks":{"a":{"a":0,"k":[19.5,21.34]},"s":{"a":0,"k":[100,100]},"sk":{"a":0,"k":0},"p":{"a":0,"k":[19.5,28.13]},"r":{"a":0,"k":0},"sa":{"a":0,"k":0},"o":{"a":0,"k":100}},"shapes":[{"ty":"sh","nm":"","d":1,"ks":{"a":0,"k":{"c":true,"i":[[0,-2.35],[0,0],[2.35,0],[0,0],[0,2.35],[0,0],[-2.35,0],[0,0]],"o":[[0,0],[0,2.35],[0,0],[-2.35,0],[0,0],[0,-2.35],[0,0],[2.35,0]],"v":[[39,4.25],[39,38.44],[34.75,42.69],[4.25,42.69],[0,38.44],[0,4.25],[4.25,0],[34.75,0]]}}},{"ty":"fl","nm":"","c":{"a":0,"k":[0.733,0.443,0.286]},"r":1,"o":{"a":0,"k":100}}],"ind":1},{"ty":4,"nm":"E","sr":1,"st":0,"op":61,"ip":0,"hasMask":false,"ao":0,"ks":{"a":{"a":0,"k":[3.37,3.37]},"s":{"a":0,"k":[100,100]},"sk":{"a":0,"k":0},"p":{"a":0,"k":[19.64,3.37]},"r":{"a":0,"k":0},"sa":{"a":0,"k":0},"o":{"a":0,"k":100}},"shapes":[{"ty":"sh","nm":"","d":1,"ks":{"a":0,"k":{"c":true,"i":[[0,0],[1.86,0],[0,1.86],[-1.86,0],[0,-1.86]],"o":[[0,1.86],[-1.86,0],[0,-1.86],[1.86,0],[0,0]],"v":[[6.75,3.37],[3.37,6.75],[0,3.37],[3.37,0],[6.75,3.37]]}}},{"ty":"fl","nm":"","c":{"a":0,"k":[0.961,0.961,0.961]},"r":1,"o":{"a":0,"k":100}}],"ind":2},{"ty":4,"nm":"V","sr":1,"st":0,"op":61,"ip":0,"hasMask":false,"ao":0,"ks":{"a":{"a":0,"k":[4.75,0]},"s":{"a":0,"k":[100,100]},"sk":{"a":0,"k":0},"p":{"a":0,"k":[19.76,6.5]},"r":{"a":0,"k":0},"sa":{"a":0,"k":0},"o":{"a":0,"k":100}},"shapes":[{"ty":"sh","nm":"","d":1,"ks":{"a":0,"k":{"c":true,"i":[[0,0],[0,-1.73],[-1.73,0],[0,0]],"o":[[-1.73,0],[0,1.73],[0,0],[0,0]],"v":[[0,-3.12],[-3.12,0],[0,3.12],[0,-3.12]]}}},{"ty":"sh","nm":"","d":1,"ks":{"a":0,"k":{"c":true,"i":[[0,0],[0,1.73],[1.73,0],[0,0]],"o":[[1.73,0],[0,-1.73],[0,0],[0,0]],"v":[[9.5,3.12],[12.62,0],[9.5,-3.12],[9.5,3.12]]}}},{"ty":"sh","nm":"","d":1,"ks":{"a":0,"k":{"c":true,"i":[[0,0],[0,0],[0,0],[0,0],[0,0]],"o":[[0,0],[0,0],[0,0],[0,0],[0,0]],"v":[[0,3.12],[9.5,3.12],[9.5,-3.12],[0,-3.12],[0,3.12]]}}},{"ty":"fl","nm":"","c":{"a":0,"k":[0.961,0.961,0.961]},"r":1,"o":{"a":0,"k":100}}],"ind":3}]},{"nm":"[","id":"3","layers":[{"ty":4,"nm":"E","sr":1,"st":0,"op":61,"ip":0,"hasMask":false,"ao":0,"ks":{"a":{"a":0,"k":[57.05,57.05]},"s":{"a":0,"k":[100,100]},"sk":{"a":0,"k":0},"p":{"a":0,"k":[60.26,60.26]},"r":{"a":0,"k":0},"sa":{"a":0,"k":0},"o":{"a":0,"k":100}},"shapes":[{"ty":"sh","nm":"","d":1,"ks":{"a":0,"k":{"c":true,"i":[[0,0],[29.74,0],[0,29.74],[-29.74,0],[0,-29.74]],"o":[[0,29.74],[-29.74,0],[0,-29.74],[29.74,0],[0,0]],"v":[[107.69,53.845],[53.845,107.69],[0,53.845],[53.845,0],[107.69,53.845]]}}},{"ty":"st","nm":"","lc":1,"lj":1,"ml":4,"o":{"a":0,"k":100},"w":{"a":0,"k":6.41},"c":{"a":0,"k":[0.799,0.964,0.676]}}],"ind":1},{"ty":4,"nm":"E","sr":1,"st":0,"op":61,"ip":0,"hasMask":false,"ao":0,"ks":{"a":{"a":0,"k":[54.01,54.01]},"s":{"a":0,"k":[100,100]},"sk":{"a":0,"k":0},"p":{"a":0,"k":[56.97,56.32]},"r":{"a":0,"k":0},"sa":{"a":0,"k":0},"o":{"a":0,"k":100}},"shapes":[{"ty":"sh","nm":"","d":1,"ks":{"a":0,"k":{"c":true,"i":[[0,0],[29.83,0],[0,29.83],[-29.83,0],[0,-29.83]],"o":[[0,29.83],[-29.83,0],[0,-29.83],[29.83,0],[0,0]],"v":[[108.02,54.01],[54.01,108.02],[0,54.01],[54.01,0],[108.02,54.01]]}}},{"ty":"fl","nm":"","c":{"a":0,"k":[1,1,1]},"r":1,"o":{"a":0,"k":100}}],"ind":2},{"ty":4,"nm":"E","sr":1,"st":0,"op":61,"ip":0,"hasMask":false,"ao":0,"ks":{"a":{"a":0,"k":[57.05,57.05]},"s":{"a":0,"k":[100,100]},"sk":{"a":0,"k":0},"p":{"a":0,"k":[60.26,66.66]},"r":{"a":0,"k":0},"sa":{"a":0,"k":0},"o":{"a":0,"k":100}},"shapes":[{"ty":"sh","nm":"","d":1,"ks":{"a":0,"k":{"c":true,"i":[[0,0],[29.74,0],[0,29.74],[-29.74,0],[0,-29.74]],"o":[[0,29.74],[-29.74,0],[0,-29.74],[29.74,0],[0,0]],"v":[[107.69,53.845],[53.845,107.69],[0,53.845],[53.845,0],[107.69,53.845]]}}},{"ty":"st","nm":"","lc":1,"lj":1,"ml":4,"o":{"a":0,"k":100},"w":{"a":0,"k":6.41},"c":{"a":0,"k":[0.439,0.804,0.377]}}],"ind":3}]}]}