{"nm":"D","h":150,"w":150,"meta":{"g":"LottieFiles Figma v67"},"layers":[{"ty":0,"nm":"G","sr":1,"st":0,"op":61,"ip":0,"hasMask":false,"ao":0,"ks":{"a":{"a":0,"k":[62.18,65.38]},"s":{"a":0,"k":[100,100]},"sk":{"a":0,"k":0},"p":{"a":0,"k":[75,73.08]},"r":{"a":0,"k":0},"sa":{"a":0,"k":0},"o":{"a":0,"k":100}},"w":150,"h":150,"refId":"1","ind":1}],"v":"5.7.0","fr":60,"op":60,"ip":0,"assets":[{"nm":"[","id":"1","layers":[{"ty":4,"nm":"U","sr":1,"st":0,"op":61,"ip":0,"hasMask":false,"ao":0,"ks":{"a":{"a":0,"k":[14.78,15.74]},"s":{"a":0,"k":[100,100]},"sk":{"a":0,"k":0},"p":{"a":0,"k":[14.78,47.79]},"r":{"a":0,"k":0},"sa":{"a":0,"k":0},"o":{"a":0,"k":100}},"shapes":[{"ty":"sh","nm":"","d":1,"ks":{"a":0,"k":{"c":true,"i":[[0,0],[-1.17,0.18],[0,0],[-0.18,-1.17],[0,0],[0,0],[0,0],[0,0],[3.36,-0.53],[0.53,3.36],[-3.36,0.53],[-0.49,-0.04],[0,0],[0,0],[0,0],[0,0],[3.36,-0.53],[0.53,3.36],[-3.36,0.53],[-0.49,-0.04],[0,0],[0,0],[0,0]],"o":[[-0.18,-1.17],[0,0],[1.17,-0.18],[0,0],[0,0],[0,0],[0,0],[0.53,3.36],[-3.36,0.53],[-0.53,-3.36],[0.51,-0.08],[0,0],[0,0],[0,0],[0,0],[0.53,3.36],[-3.36,0.53],[-0.53,-3.36],[0.51,-0.08],[0,0],[0,0],[0,0],[0,0]],"v":[[4.53,5.24],[6.32,2.78],[23.92,0.03],[26.38,1.82],[27.37,8.13],[27.36,8.13],[29.49,21.65],[29.49,21.65],[24.35,28.7],[17.31,23.56],[22.44,16.52],[23.94,16.47],[22.75,8.85],[10.14,10.83],[12.25,24.31],[12.26,24.36],[7.12,31.4],[0.08,26.27],[5.21,19.22],[6.71,19.17],[4.9,7.65],[4.9,7.64],[4.53,5.24]]}}},{"ty":"fl","nm":"","c":{"a":0,"k":[0.8,0.204,0.553]},"r":2,"o":{"a":0,"k":100}}],"ind":1},{"ty":0,"nm":"G","sr":1,"st":0,"op":61,"ip":0,"hasMask":false,"ao":0,"ks":{"a":{"a":0,"k":[15.34,19.31]},"s":{"a":0,"k":[100,100]},"sk":{"a":0,"k":0},"p":{"a":0,"k":[109.02,61.62]},"r":{"a":0,"k":0},"sa":{"a":0,"k":0},"o":{"a":0,"k":100}},"w":150,"h":150,"refId":"2","ind":2},{"ty":4,"nm":"E","sr":1,"st":0,"op":61,"ip":0,"hasMask":false,"ao":0,"ks":{"a":{"a":0,"k":[12.88,12.88]},"s":{"a":0,"k":[100,100]},"sk":{"a":0,"k":0},"p":{"a":0,"k":[18.82,105.43]},"r":{"a":0,"k":0},"sa":{"a":0,"k":0},"o":{"a":0,"k":100}},"shapes":[{"ty":"sh","nm":"","d":1,"ks":{"a":0,"k":{"c":true,"i":[[0,0],[7.11,0],[0,7.11],[-7.11,0],[0,-7.11]],"o":[[0,7.11],[-7.11,0],[0,-7.11],[7.11,0],[0,0]],"v":[[25.75,12.88],[12.88,25.75],[0,12.88],[12.88,0],[25.75,12.88]]}}},{"ty":"fl","nm":"","c":{"a":0,"k":[0.777,0.467,0.361]},"r":1,"o":{"a":0,"k":100}}],"ind":3},{"ty":4,"nm":"I","sr":1,"st":0,"op":61,"ip":0,"hasMask":false,"ao":0,"ks":{"a":{"a":0,"k":[15.87,8.73]},"s":{"a":0,"k":[100,100]},"sk":{"a":0,"k":0},"p":{"a":0,"k":[52.33,109.45]},"r":{"a":0,"k":0},"sa":{"a":0,"k":0},"o":{"a":0,"k":100}},"shapes":[{"ty":"sh","nm":"","d":1,"ks":{"a":0,"k":{"c":true,"i":[[0,0],[0,0],[0.86,1.03],[1.03,-0.86],[0,0],[0,0],[0.67,0.24],[0.61,-0.35],[0,0],[0,0],[1.27,-0.43],[-0.43,-1.27],[0,0],[-0.1,-0.15],[-0.82,-0.35],[-0.26,0.15],[0,0],[0,0],[-0.01,-0.02],[-1.46,-0.11]],"o":[[0,0],[1.03,-0.86],[-0.86,-1.03],[0,0],[0,0],[-0.25,-0.66],[-0.67,-0.24],[0,0],[0,0],[-0.43,-1.27],[-1.27,0.43],[0,0],[0.06,0.17],[0.8,0.39],[0.29,-0.04],[0,0],[0,0],[0.01,0.02],[1.42,0.23],[0,0]],"v":[[22.04,17.46],[30.87,10.07],[31.18,6.66],[27.77,6.35],[21.01,12.01],[18.05,4.28],[16.6,2.86],[14.58,3.05],[6.74,7.54],[4.71,1.64],[1.64,0.13],[0.13,3.21],[3.11,11.89],[3.34,12.38],[5.77,13.5],[6.61,13.21],[14.54,8.66],[17.69,16.91],[17.71,16.95],[22.04,17.46]]}}},{"ty":"fl","nm":"","c":{"a":0,"k":[0.655,0.13,0.431]},"r":2,"o":{"a":0,"k":100}}],"ind":4},{"ty":4,"nm":"V","sr":1,"st":0,"op":61,"ip":0,"hasMask":false,"ao":0,"ks":{"a":{"a":0,"k":[2.25,1.83]},"s":{"a":0,"k":[100,100]},"sk":{"a":0,"k":0},"p":{"a":0,"k":[51.15,28.28]},"r":{"a":0,"k":-69.66},"sa":{"a":0,"k":0},"o":{"a":0,"k":100}},"shapes":[{"ty":"sh","nm":"","d":1,"ks":{"a":0,"k":{"c":true,"i":[[0,0],[0.65,-2.13],[-2.13,-0.65],[0,0]],"o":[[-2.13,-0.65],[-0.65,2.13],[0,0],[0,0]],"v":[[1.17,-3.86],[-3.86,-1.17],[-1.17,3.86],[1.17,-3.86]]}}},{"ty":"sh","nm":"","d":1,"ks":{"a":0,"k":{"c":true,"i":[[0,0],[-1.98,1.02],[1.02,1.98],[0,0]],"o":[[1.02,1.98],[1.98,-1.02],[0,0],[0,0]],"v":[[0.91,5.51],[6.35,7.26],[8.09,1.82],[0.91,5.51]]}}},{"ty":"sh","nm":"","d":1,"ks":{"a":0,"k":{"c":true,"i":[[0,0],[-0.41,-0.45],[-0.08,-0.13],[-0.01,-0.01],[0.01,0.01],[0.01,0.01],[0,0.01],[0,0],[0,0],[0,0],[-3.59,1.85],[0,0],[0,0],[0,0],[0,0],[0.01,0.01],[0.01,0.03],[0.04,0.07],[0.14,0.21],[0.54,0.58],[2.43,0.74],[0,0]],"o":[[0.67,0.2],[0.2,0.22],[0.04,0.06],[0,0.01],[0,-0.01],[0,0],[0,0],[0,0],[0,0],[0,0],[3.59,-1.85],[0,0],[0,0],[0,0],[0,-0.01],[-0.01,-0.02],[-0.03,-0.05],[-0.08,-0.14],[-0.28,-0.42],[-1.06,-1.15],[0,0],[0,0]],"v":[[-1.17,3.86],[0.45,4.92],[0.88,5.46],[0.95,5.58],[0.94,5.57],[0.93,5.55],[0.92,5.53],[0.92,5.52],[0.92,5.52],[0.91,5.52],[4.5,3.67],[8.09,1.82],[8.09,1.82],[8.09,1.81],[8.08,1.8],[8.07,1.77],[8.03,1.7],[7.93,1.52],[7.6,0.99],[6.38,-0.55],[1.17,-3.86],[-1.17,3.86]]}}},{"ty":"fl","nm":"","c":{"a":0,"k":[0.239,0.239,0.239]},"r":1,"o":{"a":0,"k":100}}],"ind":5},{"ty":4,"nm":"V","sr":1,"st":0,"op":61,"ip":0,"hasMask":false,"ao":0,"ks":{"a":{"a":0,"k":[2.46,1.98]},"s":{"a":0,"k":[100,100]},"sk":{"a":0,"k":0},"p":{"a":0,"k":[68.93,23.71]},"r":{"a":0,"k":0},"sa":{"a":0,"k":0},"o":{"a":0,"k":100}},"shapes":[{"ty":"sh","nm":"","d":1,"ks":{"a":0,"k":{"c":true,"i":[[0,0],[0.7,-2.12],[-2.12,-0.7],[0,0]],"o":[[-2.12,-0.7],[-0.7,2.12],[0,0],[0,0]],"v":[[1.26,-3.84],[-3.84,-1.26],[-1.26,3.84],[1.26,-3.84]]}}},{"ty":"sh","nm":"","d":1,"ks":{"a":0,"k":{"c":true,"i":[[0,0],[-1.99,1.01],[1.01,1.99],[0,0]],"o":[[1.01,1.99],[1.99,-1.01],[0,0],[0,0]],"v":[[1.32,5.78],[6.75,7.55],[8.53,2.13],[1.32,5.78]]}}},{"ty":"sh","nm":"","d":1,"ks":{"a":0,"k":{"c":true,"i":[[0,0],[-0.45,-0.48],[-0.08,-0.13],[-0.01,-0.01],[0.01,0.01],[0.01,0.01],[0,0.01],[0,0],[0,0],[0,0],[-3.6,1.82],[0,0],[0,0],[0,0],[0,0],[0.01,0.01],[0.01,0.03],[0.04,0.07],[0.15,0.22],[0.57,0.61],[2.54,0.83],[0,0]],"o":[[0.97,0.32],[0.22,0.24],[0.04,0.06],[0,0],[0,-0.01],[0,-0.01],[0,0],[0,0],[0,0],[0,0],[3.6,-1.82],[0,0],[0,0],[0,0],[0,-0.01],[-0.01,-0.02],[-0.03,-0.05],[-0.09,-0.15],[-0.29,-0.44],[-1.14,-1.21],[0,0],[0,0]],"v":[[-1.26,3.84],[0.83,5.17],[1.29,5.74],[1.36,5.85],[1.36,5.84],[1.34,5.82],[1.33,5.8],[1.33,5.79],[1.33,5.78],[1.32,5.78],[4.92,3.95],[8.52,2.13],[8.52,2.12],[8.52,2.12],[8.51,2.1],[8.5,2.07],[8.46,2],[8.35,1.81],[8,1.25],[6.72,-0.35],[1.26,-3.84],[-1.26,3.84]]}}},{"ty":"fl","nm":"","c":{"a":0,"k":[0.239,0.239,0.239]},"r":1,"o":{"a":0,"k":100}}],"ind":6},{"ty":4,"nm":"I","sr":1,"st":0,"op":61,"ip":0,"hasMask":false,"ao":0,"ks":{"a":{"a":0,"k":[17.84,19.81]},"s":{"a":0,"k":[100,100]},"sk":{"a":0,"k":0},"p":{"a":0,"k":[94.64,93.76]},"r":{"a":0,"k":0},"sa":{"a":0,"k":0},"o":{"a":0,"k":100}},"shapes":[{"ty":"sh","nm":"","d":1,"ks":{"a":0,"k":{"c":true,"i":[[0,0],[-0.03,0.33],[0,0],[3.3,-3.85],[2.98,-1.97],[0,0],[0.96,-0.67],[0,0],[-3.02,16.41]],"o":[[0.04,-0.33],[0,0],[-1.12,10.84],[-2.77,3.22],[0,0],[-0.91,0.6],[0,0],[14.69,-6.85],[0,0]],"v":[[35.57,2.7],[35.68,1.71],[19.08,0],[11.27,20.8],[2.79,27.81],[2.79,27.81],[0,29.69],[6.98,39.62],[35.57,2.7]]}}},{"ty":"fl","nm":"","c":{"a":0,"k":[0.8,0.204,0.553]},"r":2,"o":{"a":0,"k":100}}],"ind":7},{"ty":4,"nm":"R","sr":1,"st":0,"op":61,"ip":0,"hasMask":false,"ao":0,"ks":{"a":{"a":0,"k":[4.92,9.81]},"s":{"a":0,"k":[100,-100]},"sk":{"a":0,"k":0},"p":{"a":0,"k":[23.73,102.6]},"r":{"a":0,"k":27.47},"sa":{"a":0,"k":0},"o":{"a":0,"k":100}},"shapes":[{"ty":"sh","nm":"","d":1,"ks":{"a":0,"k":{"c":true,"i":[[0,0],[0,0],[0,0],[0,0]],"o":[[0,0],[0,0],[0,0],[0,0]],"v":[[9.84,0],[9.84,19.63],[0,19.63],[0,0]]}}},{"ty":"fl","nm":"","c":{"a":0,"k":[0.235,0.235,0.235]},"r":1,"o":{"a":0,"k":100}}],"ind":8},{"ty":4,"nm":"R","sr":1,"st":0,"op":61,"ip":0,"hasMask":false,"ao":0,"ks":{"a":{"a":0,"k":[10.64,2.45]},"s":{"a":0,"k":[100,-100]},"sk":{"a":0,"k":0},"p":{"a":0,"k":[34.28,82.31]},"r":{"a":0,"k":27.47},"sa":{"a":0,"k":0},"o":{"a":0,"k":100}},"shapes":[{"ty":"sh","nm":"","d":1,"ks":{"a":0,"k":{"c":true,"i":[[0,0],[-0.45,0],[0,0],[0,-0.45],[0,0],[0.45,0],[0,0],[0,0.45],[0,0]],"o":[[0,-0.45],[0,0],[0.45,0],[0,0],[0,0.45],[0,0],[-0.45,0],[0,0],[0,0]],"v":[[0,0.81],[0.81,0],[20.47,0],[21.28,0.81],[21.28,4.1],[20.47,4.9],[0.81,4.9],[0,4.1],[0,0.81]]}}},{"ty":"fl","nm":"","c":{"a":0,"k":[0.871,0.871,0.871]},"r":1,"o":{"a":0,"k":100}}],"ind":9},{"ty":4,"nm":"S","sr":1,"st":0,"op":61,"ip":0,"hasMask":false,"ao":0,"ks":{"a":{"a":0,"k":[2.33,2.33]},"s":{"a":0,"k":[100,100]},"sk":{"a":0,"k":0},"p":{"a":0,"k":[37.7,72.48]},"r":{"a":0,"k":-30},"sa":{"a":0,"k":0},"o":{"a":0,"k":100}},"shapes":[{"ty":"sh","nm":"","d":1,"ks":{"a":0,"k":{"c":true,"i":[[0,0],[-0.08,-0.23],[0,0],[-0.66,-0.24],[0,0],[0.23,-0.08],[0,0],[0.24,-0.66],[0,0],[0.08,0.23],[0,0],[0.66,0.24],[0,0],[-0.23,0.08],[0,0],[-0.24,0.66],[0,0]],"o":[[0.08,-0.23],[0,0],[0.24,0.66],[0,0],[0.23,0.08],[0,0],[-0.66,0.24],[0,0],[-0.08,0.23],[0,0],[-0.24,-0.66],[0,0],[-0.23,-0.08],[0,0],[0.66,-0.24],[0,0],[0,0]],"v":[[2.08,0.66],[2.57,0.66],[2.57,0.66],[4,2.08],[4,2.08],[4,2.57],[4,2.57],[2.57,4],[2.57,4],[2.08,4],[2.08,4],[0.66,2.57],[0.66,2.57],[0.66,2.08],[0.66,2.08],[2.08,0.66],[2.08,0.66]]}}},{"ty":"fl","nm":"","c":{"a":0,"k":[0.698,0.698,0.698]},"r":1,"o":{"a":0,"k":100}}],"ind":10},{"ty":4,"nm":"S","sr":1,"st":0,"op":61,"ip":0,"hasMask":false,"ao":0,"ks":{"a":{"a":0,"k":[2.33,2.33]},"s":{"a":0,"k":[100,100]},"sk":{"a":0,"k":0},"p":{"a":0,"k":[36.68,76.52]},"r":{"a":0,"k":-30},"sa":{"a":0,"k":0},"o":{"a":0,"k":100}},"shapes":[{"ty":"sh","nm":"","d":1,"ks":{"a":0,"k":{"c":true,"i":[[0,0],[-0.08,-0.23],[0,0],[-0.66,-0.24],[0,0],[0.23,-0.08],[0,0],[0.24,-0.66],[0,0],[0.08,0.23],[0,0],[0.66,0.24],[0,0],[-0.23,0.08],[0,0],[-0.24,0.66],[0,0]],"o":[[0.08,-0.23],[0,0],[0.24,0.66],[0,0],[0.23,0.08],[0,0],[-0.66,0.24],[0,0],[-0.08,0.23],[0,0],[-0.24,-0.66],[0,0],[-0.23,-0.08],[0,0],[0.66,-0.24],[0,0],[0,0]],"v":[[2.08,0.66],[2.57,0.66],[2.57,0.66],[4,2.08],[4,2.08],[4,2.57],[4,2.57],[2.57,4],[2.57,4],[2.08,4],[2.08,4],[0.66,2.57],[0.66,2.57],[0.66,2.08],[0.66,2.08],[2.08,0.66],[2.08,0.66]]}}},{"ty":"fl","nm":"","c":{"a":0,"k":[0.698,0.698,0.698]},"r":1,"o":{"a":0,"k":100}}],"ind":11},{"ty":4,"nm":"S","sr":1,"st":0,"op":61,"ip":0,"hasMask":false,"ao":0,"ks":{"a":{"a":0,"k":[2.33,2.33]},"s":{"a":0,"k":[100,100]},"sk":{"a":0,"k":0},"p":{"a":0,"k":[32.81,75.48]},"r":{"a":0,"k":-30},"sa":{"a":0,"k":0},"o":{"a":0,"k":100}},"shapes":[{"ty":"sh","nm":"","d":1,"ks":{"a":0,"k":{"c":true,"i":[[0,0],[-0.08,-0.23],[0,0],[-0.66,-0.24],[0,0],[0.23,-0.08],[0,0],[0.24,-0.66],[0,0],[0.08,0.23],[0,0],[0.66,0.24],[0,0],[-0.23,0.08],[0,0],[-0.24,0.66],[0,0]],"o":[[0.08,-0.23],[0,0],[0.24,0.66],[0,0],[0.23,0.08],[0,0],[-0.66,0.24],[0,0],[-0.08,0.23],[0,0],[-0.24,-0.66],[0,0],[-0.23,-0.08],[0,0],[0.66,-0.24],[0,0],[0,0]],"v":[[2.08,0.66],[2.57,0.66],[2.57,0.66],[4,2.08],[4,2.08],[4,2.57],[4,2.57],[2.57,4],[2.57,4],[2.08,4],[2.08,4],[0.66,2.57],[0.66,2.57],[0.66,2.08],[0.66,2.08],[2.08,0.66],[2.08,0.66]]}}},{"ty":"fl","nm":"","c":{"a":0,"k":[0.698,0.698,0.698]},"r":1,"o":{"a":0,"k":100}}],"ind":12},{"ty":4,"nm":"S","sr":1,"st":0,"op":61,"ip":0,"hasMask":false,"ao":0,"ks":{"a":{"a":0,"k":[2.33,2.33]},"s":{"a":0,"k":[100,100]},"sk":{"a":0,"k":0},"p":{"a":0,"k":[33.66,71.45]},"r":{"a":0,"k":-30},"sa":{"a":0,"k":0},"o":{"a":0,"k":100}},"shapes":[{"ty":"sh","nm":"","d":1,"ks":{"a":0,"k":{"c":true,"i":[[0,0],[-0.08,-0.23],[0,0],[-0.66,-0.24],[0,0],[0.23,-0.08],[0,0],[0.24,-0.66],[0,0],[0.08,0.23],[0,0],[0.66,0.24],[0,0],[-0.23,0.08],[0,0],[-0.24,0.66],[0,0]],"o":[[0.08,-0.23],[0,0],[0.24,0.66],[0,0],[0.23,0.08],[0,0],[-0.66,0.24],[0,0],[-0.08,0.23],[0,0],[-0.24,-0.66],[0,0],[-0.23,-0.08],[0,0],[0.66,-0.24],[0,0],[0,0]],"v":[[2.08,0.66],[2.57,0.66],[2.57,0.66],[4,2.08],[4,2.08],[4,2.57],[4,2.57],[2.57,4],[2.57,4],[2.08,4],[2.08,4],[0.66,2.57],[0.66,2.57],[0.66,2.08],[0.66,2.08],[2.08,0.66],[2.08,0.66]]}}},{"ty":"fl","nm":"","c":{"a":0,"k":[0.698,0.698,0.698]},"r":1,"o":{"a":0,"k":100}}],"ind":13},{"ty":4,"nm":"R","sr":1,"st":0,"op":61,"ip":0,"hasMask":false,"ao":0,"ks":{"a":{"a":0,"k":[9.87,11.61]},"s":{"a":0,"k":[100,-100]},"sk":{"a":0,"k":0},"p":{"a":0,"k":[35.79,79.4]},"r":{"a":0,"k":27.47},"sa":{"a":0,"k":0},"o":{"a":0,"k":100}},"shapes":[{"ty":"sh","nm":"","d":1,"ks":{"a":0,"k":{"c":true,"i":[[0,0],[-1.78,0],[0,0],[0,-1.78],[0,0],[5.45,0],[0,0],[0,5.45],[0,0]],"o":[[0,-1.78],[0,0],[1.78,0],[0,0],[0,5.45],[0,0],[-5.45,0],[0,0],[0,0]],"v":[[0,3.23],[3.23,0],[16.5,0],[19.73,3.23],[19.73,13.35],[9.87,23.22],[9.87,23.22],[0,13.35],[0,3.23]]}}},{"ty":"fl","nm":"","c":{"a":0,"k":[0.769,0.769,0.769]},"r":1,"o":{"a":0,"k":100}}],"ind":14},{"ty":4,"nm":"R","sr":1,"st":0,"op":61,"ip":0,"hasMask":false,"ao":0,"ks":{"a":{"a":0,"k":[7.15,2.36]},"s":{"a":0,"k":[100,100]},"sk":{"a":0,"k":0},"p":{"a":0,"k":[29.35,91.8]},"r":{"a":0,"k":27.47},"sa":{"a":0,"k":0},"o":{"a":0,"k":100}},"shapes":[{"ty":"sh","nm":"","d":1,"ks":{"a":0,"k":{"c":true,"i":[[0,-0.6],[0,0],[0.6,0],[0,0],[0,0.6],[0,0],[-0.6,0],[0,0]],"o":[[0,0],[0,0.6],[0,0],[-0.6,0],[0,0],[0,-0.6],[0,0],[0.6,0]],"v":[[14.31,1.08],[14.31,3.64],[13.23,4.72],[1.08,4.72],[0,3.64],[0,1.08],[1.08,0],[13.23,0]]}}},{"ty":"fl","nm":"","c":{"a":0,"k":[0.235,0.235,0.235]},"r":1,"o":{"a":0,"k":100}}],"ind":15},{"ty":4,"nm":"E","sr":1,"st":0,"op":61,"ip":0,"hasMask":false,"ao":0,"ks":{"a":{"a":0,"k":[5.61,5.61]},"s":{"a":0,"k":[100,100]},"sk":{"a":0,"k":0},"p":{"a":0,"k":[53.19,51.88]},"r":{"a":0,"k":0},"sa":{"a":0,"k":0},"o":{"a":0,"k":100}},"shapes":[{"ty":"sh","nm":"","d":1,"ks":{"a":0,"k":{"c":true,"i":[[0,0],[3.1,0],[0,3.1],[-3.1,0],[0,-3.1]],"o":[[0,3.1],[-3.1,0],[0,-3.1],[3.1,0],[0,0]],"v":[[11.22,5.61],[5.61,11.22],[0,5.61],[5.61,0],[11.22,5.61]]}}},{"ty":"fl","nm":"","c":{"a":0,"k":[0.777,0.467,0.361]},"r":1,"o":{"a":0,"k":100}}],"ind":16},{"ty":0,"nm":"G","sr":1,"st":0,"op":61,"ip":0,"hasMask":false,"ao":0,"ks":{"a":{"a":0,"k":[12.49,11.85]},"s":{"a":0,"k":[100,100]},"sk":{"a":0,"k":0},"p":{"a":0,"k":[60.68,69.72]},"r":{"a":0,"k":0},"sa":{"a":0,"k":0},"o":{"a":0,"k":100}},"w":150,"h":150,"refId":"3","ind":17},{"ty":4,"nm":"V","sr":1,"st":0,"op":61,"ip":0,"hasMask":false,"ao":0,"ks":{"a":{"a":0,"k":[14.85,3.04]},"s":{"a":0,"k":[100,100]},"sk":{"a":0,"k":0},"p":{"a":0,"k":[51.8,71.69]},"r":{"a":0,"k":0},"sa":{"a":0,"k":0},"o":{"a":0,"k":100}},"shapes":[{"ty":"sh","nm":"","d":1,"ks":{"a":0,"k":{"c":true,"i":[[0,0],[4.81,-9.56],[-9.56,-4.81],[0,0]],"o":[[-9.56,-4.81],[-4.81,9.56],[0,0],[0,0]],"v":[[8.7,-17.31],[-17.31,-8.7],[-8.7,17.31],[8.7,-17.31]]}}},{"ty":"sh","nm":"","d":1,"ks":{"a":0,"k":{"c":true,"i":[[0,0],[0.49,10.69],[10.69,-0.49],[0,0]],"o":[[10.69,-0.49],[-0.49,-10.69],[0,0],[0,0]],"v":[[30.59,25.37],[49.06,5.13],[28.82,-13.34],[30.59,25.37]]}}},{"ty":"sh","nm":"","d":1,"ks":{"a":0,"k":{"c":true,"i":[[0,0],[0,0],[0,0],[-0.01,0],[-0.02,-0.01],[-0.04,-0.02],[-0.1,-0.05],[-0.31,-0.14],[-1.02,-0.42],[-3.42,-1.01],[-10.94,0.5],[0,0],[4.06,1.2],[1,0.41],[0.18,0.08],[0,0],[-0.02,-0.01],[-0.02,-0.01],[-0.01,-0.01],[-0.01,0],[0,0],[8.7,-17.31]],"o":[[-8.7,17.31],[0,0],[0.01,0],[0.01,0.01],[0.03,0.02],[0.08,0.04],[0.21,0.1],[0.62,0.29],[2.03,0.83],[6.73,1.99],[0,0],[-5.33,0.24],[-1.97,-0.58],[-0.5,-0.2],[-0.09,-0.04],[0,0],[0.01,0.01],[0.01,0],[0.01,0],[0,0],[0,0],[0,0]],"v":[[0,0],[-8.69,17.32],[-8.68,17.32],[-8.66,17.33],[-8.62,17.35],[-8.52,17.4],[-8.25,17.53],[-7.48,17.9],[-5.01,18.97],[3.25,21.87],[30.59,25.37],[28.82,-13.34],[14.25,-15.29],[9.72,-16.88],[8.69,-17.32],[8.56,-17.38],[8.6,-17.36],[8.64,-17.34],[8.67,-17.33],[8.69,-17.32],[8.69,-17.32],[0,0]]}}},{"ty":"fl","nm":"","c":{"a":0,"k":[0.239,0.239,0.239]},"r":1,"o":{"a":0,"k":100}}],"ind":18},{"ty":4,"nm":"I","sr":1,"st":0,"op":61,"ip":0,"hasMask":false,"ao":0,"ks":{"a":{"a":0,"k":[4.58,6.21]},"s":{"a":0,"k":[100,100]},"sk":{"a":0,"k":0},"p":{"a":0,"k":[51.23,43.15]},"r":{"a":0,"k":0},"sa":{"a":0,"k":0},"o":{"a":0,"k":100}},"shapes":[{"ty":"sh","nm":"","d":1,"ks":{"a":0,"k":{"c":true,"i":[[0,0],[0.83,-2.3],[0,0],[1.44,0.52],[-0.81,2.23],[0,0],[-0.34,0.39],[-0.89,0],[-0.36,1.02]],"o":[[1.63,1.62],[0,0],[-1.13,0.88],[-2.23,-0.81],[0,0],[0.19,-0.52],[0.47,0.68],[1.15,0],[0,0]],"v":[[7.36,0],[8.8,6.39],[6.94,11.52],[2.84,12.17],[0.26,6.67],[1.94,2.01],[2.74,0.64],[4.89,1.76],[7.36,0]]}}},{"ty":"fl","nm":"","c":{"a":0,"k":[0.239,0.239,0.239]},"r":2,"o":{"a":0,"k":100}}],"ind":19},{"ty":4,"nm":"S","sr":1,"st":0,"op":61,"ip":0,"hasMask":false,"ao":0,"ks":{"a":{"a":0,"k":[4.17,5.98]},"s":{"a":0,"k":[100,100]},"sk":{"a":0,"k":0},"p":{"a":0,"k":[70.14,44.46]},"r":{"a":0,"k":0},"sa":{"a":0,"k":0},"o":{"a":0,"k":100}},"shapes":[{"ty":"sh","nm":"","d":1,"ks":{"a":0,"k":{"c":true,"i":[[0,0],[1.47,0],[0.51,0.55],[0.01,-0.05],[0,0],[-2.09,-0.63],[-1,0.93],[0,0],[1.52,1.58]],"o":[[-0.12,1.44],[-0.81,0],[-0.02,0.04],[0,0],[-0.63,2.09],[1.4,0.42],[0,0],[0.68,-2.25],[0,0]],"v":[[6.59,0],[3.79,2.57],[1.73,1.68],[1.68,1.82],[0.17,6.85],[2.82,11.79],[6.66,10.89],[8.08,6.17],[6.59,0]]}}},{"ty":"fl","nm":"","c":{"a":0,"k":[0.239,0.239,0.239]},"r":2,"o":{"a":0,"k":100}}],"ind":20},{"ty":4,"nm":"I","sr":1,"st":0,"op":61,"ip":0,"hasMask":false,"ao":0,"ks":{"a":{"a":0,"k":[31.46,12.35]},"s":{"a":0,"k":[100,100]},"sk":{"a":0,"k":0},"p":{"a":0,"k":[60.97,105.97]},"r":{"a":0,"k":0},"sa":{"a":0,"k":0},"o":{"a":0,"k":100}},"shapes":[{"ty":"sh","nm":"","d":1,"ks":{"a":0,"k":{"c":true,"i":[[0,0],[12.36,0],[0,0],[7.07,-7.84],[-12.48,0],[-8.44,6.21]],"o":[[-7.07,-9.03],[0,0],[-11.39,0],[8.86,7.45],[11.28,0],[0,0]],"v":[[62.92,14.83],[32.49,0],[28.7,0],[0,12.77],[32.77,24.7],[62.92,14.83]]}}},{"ty":"fl","nm":"","c":{"a":0,"k":[0.8,0.204,0.553]},"r":2,"o":{"a":0,"k":100}}],"ind":21},{"ty":4,"nm":"V","sr":1,"st":0,"op":61,"ip":0,"hasMask":false,"ao":0,"ks":{"a":{"a":0,"k":[14.13,0.49]},"s":{"a":0,"k":[100,100]},"sk":{"a":0,"k":0},"p":{"a":0,"k":[57.42,93.12]},"r":{"a":0,"k":0},"sa":{"a":0,"k":0},"o":{"a":0,"k":100}},"shapes":[{"ty":"sh","nm":"","d":1,"ks":{"a":0,"k":{"c":true,"i":[[0,0],[0.4,-3.24],[-3.24,-0.4],[0,0]],"o":[[-3.24,-0.4],[-0.4,3.24],[0,0],[0,0]],"v":[[0.73,-5.88],[-5.88,-0.73],[-0.73,5.88],[0.73,-5.88]]}}},{"ty":"sh","nm":"","d":1,"ks":{"a":0,"k":{"c":true,"i":[[0,0],[0.68,3.2],[3.2,-0.68],[0,0]],"o":[[3.2,-0.68],[-0.68,-3.2],[0,0],[0,0]],"v":[[29.48,5.79],[34.05,-1.22],[27.03,-5.79],[29.48,5.79]]}}},{"ty":"sh","nm":"","d":1,"ks":{"a":0,"k":{"c":true,"i":[[0,0],[-5.49,-0.13],[-4.88,1.03],[0,0],[5.16,0.13],[2.78,0.35],[0,0]],"o":[[3.14,0.39],[5.39,0.13],[0,0],[-3.49,0.74],[-5.07,-0.12],[0,0],[0,0]],"v":[[-0.73,5.88],[13.07,6.86],[29.48,5.79],[27.03,-5.79],[13.36,-4.98],[0.73,-5.88],[-0.73,5.88]]}}},{"ty":"fl","nm":"","c":{"a":0,"k":[0.8,0.204,0.553]},"r":1,"o":{"a":0,"k":100}}],"ind":22},{"ty":4,"nm":"R","sr":1,"st":0,"op":61,"ip":0,"hasMask":false,"ao":0,"ks":{"a":{"a":0,"k":[6.09,9.88]},"s":{"a":0,"k":[100,100]},"sk":{"a":0,"k":0},"p":{"a":0,"k":[48.43,44.82]},"r":{"a":0,"k":19.87},"sa":{"a":0,"k":0},"o":{"a":0,"k":100}},"shapes":[{"ty":"sh","nm":"","d":1,"ks":{"a":0,"k":{"c":true,"i":[[0,-3.36],[0,0],[3.36,0],[0,0],[0,3.36],[0,0],[-3.36,0],[0,0]],"o":[[0,0],[0,3.36],[0,0],[-3.36,0],[0,0],[0,-3.36],[0,0],[3.36,0]],"v":[[12.18,6.09],[12.18,13.67],[6.09,19.76],[6.09,19.76],[0,13.67],[0,6.09],[6.09,0],[6.09,0]]}}},{"ty":"fl","nm":"","c":{"a":0,"k":[1,1,1]},"r":1,"o":{"a":0,"k":100}}],"ind":23},{"ty":4,"nm":"R","sr":1,"st":0,"op":61,"ip":0,"hasMask":false,"ao":0,"ks":{"a":{"a":0,"k":[6.28,10.09]},"s":{"a":0,"k":[100,100]},"sk":{"a":0,"k":0},"p":{"a":0,"k":[66.93,46.49]},"r":{"a":0,"k":16.74},"sa":{"a":0,"k":0},"o":{"a":0,"k":100}},"shapes":[{"ty":"sh","nm":"","d":1,"ks":{"a":0,"k":{"c":true,"i":[[0,-3.47],[0,0],[3.47,0],[0,0],[0,3.47],[0,0],[-3.47,0],[0,0]],"o":[[0,0],[0,3.47],[0,0],[-3.47,0],[0,0],[0,-3.47],[0,0],[3.47,0]],"v":[[12.56,6.28],[12.56,13.9],[6.28,20.18],[6.28,20.18],[0,13.9],[0,6.28],[6.28,0],[6.28,0]]}}},{"ty":"fl","nm":"","c":{"a":0,"k":[1,1,1]},"r":1,"o":{"a":0,"k":100}}],"ind":24},{"ty":4,"nm":"V","sr":1,"st":0,"op":61,"ip":0,"hasMask":false,"ao":0,"ks":{"a":{"a":0,"k":[24.71,22.02]},"s":{"a":0,"k":[100,100]},"sk":{"a":0,"k":0},"p":{"a":0,"k":[60.79,47.35]},"r":{"a":0,"k":0},"sa":{"a":0,"k":0},"o":{"a":0,"k":100}},"shapes":[{"ty":"sh","nm":"","d":1,"ks":{"a":0,"k":{"c":true,"i":[[0,0],[0,0],[0,0],[0,0],[5.74,6.1],[0,0],[1.87,-0.8],[0,0],[1.18,-2.55]],"o":[[-2.41,5.19],[0,0],[0,0],[2.52,-7.99],[0,0],[-1.39,-1.48],[0,0],[-2.59,1.11],[0,0]],"v":[[6.09,12.61],[0,25.82],[42.65,44.04],[45.34,35.49],[40.12,12.68],[30.51,2.46],[25.07,1.33],[11.95,6.94],[6.09,12.61]]}}},{"ty":"fl","nm":"","c":{"a":0,"k":[0.777,0.467,0.361]},"r":1,"o":{"a":0,"k":100}}],"ind":25},{"ty":4,"nm":"I","sr":1,"st":0,"op":61,"ip":0,"hasMask":false,"ao":0,"ks":{"a":{"a":0,"k":[18.02,8.81]},"s":{"a":0,"k":[100,100]},"sk":{"a":0,"k":0},"p":{"a":0,"k":[80.35,22.5]},"r":{"a":0,"k":0},"sa":{"a":0,"k":0},"o":{"a":0,"k":100}},"shapes":[{"ty":"sh","nm":"","d":1,"ks":{"a":0,"k":{"c":true,"i":[[0,0],[-1.13,-1.71],[2.14,0.62],[3.57,-1.2],[2.09,-4.29],[0.73,0.36],[-0.36,0.73],[-8.07,2.71],[-4.85,-1.4],[-0.61,-0.23]],"o":[[1.54,1.86],[-2.28,-1.52],[-4.21,-1.22],[-7.22,2.42],[-0.36,0.73],[-0.73,-0.36],[2.39,-4.9],[4.07,-1.37],[0.61,0.18],[0,0]],"v":[[32.05,1.5],[36.04,6.9],[29.4,3.74],[17.64,4.02],[2.81,16.79],[0.83,17.47],[0.15,15.49],[16.7,1.22],[30.22,0.89],[32.05,1.5]]}}},{"ty":"fl","nm":"","c":{"a":0,"k":[0,0.416,0.679]},"r":2,"o":{"a":0,"k":100}}],"ind":26},{"ty":4,"nm":"V","sr":1,"st":0,"op":61,"ip":0,"hasMask":false,"ao":0,"ks":{"a":{"a":0,"k":[34.62,37.82]},"s":{"a":0,"k":[100,100]},"sk":{"a":0,"k":0},"p":{"a":0,"k":[73.08,37.82]},"r":{"a":0,"k":0},"sa":{"a":0,"k":0},"o":{"a":0,"k":100}},"shapes":[{"ty":"sh","nm":"","d":1,"ks":{"a":0,"k":{"c":true,"i":[[0,0],[-13.49,-8.59],[-3,-5.46],[-0.81,-2],[-0.24,-0.69],[-0.09,-0.26],[-0.03,-0.1],[0,0],[0,0],[0,0],[27.06,-8.95],[0,0],[15.1,-4.99],[5.04,15.21],[0.01,0.03],[0.27,0.49],[0.07,0.12],[-8.1,13.46]],"o":[[8.35,-13.87],[9.99,6.36],[1.64,2.99],[0.41,1.01],[0.12,0.35],[0.04,0.13],[0,0],[0,0],[0,0],[0,0.01],[0,0],[4.86,15.54],[-14.94,4.94],[-0.01,-0.02],[-0.11,-0.28],[-0.1,-0.17],[-12.55,-8.88],[0,0]],"v":[[4.31,14],[43.85,4.43],[62.71,25.25],[66.35,32.93],[67.33,35.51],[67.64,36.42],[67.76,36.77],[67.8,36.92],[67.83,36.98],[67.84,37.03],[40.78,45.99],[67.84,37.04],[49.29,74.22],[13.31,55.63],[13.28,55.55],[12.69,54.32],[12.44,53.89],[4.31,14]]}}},{"ty":"sh","nm":"","d":1,"ks":{"a":0,"k":{"c":true,"i":[[0,0],[-0.04,-0.06],[0,0]],"o":[[0,0],[-0.04,-0.05],[0,0]],"v":[[12.15,53.48],[12.22,53.56],[12.15,53.48]]}}},{"ty":"sh","nm":"","d":1,"ks":{"a":0,"k":{"c":true,"i":[[0,0],[0,0]],"o":[[0,0],[0,0]],"v":[[13.15,55.14],[13.15,55.14]]}}},{"ty":"fl","nm":"","c":{"a":0,"k":[0.228,0.522,0.761]},"r":2,"o":{"a":0,"k":100}}],"ind":27},{"ty":0,"nm":"G","sr":1,"st":0,"op":61,"ip":0,"hasMask":false,"ao":0,"ks":{"a":{"a":0,"k":[57.05,60.26]},"s":{"a":0,"k":[100,100]},"sk":{"a":0,"k":0},"p":{"a":0,"k":[62.18,70.51]},"r":{"a":0,"k":0},"sa":{"a":0,"k":0},"o":{"a":0,"k":100}},"w":150,"h":150,"refId":"4","ind":28}]},{"nm":"[","id":"2","layers":[{"ty":4,"nm":"V","sr":1,"st":0,"op":61,"ip":0,"hasMask":false,"ao":0,"ks":{"a":{"a":0,"k":[2.36,5.25]},"s":{"a":0,"k":[100,100]},"sk":{"a":0,"k":0},"p":{"a":0,"k":[13.08,15.66]},"r":{"a":0,"k":0},"sa":{"a":0,"k":0},"o":{"a":0,"k":100}},"shapes":[{"ty":"sh","nm":"","d":1,"ks":{"a":0,"k":{"c":true,"i":[[0,0],[0.64,-0.18],[-0.18,-0.64],[0,0]],"o":[[-0.18,-0.64],[-0.64,0.18],[0,0],[0,0]],"v":[[1.16,-0.33],[-0.33,-1.16],[-1.16,0.33],[1.16,-0.33]]}}},{"ty":"sh","nm":"","d":1,"ks":{"a":0,"k":{"c":true,"i":[[0,0],[0,0],[-0.19,-0.31],[-0.36,-0.05],[0,0]],"o":[[0,0],[-0.12,0.34],[0.19,0.31],[0,0],[0,0]],"v":[[0,6.84],[-1.14,6.43],[-1.03,7.47],[-0.16,8.04],[0,6.84]]}}},{"ty":"sh","nm":"","d":1,"ks":{"a":0,"k":{"c":true,"i":[[0,0],[-0.61,0.27],[0.27,0.61],[0,0]],"o":[[0.27,0.61],[0.61,-0.27],[0,0],[0,0]],"v":[[3.62,10.97],[5.21,11.6],[5.84,10.01],[3.62,10.97]]}}},{"ty":"sh","nm":"","d":1,"ks":{"a":0,"k":{"c":true,"i":[[0,0],[0.12,-1.12],[0.07,-0.3],[0.02,-0.07],[0,-0.01],[0,0],[0,0],[0,0],[0,0],[0,0],[-1.14,-0.41],[0,0],[0,0],[0,0],[0,0],[0,0.01],[-0.01,0.02],[-0.02,0.06],[-0.05,0.19],[-0.07,0.68],[0.59,2.08],[0,0]],"o":[[0.49,1.71],[-0.06,0.56],[-0.04,0.15],[-0.01,0.04],[0,0.01],[0,0],[0,0],[0,0],[0,0],[0,0],[1.14,0.41],[0,0],[0,0],[0,0],[0,0],[0,-0.01],[0.01,-0.03],[0.03,-0.11],[0.1,-0.39],[0.15,-1.35],[0,0],[0,0]],"v":[[-1.16,0.33],[-0.8,4.71],[-1.02,6.01],[-1.11,6.35],[-1.14,6.42],[-1.14,6.44],[-1.14,6.44],[-1.14,6.43],[-1.14,6.43],[-1.14,6.43],[0,6.84],[1.14,7.24],[1.14,7.24],[1.14,7.24],[1.14,7.23],[1.15,7.22],[1.16,7.18],[1.2,7.05],[1.33,6.59],[1.61,4.97],[1.16,-0.33],[-1.16,0.33]]}}},{"ty":"sh","nm":"","d":1,"ks":{"a":0,"k":{"c":true,"i":[[0,0],[0,0],[0,0],[0,0],[0,0],[0,0],[-0.01,0],[-0.03,-0.01],[-0.14,-0.04],[-0.42,-0.21],[-0.55,-1.28],[0,0],[1.18,0.6],[0.4,0.11],[0.12,0.02],[0.04,0.01],[0.01,0],[0,0],[0,0],[0,0],[0,0],[0.16,-1.2]],"o":[[-0.16,1.2],[0,0],[0,0],[0,0],[0,0],[0,0],[0.01,0],[0.07,0.01],[0.27,0.08],[0.83,0.42],[0,0],[-0.84,-1.93],[-0.59,-0.3],[-0.2,-0.05],[-0.06,-0.01],[-0.02,0],[-0.01,0],[0,0],[0,0],[0,0],[0,0],[0,0]],"v":[[0,6.84],[-0.16,8.04],[-0.16,8.04],[-0.17,8.04],[-0.17,8.04],[-0.17,8.04],[-0.16,8.04],[-0.09,8.05],[0.22,8.12],[1.29,8.54],[3.62,10.97],[5.84,10.01],[2.39,6.38],[0.86,5.79],[0.38,5.67],[0.23,5.65],[0.19,5.64],[0.17,5.64],[0.17,5.64],[0.16,5.64],[0.16,5.64],[0,6.84]]}}},{"ty":"fl","nm":"","c":{"a":0,"k":[0.58,0.318,0.231]},"r":1,"o":{"a":0,"k":100}}],"ind":1},{"ty":4,"nm":"S","sr":1,"st":0,"op":61,"ip":0,"hasMask":false,"ao":0,"ks":{"a":{"a":0,"k":[5.37,8.23]},"s":{"a":0,"k":[100,100]},"sk":{"a":0,"k":0},"p":{"a":0,"k":[5.37,10.93]},"r":{"a":0,"k":0},"sa":{"a":0,"k":0},"o":{"a":0,"k":100}},"shapes":[{"ty":"sh","nm":"","d":1,"ks":{"a":0,"k":{"c":true,"i":[[0,0],[2.39,-1.02],[-1.02,-2.39],[0.22,-1.68],[0.05,-0.24],[-3.77,-1.19],[-0.12,0.91],[1.82,4.28]],"o":[[-1.02,-2.39],[-2.39,1.02],[1.01,2.36],[-0.04,0.28],[1.53,0.48],[0.17,-0.69],[0.38,-2.89],[0,0]],"v":[[9.04,2.87],[2.87,0.38],[0.38,6.56],[1.21,12.83],[1.08,13.61],[10.1,16.46],[10.55,14.05],[9.04,2.87]]}}},{"ty":"fl","nm":"","c":{"a":0,"k":[0.777,0.467,0.361]},"r":2,"o":{"a":0,"k":100}}],"ind":2},{"ty":4,"nm":"V","sr":1,"st":0,"op":61,"ip":0,"hasMask":false,"ao":0,"ks":{"a":{"a":0,"k":[11.43,11.55]},"s":{"a":0,"k":[100,100]},"sk":{"a":0,"k":0},"p":{"a":0,"k":[11.49,27.07]},"r":{"a":0,"k":0},"sa":{"a":0,"k":0},"o":{"a":0,"k":100}},"shapes":[{"ty":"sh","nm":"","d":1,"ks":{"a":0,"k":{"c":true,"i":[[0,0],[-1.13,6.17],[0.52,-1.64],[10.49,3.1]],"o":[[-10.49,-3.1],[7.46,2.67],[-0.65,2.05],[0,0]],"v":[[7.83,22.64],[1.16,0],[22.85,10.47],[7.83,22.64]]}}},{"ty":"fl","nm":"","c":{"a":0,"k":[0.777,0.467,0.361]},"r":1,"o":{"a":0,"k":100}}],"ind":3},{"ty":4,"nm":"V","sr":1,"st":0,"op":61,"ip":0,"hasMask":false,"ao":0,"ks":{"a":{"a":0,"k":[3.23,5.45]},"s":{"a":0,"k":[100,100]},"sk":{"a":0,"k":0},"p":{"a":0,"k":[21.44,19.68]},"r":{"a":0,"k":0},"sa":{"a":0,"k":0},"o":{"a":0,"k":100}},"shapes":[{"ty":"sh","nm":"","d":1,"ks":{"a":0,"k":{"c":true,"i":[[0,0],[-2.46,-0.84],[-0.84,2.46],[0,0]],"o":[[-0.84,2.46],[2.46,0.84],[0,0],[0,0]],"v":[[-4.46,9.38],[-1.52,15.36],[4.46,12.42],[-4.46,9.38]]}}},{"ty":"sh","nm":"","d":1,"ks":{"a":0,"k":{"c":true,"i":[[0,0],[1.84,1.84],[1.84,-1.84],[0,0]],"o":[[1.84,-1.84],[-1.84,-1.84],[0,0],[0,0]],"v":[[9.79,3.33],[9.79,-3.33],[3.13,-3.33],[9.79,3.33]]}}},{"ty":"sh","nm":"","d":1,"ks":{"a":0,"k":{"c":true,"i":[[0,0],[-1.14,1.62],[-0.34,0.4],[-0.08,0.08],[-0.01,0.01],[0,0],[0,0],[0,0],[0,0],[0,0],[3.33,3.33],[0,0],[0,0],[0,0],[0,0],[0.01,-0.01],[0.03,-0.03],[0.08,-0.09],[0.26,-0.3],[0.76,-1.08],[1.33,-3.9],[0,0]],"o":[[0.97,-2.84],[0.57,-0.8],[0.17,-0.2],[0.04,-0.04],[0.01,-0.01],[0,0],[0,0],[0,0],[0,0],[0,0],[-3.33,-3.33],[0,0],[0,0],[0,0],[-0.01,0.01],[-0.02,0.02],[-0.05,0.05],[-0.16,0.17],[-0.51,0.6],[-1.52,2.15],[0,0],[0,0]],"v":[[4.46,12.42],[7.94,5.64],[9.35,3.83],[9.73,3.4],[9.8,3.32],[9.81,3.31],[9.81,3.32],[9.8,3.32],[9.8,3.33],[9.8,3.33],[6.46,0],[3.13,-3.33],[3.13,-3.33],[3.13,-3.32],[3.12,-3.31],[3.09,-3.29],[3.03,-3.22],[2.84,-3.02],[2.21,-2.31],[0.25,0.21],[-4.46,9.38],[4.46,12.42]]}}},{"ty":"fl","nm":"","c":{"a":0,"k":[0.777,0.467,0.361]},"r":1,"o":{"a":0,"k":100}}],"ind":4},{"ty":4,"nm":"V","sr":1,"st":0,"op":61,"ip":0,"hasMask":false,"ao":0,"ks":{"a":{"a":0,"k":[9.62,12.82]},"s":{"a":0,"k":[100,100]},"sk":{"a":0,"k":0},"p":{"a":0,"k":[21.07,12.82]},"r":{"a":0,"k":0},"sa":{"a":0,"k":0},"o":{"a":0,"k":100}},"shapes":[{"ty":"sh","nm":"","d":1,"ks":{"a":0,"k":{"c":true,"i":[[0,0],[0,0],[0,0],[0,0]],"o":[[0,0],[0,0],[0,0],[0,0]],"v":[[16.86,8.75],[16.86,8.75],[16.86,8.75],[16.86,8.75]]}}},{"ty":"sh","nm":"","d":1,"ks":{"a":0,"k":{"c":true,"i":[[0,0],[1.32,2.23],[2.28,-1.31],[0,0],[0,0],[0,0],[0,0],[0,0],[0,0],[0.05,-0.03],[0.16,-0.11],[0.49,-0.39],[1.33,-1.57],[1.03,-6.82],[-2.61,-0.38],[-0.39,2.57],[-1.72,2.03],[-0.55,0.44],[-0.12,0.08],[-0.01,0.01]],"o":[[2.25,-1.32],[-1.33,-2.24],[0,0],[-2.37,-3.98],[0,0],[0,0],[0,0],[0,0],[-0.04,0.02],[-0.1,0.06],[-0.32,0.21],[-0.98,0.78],[-2.67,3.16],[-0.39,2.57],[2.61,0.38],[0.74,-4.9],[0.87,-1.03],[0.28,-0.22],[0.06,-0.04],[0,0]],"v":[[16.9,8.73],[18.58,2.33],[12.04,0.64],[14.4,4.63],[12.03,0.64],[12.03,0.65],[12.02,0.65],[12,0.66],[11.95,0.69],[11.81,0.78],[11.41,1.03],[10.19,1.93],[6.6,5.42],[0.05,20.25],[4.08,25.59],[9.51,21.63],[13.96,11.43],[16.19,9.25],[16.8,8.8],[16.9,8.73]]}}},{"ty":"fl","nm":"","c":{"a":0,"k":[0.777,0.467,0.361]},"r":2,"o":{"a":0,"k":100}}],"ind":5},{"ty":4,"nm":"V","sr":1,"st":0,"op":61,"ip":0,"hasMask":false,"ao":0,"ks":{"a":{"a":0,"k":[4.76,8.14]},"s":{"a":0,"k":[100,100]},"sk":{"a":0,"k":0},"p":{"a":0,"k":[16.75,9.85]},"r":{"a":0,"k":0},"sa":{"a":0,"k":0},"o":{"a":0,"k":100}},"shapes":[{"ty":"sh","nm":"","d":1,"ks":{"a":0,"k":{"c":true,"i":[[0,0],[-2.57,-0.38],[-0.38,2.57],[0,0]],"o":[[-0.38,2.57],[2.57,0.38],[0,0],[0,0]],"v":[[-4.66,15.59],[-0.69,20.94],[4.66,16.98],[-4.66,15.59]]}}},{"ty":"sh","nm":"","d":1,"ks":{"a":0,"k":{"c":true,"i":[[0,0],[1.31,2.25],[2.25,-1.31],[0,0]],"o":[[2.25,-1.31],[-1.31,-2.25],[0,0],[0,0]],"v":[[11.89,4.07],[13.58,-2.37],[7.14,-4.07],[11.89,4.07]]}}},{"ty":"sh","nm":"","d":1,"ks":{"a":0,"k":{"c":true,"i":[[0,0],[-1.69,2.03],[-0.55,0.44],[-0.12,0.08],[-0.01,0.01],[0.01,0],[0.01,0],[0,0],[0,0],[0,0],[2.37,4.07],[0,0],[0,0],[0,0],[0.01,0],[0.02,-0.01],[0.05,-0.03],[0.16,-0.11],[0.48,-0.39],[1.31,-1.57],[1.02,-6.84],[0,0]],"o":[[0.73,-4.91],[0.85,-1.03],[0.27,-0.22],[0.06,-0.04],[0.01,0],[0,0],[0,0],[0,0],[0,0],[0,0],[-2.37,-4.07],[0,0],[0,0],[-0.01,0],[-0.01,0.01],[-0.04,0.02],[-0.1,0.07],[-0.31,0.21],[-0.97,0.78],[-2.63,3.17],[0,0],[0,0]],"v":[[4.66,16.98],[9.04,6.74],[11.23,4.56],[11.83,4.11],[11.94,4.04],[11.94,4.04],[11.92,4.05],[11.91,4.06],[11.9,4.06],[11.9,4.06],[9.52,0],[7.14,-4.06],[7.13,-4.06],[7.13,-4.06],[7.1,-4.04],[7.05,-4.01],[6.92,-3.93],[6.53,-3.68],[5.32,-2.78],[1.79,0.73],[-4.66,15.59],[4.66,16.98]]}}},{"ty":"fl","nm":"","c":{"a":0,"k":[0.777,0.467,0.361]},"r":1,"o":{"a":0,"k":100}}],"ind":6}]},{"nm":"[","id":"3","layers":[{"ty":4,"nm":"I","sr":1,"st":0,"op":61,"ip":0,"hasMask":false,"ao":0,"ks":{"a":{"a":0,"k":[6.86,3.47]},"s":{"a":0,"k":[100,100]},"sk":{"a":0,"k":0},"p":{"a":0,"k":[15.83,20.24]},"r":{"a":0,"k":0},"sa":{"a":0,"k":0},"o":{"a":0,"k":100}},"shapes":[{"ty":"sh","nm":"","d":1,"ks":{"a":0,"k":{"c":true,"i":[[0,0],[4.94,0.95],[-4.34,0],[-1.32,-0.66]],"o":[[-3.09,4.21],[1.3,-3.91],[1.58,0],[0,0]],"v":[[13.72,1.04],[0,6.73],[9.33,0],[13.72,1.04]]}}},{"ty":"fl","nm":"","c":{"a":0,"k":[0.922,0.337,0.341]},"r":2,"o":{"a":0,"k":100}}],"ind":1},{"ty":4,"nm":"I","sr":1,"st":0,"op":61,"ip":0,"hasMask":false,"ao":0,"ks":{"a":{"a":0,"k":[8.88,4.31]},"s":{"a":0,"k":[100,100]},"sk":{"a":0,"k":0},"p":{"a":0,"k":[13.08,4.31]},"r":{"a":0,"k":0},"sa":{"a":0,"k":0},"o":{"a":0,"k":100}},"shapes":[{"ty":"sh","nm":"","d":1,"ks":{"a":0,"k":{"c":true,"i":[[0,0],[-1.96,0.04],[-4.84,4.09],[0.33,0.38],[3.25,-2.3],[0.66,-0.36],[0.82,-0.27],[0.55,-0.21]],"o":[[0.69,1.2],[3.63,-0.07],[-0.28,-0.38],[-3.12,-3.65],[-0.86,0.61],[-0.58,0.31],[-0.53,0.17],[0,0]],"v":[[0,6.34],[3.87,8.61],[17.75,2.82],[16.84,1.68],[6.11,3.43],[3.81,4.96],[1.64,5.78],[0,6.34]]}}},{"ty":"fl","nm":"","c":{"a":0,"k":[1,1,1]},"r":2,"o":{"a":0,"k":100}}],"ind":2},{"ty":4,"nm":"S","sr":1,"st":0,"op":61,"ip":0,"hasMask":false,"ao":0,"ks":{"a":{"a":0,"k":[7.66,7.65]},"s":{"a":0,"k":[100,100]},"sk":{"a":0,"k":0},"p":{"a":0,"k":[17.32,15.98]},"r":{"a":0,"k":0},"sa":{"a":0,"k":0},"o":{"a":0,"k":100}},"shapes":[{"ty":"sh","nm":"","d":1,"ks":{"a":0,"k":{"c":true,"i":[[0,0],[0.7,-0.46],[0,-3.04],[-1.77,-1.61],[-0.11,6.65],[2.59,0],[0,0],[-0.91,-1.06],[0,-0.63],[1.26,0],[0,1.26],[-0.2,0.34]],"o":[[0.72,-1.54],[-2.35,1.58],[0,2.58],[6.19,-0.67],[-1.61,-1.78],[0,0],[-1.21,0.02],[0.41,0.41],[0,1.26],[-1.26,0],[0,-0.43],[0,0]],"v":[[5.3,3],[3.89,1.49],[0,8.79],[2.88,15.3],[15.32,2.9],[8.79,0],[8.76,0],[8.87,2.56],[9.54,4.17],[7.26,6.45],[4.97,4.17],[5.3,3]]}}},{"ty":"fl","nm":"","c":{"a":0,"k":[0.553,0.106,0.067]},"r":2,"o":{"a":0,"k":100}}],"ind":3},{"ty":4,"nm":"V","sr":1,"st":0,"op":61,"ip":0,"hasMask":false,"ao":0,"ks":{"a":{"a":0,"k":[12.49,11.85]},"s":{"a":0,"k":[100,100]},"sk":{"a":0,"k":0},"p":{"a":0,"k":[12.49,11.85]},"r":{"a":0,"k":0},"sa":{"a":0,"k":0},"o":{"a":0,"k":100}},"shapes":[{"ty":"sh","nm":"","d":1,"ks":{"a":0,"k":{"c":true,"i":[[0,0],[-2.73,1.48],[-3.95,-4.62],[4.55,20.32]],"o":[[-1.72,-7.67],[3.14,-1.71],[14.71,17.22],[0,0]],"v":[[0.28,14.05],[8.01,4.96],[21.04,1.68],[0.28,14.05]]}}},{"ty":"fl","nm":"","c":{"a":0,"k":[0.757,0.212,0.208]},"r":1,"o":{"a":0,"k":100}}],"ind":4},{"ty":4,"nm":"V","sr":1,"st":0,"op":61,"ip":0,"hasMask":false,"ao":0,"ks":{"a":{"a":0,"k":[12.49,11.85]},"s":{"a":0,"k":[100,100]},"sk":{"a":0,"k":0},"p":{"a":0,"k":[12.49,11.85]},"r":{"a":0,"k":0},"sa":{"a":0,"k":0},"o":{"a":0,"k":100}},"shapes":[{"ty":"sh","nm":"","d":1,"ks":{"a":0,"k":{"c":true,"i":[[0,0],[-2.73,1.48],[-3.95,-4.62],[4.55,20.32]],"o":[[-1.72,-7.67],[3.14,-1.71],[14.71,17.22],[0,0]],"v":[[0.28,14.05],[8.01,4.96],[21.04,1.68],[0.28,14.05]]}}},{"ty":"st","nm":"","lc":1,"lj":2,"ml":4,"o":{"a":0,"k":100},"w":{"a":0,"k":11.303},"c":{"a":0,"k":[0.239,0.239,0.239]}},{"ty":"fl","nm":"","c":{"a":0,"k":[0.704,0.704,0.704]},"r":1,"o":{"a":0,"k":100}}],"ind":5}]},{"nm":"[","id":"4","layers":[{"ty":4,"nm":"E","sr":1,"st":0,"op":61,"ip":0,"hasMask":false,"ao":0,"ks":{"a":{"a":0,"k":[57.05,57.05]},"s":{"a":0,"k":[100,100]},"sk":{"a":0,"k":0},"p":{"a":0,"k":[57.05,57.05]},"r":{"a":0,"k":0},"sa":{"a":0,"k":0},"o":{"a":0,"k":100}},"shapes":[{"ty":"sh","nm":"","d":1,"ks":{"a":0,"k":{"c":true,"i":[[0,0],[0,-28.15],[-28.15,0],[0,28.15],[28.15,0]],"o":[[-28.15,0],[0,28.15],[28.15,0],[0,-28.15],[0,0]],"v":[[56.92,6.41],[6.41,57.05],[57.05,107.69],[107.69,57.05],[56.92,6.41]]}}},{"ty":"sh","nm":"","d":1,"ks":{"a":0,"k":{"c":true,"i":[[0,0],[-31.51,0],[0,-31.51],[31.51,0],[0,31.51]],"o":[[0,-31.51],[31.51,0],[0,31.51],[-31.51,0],[0,0]],"v":[[0,57.05],[57.05,0],[114.1,57.05],[57.05,114.1],[0,57.05]]}}},{"ty":"fl","nm":"","c":{"a":0,"k":[1,0.765,0.906]},"r":2,"o":{"a":0,"k":100}}],"ind":1},{"ty":4,"nm":"E","sr":1,"st":0,"op":61,"ip":0,"hasMask":false,"ao":0,"ks":{"a":{"a":0,"k":[53.98,53.98]},"s":{"a":0,"k":[100,100]},"sk":{"a":0,"k":0},"p":{"a":0,"k":[57.15,57.12]},"r":{"a":0,"k":0},"sa":{"a":0,"k":0},"o":{"a":0,"k":100}},"shapes":[{"ty":"sh","nm":"","d":1,"ks":{"a":0,"k":{"c":true,"i":[[0,0],[29.81,0],[0,29.81],[-29.81,0],[0,-29.81]],"o":[[0,29.81],[-29.81,0],[0,-29.81],[29.81,0],[0,0]],"v":[[107.95,53.98],[53.98,107.95],[0,53.98],[53.98,0],[107.95,53.98]]}}},{"ty":"fl","nm":"","c":{"a":0,"k":[1,0.953,0.98]},"r":1,"o":{"a":0,"k":100}}],"ind":2},{"ty":4,"nm":"E","sr":1,"st":0,"op":61,"ip":0,"hasMask":false,"ao":0,"ks":{"a":{"a":0,"k":[53.98,53.98]},"s":{"a":0,"k":[100,100]},"sk":{"a":0,"k":0},"p":{"a":0,"k":[57.15,57.12]},"r":{"a":0,"k":0},"sa":{"a":0,"k":0},"o":{"a":0,"k":100}},"shapes":[{"ty":"sh","nm":"","d":1,"ks":{"a":0,"k":{"c":true,"i":[[0,0],[29.81,0],[0,29.81],[-29.81,0],[0,-29.81]],"o":[[0,29.81],[-29.81,0],[0,-29.81],[29.81,0],[0,0]],"v":[[107.95,53.98],[53.98,107.95],[0,53.98],[53.98,0],[107.95,53.98]]}}},{"ty":"fl","nm":"","c":{"a":0,"k":[0.933,0.518,0.8]},"r":1,"o":{"a":0,"k":100}}],"ind":3},{"ty":4,"nm":"E","sr":1,"st":0,"op":61,"ip":0,"hasMask":false,"ao":0,"ks":{"a":{"a":0,"k":[57.05,57.05]},"s":{"a":0,"k":[100,100]},"sk":{"a":0,"k":0},"p":{"a":0,"k":[57.05,63.46]},"r":{"a":0,"k":0},"sa":{"a":0,"k":0},"o":{"a":0,"k":100}},"shapes":[{"ty":"sh","nm":"","d":1,"ks":{"a":0,"k":{"c":true,"i":[[0,0],[0,-28.15],[-28.15,0],[0,28.15],[28.15,0]],"o":[[-28.15,0],[0,28.15],[28.15,0],[0,-28.15],[0,0]],"v":[[57.05,6.08],[6.08,57.05],[57.05,107.69],[108.03,57.05],[57.05,6.08]]}}},{"ty":"sh","nm":"","d":1,"ks":{"a":0,"k":{"c":true,"i":[[0,0],[-31.51,0],[0,-31.51],[31.51,0],[0,31.51]],"o":[[0,-31.51],[31.51,0],[0,31.51],[-31.51,0],[0,0]],"v":[[0,57.05],[57.05,0],[114.1,57.05],[57.05,114.1],[0,57.05]]}}},{"ty":"fl","nm":"","c":{"a":0,"k":[0.828,0.443,0.667]},"r":2,"o":{"a":0,"k":100}}],"ind":4}]}]}