{"nm":"A","h":150,"w":150,"meta":{"g":"LottieFiles Figma v67"},"layers":[{"ty":4,"nm":"S","sr":1,"st":0,"op":61,"ip":0,"hasMask":false,"ao":0,"ks":{"a":{"a":0,"k":[57.05,35.54]},"s":{"a":0,"k":[100,100]},"sk":{"a":0,"k":0},"p":{"a":0,"k":[75,96.51]},"r":{"a":0,"k":0},"sa":{"a":0,"k":0},"o":{"a":0,"k":100}},"shapes":[{"ty":"sh","nm":"","d":1,"ks":{"a":0,"k":{"c":true,"i":[[0,0],[0,-4.84],[-31.51,0],[0,31.51],[0.88,3.98],[0,0],[0,-4.3],[28.15,0],[0,28.15],[-1.24,4.42],[0,0]],"o":[[-1.13,4.49],[0,31.51],[31.51,0],[0,-4.24],[0,0],[0.99,3.98],[0,28.15],[-28.15,0],[0,-4.84],[0,0],[0,0]],"v":[[1.74,0],[0,14.03],[57.05,71.08],[114.1,14.03],[112.76,1.68],[106.18,1.58],[107.69,14.03],[57.05,64.67],[6.41,14.03],[8.32,0.1],[1.74,0]]}}},{"ty":"fl","nm":"","c":{"a":0,"k":[0.867,0.722,0.643]},"r":2,"o":{"a":0,"k":100}}],"ind":1},{"ty":0,"nm":"G","sr":1,"st":0,"op":61,"ip":0,"hasMask":false,"ao":0,"ks":{"a":{"a":0,"k":[57.05,67.95]},"s":{"a":0,"k":[100,100]},"sk":{"a":0,"k":0},"p":{"a":0,"k":[75,70.51]},"r":{"a":0,"k":0},"sa":{"a":0,"k":0},"o":{"a":0,"k":100}},"w":150,"h":150,"refId":"1","ind":2}],"v":"5.7.0","fr":60,"op":60,"ip":0,"assets":[{"nm":"[","id":"1","layers":[{"ty":4,"nm":"V","sr":1,"st":0,"op":61,"ip":0,"hasMask":false,"ao":0,"ks":{"a":{"a":0,"k":[1.29,3.98]},"s":{"a":0,"k":[100,100]},"sk":{"a":0,"k":0},"p":{"a":0,"k":[59.27,72.77]},"r":{"a":0,"k":0},"sa":{"a":0,"k":0},"o":{"a":0,"k":100}},"shapes":[{"ty":"sh","nm":"","d":1,"ks":{"a":0,"k":{"c":true,"i":[[0,0],[0.36,0.65],[0.65,-0.36],[0,0]],"o":[[0.65,-0.36],[-0.36,-0.65],[0,0],[0,0]],"v":[[3.23,1.18],[3.75,-0.65],[1.92,-1.18],[3.23,1.18]]}}},{"ty":"sh","nm":"","d":1,"ks":{"a":0,"k":{"c":true,"i":[[0,0],[-0.61,0.43],[0.43,0.61],[0,0]],"o":[[0.43,0.61],[0.61,-0.43],[0,0],[0,0]],"v":[[-0.14,8.74],[1.74,9.05],[2.05,7.17],[-0.14,8.74]]}}},{"ty":"sh","nm":"","d":1,"ks":{"a":0,"k":{"c":true,"i":[[0,0],[0.4,-1.78],[-1.2,-1.68],[0,0],[-0.27,1.2],[-0.8,0.44],[0,0]],"o":[[-1.63,0.9],[-0.4,1.8],[0,0],[-0.67,-0.94],[0.27,-1.21],[0,0],[0,0]],"v":[[1.92,-1.18],[-1.17,3.21],[-0.14,8.74],[2.05,7.17],[1.47,3.8],[3.23,1.18],[1.92,-1.18]]}}},{"ty":"fl","nm":"","c":{"a":0,"k":[0.829,0.56,0.266]},"r":1,"o":{"a":0,"k":100}}],"ind":1},{"ty":4,"nm":"I","sr":1,"st":0,"op":61,"ip":0,"hasMask":false,"ao":0,"ks":{"a":{"a":0,"k":[13.91,8.67]},"s":{"a":0,"k":[100,100]},"sk":{"a":0,"k":0},"p":{"a":0,"k":[37.68,114.76]},"r":{"a":0,"k":0},"sa":{"a":0,"k":0},"o":{"a":0,"k":50}},"shapes":[{"ty":"sh","nm":"","d":1,"ks":{"a":0,"k":{"c":true,"i":[[0,0],[0,0],[0.88,0],[0,-0.88],[0,0],[-1.08,-0.11]],"o":[[0,0],[0,-0.88],[-0.88,0],[0,0],[1.06,0.18],[0,0]],"v":[[27.81,17.33],[27.81,1.6],[26.21,0],[24.61,1.6],[24.61,16.89],[27.81,17.33]]}}},{"ty":"sh","nm":"","d":1,"ks":{"a":0,"k":{"c":true,"i":[[0,0],[0,0],[0.88,0],[0,-0.88],[0,0],[-1.1,-0.8]],"o":[[0,0],[0,-0.88],[-0.88,0],[0,0],[1.03,0.89],[0,0]],"v":[[3.2,7.85],[3.2,1.6],[1.6,0],[0,1.6],[0,5.32],[3.2,7.85]]}}},{"ty":"fl","nm":"","c":{"a":0,"k":[0.314,0.69,0.965]},"r":2,"o":{"a":0,"k":100}}],"ind":2},{"ty":4,"nm":"I","sr":1,"st":0,"op":61,"ip":0,"hasMask":false,"ao":0,"ks":{"a":{"a":0,"k":[9.65,10.68]},"s":{"a":0,"k":[100,100]},"sk":{"a":0,"k":0},"p":{"a":0,"k":[34.37,14]},"r":{"a":0,"k":0},"sa":{"a":0,"k":0},"o":{"a":0,"k":100}},"shapes":[{"ty":"sh","nm":"","d":1,"ks":{"a":0,"k":{"c":true,"i":[[0,0],[0,0],[1.69,0],[0,2.76],[-1.63,0.82]],"o":[[0,0],[-0.9,1.28],[-2.76,0],[0,-1.95],[0,0]],"v":[[9.6,0],[15.95,7.34],[11.86,9.46],[6.86,4.46],[9.6,0]]}}},{"ty":"sh","nm":"","d":1,"ks":{"a":0,"k":{"c":true,"i":[[0,0],[0,0],[-0.24,0],[0,-2.76],[2.76,0],[0.49,0.16]],"o":[[0,0],[0.23,-0.03],[2.76,0],[0,2.76],[-0.54,0],[0,0]],"v":[[0,19.98],[0.84,10.27],[1.55,10.22],[6.54,15.22],[1.55,20.22],[0,19.98]]}}},{"ty":"sh","nm":"","d":1,"ks":{"a":0,"k":{"c":true,"i":[[0,0],[2.76,0],[0,2.76],[-2.76,0],[0,-2.76]],"o":[[0,2.76],[-2.76,0],[0,-2.76],[2.76,0],[0,0]],"v":[[19.3,16.36],[14.3,21.36],[9.3,16.36],[14.3,11.36],[19.3,16.36]]}}},{"ty":"fl","nm":"","c":{"a":0,"k":[0.314,0.69,0.965]},"r":2,"o":{"a":0,"k":100}}],"ind":3},{"ty":4,"nm":"V","sr":1,"st":0,"op":61,"ip":0,"hasMask":false,"ao":0,"ks":{"a":{"a":0,"k":[12.82,17.31]},"s":{"a":0,"k":[100,100]},"sk":{"a":0,"k":0},"p":{"a":0,"k":[37.18,17.31]},"r":{"a":0,"k":0},"sa":{"a":0,"k":0},"o":{"a":0,"k":100}},"shapes":[{"ty":"sh","nm":"","d":1,"ks":{"a":0,"k":{"c":true,"i":[[0,0],[0,0],[-2.02,-2.33],[0,0],[0.01,-1.07],[8.49,-3.06],[1.95,2.24],[-0.12,1.33]],"o":[[0,0],[0.27,-3.11],[0,0],[0.69,0.8],[-0.03,2.53],[-8.36,3.02],[-0.87,-1],[0,0]],"v":[[0.03,27.12],[2.1,3.25],[8.13,1.2],[24.43,20.06],[25.64,22.89],[15.87,33.42],[1.01,30.81],[0.03,27.12]]}}},{"ty":"fl","nm":"","c":{"a":0,"k":[0.941,0.584,0.212]},"r":1,"o":{"a":0,"k":100}}],"ind":4},{"ty":4,"nm":"I","sr":1,"st":0,"op":61,"ip":0,"hasMask":false,"ao":0,"ks":{"a":{"a":0,"k":[11.59,11.16]},"s":{"a":0,"k":[100,100]},"sk":{"a":0,"k":0},"p":{"a":0,"k":[36.8,111.82]},"r":{"a":0,"k":0},"sa":{"a":0,"k":0},"o":{"a":0,"k":100}},"shapes":[{"ty":"sh","nm":"","d":1,"ks":{"a":0,"k":{"c":true,"i":[[0,0],[0,0],[2.53,0],[0,0],[0,-2.53],[0,0],[-8.66,-1.47]],"o":[[0,0],[0,-2.53],[0,0],[-2.53,0],[0,0],[6.59,5.25],[0,0]],"v":[[23.17,22.32],[23.17,4.59],[18.59,0],[4.59,0],[0,4.59],[0,11.94],[23.17,22.32]]}}},{"ty":"fl","nm":"","c":{"a":0,"k":[0.42,0.906,0.988]},"r":2,"o":{"a":0,"k":100}}],"ind":5},{"ty":4,"nm":"V","sr":1,"st":0,"op":61,"ip":0,"hasMask":false,"ao":0,"ks":{"a":{"a":0,"k":[6.27,0.71]},"s":{"a":0,"k":[100,100]},"sk":{"a":0,"k":0},"p":{"a":0,"k":[31.49,98.43]},"r":{"a":0,"k":0},"sa":{"a":0,"k":0},"o":{"a":0,"k":100}},"shapes":[{"ty":"sh","nm":"","d":1,"ks":{"a":0,"k":{"c":true,"i":[[0,0],[-0.74,0.16],[-1.08,0.02],[-1.16,-0.05],[-1.04,0],[0,0],[1.21,0.06],[1.28,-0.02],[1.28,-0.28],[1.17,-1.04],[0,0]],"o":[[0.05,-0.04],[0.71,-0.15],[1.07,-0.02],[1.12,0.05],[0,0],[-0.85,0],[-1.16,-0.05],[-1.27,0.02],[-1.25,0.27],[0,0],[0,0]],"v":[[2.06,3.74],[3.11,3.35],[5.8,3.11],[9.18,3.19],[12.54,3.31],[12.54,-2.9],[9.47,-3.01],[5.72,-3.1],[1.79,-2.71],[-2.06,-0.9],[2.06,3.74]]}}},{"ty":"fl","nm":"","c":{"a":0,"k":[0.965,0.78,0.267]},"r":1,"o":{"a":0,"k":100}}],"ind":6},{"ty":4,"nm":"I","sr":1,"st":0,"op":61,"ip":0,"hasMask":false,"ao":0,"ks":{"a":{"a":0,"k":[39.93,9.62]},"s":{"a":0,"k":[100,100]},"sk":{"a":0,"k":0},"p":{"a":0,"k":[57.01,114.09]},"r":{"a":0,"k":0},"sa":{"a":0,"k":0},"o":{"a":0,"k":100}},"shapes":[{"ty":"sh","nm":"","d":1,"ks":{"a":0,"k":{"c":true,"i":[[0,0],[0,0],[-16.16,0],[-9.36,11.72]],"o":[[0,0],[9.36,11.72],[16.16,0],[0,0]],"v":[[79.86,0],[0,0],[39.93,19.23],[79.86,0]]}}},{"ty":"fl","nm":"","c":{"a":0,"k":[0.42,0.906,0.988]},"r":2,"o":{"a":0,"k":100}}],"ind":7},{"ty":4,"nm":"S","sr":1,"st":0,"op":61,"ip":0,"hasMask":false,"ao":0,"ks":{"a":{"a":0,"k":[3.46,4.09]},"s":{"a":0,"k":[100,100]},"sk":{"a":0,"k":0},"p":{"a":0,"k":[77.62,76.5]},"r":{"a":0,"k":0},"sa":{"a":0,"k":0},"o":{"a":0,"k":100}},"shapes":[{"ty":"sh","nm":"","d":1,"ks":{"a":0,"k":{"c":true,"i":[[0,0],[-0.22,3.56],[0,0],[0,0],[0,0]],"o":[[0.81,-0.86],[0,0],[0,5.48],[0,0],[0,0]],"v":[[0,6.51],[2.58,0],[6.91,0.34],[3.81,8.18],[0,6.51]]}}},{"ty":"fl","nm":"","c":{"a":0,"k":[0.969,0.816,0.275]},"r":2,"o":{"a":0,"k":100}}],"ind":8},{"ty":4,"nm":"V","sr":1,"st":0,"op":61,"ip":0,"hasMask":false,"ao":0,"ks":{"a":{"a":0,"k":[12.76,4.91]},"s":{"a":0,"k":[100,100]},"sk":{"a":0,"k":0},"p":{"a":0,"k":[68.31,75.68]},"r":{"a":0,"k":0},"sa":{"a":0,"k":0},"o":{"a":0,"k":100}},"shapes":[{"ty":"sh","nm":"","d":1,"ks":{"a":0,"k":{"c":true,"i":[[0,0],[0,0],[-1.95,-0.85],[0,0],[0,5.48]],"o":[[0,0],[-2.12,-0.17],[0,0],[0,0],[0,0]],"v":[[25.53,1.99],[11.13,0.87],[10.22,4.48],[22.43,9.83],[25.53,1.99]]}}},{"ty":"fl","nm":"","c":{"a":0,"k":[1,1,1]},"r":1,"o":{"a":0,"k":100}}],"ind":9},{"ty":4,"nm":"V","sr":1,"st":0,"op":61,"ip":0,"hasMask":false,"ao":0,"ks":{"a":{"a":0,"k":[6.88,5.59]},"s":{"a":0,"k":[100,100]},"sk":{"a":0,"k":0},"p":{"a":0,"k":[83.15,83.48]},"r":{"a":0,"k":0},"sa":{"a":0,"k":0},"o":{"a":0,"k":100}},"shapes":[{"ty":"sh","nm":"","d":1,"ks":{"a":0,"k":{"c":true,"i":[[0,0],[0.42,-0.87],[-0.87,-0.42],[0,0]],"o":[[-0.87,-0.42],[-0.42,0.87],[0,0],[0,0]],"v":[[0.76,-1.58],[-1.58,-0.76],[-0.76,1.58],[0.76,-1.58]]}}},{"ty":"sh","nm":"","d":1,"ks":{"a":0,"k":{"c":true,"i":[[0,0],[-0.83,0.49],[0.49,0.83],[0,0]],"o":[[0.49,0.83],[0.83,-0.49],[0,0],[0,0]],"v":[[12.26,12.08],[14.66,12.69],[15.27,10.29],[12.26,12.08]]}}},{"ty":"sh","nm":"","d":1,"ks":{"a":0,"k":{"c":true,"i":[[0,0],[-4.02,-6.78],[0,0],[3.58,1.71],[0,0]],"o":[[3.73,1.79],[0,0],[-4.64,-7.84],[0,0],[0,0]],"v":[[-0.76,1.58],[12.26,12.08],[15.27,10.29],[0.76,-1.58],[-0.76,1.58]]}}},{"ty":"fl","nm":"","c":{"a":0,"k":[0.42,0.906,0.988]},"r":1,"o":{"a":0,"k":100}}],"ind":10},{"ty":4,"nm":"V","sr":1,"st":0,"op":61,"ip":0,"hasMask":false,"ao":0,"ks":{"a":{"a":0,"k":[9.32,7.04]},"s":{"a":0,"k":[100,100]},"sk":{"a":0,"k":0},"p":{"a":0,"k":[85.53,83.8]},"r":{"a":0,"k":0},"sa":{"a":0,"k":0},"o":{"a":0,"k":100}},"shapes":[{"ty":"sh","nm":"","d":1,"ks":{"a":0,"k":{"c":true,"i":[[0,0],[0.06,-0.97],[-0.97,-0.06],[0,0]],"o":[[-0.97,-0.06],[-0.06,0.97],[0,0],[0,0]],"v":[[0.11,-1.75],[-1.75,-0.11],[-0.11,1.75],[0.11,-1.75]]}}},{"ty":"sh","nm":"","d":1,"ks":{"a":0,"k":{"c":true,"i":[[0,0],[-0.88,0.39],[0.39,0.88],[0,0]],"o":[[0.39,0.88],[0.88,-0.39],[0,0],[0,0]],"v":[[17.03,14.79],[19.34,15.68],[20.23,13.37],[17.03,14.79]]}}},{"ty":"sh","nm":"","d":1,"ks":{"a":0,"k":{"c":true,"i":[[0,0],[-3.03,-6.81],[0,0],[9.76,0.6],[0,0]],"o":[[8.07,0.5],[0,0],[-3.39,-7.6],[0,0],[0,0]],"v":[[-0.11,1.75],[17.03,14.79],[20.23,13.37],[0.11,-1.75],[-0.11,1.75]]}}},{"ty":"fl","nm":"","c":{"a":0,"k":[0.42,0.906,0.988]},"r":1,"o":{"a":0,"k":100}}],"ind":11},{"ty":4,"nm":"V","sr":1,"st":0,"op":61,"ip":0,"hasMask":false,"ao":0,"ks":{"a":{"a":0,"k":[10.08,6.57]},"s":{"a":0,"k":[100,100]},"sk":{"a":0,"k":0},"p":{"a":0,"k":[87.55,82.11]},"r":{"a":0,"k":0},"sa":{"a":0,"k":0},"o":{"a":0,"k":100}},"shapes":[{"ty":"sh","nm":"","d":1,"ks":{"a":0,"k":{"c":true,"i":[[0,0],[0.06,-0.97],[-0.97,-0.06],[0,0]],"o":[[-0.97,-0.06],[-0.06,0.97],[0,0],[0,0]],"v":[[0.11,-1.75],[-1.75,-0.11],[-0.11,1.75],[0.11,-1.75]]}}},{"ty":"sh","nm":"","d":1,"ks":{"a":0,"k":{"c":true,"i":[[0,0],[-0.88,0.4],[0.4,0.88],[0,0]],"o":[[0.4,0.88],[0.88,-0.4],[0,0],[0,0]],"v":[[18.57,13.85],[20.89,14.73],[21.77,12.42],[18.57,13.85]]}}},{"ty":"sh","nm":"","d":1,"ks":{"a":0,"k":{"c":true,"i":[[0,0],[-2.79,-6.21],[0,0],[9.52,0.59],[0,0]],"o":[[8.32,0.51],[0,0],[-3.36,-7.48],[0,0],[0,0]],"v":[[-0.11,1.75],[18.57,13.85],[21.77,12.42],[0.11,-1.75],[-0.11,1.75]]}}},{"ty":"fl","nm":"","c":{"a":0,"k":[0.42,0.906,0.988]},"r":1,"o":{"a":0,"k":100}}],"ind":12},{"ty":4,"nm":"V","sr":1,"st":0,"op":61,"ip":0,"hasMask":false,"ao":0,"ks":{"a":{"a":0,"k":[8.91,4.8]},"s":{"a":0,"k":[100,100]},"sk":{"a":0,"k":0},"p":{"a":0,"k":[89.43,79.27]},"r":{"a":0,"k":0},"sa":{"a":0,"k":0},"o":{"a":0,"k":100}},"shapes":[{"ty":"sh","nm":"","d":1,"ks":{"a":0,"k":{"c":true,"i":[[0,0],[0.06,-0.97],[-0.97,-0.06],[0,0]],"o":[[-0.97,-0.06],[-0.06,0.97],[0,0],[0,0]],"v":[[0.11,-1.75],[-1.75,-0.11],[-0.11,1.75],[0.11,-1.75]]}}},{"ty":"sh","nm":"","d":1,"ks":{"a":0,"k":{"c":true,"i":[[0,0],[-0.81,0.52],[0.52,0.81],[0,0]],"o":[[0.52,0.81],[0.81,-0.52],[0,0],[0,0]],"v":[[16.34,10.54],[18.76,11.07],[19.29,8.65],[16.34,10.54]]}}},{"ty":"sh","nm":"","d":1,"ks":{"a":0,"k":{"c":true,"i":[[0,0],[-2.45,-3.81],[0,0],[9.5,0.59],[0,0]],"o":[[8.34,0.51],[0,0],[-3.02,-4.7],[0,0],[0,0]],"v":[[-0.11,1.75],[16.34,10.54],[19.29,8.65],[0.11,-1.75],[-0.11,1.75]]}}},{"ty":"fl","nm":"","c":{"a":0,"k":[0.42,0.906,0.988]},"r":1,"o":{"a":0,"k":100}}],"ind":13},{"ty":4,"nm":"E","sr":1,"st":0,"op":61,"ip":0,"hasMask":false,"ao":0,"ks":{"a":{"a":0,"k":[7.23,7.23]},"s":{"a":0,"k":[100,100]},"sk":{"a":0,"k":0},"p":{"a":0,"k":[65.33,73.72]},"r":{"a":0,"k":0},"sa":{"a":0,"k":0},"o":{"a":0,"k":100}},"shapes":[{"ty":"sh","nm":"","d":1,"ks":{"a":0,"k":{"c":true,"i":[[0,0],[3.99,0],[0,3.99],[-3.99,0],[0,-3.99]],"o":[[0,3.99],[-3.99,0],[0,-3.99],[3.99,0],[0,0]],"v":[[14.45,7.23],[7.23,14.45],[0,7.23],[7.23,0],[14.45,7.23]]}}},{"ty":"fl","nm":"","c":{"a":0,"k":[0.898,0.635,0.349]},"r":1,"o":{"a":0,"k":100}}],"ind":14},{"ty":4,"nm":"V","sr":1,"st":0,"op":61,"ip":0,"hasMask":false,"ao":0,"ks":{"a":{"a":0,"k":[6.21,2.05]},"s":{"a":0,"k":[100,100]},"sk":{"a":0,"k":0},"p":{"a":0,"k":[66.16,34.9]},"r":{"a":0,"k":0},"sa":{"a":0,"k":0},"o":{"a":0,"k":100}},"shapes":[{"ty":"sh","nm":"","d":1,"ks":{"a":0,"k":{"c":true,"i":[[0,0],[-0.88,-0.91],[-0.91,0.88],[0,0]],"o":[[-0.91,0.88],[0.88,0.91],[0,0],[0,0]],"v":[[-1.59,2.45],[-1.65,5.69],[1.59,5.75],[-1.59,2.45]]}}},{"ty":"sh","nm":"","d":1,"ks":{"a":0,"k":{"c":true,"i":[[0,0],[-0.27,1.24],[1.24,0.27],[0,0]],"o":[[1.24,0.27],[0.27,-1.24],[0,0],[0,0]],"v":[[11.94,2.5],[14.66,0.74],[12.91,-1.98],[11.94,2.5]]}}},{"ty":"sh","nm":"","d":1,"ks":{"a":0,"k":{"c":true,"i":[[0,0],[-1.91,0.78],[-2.2,-0.48],[0,0],[2.48,-1.02],[1.09,-1.05],[0,0]],"o":[[0.69,-0.67],[1.9,-0.78],[0,0],[-3.36,-0.73],[-2.47,1.01],[0,0],[0,0]],"v":[[1.59,5.75],[5.67,3.2],[11.94,2.5],[12.91,-1.98],[3.93,-1.04],[-1.59,2.45],[1.59,5.75]]}}},{"ty":"fl","nm":"","c":{"a":0,"k":[0.47,0.275,0.17]},"r":1,"o":{"a":0,"k":100}}],"ind":15},{"ty":4,"nm":"V","sr":1,"st":0,"op":61,"ip":0,"hasMask":false,"ao":0,"ks":{"a":{"a":0,"k":[6.09,0]},"s":{"a":0,"k":[100,100]},"sk":{"a":0,"k":0},"p":{"a":0,"k":[48.06,37.13]},"r":{"a":0,"k":0},"sa":{"a":0,"k":0},"o":{"a":0,"k":100}},"shapes":[{"ty":"sh","nm":"","d":1,"ks":{"a":0,"k":{"c":true,"i":[[0,0],[0,-1.27],[-1.27,0],[0,0]],"o":[[-1.27,0],[0,1.27],[0,0],[0,0]],"v":[[0,-2.29],[-2.29,0],[0,2.29],[0,-2.29]]}}},{"ty":"sh","nm":"","d":1,"ks":{"a":0,"k":{"c":true,"i":[[0,0],[0,1.27],[1.27,0],[0,0]],"o":[[1.27,0],[0,-1.27],[0,0],[0,0]],"v":[[12.18,2.29],[14.48,0],[12.18,-2.29],[12.18,2.29]]}}},{"ty":"sh","nm":"","d":1,"ks":{"a":0,"k":{"c":true,"i":[[0,0],[0,0],[0,0],[0,0],[0,0]],"o":[[0,0],[0,0],[0,0],[0,0],[0,0]],"v":[[0,2.29],[12.18,2.29],[12.18,-2.29],[0,-2.29],[0,2.29]]}}},{"ty":"fl","nm":"","c":{"a":0,"k":[0.47,0.275,0.17]},"r":1,"o":{"a":0,"k":100}}],"ind":16},{"ty":4,"nm":"R","sr":1,"st":0,"op":61,"ip":0,"hasMask":false,"ao":0,"ks":{"a":{"a":0,"k":[3.54,3.76]},"s":{"a":0,"k":[100,100]},"sk":{"a":0,"k":0},"p":{"a":0,"k":[64.14,37.17]},"r":{"a":0,"k":0},"sa":{"a":0,"k":0},"o":{"a":0,"k":100}},"shapes":[{"ty":"sh","nm":"","d":1,"ks":{"a":0,"k":{"c":true,"i":[[0,0],[0,0],[0,0],[1.96,0],[0,0],[0,1.96],[0,0]],"o":[[0,0],[0,0],[0,1.96],[0,0],[-1.96,0],[0,0],[0,0]],"v":[[0,2.41],[7.09,0],[7.09,3.97],[3.54,7.51],[3.54,7.51],[0,3.97],[0,2.41]]}}},{"ty":"fl","nm":"","c":{"a":0,"k":[0.239,0.239,0.239]},"r":1,"o":{"a":0,"k":100}}],"ind":17},{"ty":4,"nm":"R","sr":1,"st":0,"op":61,"ip":0,"hasMask":false,"ao":0,"ks":{"a":{"a":0,"k":[3.54,2.55]},"s":{"a":0,"k":[100,100]},"sk":{"a":0,"k":0},"p":{"a":0,"k":[50.07,39.2]},"r":{"a":0,"k":0},"sa":{"a":0,"k":0},"o":{"a":0,"k":100}},"shapes":[{"ty":"sh","nm":"","d":1,"ks":{"a":0,"k":{"c":true,"i":[[0,0],[0,0],[0,0],[1.96,0],[0,0],[0,1.96],[0,0]],"o":[[0,0],[0,0],[0,1.96],[0,0],[-1.96,0],[0,0],[0,0]],"v":[[0,0],[7.09,0],[7.09,1.56],[3.54,5.1],[3.54,5.1],[0,1.56],[0,0]]}}},{"ty":"fl","nm":"","c":{"a":0,"k":[0.239,0.239,0.239]},"r":1,"o":{"a":0,"k":100}}],"ind":18},{"ty":4,"nm":"R","sr":1,"st":0,"op":61,"ip":0,"hasMask":false,"ao":0,"ks":{"a":{"a":0,"k":[7.43,6.51]},"s":{"a":0,"k":[100,100]},"sk":{"a":0,"k":0},"p":{"a":0,"k":[65.92,40]},"r":{"a":0,"k":0},"sa":{"a":0,"k":0},"o":{"a":0,"k":100}},"shapes":[{"ty":"sh","nm":"","d":1,"ks":{"a":0,"k":{"c":true,"i":[[0,0],[0,0],[0,0],[4.1,0],[0,0],[0,4.1],[0,0]],"o":[[0,0],[0,0],[0,4.1],[0,0],[-4.1,0],[0,0],[0,0]],"v":[[0,3.51],[14.86,0],[14.86,5.58],[7.43,13.01],[7.43,13.01],[0,5.58],[0,3.51]]}}},{"ty":"fl","nm":"","c":{"a":0,"k":[1,1,1]},"r":1,"o":{"a":0,"k":100}}],"ind":19},{"ty":4,"nm":"R","sr":1,"st":0,"op":61,"ip":0,"hasMask":false,"ao":0,"ks":{"a":{"a":0,"k":[7.43,4.75]},"s":{"a":0,"k":[100,100]},"sk":{"a":0,"k":0},"p":{"a":0,"k":[48.38,41.75]},"r":{"a":0,"k":0},"sa":{"a":0,"k":0},"o":{"a":0,"k":100}},"shapes":[{"ty":"sh","nm":"","d":1,"ks":{"a":0,"k":{"c":true,"i":[[0,0],[0,0],[0,0],[4.1,0],[0,0],[0,4.1],[0,0]],"o":[[0,0],[0,0],[0,4.1],[0,0],[-4.1,0],[0,0],[0,0]],"v":[[0,0],[14.86,0],[14.86,2.07],[7.43,9.5],[7.43,9.5],[0,2.07],[0,0]]}}},{"ty":"fl","nm":"","c":{"a":0,"k":[1,1,1]},"r":1,"o":{"a":0,"k":100}}],"ind":20},{"ty":4,"nm":"R","sr":1,"st":0,"op":61,"ip":0,"hasMask":false,"ao":0,"ks":{"a":{"a":0,"k":[4.73,3.32]},"s":{"a":0,"k":[100,100]},"sk":{"a":0,"k":0},"p":{"a":0,"k":[57.46,50.65]},"r":{"a":0,"k":0},"sa":{"a":0,"k":0},"o":{"a":0,"k":100}},"shapes":[{"ty":"sh","nm":"","d":1,"ks":{"a":0,"k":{"c":true,"i":[[0,-1.83],[0,0],[1.83,0],[0,0],[0,1.83],[0,0],[-1.83,0],[0,0]],"o":[[0,0],[0,1.83],[0,0],[-1.83,0],[0,0],[0,-1.83],[0,0],[1.83,0]],"v":[[9.46,3.32],[9.46,3.32],[6.15,6.63],[3.32,6.63],[0,3.32],[0,3.32],[3.32,0],[6.15,0]]}}},{"ty":"fl","nm":"","c":{"a":0,"k":[0.239,0.239,0.239]},"r":1,"o":{"a":0,"k":100}}],"ind":21},{"ty":4,"nm":"R","sr":1,"st":0,"op":61,"ip":0,"hasMask":false,"ao":0,"ks":{"a":{"a":0,"k":[11.01,23.08]},"s":{"a":0,"k":[100,100]},"sk":{"a":0,"k":0},"p":{"a":0,"k":[57.46,70.99]},"r":{"a":0,"k":0},"sa":{"a":0,"k":0},"o":{"a":0,"k":100}},"shapes":[{"ty":"sh","nm":"","d":1,"ks":{"a":0,"k":{"c":true,"i":[[0,-6.08],[0,0],[6.08,0],[0,0],[0,6.08],[0,0],[-6.08,0],[0,0]],"o":[[0,0],[0,6.08],[0,0],[-6.08,0],[0,0],[0,-6.08],[0,0],[6.08,0]],"v":[[22.02,11.01],[22.02,35.15],[11.01,46.16],[11.01,46.16],[0,35.15],[0,11.01],[11.01,0],[11.01,0]]}}},{"ty":"fl","nm":"","c":{"a":0,"k":[0.898,0.635,0.349]},"r":1,"o":{"a":0,"k":100}}],"ind":22},{"ty":4,"nm":"V","sr":1,"st":0,"op":61,"ip":0,"hasMask":false,"ao":0,"ks":{"a":{"a":0,"k":[4.24,9.94]},"s":{"a":0,"k":[100,100]},"sk":{"a":0,"k":0},"p":{"a":0,"k":[89.23,17.38]},"r":{"a":0,"k":0},"sa":{"a":0,"k":0},"o":{"a":0,"k":100}},"shapes":[{"ty":"sh","nm":"","d":1,"ks":{"a":0,"k":{"c":true,"i":[[0,0],[0,0],[0,0],[0,0],[0,0]],"o":[[0,0],[0,0],[0,0],[0,0],[0,0]],"v":[[8.86,3.21],[12.08,2.82],[11.29,-3.6],[8.08,-3.21],[8.86,3.21]]}}},{"ty":"sh","nm":"","d":1,"ks":{"a":0,"k":{"c":true,"i":[[0,0],[0,0],[0,0],[0,0],[0,0]],"o":[[0,0],[0,0],[0,0],[0,0],[0,0]],"v":[[-3.18,19.3],[-3.77,22.48],[2.6,23.65],[3.18,20.47],[-3.18,19.3]]}}},{"ty":"sh","nm":"","d":1,"ks":{"a":0,"k":{"c":true,"i":[[0,0],[1.7,-1.88],[0.45,-2.11],[0.16,-2.15],[0.39,-2.09],[0,0],[-0.17,2.18],[-0.34,1.6],[-0.54,0.6],[-1.63,0.2],[0,0]],"o":[[-2.88,0.35],[-1.63,1.81],[-0.44,2.1],[-0.17,2.23],[0,0],[0.46,-2.48],[0.17,-2.26],[0.33,-1.58],[0.47,-0.52],[0,0],[0,0]],"v":[[8.08,-3.21],[1.18,0.12],[-1.68,6.26],[-2.46,12.83],[-3.18,19.3],[3.18,20.47],[3.99,13.32],[4.65,7.6],[5.98,4.45],[8.86,3.21],[8.08,-3.21]]}}},{"ty":"fl","nm":"","c":{"a":0,"k":[0.314,0.69,0.965]},"r":1,"o":{"a":0,"k":100}}],"ind":23},{"ty":4,"nm":"V","sr":1,"st":0,"op":61,"ip":0,"hasMask":false,"ao":0,"ks":{"a":{"a":0,"k":[1.81,1.41]},"s":{"a":0,"k":[100,100]},"sk":{"a":0,"k":0},"p":{"a":0,"k":[95.73,55.98]},"r":{"a":0,"k":0},"sa":{"a":0,"k":0},"o":{"a":0,"k":100}},"shapes":[{"ty":"sh","nm":"","d":1,"ks":{"a":0,"k":{"c":true,"i":[[0,0],[0,0],[0,0],[0,0],[0,0]],"o":[[0,0],[0,0],[0,0],[0,0],[0,0]],"v":[[-0.87,-0.17],[-3.85,0.7],[-2.11,6.66],[0.87,5.79],[-0.87,-0.17]]}}},{"ty":"sh","nm":"","d":1,"ks":{"a":0,"k":{"c":true,"i":[[0,0],[0,0],[0,0],[0,0],[0,0]],"o":[[0,0],[0,0],[0,0],[0,0],[0,0]],"v":[[6.37,1.42],[7.8,-1.33],[2.28,-4.18],[0.86,-1.42],[6.37,1.42]]}}},{"ty":"sh","nm":"","d":1,"ks":{"a":0,"k":{"c":true,"i":[[0,0],[0,0],[0,0],[0,0],[0,0],[-0.01,0],[-0.02,0.01],[-0.06,0.02],[-0.18,0.07],[-0.54,0.31],[-0.92,1.77],[0,0],[0.51,-0.29],[0.15,-0.06],[0.03,-0.01],[0,0],[-0.01,0],[0,0],[0,0],[0,0],[0,0],[-0.87,-2.98]],"o":[[0.87,2.98],[0,0],[0,0],[0,0],[0.01,0],[0.02,0],[0.04,-0.01],[0.12,-0.04],[0.36,-0.14],[1.03,-0.6],[0,0],[-0.15,0.3],[-0.23,0.13],[-0.07,0.03],[-0.01,0],[0,0],[0,0],[0,0],[0,0],[0,0],[0,0],[0,0]],"v":[[0,2.81],[0.87,5.79],[0.87,5.79],[0.87,5.79],[0.88,5.78],[0.9,5.78],[0.96,5.76],[1.11,5.71],[1.56,5.54],[2.96,4.87],[6.37,1.42],[0.86,-1.42],[-0.14,-0.51],[-0.73,-0.22],[-0.88,-0.16],[-0.9,-0.16],[-0.89,-0.16],[-0.88,-0.16],[-0.87,-0.17],[-0.87,-0.17],[-0.87,-0.17],[0,2.81]]}}},{"ty":"fl","nm":"","c":{"a":0,"k":[0.941,0.584,0.212]},"r":1,"o":{"a":0,"k":100}}],"ind":24},{"ty":4,"nm":"V","sr":1,"st":0,"op":61,"ip":0,"hasMask":false,"ao":0,"ks":{"a":{"a":0,"k":[1.56,2.48]},"s":{"a":0,"k":[100,100]},"sk":{"a":0,"k":0},"p":{"a":0,"k":[13,72.1]},"r":{"a":0,"k":0},"sa":{"a":0,"k":0},"o":{"a":0,"k":100}},"shapes":[{"ty":"sh","nm":"","d":1,"ks":{"a":0,"k":{"c":true,"i":[[0,0],[0,0],[0,0],[0,0],[0,0]],"o":[[0,0],[0,0],[0,0],[0,0],[0,0]],"v":[[5.74,1.65],[7.39,-0.98],[2.13,-4.28],[0.48,-1.65],[5.74,1.65]]}}},{"ty":"sh","nm":"","d":1,"ks":{"a":0,"k":{"c":true,"i":[[0,0],[0,0],[0,0],[0,0],[0,0]],"o":[[0,0],[0,0],[0,0],[0,0],[0,0]],"v":[[-2.63,3.32],[-4.28,5.95],[0.98,9.24],[2.63,6.61],[-2.63,3.32]]}}},{"ty":"sh","nm":"","d":1,"ks":{"a":0,"k":{"c":true,"i":[[0,0],[0,0],[0,0],[0,0],[0,0]],"o":[[0,0],[0,0],[0,0],[0,0],[0,0]],"v":[[0.48,-1.65],[-2.63,3.32],[2.63,6.61],[5.74,1.65],[0.48,-1.65]]}}},{"ty":"fl","nm":"","c":{"a":0,"k":[0.941,0.584,0.212]},"r":1,"o":{"a":0,"k":100}}],"ind":25},{"ty":4,"nm":"V","sr":1,"st":0,"op":61,"ip":0,"hasMask":false,"ao":0,"ks":{"a":{"a":0,"k":[5.52,10.42]},"s":{"a":0,"k":[100,100]},"sk":{"a":0,"k":0},"p":{"a":0,"k":[24.65,59.55]},"r":{"a":0,"k":0},"sa":{"a":0,"k":0},"o":{"a":0,"k":100}},"shapes":[{"ty":"sh","nm":"","d":1,"ks":{"a":0,"k":{"c":true,"i":[[0,0],[0,0],[0,0],[0,0],[0,0]],"o":[[0,0],[0,0],[0,0],[0,0],[0,0]],"v":[[1.52,-2.39],[-0.86,-3.91],[-3.91,0.86],[-1.52,2.39],[1.52,-2.39]]}}},{"ty":"sh","nm":"","d":1,"ks":{"a":0,"k":{"c":true,"i":[[0,0],[0,0],[0,0],[0,0],[0,0]],"o":[[0,0],[0,0],[0,0],[0,0],[0,0]],"v":[[9.15,22.95],[11.27,24.83],[15.03,20.6],[12.92,18.72],[9.15,22.95]]}}},{"ty":"sh","nm":"","d":1,"ks":{"a":0,"k":{"c":true,"i":[[0,0],[-0.94,-3.86],[-4.29,-3.82],[0,0],[0.96,3.97],[4.85,3.1],[0,0]],"o":[[2.75,1.76],[0.89,3.67],[0,0],[-2.76,-2.46],[-0.92,-3.78],[0,0],[0,0]],"v":[[-1.52,2.39],[2.97,10.55],[9.15,22.95],[12.92,18.72],[8.48,9.22],[1.52,-2.39],[-1.52,2.39]]}}},{"ty":"fl","nm":"","c":{"a":0,"k":[0.314,0.69,0.965]},"r":1,"o":{"a":0,"k":100}}],"ind":26},{"ty":4,"nm":"V","sr":1,"st":0,"op":61,"ip":0,"hasMask":false,"ao":0,"ks":{"a":{"a":0,"k":[2.77,4.09]},"s":{"a":0,"k":[100,100]},"sk":{"a":0,"k":0},"p":{"a":0,"k":[10.35,40.5]},"r":{"a":0,"k":0},"sa":{"a":0,"k":0},"o":{"a":0,"k":100}},"shapes":[{"ty":"sh","nm":"","d":1,"ks":{"a":0,"k":{"c":true,"i":[[0,0],[0,0],[0,0],[0,0],[0,0]],"o":[[0,0],[0,0],[0,0],[0,0],[0,0]],"v":[[8.31,0.62],[8.93,-2.14],[3.41,-3.38],[2.79,-0.62],[8.31,0.62]]}}},{"ty":"sh","nm":"","d":1,"ks":{"a":0,"k":{"c":true,"i":[[0,0],[0,0],[0,0],[0,0],[0,0]],"o":[[0,0],[0,0],[0,0],[0,0],[0,0]],"v":[[-1.55,5.81],[-3.92,7.36],[-0.83,12.11],[1.55,10.56],[-1.55,5.81]]}}},{"ty":"sh","nm":"","d":1,"ks":{"a":0,"k":{"c":true,"i":[[0,0],[1.02,-1.14],[0.34,-0.27],[0.08,-0.06],[0.01,-0.01],[0,0],[0,0],[0,0],[0,0],[0,0],[-1.55,-2.37],[0,0],[0,0],[0,0],[0,0],[-0.01,0.01],[-0.03,0.02],[-0.08,0.06],[-0.26,0.21],[-0.73,0.81],[-0.74,3.29],[0,0]],"o":[[-0.46,2.07],[-0.51,0.56],[-0.17,0.14],[-0.04,0.03],[-0.01,0],[0,0],[0,0],[0,0],[0,0],[0,0],[1.55,2.37],[0,0],[0,0],[0,0],[0.01,0],[0.02,-0.01],[0.05,-0.04],[0.16,-0.12],[0.52,-0.42],[1.45,-1.62],[0,0],[0,0]],"v":[[2.79,-0.62],[0.22,4.21],[-1.1,5.47],[-1.47,5.76],[-1.55,5.82],[-1.56,5.83],[-1.56,5.82],[-1.55,5.82],[-1.55,5.82],[-1.55,5.82],[0,8.19],[1.55,10.56],[1.55,10.56],[1.55,10.56],[1.56,10.55],[1.59,10.53],[1.65,10.49],[1.85,10.35],[2.49,9.85],[4.43,7.99],[8.31,0.62],[2.79,-0.62]]}}},{"ty":"fl","nm":"","c":{"a":0,"k":[0.314,0.69,0.965]},"r":1,"o":{"a":0,"k":100}}],"ind":27},{"ty":4,"nm":"R","sr":1,"st":0,"op":61,"ip":0,"hasMask":false,"ao":0,"ks":{"a":{"a":0,"k":[4.92,6.45]},"s":{"a":0,"k":[100,100]},"sk":{"a":0,"k":0},"p":{"a":0,"k":[94.01,16.01]},"r":{"a":0,"k":36.55},"sa":{"a":0,"k":0},"o":{"a":0,"k":100}},"shapes":[{"ty":"sh","nm":"","d":1,"ks":{"a":0,"k":{"c":true,"i":[[0,-2.72],[0,0],[2.72,0],[0,0],[0,2.72],[0,0],[-2.72,0],[0,0]],"o":[[0,0],[0,2.72],[0,0],[-2.72,0],[0,0],[0,-2.72],[0,0],[2.72,0]],"v":[[9.84,4.92],[9.84,7.98],[4.92,12.9],[4.92,12.9],[0,7.98],[0,4.92],[4.92,0],[4.92,0]]}}},{"ty":"fl","nm":"","c":{"a":0,"k":[0.647,0.4,0.267]},"r":1,"o":{"a":0,"k":100}}],"ind":28},{"ty":4,"nm":"R","sr":1,"st":0,"op":61,"ip":0,"hasMask":false,"ao":0,"ks":{"a":{"a":0,"k":[5.23,6.28]},"s":{"a":0,"k":[100,100]},"sk":{"a":0,"k":0},"p":{"a":0,"k":[15.77,22.18]},"r":{"a":0,"k":-56.19},"sa":{"a":0,"k":0},"o":{"a":0,"k":100}},"shapes":[{"ty":"sh","nm":"","d":1,"ks":{"a":0,"k":{"c":true,"i":[[0,-2.89],[0,0],[2.89,0],[0,0],[0,2.89],[0,0],[-2.89,0],[0,0]],"o":[[0,0],[0,2.89],[0,0],[-2.89,0],[0,0],[0,-2.89],[0,0],[2.89,0]],"v":[[10.46,5.23],[10.46,7.33],[5.23,12.56],[5.23,12.56],[0,7.33],[0,5.23],[5.23,0],[5.23,0]]}}},{"ty":"fl","nm":"","c":{"a":0,"k":[0.647,0.4,0.267]},"r":1,"o":{"a":0,"k":100}}],"ind":29},{"ty":4,"nm":"S","sr":1,"st":0,"op":61,"ip":0,"hasMask":false,"ao":0,"ks":{"a":{"a":0,"k":[46.2,54.3]},"s":{"a":0,"k":[100,100]},"sk":{"a":0,"k":0},"p":{"a":0,"k":[57.35,69.41]},"r":{"a":0,"k":0},"sa":{"a":0,"k":0},"o":{"a":0,"k":100}},"shapes":[{"ty":"sh","nm":"","d":1,"ks":{"a":0,"k":{"c":true,"i":[[0,0],[1.63,-10.31],[0,0],[-20.14,0],[-8.02,17.69],[0,0],[10.4,0.72],[11.3,-0.78]],"o":[[-10.42,0.72],[0,0],[8.31,16.94],[20.69,0],[0,0],[-1.63,-10.3],[-11.64,-0.8],[0,0]],"v":[[29.92,0.6],[9.55,19.7],[0,80],[45.86,108.59],[92.39,78.6],[83.06,19.68],[62.72,0.59],[29.92,0.6]]}}},{"ty":"fl","nm":"","c":{"a":0,"k":[0.647,0.4,0.267]},"r":2,"o":{"a":0,"k":100}}],"ind":30},{"ty":0,"nm":"G","sr":1,"st":0,"op":61,"ip":0,"hasMask":false,"ao":0,"ks":{"a":{"a":0,"k":[57.05,60.26]},"s":{"a":0,"k":[100,100]},"sk":{"a":0,"k":0},"p":{"a":0,"k":[57.05,75.64]},"r":{"a":0,"k":0},"sa":{"a":0,"k":0},"o":{"a":0,"k":100}},"w":150,"h":150,"refId":"2","ind":31}]},{"nm":"[","id":"2","layers":[{"ty":4,"nm":"E","sr":1,"st":0,"op":61,"ip":0,"hasMask":false,"ao":0,"ks":{"a":{"a":0,"k":[57.05,57.05]},"s":{"a":0,"k":[100,100]},"sk":{"a":0,"k":0},"p":{"a":0,"k":[57.05,57.05]},"r":{"a":0,"k":0},"sa":{"a":0,"k":0},"o":{"a":0,"k":100}},"shapes":[{"ty":"sh","nm":"","d":1,"ks":{"a":0,"k":{"c":true,"i":[[0,0],[0,-28.15],[-28.15,0],[0,28.15],[28.15,0]],"o":[[-28.15,0],[0,28.15],[28.15,0],[0,-28.15],[0,0]],"v":[[57.05,6.41],[6.41,57.05],[57.05,107.69],[107.69,57.05],[57.05,6.41]]}}},{"ty":"sh","nm":"","d":1,"ks":{"a":0,"k":{"c":true,"i":[[0,0],[-31.51,0],[0,-31.51],[31.51,0],[0,31.51]],"o":[[0,-31.51],[31.51,0],[0,31.51],[-31.51,0],[0,0]],"v":[[0,57.05],[57.05,0],[114.1,57.05],[57.05,114.1],[0,57.05]]}}},{"ty":"fl","nm":"","c":{"a":0,"k":[0.867,0.722,0.643]},"r":2,"o":{"a":0,"k":100}}],"ind":1},{"ty":4,"nm":"E","sr":1,"st":0,"op":61,"ip":0,"hasMask":false,"ao":0,"ks":{"a":{"a":0,"k":[54.1,54.1]},"s":{"a":0,"k":[100,100]},"sk":{"a":0,"k":0},"p":{"a":0,"k":[56.87,57.26]},"r":{"a":0,"k":0},"sa":{"a":0,"k":0},"o":{"a":0,"k":100}},"shapes":[{"ty":"sh","nm":"","d":1,"ks":{"a":0,"k":{"c":true,"i":[[0,0],[29.88,0],[0,29.88],[-29.88,0],[0,-29.88]],"o":[[0,29.88],[-29.88,0],[0,-29.88],[29.88,0],[0,0]],"v":[[108.21,54.1],[54.1,108.21],[0,54.1],[54.1,0],[108.21,54.1]]}}},{"ty":"fl","nm":"","c":{"a":0,"k":[0.973,0.945,0.93]},"r":1,"o":{"a":0,"k":100}}],"ind":2},{"ty":4,"nm":"E","sr":1,"st":0,"op":61,"ip":0,"hasMask":false,"ao":0,"ks":{"a":{"a":0,"k":[57.05,57.05]},"s":{"a":0,"k":[100,100]},"sk":{"a":0,"k":0},"p":{"a":0,"k":[57.05,63.46]},"r":{"a":0,"k":0},"sa":{"a":0,"k":0},"o":{"a":0,"k":100}},"shapes":[{"ty":"sh","nm":"","d":1,"ks":{"a":0,"k":{"c":true,"i":[[0,0],[0,-27.98],[-27.98,0],[0,27.98],[27.98,0]],"o":[[-27.98,0],[0,27.98],[27.98,0],[0,-27.98],[0,0]],"v":[[57.05,6.38],[6.38,57.05],[57.05,107.69],[107.72,57.05],[57.05,6.38]]}}},{"ty":"sh","nm":"","d":1,"ks":{"a":0,"k":{"c":true,"i":[[0,0],[-31.51,0],[0,-31.51],[31.51,0],[0,31.51]],"o":[[0,-31.51],[31.51,0],[0,31.51],[-31.51,0],[0,0]],"v":[[0,57.05],[57.05,0],[114.1,57.05],[57.05,114.1],[0,57.05]]}}},{"ty":"fl","nm":"","c":{"a":0,"k":[0.659,0.471,0.326]},"r":2,"o":{"a":0,"k":100}}],"ind":3}]}]}