{"nm":"M","h":150,"w":150,"meta":{"g":"LottieFiles Figma v67"},"layers":[{"ty":4,"nm":"U","sr":1,"st":0,"op":61,"ip":0,"hasMask":false,"ao":0,"ks":{"a":{"a":0,"k":[15.35,18.79]},"s":{"a":0,"k":[100,100]},"sk":{"a":0,"k":0},"p":{"a":0,"k":[40.66,110.01]},"r":{"a":0,"k":0},"sa":{"a":0,"k":0},"o":{"a":0,"k":100}},"shapes":[{"ty":"sh","nm":"","d":1,"ks":{"a":0,"k":{"c":true,"i":[[0,0],[2.15,1.45],[1.59,-2.36],[0,0],[0,-3.59],[-8.47,0],[0,8.47],[6.57,1.74]],"o":[[1.09,-2.27],[-2.36,-1.59],[0,0],[-2.06,2.61],[0,8.47],[8.47,0],[0,-7.11],[0,0]],"v":[[19.28,7.39],[17.51,0.88],[10.35,2.28],[3.3,12.73],[0,22.23],[15.35,37.57],[30.69,22.23],[19.28,7.39]]}}},{"ty":"fl","nm":"","c":{"a":0,"k":[1,0.796,0.639]},"r":2,"o":{"a":0,"k":100}}],"ind":1},{"ty":4,"nm":"R","sr":1,"st":0,"op":61,"ip":0,"hasMask":false,"ao":0,"ks":{"a":{"a":0,"k":[12.05,12.21]},"s":{"a":0,"k":[100,100]},"sk":{"a":0,"k":0},"p":{"a":0,"k":[30.56,92.2]},"r":{"a":0,"k":-56.34},"sa":{"a":0,"k":0},"o":{"a":0,"k":100}},"shapes":[{"ty":"sh","nm":"","d":1,"ks":{"a":0,"k":{"c":true,"i":[[0,0],[-2.69,0],[0,0],[0,-2.69],[0,0],[2.69,0],[0,0],[0,2.69],[0,0]],"o":[[0,-2.69],[0,0],[2.69,0],[0,0],[0,2.69],[0,0],[-2.69,0],[0,0],[0,0]],"v":[[0,4.88],[4.88,0],[19.22,0],[24.09,4.88],[24.09,19.55],[19.22,24.43],[4.88,24.43],[0,19.55],[0,4.88]]}}},{"ty":"fl","nm":"","c":{"a":0,"k":[0.149,0.161,0.169]},"r":1,"o":{"a":0,"k":100}}],"ind":2},{"ty":4,"nm":"E","sr":1,"st":0,"op":61,"ip":0,"hasMask":false,"ao":0,"ks":{"a":{"a":0,"k":[3.01,3.01]},"s":{"a":0,"k":[100,100]},"sk":{"a":0,"k":0},"p":{"a":0,"k":[60.69,102.01]},"r":{"a":0,"k":-6},"sa":{"a":0,"k":0},"o":{"a":0,"k":100}},"shapes":[{"ty":"sh","nm":"","d":1,"ks":{"a":0,"k":{"c":true,"i":[[0,0],[1.66,0],[0,1.66],[-1.66,0],[0,-1.66]],"o":[[0,1.66],[-1.66,0],[0,-1.66],[1.66,0],[0,0]],"v":[[6.02,3.01],[3.01,6.02],[0,3.01],[3.01,0],[6.02,3.01]]}}},{"ty":"fl","nm":"","c":{"a":0,"k":[0.831,0.314,0.282]},"r":1,"o":{"a":0,"k":100}}],"ind":3},{"ty":4,"nm":"U","sr":1,"st":0,"op":61,"ip":0,"hasMask":false,"ao":0,"ks":{"a":{"a":0,"k":[35,32.88]},"s":{"a":0,"k":[100,100]},"sk":{"a":0,"k":0},"p":{"a":0,"k":[38.34,94.93]},"r":{"a":0,"k":0},"sa":{"a":0,"k":0},"o":{"a":0,"k":100}},"shapes":[{"ty":"sh","nm":"","d":1,"ks":{"a":0,"k":{"c":true,"i":[[0,0],[1.8,-2.6],[-2.6,-1.8],[0,0],[0,0],[-3.03,-2.03],[0,0],[-2.03,3.03],[0,0],[3.03,2.03],[0,0],[2.04,-0.98],[0,0]],"o":[[-2.6,-1.8],[-1.8,2.6],[0,0],[0,0],[-2.03,3.03],[0,0],[3.03,2.03],[0,0],[2.03,-3.03],[0,0],[-2.01,-1.35],[0,0],[0,0]],"v":[[9,1.02],[1.02,2.47],[2.47,10.45],[14.43,18.73],[7.28,29.42],[9.09,38.57],[48.06,64.65],[57.21,62.83],[68.88,45.4],[67.06,36.25],[28.1,10.17],[21.56,9.71],[9,1.02]]}}},{"ty":"fl","nm":"","c":{"a":0,"k":[0.298,0.298,0.298]},"r":2,"o":{"a":0,"k":100}}],"ind":4},{"ty":4,"nm":"V","sr":1,"st":0,"op":61,"ip":0,"hasMask":false,"ao":0,"ks":{"a":{"a":0,"k":[8.46,10.76]},"s":{"a":0,"k":[100,100]},"sk":{"a":0,"k":0},"p":{"a":0,"k":[27.88,113.19]},"r":{"a":0,"k":-6},"sa":{"a":0,"k":0},"o":{"a":0,"k":100}},"shapes":[{"ty":"sh","nm":"","d":1,"ks":{"a":0,"k":{"c":true,"i":[[0,0],[-1.29,-2.54],[-2.73,-4.07],[2.37,-1.59],[1.59,2.37],[2.4,4.72],[-2.54,1.29]],"o":[[2.54,-1.29],[2.19,4.31],[1.59,2.37],[-2.37,1.59],[-2.94,-4.38],[-1.29,-2.54],[0,0]],"v":[[2.82,0.56],[9.77,2.82],[16.05,13.47],[14.64,20.64],[7.47,19.23],[0.56,7.5],[2.82,0.56]]}}},{"ty":"fl","nm":"","c":{"a":0,"k":[1,0.796,0.639]},"r":2,"o":{"a":0,"k":100}}],"ind":5},{"ty":4,"nm":"S","sr":1,"st":0,"op":61,"ip":0,"hasMask":false,"ao":0,"ks":{"a":{"a":0,"k":[12.28,8.5]},"s":{"a":0,"k":[100,100]},"sk":{"a":0,"k":0},"p":{"a":0,"k":[104.67,114.39]},"r":{"a":0,"k":0},"sa":{"a":0,"k":0},"o":{"a":0,"k":100}},"shapes":[{"ty":"sh","nm":"","d":1,"ks":{"a":0,"k":{"c":true,"i":[[0,0],[9.78,-3.15],[0,0],[0,0]],"o":[[-6.27,7.85],[0,0],[0,0],[0,0]],"v":[[24.57,0],[0,16.99],[0,0],[24.57,0]]}}},{"ty":"fl","nm":"","c":{"a":0,"k":[1,0.584,0]},"r":1,"o":{"a":0,"k":100}}],"ind":6},{"ty":4,"nm":"V","sr":1,"st":0,"op":61,"ip":0,"hasMask":false,"ao":0,"ks":{"a":{"a":0,"k":[4.78,4.51]},"s":{"a":0,"k":[100,100]},"sk":{"a":0,"k":0},"p":{"a":0,"k":[82.77,98.29]},"r":{"a":0,"k":0},"sa":{"a":0,"k":0},"o":{"a":0,"k":100}},"shapes":[{"ty":"sh","nm":"","d":1,"ks":{"a":0,"k":{"c":true,"i":[[0,0],[0.46,-0.67],[0.06,-0.09],[1.45,-1.32],[0.91,-0.57],[0.12,-0.08],[0.45,0.69],[-0.69,0.45],[-0.17,0.11],[-1.15,1.05],[-0.48,0.71],[-0.06,0.08],[-0.67,-0.46]],"o":[[0.67,0.46],[-0.05,0.07],[-0.49,0.73],[-1.36,1.24],[-0.16,0.1],[-0.69,0.45],[-0.45,-0.69],[0.15,-0.1],[0.91,-0.58],[1.18,-1.07],[0.06,-0.09],[0.46,-0.67],[0,0]],"v":[[8.91,0.26],[9.29,2.32],[9.13,2.56],[6.38,5.81],[2.71,8.51],[2.29,8.78],[0.24,8.34],[0.67,6.29],[1.15,5.99],[4.39,3.61],[6.68,0.9],[6.85,0.64],[8.91,0.26]]}}},{"ty":"fl","nm":"","c":{"a":0,"k":[0.953,0.647,0.467]},"r":2,"o":{"a":0,"k":100}}],"ind":7},{"ty":4,"nm":"I","sr":1,"st":0,"op":61,"ip":0,"hasMask":false,"ao":0,"ks":{"a":{"a":0,"k":[20.05,5.65]},"s":{"a":0,"k":[100,100]},"sk":{"a":0,"k":0},"p":{"a":0,"k":[76.91,111.55]},"r":{"a":0,"k":0},"sa":{"a":0,"k":0},"o":{"a":0,"k":100}},"shapes":[{"ty":"sh","nm":"","d":1,"ks":{"a":0,"k":{"c":true,"i":[[0,0],[4.66,0],[0,5.65],[-0.04,0.35],[0,0],[0,-0.36],[5.65,0],[1.24,4.26]],"o":[[-1.24,4.26],[-5.65,0],[0,-0.36],[0,0],[0.04,0.35],[0,5.65],[-4.66,0],[0,0]],"v":[[20.05,3.93],[10.23,11.3],[0,1.08],[0.06,0],[40.04,0],[40.1,1.08],[29.87,11.3],[20.05,3.93]]}}},{"ty":"fl","nm":"","c":{"a":0,"k":[1,1,1]},"r":2,"o":{"a":0,"k":100}}],"ind":8},{"ty":4,"nm":"S","sr":1,"st":0,"op":61,"ip":0,"hasMask":false,"ao":0,"ks":{"a":{"a":0,"k":[40.07,9.74]},"s":{"a":0,"k":[100,100]},"sk":{"a":0,"k":0},"p":{"a":0,"k":[76.89,115.63]},"r":{"a":0,"k":0},"sa":{"a":0,"k":0},"o":{"a":0,"k":100}},"shapes":[{"ty":"sh","nm":"","d":1,"ks":{"a":0,"k":{"c":true,"i":[[0,0],[16.37,0],[9.49,11.35],[0,0],[0,0]],"o":[[-9.48,11.87],[-15.95,0],[0,0],[0,0],[0,0]],"v":[[80.13,0],[39.7,19.47],[0,0.91],[0,0],[80.13,0]]}}},{"ty":"fl","nm":"","c":{"a":0,"k":[1,0.696,0]},"r":1,"o":{"a":0,"k":100}}],"ind":9},{"ty":4,"nm":"I","sr":1,"st":0,"op":61,"ip":0,"hasMask":false,"ao":0,"ks":{"a":{"a":0,"k":[7.17,3.72]},"s":{"a":0,"k":[100,100]},"sk":{"a":0,"k":0},"p":{"a":0,"k":[69.52,95.35]},"r":{"a":0,"k":0},"sa":{"a":0,"k":0},"o":{"a":0,"k":100}},"shapes":[{"ty":"sh","nm":"","d":1,"ks":{"a":0,"k":{"c":true,"i":[[0,0],[-0.38,-1.08],[-3.03,1.06],[0,0],[4.63,0],[1.04,-0.21]],"o":[[-0.24,1.04],[1.05,3.03],[0,0],[-2.24,-2.87],[-1.12,0],[0,0]],"v":[[0.15,0.32],[0.32,3.56],[7.71,7.12],[14.33,4.8],[3.4,0],[0.15,0.32]]}}},{"ty":"fl","nm":"","c":{"a":0,"k":[0.831,0.314,0.282]},"r":2,"o":{"a":0,"k":100}}],"ind":10},{"ty":4,"nm":"I","sr":1,"st":0,"op":61,"ip":0,"hasMask":false,"ao":0,"ks":{"a":{"a":0,"k":[8.81,3.14]},"s":{"a":0,"k":[100,100]},"sk":{"a":0,"k":0},"p":{"a":0,"k":[71.49,88.22]},"r":{"a":0,"k":0},"sa":{"a":0,"k":0},"o":{"a":0,"k":100}},"shapes":[{"ty":"sh","nm":"","d":1,"ks":{"a":0,"k":{"c":true,"i":[[0,0],[0,0],[-1.74,0.61],[0,0],[-1.14,-2.87]],"o":[[0,0],[0.56,-1.62],[0,0],[2.94,-1.03],[0,0]],"v":[[17.63,3.65],[0,6.28],[3.57,2.7],[10.33,0.33],[17.63,3.65]]}}},{"ty":"fl","nm":"","c":{"a":0,"k":[1,1,1]},"r":2,"o":{"a":0,"k":100}}],"ind":11},{"ty":4,"nm":"R","sr":1,"st":0,"op":61,"ip":0,"hasMask":false,"ao":0,"ks":{"a":{"a":0,"k":[9.39,5.81]},"s":{"a":0,"k":[100,100]},"sk":{"a":0,"k":0},"p":{"a":0,"k":[71.55,92.07]},"r":{"a":0,"k":-19.34},"sa":{"a":0,"k":0},"o":{"a":0,"k":100}},"shapes":[{"ty":"sh","nm":"","d":1,"ks":{"a":0,"k":{"c":true,"i":[[0,0],[-3.21,0],[0,0],[0,-3.21],[0,0],[3.21,0],[0,0],[0,3.21],[0,0]],"o":[[0,-3.21],[0,0],[3.21,0],[0,0],[0,3.21],[0,0],[-3.21,0],[0,0],[0,0]],"v":[[0,5.81],[5.81,0],[12.97,0],[18.78,5.81],[18.78,5.81],[12.97,11.61],[5.81,11.61],[0,5.81],[0,5.81]]}}},{"ty":"fl","nm":"","c":{"a":0,"k":[0.588,0.145,0.118]},"r":1,"o":{"a":0,"k":100}}],"ind":12},{"ty":4,"nm":"V","sr":1,"st":0,"op":61,"ip":0,"hasMask":false,"ao":0,"ks":{"a":{"a":0,"k":[13.88,2.29]},"s":{"a":0,"k":[100,100]},"sk":{"a":0,"k":0},"p":{"a":0,"k":[54.31,67.81]},"r":{"a":0,"k":12.81},"sa":{"a":0,"k":0},"o":{"a":0,"k":100}},"shapes":[{"ty":"sh","nm":"","d":1,"ks":{"a":0,"k":{"c":true,"i":[[0,0],[-1.26,0],[0,0],[0,-1.26],[1.26,0],[0,0],[0,1.26]],"o":[[0,-1.26],[0,0],[1.26,0],[0,1.26],[0,0],[-1.26,0],[0,0]],"v":[[0,2.29],[2.29,0],[25.47,0],[27.76,2.29],[25.47,4.58],[2.29,4.58],[0,2.29]]}}},{"ty":"fl","nm":"","c":{"a":0,"k":[0,0,0]},"r":2,"o":{"a":0,"k":100}}],"ind":13},{"ty":4,"nm":"V","sr":1,"st":0,"op":61,"ip":0,"hasMask":false,"ao":0,"ks":{"a":{"a":0,"k":[3.9,2.29]},"s":{"a":0,"k":[100,100]},"sk":{"a":0,"k":0},"p":{"a":0,"k":[89.7,71.46]},"r":{"a":0,"k":0},"sa":{"a":0,"k":0},"o":{"a":0,"k":100}},"shapes":[{"ty":"sh","nm":"","d":1,"ks":{"a":0,"k":{"c":true,"i":[[0,0],[0,0],[0,0],[0,0],[0,0]],"o":[[0,0],[0,0],[0,0],[0,0],[0,0]],"v":[[7.8,4.58],[0,4.58],[0,0],[7.8,0],[7.8,4.58]]}}},{"ty":"fl","nm":"","c":{"a":0,"k":[0,0,0]},"r":2,"o":{"a":0,"k":100}}],"ind":14},{"ty":4,"nm":"V","sr":1,"st":0,"op":61,"ip":0,"hasMask":false,"ao":0,"ks":{"a":{"a":0,"k":[3.87,5.94]},"s":{"a":0,"k":[100,100]},"sk":{"a":0,"k":0},"p":{"a":0,"k":[91.61,76.64]},"r":{"a":0,"k":-35.93},"sa":{"a":0,"k":0},"o":{"a":0,"k":100}},"shapes":[{"ty":"sh","nm":"","d":1,"ks":{"a":0,"k":{"c":true,"i":[[0,0],[-1.58,-2.82],[3.01,0],[-1.57,2.8],[-0.18,0]],"o":[[0.17,0],[1.57,2.8],[-3.01,0],[1.58,-2.82],[0,0]],"v":[[3.87,0],[7.17,5.5],[3.87,11.87],[0.57,5.5],[3.87,0]]}}},{"ty":"fl","nm":"","c":{"a":0,"k":[0.906,0.588,0.396]},"r":1,"o":{"a":0,"k":100}}],"ind":15},{"ty":4,"nm":"R","sr":1,"st":0,"op":61,"ip":0,"hasMask":false,"ao":0,"ks":{"a":{"a":0,"k":[12.27,8.11]},"s":{"a":0,"k":[100,-100]},"sk":{"a":0,"k":0},"p":{"a":0,"k":[104.5,75.79]},"r":{"a":0,"k":-180},"sa":{"a":0,"k":0},"o":{"a":0,"k":100}},"shapes":[{"ty":"sh","nm":"","d":1,"ks":{"a":0,"k":{"c":true,"i":[[0,0],[-2.99,0],[0,0],[0.72,-3.04],[0,0],[2.25,0],[0,0],[0.38,2.34],[0,0]],"o":[[-0.48,-2.95],[0,0],[3.12,0],[0,0],[-0.51,2.19],[0,0],[-2.37,0],[0,0],[0,0]],"v":[[0.06,5.62],[4.85,0],[19.69,0],[24.41,5.95],[22.88,12.48],[18.16,16.21],[5.91,16.21],[1.13,12.15],[0.06,5.62]]}}},{"ty":"sh","nm":"","d":1,"ks":{"a":0,"k":{"c":true,"i":[[0,0],[-0.11,-0.65],[0,0],[-0.53,0],[0,0],[-0.11,0.49],[0,0],[0.69,0],[0,0]],"o":[[-0.66,0],[0,0],[0.08,0.52],[0,0],[0.5,0],[0,0],[0.16,-0.68],[0,0],[0,0]],"v":[[4.85,3.77],[3.78,5.02],[4.85,11.54],[5.91,12.44],[18.16,12.44],[19.21,11.61],[20.74,5.09],[19.69,3.77],[4.85,3.77]]}}},{"ty":"fl","nm":"","c":{"a":0,"k":[0,0,0]},"r":2,"o":{"a":0,"k":100}}],"ind":16},{"ty":4,"nm":"R","sr":1,"st":0,"op":61,"ip":0,"hasMask":false,"ao":0,"ks":{"a":{"a":0,"k":[12.27,8.11]},"s":{"a":0,"k":[100,100]},"sk":{"a":0,"k":0},"p":{"a":0,"k":[75.72,75.79]},"r":{"a":0,"k":0},"sa":{"a":0,"k":0},"o":{"a":0,"k":100}},"shapes":[{"ty":"sh","nm":"","d":1,"ks":{"a":0,"k":{"c":true,"i":[[0,0],[-2.99,0],[0,0],[0.72,-3.04],[0,0],[2.25,0],[0,0],[0.38,2.34],[0,0]],"o":[[-0.48,-2.95],[0,0],[3.12,0],[0,0],[-0.51,2.19],[0,0],[-2.37,0],[0,0],[0,0]],"v":[[0.06,5.62],[4.85,0],[19.69,0],[24.41,5.95],[22.88,12.48],[18.16,16.21],[5.91,16.21],[1.13,12.15],[0.06,5.62]]}}},{"ty":"sh","nm":"","d":1,"ks":{"a":0,"k":{"c":true,"i":[[0,0],[-0.11,-0.65],[0,0],[-0.53,0],[0,0],[-0.11,0.49],[0,0],[0.69,0],[0,0]],"o":[[-0.66,0],[0,0],[0.08,0.52],[0,0],[0.5,0],[0,0],[0.16,-0.68],[0,0],[0,0]],"v":[[4.85,3.77],[3.78,5.02],[4.85,11.54],[5.91,12.44],[18.16,12.44],[19.21,11.61],[20.74,5.09],[19.69,3.77],[4.85,3.77]]}}},{"ty":"fl","nm":"","c":{"a":0,"k":[0,0,0]},"r":2,"o":{"a":0,"k":100}}],"ind":17},{"ty":4,"nm":"R","sr":1,"st":0,"op":61,"ip":0,"hasMask":false,"ao":0,"ks":{"a":{"a":0,"k":[19.71,5.32]},"s":{"a":0,"k":[100,100]},"sk":{"a":0,"k":0},"p":{"a":0,"k":[88.43,75.41]},"r":{"a":0,"k":0},"sa":{"a":0,"k":0},"o":{"a":0,"k":100}},"shapes":[{"ty":"sh","nm":"","d":1,"ks":{"a":0,"k":{"c":true,"i":[[0,0],[0,0],[0,0],[0,0],[0,0]],"o":[[0,0],[0,0],[0,0],[0,0],[0,0]],"v":[[4.84,0],[9.69,0],[4.84,10.63],[0,10.63],[4.84,0]]}}},{"ty":"sh","nm":"","d":1,"ks":{"a":0,"k":{"c":true,"i":[[0,0],[0,0],[0,0],[0,0],[0,0]],"o":[[0,0],[0,0],[0,0],[0,0],[0,0]],"v":[[34.58,0],[39.43,0],[34.58,10.63],[29.74,10.63],[34.58,0]]}}},{"ty":"fl","nm":"","c":{"a":0,"k":[0.392,0.4,0.408]},"r":1,"o":{"a":0,"k":100}}],"ind":18},{"ty":4,"nm":"R","sr":1,"st":0,"op":61,"ip":0,"hasMask":false,"ao":0,"ks":{"a":{"a":0,"k":[10.39,6.22]},"s":{"a":0,"k":[100,-100]},"sk":{"a":0,"k":0},"p":{"a":0,"k":[104.5,75.79]},"r":{"a":0,"k":-180},"sa":{"a":0,"k":0},"o":{"a":0,"k":100}},"shapes":[{"ty":"sh","nm":"","d":1,"ks":{"a":0,"k":{"c":true,"i":[[0,0],[-1.82,0],[0,0],[0.44,-1.86],[0,0],[1.37,0],[0,0],[0.23,1.43],[0,0]],"o":[[-0.29,-1.8],[0,0],[1.91,0],[0,0],[-0.31,1.34],[0,0],[-1.45,0],[0,0],[0,0]],"v":[[0.04,3.44],[2.96,0],[17.81,0],[20.69,3.64],[19.16,10.16],[16.28,12.44],[4.02,12.44],[1.1,9.96],[0.04,3.44]]}}},{"ty":"fl","nm":"","c":{"a":0,"k":[0.149,0.161,0.169]},"r":1,"o":{"a":0,"k":100}}],"ind":19},{"ty":4,"nm":"R","sr":1,"st":0,"op":61,"ip":0,"hasMask":false,"ao":0,"ks":{"a":{"a":0,"k":[10.39,6.22]},"s":{"a":0,"k":[100,100]},"sk":{"a":0,"k":0},"p":{"a":0,"k":[75.72,75.79]},"r":{"a":0,"k":0},"sa":{"a":0,"k":0},"o":{"a":0,"k":100}},"shapes":[{"ty":"sh","nm":"","d":1,"ks":{"a":0,"k":{"c":true,"i":[[0,0],[-1.82,0],[0,0],[0.44,-1.86],[0,0],[1.37,0],[0,0],[0.23,1.43],[0,0]],"o":[[-0.29,-1.8],[0,0],[1.91,0],[0,0],[-0.31,1.34],[0,0],[-1.45,0],[0,0],[0,0]],"v":[[0.04,3.44],[2.96,0],[17.81,0],[20.69,3.64],[19.16,10.16],[16.28,12.44],[4.02,12.44],[1.1,9.96],[0.04,3.44]]}}},{"ty":"fl","nm":"","c":{"a":0,"k":[0.149,0.161,0.169]},"r":1,"o":{"a":0,"k":100}}],"ind":20},{"ty":4,"nm":"V","sr":1,"st":0,"op":61,"ip":0,"hasMask":false,"ao":0,"ks":{"a":{"a":0,"k":[22.94,7.94]},"s":{"a":0,"k":[100,100]},"sk":{"a":0,"k":0},"p":{"a":0,"k":[84.79,56.91]},"r":{"a":0,"k":0},"sa":{"a":0,"k":0},"o":{"a":0,"k":100}},"shapes":[{"ty":"sh","nm":"","d":1,"ks":{"a":0,"k":{"c":true,"i":[[0,0],[5.63,0],[2.39,1.02],[-0.7,1.64],[-1.64,-0.7],[-3.78,0],[-4.03,2.22],[-0.32,0.17],[-8.02,0],[0,-1.78],[1.78,0],[4.15,-2.27],[0.37,-0.2]],"o":[[-3.81,2.11],[-4.4,0],[-1.64,-0.7],[0.7,-1.64],[1.38,0.59],[3.89,0],[0.31,-0.17],[4.46,-2.44],[1.78,0],[0,1.78],[-6.38,0],[-0.36,0.2],[0,0]],"v":[[26.8,11.38],[13.05,15.88],[1.96,14],[0.26,9.76],[4.5,8.07],[13.05,9.42],[23.86,5.62],[24.79,5.11],[42.66,0],[45.89,3.23],[42.66,6.46],[27.89,10.77],[26.8,11.38]]}}},{"ty":"fl","nm":"","c":{"a":0,"k":[0.239,0.239,0.239]},"r":2,"o":{"a":0,"k":100}}],"ind":21},{"ty":4,"nm":"S","sr":1,"st":0,"op":61,"ip":0,"hasMask":false,"ao":0,"ks":{"a":{"a":0,"k":[4.44,8.61]},"s":{"a":0,"k":[100,100]},"sk":{"a":0,"k":0},"p":{"a":0,"k":[99.93,67.68]},"r":{"a":0,"k":0},"sa":{"a":0,"k":0},"o":{"a":0,"k":100}},"shapes":[{"ty":"sh","nm":"","d":1,"ks":{"a":0,"k":{"c":true,"i":[[0,0],[0,1.34],[0.48,0.44],[-0.32,0],[0,-2.45],[0,0],[2.45,0],[0,2.45],[0,0],[-0.06,0.3],[-0.71,0]],"o":[[1.34,0],[0,-0.71],[0.3,-0.06],[2.45,0],[0,0],[0,2.45],[-2.45,0],[0,0],[0,-0.32],[0.44,0.48],[0,0]],"v":[[1.88,4.31],[4.31,1.88],[3.52,0.1],[4.44,0],[8.88,4.44],[8.88,12.78],[4.44,17.22],[0,12.78],[0,4.44],[0.1,3.52],[1.88,4.31]]}}},{"ty":"fl","nm":"","c":{"a":0,"k":[0.239,0.239,0.239]},"r":1,"o":{"a":0,"k":100}}],"ind":22},{"ty":4,"nm":"R","sr":1,"st":0,"op":61,"ip":0,"hasMask":false,"ao":0,"ks":{"a":{"a":0,"k":[4.44,8.07]},"s":{"a":0,"k":[100,100]},"sk":{"a":0,"k":0},"p":{"a":0,"k":[79.21,67.68]},"r":{"a":0,"k":0},"sa":{"a":0,"k":0},"o":{"a":0,"k":100}},"shapes":[{"ty":"sh","nm":"","d":1,"ks":{"a":0,"k":{"c":true,"i":[[0,0],[-2.45,0],[0,0],[0,-2.45],[0,0],[2.45,0],[0,0],[0,2.45],[0,0]],"o":[[0,-2.45],[0,0],[2.45,0],[0,0],[0,2.45],[0,0],[-2.45,0],[0,0],[0,0]],"v":[[0,4.44],[4.44,0],[4.44,0],[8.88,4.44],[8.88,11.71],[4.44,16.15],[4.44,16.15],[0,11.71],[0,4.44]]}}},{"ty":"fl","nm":"","c":{"a":0,"k":[0.239,0.239,0.239]},"r":1,"o":{"a":0,"k":100}}],"ind":23},{"ty":4,"nm":"S","sr":1,"st":0,"op":61,"ip":0,"hasMask":false,"ao":0,"ks":{"a":{"a":0,"k":[9.28,10.95]},"s":{"a":0,"k":[100,100]},"sk":{"a":0,"k":0},"p":{"a":0,"k":[75.71,69.65]},"r":{"a":0,"k":0},"sa":{"a":0,"k":0},"o":{"a":0,"k":100}},"shapes":[{"ty":"sh","nm":"","d":1,"ks":{"a":0,"k":{"c":true,"i":[[0,0],[0,0],[0,0],[0,-1.43],[0,0],[5.13,0],[0,5.13],[0,0],[-0.23,0.8]],"o":[[0,0],[0,0],[0.58,1.21],[0,0],[0,5.13],[-5.13,0],[0,0],[0,-0.87],[0,0]],"v":[[0.35,1.48],[8.48,3.06],[17.66,0],[18.57,4],[18.57,12.62],[9.28,21.9],[0,12.62],[0,4],[0.35,1.48]]}}},{"ty":"fl","nm":"","c":{"a":0,"k":[1,1,1]},"r":2,"o":{"a":0,"k":100}}],"ind":24},{"ty":4,"nm":"R","sr":1,"st":0,"op":61,"ip":0,"hasMask":false,"ao":0,"ks":{"a":{"a":0,"k":[8.34,13.59]},"s":{"a":0,"k":[100,100]},"sk":{"a":0,"k":0},"p":{"a":0,"k":[96.84,67]},"r":{"a":0,"k":0},"sa":{"a":0,"k":0},"o":{"a":0,"k":100}},"shapes":[{"ty":"sh","nm":"","d":1,"ks":{"a":0,"k":{"c":true,"i":[[0,0],[-4.61,0],[0,0],[0,-4.61],[0,0],[4.61,0],[0,0],[0,4.61],[0,0]],"o":[[0,-4.61],[0,0],[4.61,0],[0,0],[0,4.61],[0,0],[-4.61,0],[0,0],[0,0]],"v":[[0,8.34],[8.34,0],[8.34,0],[16.69,8.34],[16.69,18.84],[8.34,27.18],[8.34,27.18],[0,18.84],[0,8.34]]}}},{"ty":"fl","nm":"","c":{"a":0,"k":[1,1,1]},"r":1,"o":{"a":0,"k":100}}],"ind":25},{"ty":4,"nm":"V","sr":1,"st":0,"op":61,"ip":0,"hasMask":false,"ao":0,"ks":{"a":{"a":0,"k":[3.63,2.83]},"s":{"a":0,"k":[100,100]},"sk":{"a":0,"k":0},"p":{"a":0,"k":[57.81,72.25]},"r":{"a":0,"k":0},"sa":{"a":0,"k":0},"o":{"a":0,"k":100}},"shapes":[{"ty":"sh","nm":"","d":1,"ks":{"a":0,"k":{"c":true,"i":[[0,0],[0.53,-0.27],[0.88,-0.74],[0.39,0.45],[-0.45,0.39],[-2.05,1.03],[-0.27,-0.53]],"o":[[0.27,0.53],[-1.82,0.91],[-0.45,0.39],[-0.39,-0.45],[0.92,-0.78],[0.53,-0.27],[0,0]],"v":[[7.15,0.6],[6.67,2.04],[1.77,5.4],[0.26,5.27],[0.38,3.76],[5.71,0.11],[7.15,0.6]]}}},{"ty":"fl","nm":"","c":{"a":0,"k":[0.953,0.647,0.467]},"r":2,"o":{"a":0,"k":100}}],"ind":26},{"ty":4,"nm":"V","sr":1,"st":0,"op":61,"ip":0,"hasMask":false,"ao":0,"ks":{"a":{"a":0,"k":[37.01,30.57]},"s":{"a":0,"k":[100,100]},"sk":{"a":0,"k":0},"p":{"a":0,"k":[78.4,78.13]},"r":{"a":0,"k":0},"sa":{"a":0,"k":0},"o":{"a":0,"k":100}},"shapes":[{"ty":"sh","nm":"","d":1,"ks":{"a":0,"k":{"c":true,"i":[[0,0],[0,0],[0,4.23],[0,0],[0,0],[0,0],[-3.4,-5.95],[0,-6.72],[0,0],[8.52,0],[0,0],[0,8.56],[0,0],[-1.8,3.74]],"o":[[0,0],[4.21,0],[0,0],[0,0],[0,0],[6.19,0],[3.4,5.95],[0,0],[0,2.84],[0,0],[-8.52,0],[0,0],[0,-4.44],[0,0]],"v":[[2.82,16.07],[10.36,16.07],[17.98,8.41],[17.98,0],[43.73,0],[53.69,0],[69.17,11.45],[74.01,28.45],[74.01,59.87],[53.59,59.87],[11.77,59.87],[0,42.27],[0,28.45],[2.82,16.07]]}}},{"ty":"fl","nm":"","c":{"a":0,"k":[1,0.796,0.639]},"r":1,"o":{"a":0,"k":100}}],"ind":27},{"ty":4,"nm":"V","sr":1,"st":0,"op":61,"ip":0,"hasMask":false,"ao":0,"ks":{"a":{"a":0,"k":[45.48,12.71]},"s":{"a":0,"k":[100,100]},"sk":{"a":0,"k":0},"p":{"a":0,"k":[74.63,76.33]},"r":{"a":0,"k":0},"sa":{"a":0,"k":0},"o":{"a":0,"k":100}},"shapes":[{"ty":"sh","nm":"","d":1,"ks":{"a":0,"k":{"c":true,"i":[[0,0],[14.69,0],[0,0],[1.91,14.36],[0,0]],"o":[[-1.91,14.36],[0,0],[-14.69,0],[0,0],[0,0]],"v":[[90.97,0],[62.22,25.43],[28.75,25.43],[0,0],[90.97,0]]}}},{"ty":"fl","nm":"","c":{"a":0,"k":[0.624,0.624,0.624]},"r":1,"o":{"a":0,"k":100}}],"ind":28},{"ty":4,"nm":"U","sr":1,"st":0,"op":61,"ip":0,"hasMask":false,"ao":0,"ks":{"a":{"a":0,"k":[45.75,38.14]},"s":{"a":0,"k":[100,100]},"sk":{"a":0,"k":0},"p":{"a":0,"k":[74.63,50.9]},"r":{"a":0,"k":0},"sa":{"a":0,"k":0},"o":{"a":0,"k":100}},"shapes":[{"ty":"sh","nm":"","d":1,"ks":{"a":0,"k":{"c":true,"i":[[0,0],[0,1.57],[7.06,0],[0,-7.1],[-2.37,-2.33],[0,-10.38],[-16.02,0],[0,0],[0,16.28],[16.02,0],[0,0]],"o":[[0.51,-1.39],[0,-7.1],[-7.06,0],[0,3.6],[-7.98,5.25],[0,16.28],[0,0],[16.02,0],[0,-16.28],[0,0],[0,0]],"v":[[34.19,17.31],[34.99,12.85],[22.2,0],[9.42,12.85],[13.26,22.03],[0,46.8],[29.01,76.28],[62.49,76.28],[91.5,46.8],[62.49,17.31],[34.19,17.31]]}}},{"ty":"fl","nm":"","c":{"a":0,"k":[0.239,0.239,0.239]},"r":1,"o":{"a":0,"k":100}}],"ind":29},{"ty":4,"nm":"S","sr":1,"st":0,"op":61,"ip":0,"hasMask":false,"ao":0,"ks":{"a":{"a":0,"k":[51.72,51.72]},"s":{"a":0,"k":[100,100]},"sk":{"a":0,"k":0},"p":{"a":0,"k":[76.52,73.65]},"r":{"a":0,"k":0},"sa":{"a":0,"k":0},"o":{"a":0,"k":100}},"shapes":[{"ty":"sh","nm":"","d":1,"ks":{"a":0,"k":{"c":true,"i":[[0,0],[28.56,0],[0,28.56],[-28.56,0],[0,-28.56]],"o":[[0,28.56],[-28.56,0],[0,-28.56],[28.56,0],[0,0]],"v":[[103.44,51.72],[51.72,103.44],[0,51.72],[51.72,0],[103.44,51.72]]}}},{"ty":"fl","nm":"","c":{"a":0,"k":[1,0.988,0.93]},"r":1,"o":{"a":0,"k":100}}],"ind":30},{"ty":4,"nm":"S","sr":1,"st":0,"op":61,"ip":0,"hasMask":false,"ao":0,"ks":{"a":{"a":0,"k":[58.27,58.27]},"s":{"a":0,"k":[100,100]},"sk":{"a":0,"k":0},"p":{"a":0,"k":[76.52,73.65]},"r":{"a":0,"k":0},"sa":{"a":0,"k":0},"o":{"a":0,"k":100}},"shapes":[{"ty":"sh","nm":"","d":1,"ks":{"a":0,"k":{"c":true,"i":[[0,0],[0,28.56],[28.56,0],[0,-28.56],[-28.56,0]],"o":[[28.56,0],[0,-28.56],[-28.56,0],[0,28.56],[0,0]],"v":[[58.27,109.99],[109.99,58.27],[58.27,6.55],[6.55,58.27],[58.27,109.99]]}}},{"ty":"sh","nm":"","d":1,"ks":{"a":0,"k":{"c":true,"i":[[0,0],[0,32.18],[32.18,0],[0,-32.18],[-32.18,0]],"o":[[32.18,0],[0,-32.18],[-32.18,0],[0,32.18],[0,0]],"v":[[58.27,116.53],[116.53,58.27],[58.27,0],[0,58.27],[58.27,116.53]]}}},{"ty":"fl","nm":"","c":{"a":0,"k":[1,0.796,0.502]},"r":2,"o":{"a":0,"k":100}}],"ind":31},{"ty":4,"nm":"E","sr":1,"st":0,"op":61,"ip":0,"hasMask":false,"ao":0,"ks":{"a":{"a":0,"k":[58.27,58.27]},"s":{"a":0,"k":[100,100]},"sk":{"a":0,"k":0},"p":{"a":0,"k":[76.52,80.19]},"r":{"a":0,"k":0},"sa":{"a":0,"k":0},"o":{"a":0,"k":100}},"shapes":[{"ty":"sh","nm":"","d":1,"ks":{"a":0,"k":{"c":true,"i":[[0,0],[0,28.56],[28.56,0],[0,-28.56],[-28.56,0]],"o":[[28.56,0],[0,-28.56],[-28.56,0],[0,28.56],[0,0]],"v":[[58.27,109.99],[109.99,58.27],[58.27,6.55],[6.55,58.27],[58.27,109.99]]}}},{"ty":"sh","nm":"","d":1,"ks":{"a":0,"k":{"c":true,"i":[[0,0],[0,32.18],[32.18,0],[0,-32.18],[-32.18,0]],"o":[[32.18,0],[0,-32.18],[-32.18,0],[0,32.18],[0,0]],"v":[[58.27,116.53],[116.53,58.27],[58.27,0],[0,58.27],[58.27,116.53]]}}},{"ty":"fl","nm":"","c":{"a":0,"k":[0.882,0.569,0.251]},"r":2,"o":{"a":0,"k":100}}],"ind":32}],"v":"5.7.0","fr":60,"op":60,"ip":0,"assets":[]}