{"nm":"O","h":150,"w":150,"meta":{"g":"LottieFiles Figma v67"},"layers":[{"ty":0,"nm":"G","sr":1,"st":0,"op":61,"ip":0,"hasMask":false,"ao":0,"ks":{"a":{"a":0,"k":[58.97,64.1]},"s":{"a":0,"k":[100,100]},"sk":{"a":0,"k":0},"p":{"a":0,"k":[73.08,74.36]},"r":{"a":0,"k":0},"sa":{"a":0,"k":0},"o":{"a":0,"k":100}},"w":150,"h":150,"refId":"1","ind":1}],"v":"5.7.0","fr":60,"op":60,"ip":0,"assets":[{"nm":"[","id":"1","layers":[{"ty":4,"nm":"S","sr":1,"st":0,"op":61,"ip":0,"hasMask":false,"ao":0,"ks":{"a":{"a":0,"k":[57.05,45.99]},"s":{"a":0,"k":[100,100]},"sk":{"a":0,"k":0},"p":{"a":0,"k":[60.9,75.81]},"r":{"a":0,"k":0},"sa":{"a":0,"k":0},"o":{"a":0,"k":100}},"shapes":[{"ty":"sh","nm":"","d":1,"ks":{"a":0,"k":{"c":true,"i":[[0,0],[0,-12.86],[28.15,0],[4.6,1.36],[0,0],[-5.84,0],[0,31.51],[7.47,9.65],[0,0]],"o":[[7.79,8.89],[0,28.15],[-5.06,0],[0,0],[5.31,1.63],[31.51,0],[0,-13.16],[0,0],[0,0]],"v":[[95.21,1.48],[107.69,34.92],[57.05,85.56],[42.51,83.48],[40.33,89.47],[57.11,91.97],[114.1,34.92],[102.19,0],[95.21,1.48]]}}},{"ty":"sh","nm":"","d":1,"ks":{"a":0,"k":{"c":true,"i":[[0,0],[0,-10.84],[-3.74,-7.58],[0,0],[0,7.01],[-4.02,7.28],[0,0]],"o":[[-5.26,8.63],[0,9.02],[0,0],[-2.53,-6.05],[0,-8.97],[0,0],[0,0]],"v":[[8.29,5.31],[0,34.92],[5.84,60.06],[10.33,54.64],[6.41,34.92],[12.71,10.28],[8.29,5.31]]}}},{"ty":"fl","nm":"","c":{"a":0,"k":[0.847,0.608,1]},"r":2,"o":{"a":0,"k":100}}],"ind":1},{"ty":4,"nm":"R","sr":1,"st":0,"op":61,"ip":0,"hasMask":false,"ao":0,"ks":{"a":{"a":0,"k":[4.48,5.82]},"s":{"a":0,"k":[100,100]},"sk":{"a":0,"k":0},"p":{"a":0,"k":[25.9,88.45]},"r":{"a":0,"k":-27.56},"sa":{"a":0,"k":0},"o":{"a":0,"k":100}},"shapes":[{"ty":"sh","nm":"","d":1,"ks":{"a":0,"k":{"c":true,"i":[[0,-1.78],[0,0],[1.78,0],[0,0],[0,1.78],[0,0],[-1.78,0],[0,0]],"o":[[0,0],[0,1.78],[0,0],[-1.78,0],[0,0],[0,-1.78],[0,0],[1.78,0]],"v":[[8.96,3.23],[8.96,8.42],[5.73,11.65],[3.23,11.65],[0,8.42],[0,3.23],[3.23,0],[5.73,0]]}}},{"ty":"fl","nm":"","c":{"a":0,"k":[1,0.777,0.718]},"r":1,"o":{"a":0,"k":100}}],"ind":2},{"ty":0,"nm":"k","sr":1,"st":0,"op":61,"ip":0,"hasMask":false,"ao":0,"ks":{"a":{"a":0,"k":[18.47,19.12]},"s":{"a":0,"k":[100,100]},"sk":{"a":0,"k":0},"p":{"a":0,"k":[18.47,102.57]},"r":{"a":0,"k":0},"sa":{"a":0,"k":0},"o":{"a":0,"k":100}},"w":150,"h":150,"refId":"2","ind":3},{"ty":0,"nm":"h","sr":1,"st":0,"op":61,"ip":0,"hasMask":false,"ao":0,"ks":{"a":{"a":0,"k":[14.8,21.36]},"s":{"a":0,"k":[100,100]},"sk":{"a":0,"k":0},"p":{"a":0,"k":[30.14,98.71]},"r":{"a":0,"k":0},"sa":{"a":0,"k":0},"o":{"a":0,"k":100}},"w":150,"h":150,"refId":"3","ind":4},{"ty":4,"nm":"e","sr":1,"st":0,"op":61,"ip":0,"hasMask":false,"ao":0,"ks":{"a":{"a":0,"k":[7.69,7.69]},"s":{"a":0,"k":[100,100]},"sk":{"a":0,"k":0},"p":{"a":0,"k":[91.03,46.15]},"r":{"a":0,"k":0},"sa":{"a":0,"k":0},"o":{"a":0,"k":100}},"shapes":[{"ty":"sh","nm":"","d":1,"ks":{"a":0,"k":{"c":true,"i":[[0,0],[4.25,0],[0,4.25],[-4.25,0],[0,-4.25]],"o":[[0,4.25],[-4.25,0],[0,-4.25],[4.25,0],[0,0]],"v":[[15.38,7.69],[7.69,15.38],[0,7.69],[7.69,0],[15.38,7.69]]}}},{"ty":"fl","nm":"","c":{"a":0,"k":[1,0.777,0.718]},"r":1,"o":{"a":0,"k":100}}],"ind":5},{"ty":4,"nm":"h","sr":1,"st":0,"op":61,"ip":0,"hasMask":false,"ao":0,"ks":{"a":{"a":0,"k":[53.85,49.36]},"s":{"a":0,"k":[100,100]},"sk":{"a":0,"k":0},"p":{"a":0,"k":[61.54,49.36]},"r":{"a":0,"k":0},"sa":{"a":0,"k":0},"o":{"a":0,"k":100}},"shapes":[{"ty":"sh","nm":"","d":1,"ks":{"a":0,"k":{"c":true,"i":[[0,0],[2.79,-2.2],[0,0],[-1.62,5.72],[-3.24,12.28],[-15.92,2.7],[-5.94,-9.31],[-6.97,-13],[0,0],[0,0],[0,0],[0,0],[3.24,-2.56],[10.55,-8.37],[7.56,4.32],[-0.22,3.6],[1.3,-2.92],[3.24,-6.88]],"o":[[-2.59,5.51],[0,0],[1.21,-2.02],[2.02,-7.15],[3.24,-12.28],[17.8,-3.02],[4.75,7.45],[0,0],[0,0],[0,0],[0,0],[-1.75,-2.34],[-3.67,2.9],[-12.18,9.66],[-6.65,-3.8],[-1.62,1.75],[-1.62,3.64],[0,0]],"v":[[12.95,65.79],[1.35,79.28],[0,71.19],[5.67,57.96],[12.95,26.24],[43.2,0.46],[81.25,19.09],[107.69,68.76],[104.69,79.28],[93.93,98.72],[82.6,52.83],[85.7,45.68],[77.88,40.68],[64.22,52.83],[32.38,56.07],[24.15,41.76],[17.67,50.67],[12.95,65.79]]}}},{"ty":"fl","nm":"","c":{"a":0,"k":[0.647,0.439,1]},"r":1,"o":{"a":0,"k":100}}],"ind":6},{"ty":4,"nm":"n","sr":1,"st":0,"op":61,"ip":0,"hasMask":false,"ao":0,"ks":{"a":{"a":0,"k":[3.23,5.38]},"s":{"a":0,"k":[100,100]},"sk":{"a":0,"k":0},"p":{"a":0,"k":[47.09,78.09]},"r":{"a":0,"k":0},"sa":{"a":0,"k":0},"o":{"a":0,"k":100}},"shapes":[{"ty":"sh","nm":"","d":1,"ks":{"a":0,"k":{"c":true,"i":[[0,0],[0,0],[0,0],[0,-0.33],[1.78,0],[0,1.78],[-0.27,0.47],[0,0],[0,0]],"o":[[0,0],[0,0],[0.09,0.3],[0,1.78],[-1.78,0],[0,-0.58],[0,0],[0,0],[0,0]],"v":[[4.04,0],[6.32,6.59],[6.32,6.6],[6.46,7.54],[3.23,10.77],[0,7.54],[0.42,5.94],[0.4,5.92],[4.04,0]]}}},{"ty":"fl","nm":"","c":{"a":0,"k":[0.933,0.584,0.514]},"r":2,"o":{"a":0,"k":100}}],"ind":7},{"ty":0,"nm":"e","sr":1,"st":0,"op":61,"ip":0,"hasMask":false,"ao":0,"ks":{"a":{"a":0,"k":[16.08,16.86]},"s":{"a":0,"k":[100,100]},"sk":{"a":0,"k":0},"p":{"a":0,"k":[65.46,64.01]},"r":{"a":0,"k":0},"sa":{"a":0,"k":0},"o":{"a":0,"k":100}},"w":150,"h":150,"refId":"4","ind":8},{"ty":4,"nm":"E","sr":1,"st":0,"op":61,"ip":0,"hasMask":false,"ao":0,"ks":{"a":{"a":0,"k":[57.05,57.05]},"s":{"a":0,"k":[100,100]},"sk":{"a":0,"k":0},"p":{"a":0,"k":[60.9,64.74]},"r":{"a":0,"k":0},"sa":{"a":0,"k":0},"o":{"a":0,"k":100}},"shapes":[{"ty":"sh","nm":"","d":1,"ks":{"a":0,"k":{"c":true,"i":[[0,0],[0,-28.15],[-28.15,0],[0,28.15],[28.15,0]],"o":[[-28.15,0],[0,28.15],[28.15,0],[0,-28.15],[0,0]],"v":[[57.05,6.41],[6.41,57.05],[57.05,107.69],[107.69,57.05],[57.05,6.41]]}}},{"ty":"sh","nm":"","d":1,"ks":{"a":0,"k":{"c":true,"i":[[0,0],[-31.51,0],[0,-31.51],[31.51,0],[0,31.51]],"o":[[0,-31.51],[31.51,0],[0,31.51],[-31.51,0],[0,0]],"v":[[0,57.05],[57.11,0],[114.1,57.05],[57.11,114.1],[0,57.05]]}}},{"ty":"fl","nm":"","c":{"a":0,"k":[0.847,0.608,1]},"r":2,"o":{"a":0,"k":100}}],"ind":9},{"ty":4,"nm":"S","sr":1,"st":0,"op":61,"ip":0,"hasMask":false,"ao":0,"ks":{"a":{"a":0,"k":[0,0]},"s":{"a":0,"k":[100,100]},"sk":{"a":0,"k":0},"p":{"a":0,"k":[3.85,7.69]},"r":{"a":0,"k":0},"sa":{"a":0,"k":0},"o":{"a":0,"k":100}},"shapes":[],"ind":10},{"ty":0,"nm":"e","sr":1,"st":0,"op":61,"ip":0,"hasMask":false,"ao":0,"ks":{"a":{"a":0,"k":[8.07,10.95]},"s":{"a":0,"k":[100,100]},"sk":{"a":0,"k":0},"p":{"a":0,"k":[35.14,70.74]},"r":{"a":0,"k":0},"sa":{"a":0,"k":0},"o":{"a":0,"k":100}},"w":150,"h":150,"refId":"5","ind":11},{"ty":4,"nm":"m","sr":1,"st":0,"op":61,"ip":0,"hasMask":false,"ao":0,"ks":{"a":{"a":0,"k":[9.62,7.04]},"s":{"a":0,"k":[100,100]},"sk":{"a":0,"k":0},"p":{"a":0,"k":[57.79,88.09]},"r":{"a":0,"k":0},"sa":{"a":0,"k":0},"o":{"a":0,"k":100}},"shapes":[{"ty":"sh","nm":"","d":1,"ks":{"a":0,"k":{"c":true,"i":[[0,0],[0.87,0.2],[0,0],[0.61,0.3],[-0.3,0.6],[-0.6,-0.3],[-0.09,-0.04],[0,0],[-0.63,0.23],[-0.23,-0.63],[0,0],[-0.32,-0.01],[-0.93,0.18],[0,0],[-0.63,0.23],[-0.23,-0.63],[0,0],[-0.78,0.86],[0,0],[-0.63,0.23],[-0.23,-0.63],[0,0],[-0.2,0.56],[0,0],[-0.03,0.08],[-0.63,-0.23],[0.23,-0.63],[0.03,-0.09],[0,0],[1.07,-1.52],[0,0],[0.81,-0.14],[0,0],[1.33,-0.65],[0,0],[0.85,-0.01],[0,0],[1.21,0.04],[0,0]],"o":[[-0.95,-0.07],[0,0],[-0.91,-0.18],[-0.6,-0.3],[0.3,-0.6],[0.07,0.04],[0,0],[-0.23,-0.63],[0.63,-0.23],[0,0],[0.3,0.03],[0.99,0.04],[0,0],[-0.23,-0.63],[0.63,-0.23],[0,0],[1.38,-0.71],[0,0],[-0.23,-0.63],[0.63,-0.23],[0,0],[0.33,-0.69],[0,0],[0.03,-0.08],[0.23,-0.63],[0.63,0.23],[-0.03,0.08],[0,0],[-0.37,1.03],[0,0],[-0.79,0.19],[0,0],[-0.87,0.78],[0,0],[-0.84,0.06],[0,0],[-1.25,0.28],[0,0],[0,0]],"v":[[6.5,13.98],[3.77,13.56],[2.99,11.37],[0.67,10.64],[0.13,9.01],[1.75,8.47],[1.99,8.58],[1.28,6.6],[2.01,5.05],[3.56,5.78],[4.78,9.18],[5.71,9.25],[8.63,9.05],[6.93,4.31],[7.67,2.76],[9.21,3.49],[10.92,8.26],[14.1,5.86],[12.58,1.62],[13.32,0.07],[14.87,0.8],[15.77,3.34],[16.54,1.45],[16.54,1.45],[16.62,1.2],[18.18,0.48],[18.9,2.03],[18.81,2.28],[18.81,2.28],[16.84,6.31],[19.24,13.02],[16.84,13.51],[15.01,8.38],[11.74,10.56],[12.97,13.98],[10.43,14.09],[9.45,11.35],[5.67,11.67],[6.5,13.98]]}}},{"ty":"fl","nm":"","c":{"a":0,"k":[0.553,0.561,0.569]},"r":2,"o":{"a":0,"k":100}}],"ind":12},{"ty":4,"nm":"s","sr":1,"st":0,"op":61,"ip":0,"hasMask":false,"ao":0,"ks":{"a":{"a":0,"k":[29.35,31.53]},"s":{"a":0,"k":[100,100]},"sk":{"a":0,"k":0},"p":{"a":0,"k":[54.29,63.61]},"r":{"a":0,"k":0},"sa":{"a":0,"k":0},"o":{"a":0,"k":100}},"shapes":[{"ty":"sh","nm":"","d":1,"ks":{"a":0,"k":{"c":true,"i":[[0,0],[-1.55,-3.5],[-3.36,-6.55],[-0.05,-0.12],[-2.33,-0.75],[0,0],[-2.65,-0.16],[-5.78,2.47],[0,0],[-0.19,9.39],[16.77,1.67],[0,0],[5.54,-7.66]],"o":[[-1.61,4.29],[2.69,6.06],[0.05,0.11],[2.07,1.18],[0,0],[2.05,1.05],[6.57,0.41],[0,0],[7.9,-4.29],[0.3,-15.43],[0,0],[-11.11,-1.11],[0,0]],"v":[[2.34,11.24],[0.62,24.22],[13.54,51.27],[13.69,51.61],[20.32,54.52],[22.91,61.03],[29.95,62.97],[48.32,60.05],[45.37,52.61],[58.7,31.13],[28.87,0.17],[28.87,0.17],[2.34,11.24]]}}},{"ty":"fl","nm":"","c":{"a":0,"k":[1,1,1]},"r":2,"o":{"a":0,"k":100}}],"ind":13},{"ty":4,"nm":"h","sr":1,"st":0,"op":61,"ip":0,"hasMask":false,"ao":0,"ks":{"a":{"a":0,"k":[37.85,32.54]},"s":{"a":0,"k":[100,100]},"sk":{"a":0,"k":0},"p":{"a":0,"k":[62.8,62.59]},"r":{"a":0,"k":0},"sa":{"a":0,"k":0},"o":{"a":0,"k":100}},"shapes":[{"ty":"sh","nm":"","d":1,"ks":{"a":0,"k":{"c":true,"i":[[0,0],[-0.94,3.9],[0,0],[0,0],[0,0],[0,0],[9.79,-10.5],[13.05,0.81],[1.66,3.81],[2.69,6.06]],"o":[[-2.39,-5.38],[0,0],[0,0],[0,0],[0,0],[0.09,3.09],[-11.17,11.98],[-9.13,-0.56],[-3.36,-6.55],[0,0]],"v":[[0.62,26.24],[4.39,7.54],[3.72,0],[59.69,2.96],[73.68,13.05],[75.7,27.72],[65.07,49.65],[29.95,64.99],[13.54,53.28],[0.62,26.24]]}}},{"ty":"fl","nm":"","c":{"a":0,"k":[1,0.777,0.718]},"r":1,"o":{"a":0,"k":100}}],"ind":14},{"ty":4,"nm":"b","sr":1,"st":0,"op":61,"ip":0,"hasMask":false,"ao":0,"ks":{"a":{"a":0,"k":[24.22,18.84]},"s":{"a":0,"k":[100,100]},"sk":{"a":0,"k":0},"p":{"a":0,"k":[75.89,100.15]},"r":{"a":0,"k":0},"sa":{"a":0,"k":0},"o":{"a":0,"k":100}},"shapes":[{"ty":"sh","nm":"","d":1,"ks":{"a":0,"k":{"c":true,"i":[[0,0],[0,0],[0,0],[0,0],[0,0],[0,0],[0,0],[0,0],[0,0]],"o":[[0,0],[0,0],[0,0],[0,0],[0,0],[0,0],[0,0],[0,0],[0,0]],"v":[[14.53,18.03],[0,37.68],[9.15,37.68],[27.45,34.18],[48.44,21.53],[34.72,9.69],[32.02,0],[11.57,8.34],[14.53,18.03]]}}},{"ty":"fl","nm":"","c":{"a":0,"k":[0.38,0.251,0.655]},"r":1,"o":{"a":0,"k":100}}],"ind":15},{"ty":4,"nm":"h","sr":1,"st":0,"op":61,"ip":0,"hasMask":false,"ao":0,"ks":{"a":{"a":0,"k":[48.1,42.86]},"s":{"a":0,"k":[100,100]},"sk":{"a":0,"k":0},"p":{"a":0,"k":[56.58,72.5]},"r":{"a":0,"k":0},"sa":{"a":0,"k":0},"o":{"a":0,"k":100}},"shapes":[{"ty":"sh","nm":"","d":1,"ks":{"a":0,"k":{"c":true,"i":[[0,0],[-1.21,2.2],[0,0],[4.08,8.43],[0,0],[0,0],[0,0],[0,0],[0,0],[0,0],[-9.8,3.23],[-11.03,4.44],[-5.94,4.42]],"o":[[5.79,-4.31],[0,0],[0,-0.65],[0,0],[0,0],[0,0],[0,0],[0,0],[0,0],[2.2,-1.61],[12.24,-4.04],[11.03,-4.44],[0,0]],"v":[[86.12,59.2],[96.21,48.98],[96.21,31.62],[83.96,5.52],[68.49,0],[19.11,9.28],[9.28,35.79],[0,46.42],[6.05,62.97],[23.82,85.71],[42.65,76.83],[68.62,68.76],[86.12,59.2]]}}},{"ty":"fl","nm":"","c":{"a":0,"k":[0.526,0.369,0.859]},"r":1,"o":{"a":0,"k":100}}],"ind":16},{"ty":0,"nm":"G","sr":1,"st":0,"op":61,"ip":0,"hasMask":false,"ao":0,"ks":{"a":{"a":0,"k":[57.05,60.26]},"s":{"a":0,"k":[100,100]},"sk":{"a":0,"k":0},"p":{"a":0,"k":[60.9,67.95]},"r":{"a":0,"k":0},"sa":{"a":0,"k":0},"o":{"a":0,"k":100}},"w":150,"h":150,"refId":"6","ind":17}]},{"nm":"[","id":"2","layers":[{"ty":4,"nm":"I","sr":1,"st":0,"op":61,"ip":0,"hasMask":false,"ao":0,"ks":{"a":{"a":0,"k":[18.43,18.62]},"s":{"a":0,"k":[100,100]},"sk":{"a":0,"k":0},"p":{"a":0,"k":[18.5,19.61]},"r":{"a":0,"k":0},"sa":{"a":0,"k":0},"o":{"a":0,"k":100}},"shapes":[{"ty":"sh","nm":"","d":1,"ks":{"a":0,"k":{"c":true,"i":[[0,0],[-0.31,-0.13],[0,0],[0,0],[-0.03,-0.02],[2.85,-1.37],[1.75,-2.69],[-0.27,-1.21],[-0.67,-0.13],[0,0],[0,0],[0,0],[0.01,0.01],[-0.07,0.56],[0,0],[0,0],[-1.97,2.2],[0,0],[0,0],[-1.97,0.84],[0,0]],"o":[[2.03,-0.87],[0,0],[0,0],[0.04,0.02],[-0.86,-0.87],[-3.36,1.61],[-1.1,1.69],[0.15,0.67],[0,0],[-0.02,-0.01],[0,0],[0,0],[-0.01,-0.02],[0,0],[0,0],[0.14,-1.19],[0,0],[0,0],[1.89,-2.17],[0,0],[0,0]],"v":[[27.62,5.07],[31.04,4.5],[31.05,4.5],[31.05,4.5],[31.15,4.56],[25.63,3.33],[17.96,10.06],[17.15,14.1],[18.63,15.85],[18.64,15.84],[18.61,15.82],[18.61,15.82],[18.59,15.81],[18.55,15.02],[18.55,15.01],[18.55,15.01],[21.47,9.68],[21.48,9.66],[21.49,9.65],[27.62,5.07],[27.62,5.07]]}}},{"ty":"sh","nm":"","d":1,"ks":{"a":0,"k":{"c":true,"i":[[0,0],[0,0],[0,0]],"o":[[0,0],[0,0],[0,0]],"v":[[31.29,4.7],[31.28,4.69],[31.29,4.7]]}}},{"ty":"sh","nm":"","d":1,"ks":{"a":0,"k":{"c":true,"i":[[0,0],[0.6,-1.91],[5.23,-3.49],[1.08,0.13],[0.67,-0.67],[0.49,-0.58],[0,0],[-0.02,0.01],[0.01,0],[0,0],[-1.99,0.74],[0,0],[0,0],[-2.5,2.8],[0,0],[0,0],[-0.04,2.79],[0,0],[1.85,1.16]],"o":[[2.19,2.52],[-0.67,2.15],[-2.42,1.61],[-1.08,-0.13],[-0.54,0.54],[0,0],[0.02,-0.01],[-0.01,0],[0,0],[1.72,0.15],[0,0],[0,0],[2.95,-1.11],[0,0],[0,0],[2.41,-2.8],[0,0],[0.04,-2.51],[0,0]],"v":[[34.02,0],[34.91,6.97],[27.24,16.25],[19.57,19.21],[16.74,20.29],[14.46,22.84],[16.48,23.79],[16.55,23.77],[16.52,23.75],[18.76,21.34],[24.41,20.39],[24.41,20.39],[24.42,20.39],[33,14.44],[33.02,14.43],[33.03,14.41],[36.86,5.75],[36.86,5.75],[34.02,0]]}}},{"ty":"sh","nm":"","d":1,"ks":{"a":0,"k":{"c":true,"i":[[0,0],[0.66,-0.82],[1.18,-1.32],[0,0],[0.24,-0.27],[1.21,0.54],[0.54,0.27],[0.81,-0.94],[0.67,0],[0.67,0.27],[0.67,-0.67],[-0.17,-1.05],[-0.38,-0.35],[-1.06,1.14],[0,0],[-0.04,-0.02],[-0.78,-0.36],[0,0],[0,0],[0,0],[0,0],[-0.78,-0.36],[-0.92,1.06],[-1.59,1.8],[0,0.42],[0,0],[0,0],[0,0],[0.54,0.42]],"o":[[0.07,0.47],[-0.42,0.52],[0,0],[-0.34,0.38],[-1.08,1.21],[-1.21,-0.54],[-0.6,-0.3],[-0.37,0.43],[-0.49,0],[-0.67,-0.27],[-0.45,0.45],[0.14,0.46],[1.14,1.06],[0,0],[0.04,0.02],[0.78,0.36],[0,0],[0,0],[0,0],[0,0],[0.78,0.36],[1.42,0.66],[1.58,-1.79],[0.34,-0.38],[0,0],[0,0],[0,0],[0,-0.57],[0,0]],"v":[[20.35,25.61],[19.57,27.42],[16.43,30.99],[16.43,30.99],[15.53,31.99],[12.17,33.34],[8.67,31.73],[6.25,32.13],[4.37,33.47],[2.75,33.07],[0.6,33.21],[0.05,35.25],[0.83,36.49],[4.82,36.34],[6.88,34.12],[6.99,34.17],[9.33,35.26],[9.33,35.26],[9.34,35.26],[9.34,35.27],[9.34,35.27],[11.68,36.36],[15.93,35.65],[20.68,30.26],[21.19,29.03],[21.19,29.03],[21.19,27.15],[21.19,27.15],[20.35,25.61]]}}},{"ty":"fl","nm":"","c":{"a":0,"k":[0.78,0.459,0.165]},"r":2,"o":{"a":0,"k":100}}],"ind":1},{"ty":4,"nm":"U","sr":1,"st":0,"op":61,"ip":0,"hasMask":false,"ao":0,"ks":{"a":{"a":0,"k":[18.47,19.12]},"s":{"a":0,"k":[100,100]},"sk":{"a":0,"k":0},"p":{"a":0,"k":[18.47,19.12]},"r":{"a":0,"k":0},"sa":{"a":0,"k":0},"o":{"a":0,"k":100}},"shapes":[{"ty":"sh","nm":"","d":1,"ks":{"a":0,"k":{"c":true,"i":[[0,0],[2.03,-0.87],[0,0],[1.89,-2.16],[0,0],[0,0],[0.14,-1.19],[0,0],[0,0],[-0.01,-0.02],[0,0],[0,0],[-0.06,-0.02],[-2.28,0.85],[-1.9,2.12],[-0.02,1.15],[0.06,0.1],[0.12,0.05],[0,0],[0,0]],"o":[[-0.31,-0.13],[0,0],[-1.97,0.84],[0,0],[0,0],[-1.97,2.2],[0,0],[0,0],[-0.07,0.56],[0.01,0.01],[0,0],[0,0],[0.34,0.14],[2.15,-0.81],[1.86,-2.16],[0.01,-0.58],[-0.06,-0.09],[0,0],[0,0],[0,0]],"v":[[31.11,5.49],[27.7,6.06],[27.7,6.06],[21.57,10.64],[21.56,10.65],[21.54,10.67],[18.62,16],[18.62,16],[18.62,16.01],[18.67,16.8],[18.68,16.81],[18.68,16.81],[18.77,16.86],[22.6,16.34],[29.04,11.87],[31.55,6.66],[31.37,5.69],[31.13,5.49],[31.12,5.49],[31.11,5.49]]}}},{"ty":"sh","nm":"","d":1,"ks":{"a":0,"k":{"c":true,"i":[[0,0],[2.71,-1.16],[2.4,-2.75],[0.31,-2.66],[-0.63,-1.19],[0,0],[0,0],[-1.14,-1.06],[-1.06,1.14],[0,0],[-0.04,-0.02],[-0.78,-0.36],[0,0],[-0.78,-0.36],[-0.92,1.06],[-1.59,1.8],[0,0.42],[0,0],[0,0],[0,0],[0.91,0.43],[1.09,0.51],[0,0],[-1.99,0.74],[0,0],[0,0],[-2.5,2.8],[0,0],[0,0],[-0.04,2.79],[0,0],[2.44,0.99]],"o":[[-2.17,-0.89],[-2.74,1.17],[-2.41,2.7],[-0.16,1.38],[0,0],[0,0],[-1.06,1.14],[1.14,1.06],[0,0],[0.04,0.02],[0.78,0.36],[0,0],[0.78,0.36],[1.42,0.66],[1.58,-1.79],[0.34,-0.38],[0,0],[0,0],[0,0],[0,-0.74],[-1.09,-0.5],[0,0],[1.72,0.15],[0,0],[0,0],[2.95,-1.11],[0,0],[0,0],[2.41,-2.8],[0,0],[0.04,-2.91],[0,0]],"v":[[33.15,0.51],[25.58,1.11],[17.52,7.09],[13.28,15.38],[13.9,19.3],[13.92,19.32],[0.76,33.48],[0.9,37.48],[4.9,37.33],[6.96,35.11],[7.06,35.16],[9.4,36.25],[9.41,36.25],[11.76,37.35],[16,36.64],[20.76,31.25],[21.26,30.02],[21.26,30.02],[21.26,28.14],[21.26,28.14],[19.85,26.25],[16.59,24.74],[18.83,22.33],[24.48,21.38],[24.49,21.38],[24.49,21.38],[33.08,15.43],[33.09,15.42],[33.1,15.4],[36.93,6.74],[36.93,6.74],[33.15,0.51]]}}},{"ty":"fl","nm":"","c":{"a":0,"k":[0.937,0.608,0.216]},"r":2,"o":{"a":0,"k":100}}],"ind":2},{"ty":4,"nm":"U","sr":1,"st":0,"op":61,"ip":0,"hasMask":false,"ao":0,"ks":{"a":{"a":0,"k":[18.47,19.12]},"s":{"a":0,"k":[100,100]},"sk":{"a":0,"k":0},"p":{"a":0,"k":[18.47,19.12]},"r":{"a":0,"k":0},"sa":{"a":0,"k":0},"o":{"a":0,"k":100}},"shapes":[{"ty":"sh","nm":"","d":1,"ks":{"a":0,"k":{"c":true,"i":[[0,0],[2.03,-0.87],[0,0],[1.89,-2.16],[0,0],[0,0],[0.14,-1.19],[0,0],[0,0],[-0.01,-0.02],[0,0],[0,0],[-0.06,-0.02],[-2.28,0.85],[-1.9,2.12],[-0.02,1.15],[0.06,0.1],[0.12,0.05],[0,0],[0,0]],"o":[[-0.31,-0.13],[0,0],[-1.97,0.84],[0,0],[0,0],[-1.97,2.2],[0,0],[0,0],[-0.07,0.56],[0.01,0.01],[0,0],[0,0],[0.34,0.14],[2.15,-0.81],[1.86,-2.16],[0.01,-0.58],[-0.06,-0.09],[0,0],[0,0],[0,0]],"v":[[31.11,5.49],[27.7,6.06],[27.7,6.06],[21.57,10.64],[21.56,10.65],[21.54,10.67],[18.62,16],[18.62,16],[18.62,16.01],[18.67,16.8],[18.68,16.81],[18.68,16.81],[18.77,16.86],[22.6,16.34],[29.04,11.87],[31.55,6.66],[31.37,5.69],[31.13,5.49],[31.12,5.49],[31.11,5.49]]}}},{"ty":"sh","nm":"","d":1,"ks":{"a":0,"k":{"c":true,"i":[[0,0],[2.71,-1.16],[2.4,-2.75],[0.31,-2.66],[-0.63,-1.19],[0,0],[0,0],[-1.14,-1.06],[-1.06,1.14],[0,0],[-0.04,-0.02],[-0.78,-0.36],[0,0],[0,0],[-0.78,-0.36],[-0.92,1.06],[-1.59,1.8],[0,0.42],[0,0],[0,0],[0,0],[0.91,0.43],[1.09,0.51],[0,0],[-1.99,0.74],[0,0],[0,0],[-2.5,2.8],[0,0],[0,0],[-0.04,2.79],[0,0],[2.44,0.99]],"o":[[-2.17,-0.89],[-2.74,1.17],[-2.41,2.7],[-0.16,1.38],[0,0],[0,0],[-1.06,1.14],[1.14,1.06],[0,0],[0.04,0.02],[0.78,0.36],[0,0],[0,0],[0.78,0.36],[1.42,0.66],[1.58,-1.79],[0.34,-0.38],[0,0],[0,0],[0,0],[0,-0.74],[-1.09,-0.5],[0,0],[1.72,0.15],[0,0],[0,0],[2.95,-1.11],[0,0],[0,0],[2.41,-2.8],[0,0],[0.04,-2.91],[0,0]],"v":[[33.15,0.51],[25.58,1.11],[17.52,7.09],[13.28,15.38],[13.9,19.3],[13.92,19.32],[0.76,33.48],[0.9,37.48],[4.9,37.33],[6.96,35.11],[7.06,35.16],[9.41,36.25],[9.41,36.25],[9.41,36.26],[11.76,37.35],[16,36.64],[20.76,31.25],[21.26,30.02],[21.26,30.02],[21.26,28.14],[21.26,28.14],[19.85,26.25],[16.59,24.74],[18.83,22.33],[24.48,21.38],[24.49,21.38],[24.49,21.38],[33.08,15.43],[33.09,15.42],[33.1,15.4],[36.93,6.74],[36.93,6.74],[33.15,0.51]]}}},{"ty":"fl","nm":"","c":{"a":0,"k":[0.937,0.608,0.216]},"r":2,"o":{"a":0,"k":100}}],"ind":3}]},{"nm":"[","id":"3","layers":[{"ty":4,"nm":"R","sr":1,"st":0,"op":61,"ip":0,"hasMask":false,"ao":0,"ks":{"a":{"a":0,"k":[4.5,9.98]},"s":{"a":0,"k":[100,100]},"sk":{"a":0,"k":0},"p":{"a":0,"k":[10.5,10.93]},"r":{"a":0,"k":-27.56},"sa":{"a":0,"k":0},"o":{"a":0,"k":100}},"shapes":[{"ty":"sh","nm":"","d":1,"ks":{"a":0,"k":{"c":true,"i":[[0,-2.48],[0,0],[2.48,0],[0,0],[0,2.48],[0,0],[-2.48,0],[0,0]],"o":[[0,0],[0,2.48],[0,0],[-2.48,0],[0,0],[0,-2.48],[0,0],[2.48,0]],"v":[[9.01,4.5],[9.01,15.46],[4.51,19.96],[4.5,19.96],[0,15.46],[0,4.5],[4.5,0],[4.51,0]]}}},{"ty":"fl","nm":"","c":{"a":0,"k":[1,0.777,0.718]},"r":1,"o":{"a":0,"k":100}}],"ind":1},{"ty":4,"nm":"V","sr":1,"st":0,"op":61,"ip":0,"hasMask":false,"ao":0,"ks":{"a":{"a":0,"k":[6.71,6.62]},"s":{"a":0,"k":[100,100]},"sk":{"a":0,"k":0},"p":{"a":0,"k":[18.18,27.41]},"r":{"a":0,"k":0},"sa":{"a":0,"k":0},"o":{"a":0,"k":100}},"shapes":[{"ty":"sh","nm":"","d":1,"ks":{"a":0,"k":{"c":true,"i":[[0,0],[0.43,0.41],[0.41,-0.43],[0,0]],"o":[[0.41,-0.43],[-0.43,-0.41],[0,0],[0,0]],"v":[[6.27,0.73],[6.22,-0.79],[4.69,-0.73],[6.27,0.73]]}}},{"ty":"sh","nm":"","d":1,"ks":{"a":0,"k":{"c":true,"i":[[0,0],[0,0],[0,0],[0,0],[0,0]],"o":[[0,0],[0,0],[0,0],[0,0],[0,0]],"v":[[1.71,4.04],[0.93,3.3],[0.92,3.31],[0.91,3.32],[1.71,4.04]]}}},{"ty":"sh","nm":"","d":1,"ks":{"a":0,"k":{"c":true,"i":[[0,0],[0,0],[0,0]],"o":[[0,0],[0,0],[0,0]],"v":[[2.39,12.38],[1.83,13.3],[2.39,12.38]]}}},{"ty":"sh","nm":"","d":1,"ks":{"a":0,"k":{"c":true,"i":[[0,0],[0,0],[0,0],[0,0],[0,0]],"o":[[0,0],[0,0],[0,0],[0,0],[0,0]],"v":[[10.32,11.17],[11.11,11.9],[11.12,11.89],[11.13,11.88],[10.32,11.17]]}}},{"ty":"sh","nm":"","d":1,"ks":{"a":0,"k":{"c":true,"i":[[0,0],[0.45,0.39],[0.39,-0.45],[0,0]],"o":[[0.39,-0.45],[-0.45,-0.39],[0,0],[0,0]],"v":[[14.23,8.38],[14.13,6.86],[12.61,6.96],[14.23,8.38]]}}},{"ty":"sh","nm":"","d":1,"ks":{"a":0,"k":{"c":true,"i":[[0,0],[0,0],[0,0],[0,0],[0,0]],"o":[[0,0],[0,0],[0,0],[0,0],[0,0]],"v":[[4.69,-0.73],[0.93,3.3],[2.5,4.77],[6.27,0.73],[4.69,-0.73]]}}},{"ty":"sh","nm":"","d":1,"ks":{"a":0,"k":{"c":true,"i":[[0,0],[0.01,-1.84],[-2.06,-1.25],[0,0],[-0.01,1.18],[-0.87,0.98],[0,0]],"o":[[-1.15,1.3],[-0.01,1.9],[0,0],[-1.39,-0.84],[0.01,-1.24],[0,0],[0,0]],"v":[[0.91,3.32],[-1.08,8.27],[1.83,13.3],[2.95,11.46],[1.08,8.29],[2.52,4.75],[0.91,3.32]]}}},{"ty":"sh","nm":"","d":1,"ks":{"a":0,"k":{"c":true,"i":[[0,0],[-2.18,2.33],[0,0],[2.19,1.33],[0,0]],"o":[[3.19,1.94],[0,0],[-1.59,1.7],[0,0],[0,0]],"v":[[1.83,13.3],[11.11,11.9],[9.54,10.43],[2.95,11.46],[1.83,13.3]]}}},{"ty":"sh","nm":"","d":1,"ks":{"a":0,"k":{"c":true,"i":[[0,0],[0,0],[0,0],[0,0],[0,0]],"o":[[0,0],[0,0],[0,0],[0,0],[0,0]],"v":[[11.13,11.88],[14.23,8.38],[12.61,6.96],[9.52,10.45],[11.13,11.88]]}}},{"ty":"fl","nm":"","c":{"a":0,"k":[0.933,0.584,0.514]},"r":1,"o":{"a":0,"k":100}}],"ind":2},{"ty":4,"nm":"E","sr":1,"st":0,"op":61,"ip":0,"hasMask":false,"ao":0,"ks":{"a":{"a":0,"k":[14.8,14.8]},"s":{"a":0,"k":[100,100]},"sk":{"a":0,"k":0},"p":{"a":0,"k":[14.8,27.92]},"r":{"a":0,"k":0},"sa":{"a":0,"k":0},"o":{"a":0,"k":100}},"shapes":[{"ty":"sh","nm":"","d":1,"ks":{"a":0,"k":{"c":true,"i":[[0,0],[8.17,0],[0,8.17],[-8.17,0],[0,-8.17]],"o":[[0,8.17],[-8.17,0],[0,-8.17],[8.17,0],[0,0]],"v":[[29.6,14.8],[14.8,29.6],[0,14.8],[14.8,0],[29.6,14.8]]}}},{"ty":"fl","nm":"","c":{"a":0,"k":[1,0.777,0.718]},"r":1,"o":{"a":0,"k":100}}],"ind":3}]},{"nm":"[","id":"4","layers":[{"ty":4,"nm":"V","sr":1,"st":0,"op":61,"ip":0,"hasMask":false,"ao":0,"ks":{"a":{"a":0,"k":[4.64,9.44]},"s":{"a":0,"k":[100,100]},"sk":{"a":0,"k":0},"p":{"a":0,"k":[4.64,14.42]},"r":{"a":0,"k":0},"sa":{"a":0,"k":0},"o":{"a":0,"k":100}},"shapes":[{"ty":"sh","nm":"","d":1,"ks":{"a":0,"k":{"c":true,"i":[[0,0],[0.47,-0.47],[-0.47,-0.47],[0,0]],"o":[[-0.47,-0.47],[-0.47,0.47],[0,0],[0,0]],"v":[[0.86,16.5],[-0.86,16.5],[-0.86,18.21],[0.86,16.5]]}}},{"ty":"sh","nm":"","d":1,"ks":{"a":0,"k":{"c":true,"i":[[0,0],[0,0],[0,0]],"o":[[0,0],[0,0],[0,0]],"v":[[4.17,18.7],[3.72,17.58],[4.17,18.7]]}}},{"ty":"sh","nm":"","d":1,"ks":{"a":0,"k":{"c":true,"i":[[0,0],[0,0],[0,0]],"o":[[0,0],[0,0],[0,0]],"v":[[7.13,14.13],[5.93,14.01],[7.13,14.13]]}}},{"ty":"sh","nm":"","d":1,"ks":{"a":0,"k":{"c":true,"i":[[0,0],[0.66,0.11],[0.11,-0.66],[0,0]],"o":[[0.11,-0.66],[-0.66,-0.11],[0,0],[0,0]],"v":[[10.48,0.2],[9.48,-1.19],[8.09,-0.2],[10.48,0.2]]}}},{"ty":"sh","nm":"","d":1,"ks":{"a":0,"k":{"c":true,"i":[[0,0],[-0.91,-0.4],[-1.23,0.49],[0,0],[0.6,0.26],[0.27,0.27],[0,0]],"o":[[0.45,0.45],[0.9,0.39],[0,0],[-0.39,0.15],[-0.59,-0.26],[0,0],[0,0]],"v":[[-0.86,18.21],[1.27,19.65],[4.62,19.83],[3.72,17.58],[2.23,17.43],[0.86,16.5],[-0.86,18.21]]}}},{"ty":"sh","nm":"","d":1,"ks":{"a":0,"k":{"c":true,"i":[[0,0],[-0.65,0.99],[-0.14,1.46],[0,0],[0.28,-0.43],[0.91,-0.36],[0,0]],"o":[[1.11,-0.44],[0.62,-0.95],[0,0],[-0.13,1.37],[-0.26,0.39],[0,0],[0,0]],"v":[[4.62,19.83],[7.32,17.84],[8.34,14.24],[5.93,14.01],[5.3,16.51],[3.72,17.58],[4.62,19.83]]}}},{"ty":"sh","nm":"","d":1,"ks":{"a":0,"k":{"c":true,"i":[[0,0],[-0.63,3.79],[0,0],[0.22,-2.31],[0,0]],"o":[[0.21,-2.21],[0,0],[-0.62,3.74],[0,0],[0,0]],"v":[[8.34,14.24],[10.48,0.2],[8.09,-0.2],[5.93,14.01],[8.34,14.24]]}}},{"ty":"fl","nm":"","c":{"a":0,"k":[0.933,0.584,0.514]},"r":1,"o":{"a":0,"k":100}}],"ind":1},{"ty":4,"nm":"V","sr":1,"st":0,"op":61,"ip":0,"hasMask":false,"ao":0,"ks":{"a":{"a":0,"k":[14.2,16.86]},"s":{"a":0,"k":[100,100]},"sk":{"a":0,"k":0},"p":{"a":0,"k":[17.96,16.86]},"r":{"a":0,"k":0},"sa":{"a":0,"k":0},"o":{"a":0,"k":100}},"shapes":[{"ty":"sh","nm":"","d":1,"ks":{"a":0,"k":{"c":true,"i":[[0,0],[0.43,-0.11],[-0.11,-1.29],[-3.23,0.18],[0,0],[0,0],[0,0],[0,0]],"o":[[-0.72,0.45],[1.03,2.38],[0.11,1.29],[0,0],[0,0],[0,0],[0,0],[0,0]],"v":[[2.69,22.34],[0,23.82],[3.23,32.56],[13.05,33.64],[28.39,22.34],[19.78,0],[5.11,6.32],[2.69,22.34]]}}}],"ind":2},{"ty":4,"nm":"S","sr":1,"st":0,"op":61,"ip":0,"hasMask":false,"ao":0,"ks":{"a":{"a":0,"k":[0,0]},"s":{"a":0,"k":[100,100]},"sk":{"a":0,"k":0},"p":{"a":0,"k":[-63.48,-57.4]},"r":{"a":0,"k":0},"sa":{"a":0,"k":0},"o":{"a":0,"k":100}},"shapes":[],"ind":3},{"ty":4,"nm":"V","sr":1,"st":0,"op":61,"ip":0,"hasMask":false,"ao":0,"ks":{"a":{"a":0,"k":[7.45,3.09]},"s":{"a":0,"k":[100,100]},"sk":{"a":0,"k":0},"p":{"a":0,"k":[15.48,10.26]},"r":{"a":0,"k":-4.1},"sa":{"a":0,"k":0},"o":{"a":0,"k":100}},"shapes":[{"ty":"sh","nm":"","d":1,"ks":{"a":0,"k":{"c":true,"i":[[0,0],[0.5,-0.27],[0.16,-0.09],[0.57,-0.27],[2.07,-0.75],[1.28,-0.26],[0.36,-0.05],[0.1,-0.01],[0.03,0],[0.01,0],[0,0],[0,0],[0,0],[0.11,0.92],[0,0],[0.06,0.52],[-0.58,0.06],[0,0],[0,0],[0,0],[0,0],[0,0],[0,0],[-0.04,0],[-0.16,0.02],[-0.59,0.12],[-1.99,0.72],[-0.76,0.36],[-0.31,0.18],[-0.21,0.11],[-0.3,-0.45]],"o":[[0.3,0.45],[-0.13,0.07],[-0.35,0.2],[-0.85,0.41],[-2.11,0.76],[-0.64,0.13],[-0.18,0.03],[-0.05,0.01],[-0.01,0],[0,0],[0,0],[0,0],[0,0],[0,0],[-0.58,0.05],[-0.06,-0.52],[0,0],[0,0],[-0.11,-0.94],[0,0],[0,0],[0,0],[0.02,0],[0.08,-0.01],[0.31,-0.05],[1.19,-0.24],[2.03,-0.73],[0.51,-0.24],[0.17,-0.1],[0.5,-0.27],[0,0]],"v":[[14.74,0.46],[14.38,1.75],[13.95,1.98],[12.61,2.69],[8.46,4.37],[3.26,5.85],[1.75,6.11],[1.34,6.17],[1.22,6.18],[1.19,6.18],[1.18,6.18],[1.18,6.18],[1.18,6.18],[1.07,5.26],[1.18,6.18],[0.01,5.35],[0.95,4.31],[0.95,4.31],[1.06,5.25],[0.95,4.31],[0.95,4.31],[0.95,4.31],[0.97,4.31],[1.06,4.3],[1.41,4.25],[2.78,4.01],[7.65,2.63],[11.59,1.04],[12.72,0.44],[13.28,0.13],[14.74,0.46]]}}},{"ty":"fl","nm":"","c":{"a":0,"k":[0.486,0.341,0.784]},"r":2,"o":{"a":0,"k":100}}],"ind":4},{"ty":4,"nm":"V","sr":1,"st":0,"op":61,"ip":0,"hasMask":false,"ao":0,"ks":{"a":{"a":0,"k":[10.16,9.78]},"s":{"a":0,"k":[100,100]},"sk":{"a":0,"k":0},"p":{"a":0,"k":[14.5,15.38]},"r":{"a":0,"k":0},"sa":{"a":0,"k":0},"o":{"a":0,"k":100}},"shapes":[{"ty":"sh","nm":"","d":1,"ks":{"a":0,"k":{"c":true,"i":[[0,0],[-1.66,2.24],[0.54,0.94],[0,0],[0.43,0.11],[2.51,-0.85],[0,0],[0,0],[0,0],[-5.11,4.04]],"o":[[5.11,-4.04],[0,0],[-0.54,-0.94],[-0.99,-0.22],[-0.43,-0.11],[0,0],[0,0],[0,0],[2.26,-0.81],[0,0]],"v":[[12.08,13.64],[20.32,4.89],[18.7,1.8],[17.36,0.05],[13.02,0.32],[4.95,2.74],[3.06,14.04],[0,18.22],[0.81,19.56],[12.08,13.64]]}}},{"ty":"fl","nm":"","c":{"a":0,"k":[0.647,0.439,1]},"r":1,"o":{"a":0,"k":100}}],"ind":5},{"ty":4,"nm":"S","sr":1,"st":0,"op":61,"ip":0,"hasMask":false,"ao":0,"ks":{"a":{"a":0,"k":[12.05,13.26]},"s":{"a":0,"k":[100,100]},"sk":{"a":0,"k":0},"p":{"a":0,"k":[16.34,17.86]},"r":{"a":0,"k":0},"sa":{"a":0,"k":0},"o":{"a":0,"k":100}},"shapes":[{"ty":"sh","nm":"","d":1,"ks":{"a":0,"k":{"c":true,"i":[[0,0],[-0.99,-1.79],[0,0],[0.23,-1.15],[0,0],[0,0],[0.75,-0.61],[3.61,-1.52],[1.07,1.92],[0.74,1.35],[0,0],[-0.68,-1.23],[0,0],[-3.18,1.09],[0,0],[0,0],[-3.37,2.37],[0,0],[0,0],[-0.3,1.68],[0.79,1.43],[0,0],[2.94,-1.66],[2.23,-1.23],[0,0],[-0.6,0.33],[0,0],[0,0],[0,0],[-2.11,1.17],[0,0],[0,0]],"o":[[1.77,-1],[0,0],[0.49,0.89],[0,0],[0,0],[-0.21,1.19],[-3.2,2.25],[-2.02,0.67],[-0.75,-1.35],[0,0],[0.67,1.22],[0,0],[1.62,2.93],[0,0],[0,0],[3.79,-1.59],[0,0],[0,0],[1.29,-1.04],[0.32,-1.66],[0,0],[-1.64,-2.96],[-2.22,1.24],[0,0],[0.6,-0.33],[0,0],[0,0],[0,0],[2.12,-1.17],[0,0],[0,0],[0,0]],"v":[[11.76,2.9],[16.76,4.31],[21.13,12.23],[21.57,15.42],[21.57,15.43],[21.57,15.44],[20.04,18.25],[9.83,23.9],[4.15,21.62],[1.91,17.56],[0,19.11],[2.03,22.79],[2.03,22.79],[10.65,26.18],[10.69,26.16],[10.73,26.15],[21.47,20.21],[21.5,20.19],[21.53,20.16],[23.95,15.87],[23.25,11.06],[18.88,3.14],[10.58,0.78],[3.91,4.48],[3.6,7.41],[5.42,6.41],[3.49,8.51],[3.49,8.51],[5.42,6.41],[11.76,2.9],[11.76,2.9],[11.76,2.9]]}}},{"ty":"sh","nm":"","d":1,"ks":{"a":0,"k":{"c":true,"i":[[0,0],[0,0],[0,0],[0,0]],"o":[[0,0],[0,0],[0,0],[0,0]],"v":[[5.42,6.41],[10.58,0.78],[5.42,6.41],[5.42,6.41]]}}},{"ty":"sh","nm":"","d":1,"ks":{"a":0,"k":{"c":true,"i":[[0,0],[0,0],[0,0],[0,0],[0,0]],"o":[[0,0],[0,0],[0,0],[0,0],[0,0]],"v":[[4.15,21.62],[4.15,21.62],[3.09,22.2],[4.15,21.62],[4.15,21.62]]}}},{"ty":"fl","nm":"","c":{"a":0,"k":[0.553,0.561,0.569]},"r":2,"o":{"a":0,"k":100}}],"ind":6},{"ty":4,"nm":"R","sr":1,"st":0,"op":61,"ip":0,"hasMask":false,"ao":0,"ks":{"a":{"a":0,"k":[4.73,4.38]},"s":{"a":0,"k":[100,100]},"sk":{"a":0,"k":0},"p":{"a":0,"k":[17.97,16.08]},"r":{"a":0,"k":-28.93},"sa":{"a":0,"k":0},"o":{"a":0,"k":100}},"shapes":[{"ty":"sh","nm":"","d":1,"ks":{"a":0,"k":{"c":true,"i":[[0,0],[-1.74,0],[0,-1.18],[0,-1.31],[0.4,-0.48],[0.56,-0.1],[1.74,0.19],[0,1.21],[0,1.3],[-1.18,-0.01]],"o":[[1.74,0],[1.17,-0.01],[0,1.3],[0,0.58],[-0.4,0.5],[-1.74,0.19],[-1.18,-0.21],[0,-1.31],[0,-1.18],[0,0]],"v":[[2.13,0],[7.34,0],[9.47,2.11],[9.47,6.03],[8.84,7.67],[7.34,8.61],[2.13,8.61],[0,6.03],[0,2.11],[2.13,0]]}}},{"ty":"fl","nm":"","c":{"a":0,"k":[0.522,0.298,0.094]},"r":1,"o":{"a":0,"k":100}}],"ind":7},{"ty":4,"nm":"S","sr":1,"st":0,"op":61,"ip":0,"hasMask":false,"ao":0,"ks":{"a":{"a":0,"k":[10.91,12.05]},"s":{"a":0,"k":[100,100]},"sk":{"a":0,"k":0},"p":{"a":0,"k":[16.27,17.87]},"r":{"a":0,"k":0},"sa":{"a":0,"k":0},"o":{"a":0,"k":100}},"shapes":[{"ty":"sh","nm":"","d":1,"ks":{"a":0,"k":{"c":true,"i":[[0,0],[0,0],[0,0],[-0.68,-1.23],[-2.6,0.89],[-3.3,2.32],[-0.25,1.45],[0.64,1.17],[0,0],[2.36,-1.33],[2.33,-1.29]],"o":[[0,0],[0,0],[0.67,1.22],[1.35,2.43],[3.71,-1.56],[1.03,-0.83],[0.28,-1.41],[0,0],[-1.31,-2.37],[-2.33,1.29],[0,0]],"v":[[3.12,4.5],[0.83,16.93],[0,17.32],[2.02,20.99],[9.2,23.82],[19.71,18.01],[21.7,14.44],[21.13,10.43],[16.75,2.52],[10.11,0.63],[3.12,4.5]]}}},{"ty":"fl","nm":"","c":{"a":0,"k":[1,1,1]},"r":2,"o":{"a":0,"k":100}}],"ind":8}]},{"nm":"[","id":"5","layers":[{"ty":4,"nm":"I","sr":1,"st":0,"op":61,"ip":0,"hasMask":false,"ao":0,"ks":{"a":{"a":0,"k":[6.91,5.78]},"s":{"a":0,"k":[100,100]},"sk":{"a":0,"k":0},"p":{"a":0,"k":[6.91,5.78]},"r":{"a":0,"k":0},"sa":{"a":0,"k":0},"o":{"a":0,"k":100}},"shapes":[{"ty":"sh","nm":"","d":1,"ks":{"a":0,"k":{"c":true,"i":[[0,0],[0.61,1.34],[0,0],[0.38,-0.55],[0.55,0.38],[0,0]],"o":[[-0.74,-1.57],[0,0],[0.55,0.38],[-0.38,0.55],[0,0],[0,0]],"v":[[2.04,4.4],[0,0],[13.31,9.36],[13.61,11.05],[11.92,11.34],[2.04,4.4]]}}},{"ty":"fl","nm":"","c":{"a":0,"k":[0.933,0.584,0.514]},"r":2,"o":{"a":0,"k":100}}],"ind":1},{"ty":4,"nm":"I","sr":1,"st":0,"op":61,"ip":0,"hasMask":false,"ao":0,"ks":{"a":{"a":0,"k":[6.92,5.72]},"s":{"a":0,"k":[100,100]},"sk":{"a":0,"k":0},"p":{"a":0,"k":[8.15,8.42]},"r":{"a":0,"k":0},"sa":{"a":0,"k":0},"o":{"a":0,"k":100}},"shapes":[{"ty":"sh","nm":"","d":1,"ks":{"a":0,"k":{"c":true,"i":[[0,0],[1.21,2.61],[0,0],[0,0],[2.32,0.81],[1.05,0.48]],"o":[[-1.39,-2.91],[0,0],[0.27,0.94],[0,0],[-0.76,-0.27],[0,0]],"v":[[4,8.46],[0,0],[12.49,7.68],[13.83,11.44],[6.94,9.69],[4,8.46]]}}},{"ty":"fl","nm":"","c":{"a":0,"k":[0.647,0.439,1]},"r":2,"o":{"a":0,"k":100}}],"ind":2},{"ty":4,"nm":"I","sr":1,"st":0,"op":61,"ip":0,"hasMask":false,"ao":0,"ks":{"a":{"a":0,"k":[3.74,6.19]},"s":{"a":0,"k":[100,100]},"sk":{"a":0,"k":0},"p":{"a":0,"k":[12.39,15.71]},"r":{"a":0,"k":0},"sa":{"a":0,"k":0},"o":{"a":0,"k":100}},"shapes":[{"ty":"sh","nm":"","d":1,"ks":{"a":0,"k":{"c":true,"i":[[0,0],[0.58,1.18],[0,0],[0,0],[-0.26,-0.12],[-0.71,-0.19],[-0.34,0.38],[0.42,1.15],[0.46,1.21],[0,0],[0.11,0.29],[0,0],[-0.16,-0.43],[0,0],[-0.87,-2.39],[1.03,-1.14],[1.47,0.39],[0.27,0.09]],"o":[[-0.51,-1.01],[0,0],[0,0],[0.26,0.12],[0.76,0.34],[0.68,0.18],[0.31,-0.35],[-0.87,-2.37],[0,0],[-0.17,-0.44],[0,0],[0.1,0.28],[0,0],[0.46,1.21],[0.67,1.82],[-1.01,1.11],[-0.27,-0.07],[0,0]],"v":[[1.64,11.98],[0,8.67],[0.01,8.67],[0.01,8.67],[0.79,9.03],[3.07,9.88],[4.69,9.48],[4.85,7.3],[2.84,1.94],[2.84,1.94],[2.43,0.85],[4.7,0],[5.1,1.06],[5.1,1.06],[7.12,6.47],[6.48,11.11],[2.45,12.23],[1.64,11.98]]}}},{"ty":"fl","nm":"","c":{"a":0,"k":[0.553,0.561,0.569]},"r":2,"o":{"a":0,"k":100}}],"ind":3},{"ty":4,"nm":"V","sr":1,"st":0,"op":61,"ip":0,"hasMask":false,"ao":0,"ks":{"a":{"a":0,"k":[3.57,2.69]},"s":{"a":0,"k":[100,100]},"sk":{"a":0,"k":0},"p":{"a":0,"k":[10.26,13.44]},"r":{"a":0,"k":0},"sa":{"a":0,"k":0},"o":{"a":0,"k":100}},"shapes":[{"ty":"sh","nm":"","d":1,"ks":{"a":0,"k":{"c":true,"i":[[0,0],[0.22,0.49],[0,0],[0,0],[1.21,0.27],[0.4,1.21]],"o":[[-0.32,-0.97],[0,0],[0,0],[-1.35,-0.13],[-1.45,-0.32],[0,0]],"v":[[1.08,2.69],[0,0],[6.59,2.02],[7.13,5.38],[3.63,4.71],[1.08,2.69]]}}},{"ty":"fl","nm":"","c":{"a":0,"k":[0.522,0.298,0.094]},"r":1,"o":{"a":0,"k":100}}],"ind":4},{"ty":4,"nm":"I","sr":1,"st":0,"op":61,"ip":0,"hasMask":false,"ao":0,"ks":{"a":{"a":0,"k":[6.92,8.98]},"s":{"a":0,"k":[100,100]},"sk":{"a":0,"k":0},"p":{"a":0,"k":[8.12,11.59]},"r":{"a":0,"k":0},"sa":{"a":0,"k":0},"o":{"a":0,"k":100}},"shapes":[{"ty":"sh","nm":"","d":1,"ks":{"a":0,"k":{"c":true,"i":[[0,0],[2.49,5.34],[0,0],[0,0],[0,0],[0,0]],"o":[[-2.49,-5.04],[0,0],[0,0],[0,0],[0,0],[0,0]],"v":[[8.2,17.13],[0,0],[11.28,7.47],[13.83,15.41],[12.08,17.97],[8.2,17.13]]}}},{"ty":"fl","nm":"","c":{"a":0,"k":[1,1,1]},"r":2,"o":{"a":0,"k":100}}],"ind":5}]},{"nm":"[","id":"6","layers":[{"ty":4,"nm":"E","sr":1,"st":0,"op":61,"ip":0,"hasMask":false,"ao":0,"ks":{"a":{"a":0,"k":[57.05,57.05]},"s":{"a":0,"k":[100,100]},"sk":{"a":0,"k":0},"p":{"a":0,"k":[57.05,57.05]},"r":{"a":0,"k":0},"sa":{"a":0,"k":0},"o":{"a":0,"k":100}},"shapes":[{"ty":"sh","nm":"","d":1,"ks":{"a":0,"k":{"c":true,"i":[[0,0],[0,-28.15],[-28.15,0],[0,28.15],[28.15,0]],"o":[[-28.15,0],[0,28.15],[28.15,0],[0,-28.15],[0,0]],"v":[[57.05,6.41],[6.41,57.05],[57.05,107.69],[107.69,57.05],[57.05,6.41]]}}},{"ty":"sh","nm":"","d":1,"ks":{"a":0,"k":{"c":true,"i":[[0,0],[-31.51,0],[0,-31.51],[31.51,0],[0,31.51]],"o":[[0,-31.51],[31.51,0],[0,31.51],[-31.51,0],[0,0]],"v":[[0,57.05],[57.11,0],[114.1,57.05],[57.11,114.1],[0,57.05]]}}},{"ty":"fl","nm":"","c":{"a":0,"k":[0.847,0.608,1]},"r":2,"o":{"a":0,"k":100}}],"ind":1},{"ty":4,"nm":"E","sr":1,"st":0,"op":61,"ip":0,"hasMask":false,"ao":0,"ks":{"a":{"a":0,"k":[53.98,53.98]},"s":{"a":0,"k":[100,100]},"sk":{"a":0,"k":0},"p":{"a":0,"k":[57.07,57.01]},"r":{"a":0,"k":0},"sa":{"a":0,"k":0},"o":{"a":0,"k":100}},"shapes":[{"ty":"sh","nm":"","d":1,"ks":{"a":0,"k":{"c":true,"i":[[0,0],[29.81,0],[0,29.81],[-29.81,0],[0,-29.81]],"o":[[0,29.81],[-29.81,0],[0,-29.81],[29.81,0],[0,0]],"v":[[107.95,53.98],[53.98,107.95],[0,53.98],[53.98,0],[107.95,53.98]]}}},{"ty":"fl","nm":"","c":{"a":0,"k":[0.212,0.15,0.45]},"r":1,"o":{"a":0,"k":100}}],"ind":2},{"ty":4,"nm":"E","sr":1,"st":0,"op":61,"ip":0,"hasMask":false,"ao":0,"ks":{"a":{"a":0,"k":[57.05,57.05]},"s":{"a":0,"k":[100,100]},"sk":{"a":0,"k":0},"p":{"a":0,"k":[57.05,63.46]},"r":{"a":0,"k":0},"sa":{"a":0,"k":0},"o":{"a":0,"k":100}},"shapes":[{"ty":"sh","nm":"","d":1,"ks":{"a":0,"k":{"c":true,"i":[[0,0],[0,-28.15],[-28.15,0],[0,28.15],[28.15,0]],"o":[[-28.15,0],[0,28.15],[28.15,0],[0,-28.15],[0,0]],"v":[[57.05,6.41],[6.41,57.05],[57.05,107.69],[107.69,57.05],[57.05,6.41]]}}},{"ty":"sh","nm":"","d":1,"ks":{"a":0,"k":{"c":true,"i":[[0,0],[-31.51,0],[0,-31.51],[31.51,0],[0,31.51]],"o":[[0,-31.51],[31.51,0],[0,31.51],[-31.51,0],[0,0]],"v":[[0,57.05],[57.05,0],[114.1,57.05],[57.05,114.1],[0,57.05]]}}},{"ty":"fl","nm":"","c":{"a":0,"k":[0.679,0.463,0.914]},"r":2,"o":{"a":0,"k":100}}],"ind":3}]}]}