{"nm":"A","h":150,"w":150,"meta":{"g":"LottieFiles Figma v67"},"layers":[{"ty":0,"nm":"G","sr":1,"st":0,"op":61,"ip":0,"hasMask":false,"ao":0,"ks":{"a":{"a":0,"k":[59.62,60.91]},"s":{"a":0,"k":[100,100]},"sk":{"a":0,"k":0},"p":{"a":0,"k":[75,77.55]},"r":{"a":0,"k":0},"sa":{"a":0,"k":0},"o":{"a":0,"k":100}},"w":150,"h":150,"refId":"1","ind":1}],"v":"5.7.0","fr":60,"op":60,"ip":0,"assets":[{"nm":"[","id":"1","layers":[{"ty":0,"nm":"G","sr":1,"st":0,"op":61,"ip":0,"hasMask":false,"ao":0,"ks":{"a":{"a":0,"k":[13.48,10.41]},"s":{"a":0,"k":[100,-100]},"sk":{"a":0,"k":0},"p":{"a":0,"k":[13.48,70.69]},"r":{"a":0,"k":-180},"sa":{"a":0,"k":0},"o":{"a":0,"k":100}},"w":150,"h":150,"refId":"2","ind":1},{"ty":0,"nm":"G","sr":1,"st":0,"op":61,"ip":0,"hasMask":false,"ao":0,"ks":{"a":{"a":0,"k":[13.4,10.37]},"s":{"a":0,"k":[100,100]},"sk":{"a":0,"k":0},"p":{"a":0,"k":[105.83,70.65]},"r":{"a":0,"k":0},"sa":{"a":0,"k":0},"o":{"a":0,"k":100}},"w":150,"h":150,"refId":"3","ind":2},{"ty":4,"nm":"S","sr":1,"st":0,"op":61,"ip":0,"hasMask":false,"ao":0,"ks":{"a":{"a":0,"k":[57.05,43.4]},"s":{"a":0,"k":[100,100]},"sk":{"a":0,"k":0},"p":{"a":0,"k":[59.62,72.01]},"r":{"a":0,"k":0},"sa":{"a":0,"k":0},"o":{"a":0,"k":100}},"shapes":[{"ty":"sh","nm":"","d":1,"ks":{"a":0,"k":{"c":true,"i":[[0,0],[0,0],[0,-10.9],[-31.51,0],[0,31.51],[4.86,8.4],[0,0],[0,-9.98],[27.97,0],[0,27.97],[-5.33,8.02]],"o":[[0,0],[-5.3,8.66],[0,31.51],[31.51,0],[0,-10.4],[0,0],[4.98,7.84],[0,27.97],[-27.97,0],[0,-10.35],[0,0]],"v":[[14.85,1.75],[8.36,0],[0,29.75],[57.05,86.8],[114.1,29.75],[106.45,1.19],[99.82,2.62],[107.69,29.75],[57.05,80.39],[6.41,29.75],[14.85,1.75]]}}},{"ty":"fl","nm":"","c":{"a":0,"k":[1,0.647,0.647]},"r":2,"o":{"a":0,"k":100}}],"ind":3},{"ty":0,"nm":"G","sr":1,"st":0,"op":61,"ip":0,"hasMask":false,"ao":0,"ks":{"a":{"a":0,"k":[20.42,18.84]},"s":{"a":0,"k":[100,100]},"sk":{"a":0,"k":0},"p":{"a":0,"k":[59.62,93.94]},"r":{"a":0,"k":0},"sa":{"a":0,"k":0},"o":{"a":0,"k":100}},"w":150,"h":150,"refId":"4","ind":4},{"ty":0,"nm":"G","sr":1,"st":0,"op":61,"ip":0,"hasMask":false,"ao":0,"ks":{"a":{"a":0,"k":[17.04,17.13]},"s":{"a":0,"k":[100,-100]},"sk":{"a":0,"k":0},"p":{"a":0,"k":[27.77,91.56]},"r":{"a":0,"k":-180},"sa":{"a":0,"k":0},"o":{"a":0,"k":100}},"w":150,"h":150,"refId":"5","ind":5},{"ty":0,"nm":"G","sr":1,"st":0,"op":61,"ip":0,"hasMask":false,"ao":0,"ks":{"a":{"a":0,"k":[17.04,17.13]},"s":{"a":0,"k":[100,100]},"sk":{"a":0,"k":0},"p":{"a":0,"k":[91.72,91.56]},"r":{"a":0,"k":0},"sa":{"a":0,"k":0},"o":{"a":0,"k":100}},"w":150,"h":150,"refId":"6","ind":6},{"ty":4,"nm":"E","sr":1,"st":0,"op":61,"ip":0,"hasMask":false,"ao":0,"ks":{"a":{"a":0,"k":[2.11,2.11]},"s":{"a":0,"k":[100,100]},"sk":{"a":0,"k":0},"p":{"a":0,"k":[64.49,31.61]},"r":{"a":0,"k":0},"sa":{"a":0,"k":0},"o":{"a":0,"k":100}},"shapes":[{"ty":"sh","nm":"","d":1,"ks":{"a":0,"k":{"c":true,"i":[[0,0],[1.16,0],[0,1.16],[-1.16,0],[0,-1.16]],"o":[[0,1.16],[-1.16,0],[0,-1.16],[1.16,0],[0,0]],"v":[[4.22,2.11],[2.11,4.22],[0,2.11],[2.11,0],[4.22,2.11]]}}},{"ty":"fl","nm":"","c":{"a":0,"k":[1,1,1]},"r":1,"o":{"a":0,"k":100}}],"ind":7},{"ty":4,"nm":"E","sr":1,"st":0,"op":61,"ip":0,"hasMask":false,"ao":0,"ks":{"a":{"a":0,"k":[16.6,16.6]},"s":{"a":0,"k":[100,100]},"sk":{"a":0,"k":0},"p":{"a":0,"k":[35.77,17.91]},"r":{"a":0,"k":0},"sa":{"a":0,"k":0},"o":{"a":0,"k":100}},"shapes":[{"ty":"sh","nm":"","d":1,"ks":{"a":0,"k":{"c":true,"i":[[0,0],[9.17,0],[0,9.17],[-9.17,0],[0,-9.17]],"o":[[0,9.17],[-9.17,0],[0,-9.17],[9.17,0],[0,0]],"v":[[33.2,16.6],[16.6,33.2],[0,16.6],[16.6,0],[33.2,16.6]]}}},{"ty":"fl","nm":"","c":{"a":0,"k":[0.239,0.239,0.239]},"r":1,"o":{"a":0,"k":100}}],"ind":8},{"ty":4,"nm":"V","sr":1,"st":0,"op":61,"ip":0,"hasMask":false,"ao":0,"ks":{"a":{"a":0,"k":[5.93,1.61]},"s":{"a":0,"k":[100,100]},"sk":{"a":0,"k":0},"p":{"a":0,"k":[51.97,33.88]},"r":{"a":0,"k":0},"sa":{"a":0,"k":0},"o":{"a":0,"k":100}},"shapes":[{"ty":"sh","nm":"","d":1,"ks":{"a":0,"k":{"c":true,"i":[[0,0],[0.32,-0.57],[-0.57,-0.32],[0,0]],"o":[[-0.57,-0.32],[-0.32,0.57],[0,0],[0,0]],"v":[[0.57,-1.04],[-1.04,-0.57],[-0.57,1.04],[0.57,-1.04]]}}},{"ty":"sh","nm":"","d":1,"ks":{"a":0,"k":{"c":true,"i":[[0,0],[0,0],[0,0]],"o":[[0,0],[0,0],[0,0]],"v":[[6.19,2.64],[5.94,3.79],[6.19,2.64]]}}},{"ty":"sh","nm":"","d":1,"ks":{"a":0,"k":{"c":true,"i":[[0,0],[0.65,0],[0,-0.65],[0,0]],"o":[[0,-0.65],[-0.65,0],[0,0],[0,0]],"v":[[13.04,1.19],[11.86,0],[10.67,1.19],[13.04,1.19]]}}},{"ty":"sh","nm":"","d":1,"ks":{"a":0,"k":{"c":true,"i":[[0,0],[-2.08,-0.46],[0,0],[1.28,0.71],[0,0]],"o":[[1.27,0.7],[0,0],[-1.71,-0.38],[0,0],[0,0]],"v":[[-0.57,1.04],[5.94,3.79],[6.45,1.48],[0.57,-1.04],[-0.57,1.04]]}}},{"ty":"sh","nm":"","d":1,"ks":{"a":0,"k":{"c":true,"i":[[0,0],[-0.82,-0.09],[-0.74,0.32],[0,0],[0.66,0.07],[1.2,0.27],[0,0]],"o":[[1.17,0.26],[0.82,0.09],[0,0],[-0.18,0.08],[-0.67,-0.07],[0,0],[0,0]],"v":[[5.94,3.79],[8.91,4.36],[11.27,4.12],[10.34,1.94],[9.17,2],[6.45,1.48],[5.94,3.79]]}}},{"ty":"sh","nm":"","d":1,"ks":{"a":0,"k":{"c":true,"i":[[0,0],[-0.29,0.61],[0,0.43],[0,0],[0.03,-0.06],[0.02,-0.02],[0.13,-0.06],[0,0]],"o":[[0.68,-0.29],[0.27,-0.56],[0,0],[0,0.36],[-0.01,0.02],[-0.03,0.03],[0,0],[0,0]],"v":[[11.27,4.12],[12.75,2.76],[13.04,1.19],[10.67,1.19],[10.61,1.75],[10.56,1.81],[10.34,1.94],[11.27,4.12]]}}},{"ty":"fl","nm":"","c":{"a":0,"k":[0.914,0.608,0.373]},"r":1,"o":{"a":0,"k":100}}],"ind":9},{"ty":4,"nm":"E","sr":1,"st":0,"op":61,"ip":0,"hasMask":false,"ao":0,"ks":{"a":{"a":0,"k":[2.11,2.11]},"s":{"a":0,"k":[100,100]},"sk":{"a":0,"k":0},"p":{"a":0,"k":[50.26,35.83]},"r":{"a":0,"k":0},"sa":{"a":0,"k":0},"o":{"a":0,"k":100}},"shapes":[{"ty":"sh","nm":"","d":1,"ks":{"a":0,"k":{"c":true,"i":[[0,0],[1.16,0],[0,1.16],[-1.16,0],[0,-1.16]],"o":[[0,1.16],[-1.16,0],[0,-1.16],[1.16,0],[0,0]],"v":[[4.22,2.11],[2.11,4.22],[0,2.11],[2.11,0],[4.22,2.11]]}}},{"ty":"fl","nm":"","c":{"a":0,"k":[1,1,1]},"r":1,"o":{"a":0,"k":100}}],"ind":10},{"ty":4,"nm":"S","sr":1,"st":0,"op":61,"ip":0,"hasMask":false,"ao":0,"ks":{"a":{"a":0,"k":[3.71,4.65]},"s":{"a":0,"k":[100,100]},"sk":{"a":0,"k":0},"p":{"a":0,"k":[52.39,38.62]},"r":{"a":0,"k":0},"sa":{"a":0,"k":0},"o":{"a":0,"k":100}},"shapes":[{"ty":"sh","nm":"","d":1,"ks":{"a":0,"k":{"c":true,"i":[[0,0],[0.04,-0.17],[0,0],[-1.69,-0.39],[-0.39,1.69],[0,0],[0,0.23],[0,0],[0,0]],"o":[[-0.06,0.16],[0,0],[-0.39,1.69],[1.69,0.39],[0,0],[0.05,-0.23],[0,0],[0,0],[0,0]],"v":[[1.37,0],[1.21,0.49],[0.08,5.46],[2.45,9.23],[6.21,6.86],[7.35,1.89],[7.43,1.21],[5.14,1.21],[1.37,0]]}}},{"ty":"fl","nm":"","c":{"a":0,"k":[0.239,0.239,0.239]},"r":2,"o":{"a":0,"k":100}}],"ind":11},{"ty":4,"nm":"S","sr":1,"st":0,"op":61,"ip":0,"hasMask":false,"ao":0,"ks":{"a":{"a":0,"k":[7.35,7.48]},"s":{"a":0,"k":[100,100]},"sk":{"a":0,"k":0},"p":{"a":0,"k":[50.88,39.46]},"r":{"a":0,"k":0},"sa":{"a":0,"k":0},"o":{"a":0,"k":100}},"shapes":[{"ty":"sh","nm":"","d":1,"ks":{"a":0,"k":{"c":true,"i":[[0,0],[0,0],[0,0],[0,0],[0.65,0.35],[0.07,-0.32],[0,0],[-3.6,-0.82],[-0.82,3.6],[0,0],[0.02,0.56]],"o":[[0,0],[0,0],[0,0],[-0.49,-0.29],[-0.11,0.3],[0,0],[-0.82,3.6],[3.6,0.82],[0,0],[0.13,-0.57],[0,0]],"v":[[14.7,2.2],[13.85,3.2],[10.29,3.2],[3.7,1.09],[1.79,0],[1.51,0.93],[0.17,6.8],[5.2,14.8],[13.2,9.77],[14.53,3.9],[14.7,2.2]]}}},{"ty":"fl","nm":"","c":{"a":0,"k":[1,1,1]},"r":2,"o":{"a":0,"k":100}}],"ind":12},{"ty":4,"nm":"R","sr":1,"st":0,"op":61,"ip":0,"hasMask":false,"ao":0,"ks":{"a":{"a":0,"k":[2.98,5.29]},"s":{"a":0,"k":[100,100]},"sk":{"a":0,"k":0},"p":{"a":0,"k":[66.73,35.02]},"r":{"a":0,"k":-12.84},"sa":{"a":0,"k":0},"o":{"a":0,"k":100}},"shapes":[{"ty":"sh","nm":"","d":1,"ks":{"a":0,"k":{"c":true,"i":[[0,-1.64],[0,0],[1.64,0],[0,0],[0,1.64],[0,0],[-1.64,0],[0,0]],"o":[[0,0],[0,1.64],[0,0],[-1.64,0],[0,0],[0,-1.64],[0,0],[1.64,0]],"v":[[5.96,2.98],[5.96,7.6],[2.98,10.58],[2.98,10.58],[0,7.6],[0,2.98],[2.98,0],[2.98,0]]}}},{"ty":"fl","nm":"","c":{"a":0,"k":[0.239,0.239,0.239]},"r":1,"o":{"a":0,"k":100}}],"ind":13},{"ty":4,"nm":"S","sr":1,"st":0,"op":61,"ip":0,"hasMask":false,"ao":0,"ks":{"a":{"a":0,"k":[7.42,8.82]},"s":{"a":0,"k":[100,100]},"sk":{"a":0,"k":0},"p":{"a":0,"k":[68.77,36.52]},"r":{"a":0,"k":0},"sa":{"a":0,"k":0},"o":{"a":0,"k":100}},"shapes":[{"ty":"sh","nm":"","d":1,"ks":{"a":0,"k":{"c":true,"i":[[0,0],[-0.82,-3.6],[0,0],[-0.34,-0.58],[-4.06,0],[-0.88,-0.23],[0,0],[3.6,-0.82]],"o":[[-3.6,0.82],[0,0],[0.16,0.69],[1.84,-3.32],[0.95,0],[0,0],[-0.82,-3.6],[0,0]],"v":[[5.2,0.17],[0.17,8.17],[1.89,15.72],[2.65,17.64],[12.1,12.08],[14.84,12.43],[13.2,5.2],[5.2,0.17]]}}},{"ty":"fl","nm":"","c":{"a":0,"k":[1,1,1]},"r":2,"o":{"a":0,"k":100}}],"ind":14},{"ty":4,"nm":"I","sr":1,"st":0,"op":61,"ip":0,"hasMask":false,"ao":0,"ks":{"a":{"a":0,"k":[10.17,5.88]},"s":{"a":0,"k":[100,100]},"sk":{"a":0,"k":0},"p":{"a":0,"k":[68.13,48.83]},"r":{"a":0,"k":0},"sa":{"a":0,"k":0},"o":{"a":0,"k":100}},"shapes":[{"ty":"sh","nm":"","d":1,"ks":{"a":0,"k":{"c":true,"i":[[0,0],[-0.23,-0.2],[-3.29,1.45],[-3.33,3.6],[1.97,0],[1.19,-2.11],[0.2,-0.42],[2.68,-0.41],[0.75,-0.41]],"o":[[0.25,0.27],[0.92,0.79],[2.85,-1.26],[-1.65,-1.4],[-3.56,0],[-0.22,0.39],[-0.89,1.84],[-0.96,0.15],[0,0]],"v":[[0,10.61],[0.74,11.33],[8.25,10.41],[20.35,1.92],[14.44,0],[7.72,4.35],[7.09,5.58],[2.58,9.75],[0,10.61]]}}},{"ty":"fl","nm":"","c":{"a":0,"k":[1,1,1]},"r":2,"o":{"a":0,"k":100}}],"ind":15},{"ty":4,"nm":"I","sr":1,"st":0,"op":61,"ip":0,"hasMask":false,"ao":0,"ks":{"a":{"a":0,"k":[8.35,3.95]},"s":{"a":0,"k":[100,100]},"sk":{"a":0,"k":0},"p":{"a":0,"k":[67.75,60.34]},"r":{"a":0,"k":0},"sa":{"a":0,"k":0},"o":{"a":0,"k":100}},"shapes":[{"ty":"sh","nm":"","d":1,"ks":{"a":0,"k":{"c":true,"i":[[0,0],[-1.31,0],[-4.02,3.49],[2.57,0],[1.28,-4.29]],"o":[[0.95,0.31],[3.52,0],[-1.82,-1.54],[-4.71,0],[0,0]],"v":[[0,7.42],[3.39,7.91],[16.71,2.47],[9.97,0],[0,7.42]]}}},{"ty":"fl","nm":"","c":{"a":0,"k":[0.945,0.298,0.298]},"r":2,"o":{"a":0,"k":100}}],"ind":16},{"ty":4,"nm":"V","sr":1,"st":0,"op":61,"ip":0,"hasMask":false,"ao":0,"ks":{"a":{"a":0,"k":[12.78,10.67]},"s":{"a":0,"k":[100,100]},"sk":{"a":0,"k":0},"p":{"a":0,"k":[67.78,53.62]},"r":{"a":0,"k":0},"sa":{"a":0,"k":0},"o":{"a":0,"k":100}},"shapes":[{"ty":"sh","nm":"","d":1,"ks":{"a":0,"k":{"c":true,"i":[[0,0],[0,3.03],[-3.29,0.51],[-1.19,2.11],[-3.56,0],[0,-5.53],[5.8,0]],"o":[[-5.53,0],[0,-2.64],[3.29,-0.51],[1.19,-2.11],[3.56,0],[0,8.83],[0,0]],"v":[[7.77,21.34],[0,15.15],[5.53,9.75],[10.67,4.35],[17.39,0],[25.56,7.25],[7.77,21.34]]}}},{"ty":"fl","nm":"","c":{"a":0,"k":[0.698,0.196,0.196]},"r":1,"o":{"a":0,"k":100}}],"ind":17},{"ty":4,"nm":"S","sr":1,"st":0,"op":61,"ip":0,"hasMask":false,"ao":0,"ks":{"a":{"a":0,"k":[7.21,7.19]},"s":{"a":0,"k":[100,100]},"sk":{"a":0,"k":0},"p":{"a":0,"k":[68.15,33.09]},"r":{"a":0,"k":0},"sa":{"a":0,"k":0},"o":{"a":0,"k":100}},"shapes":[{"ty":"sh","nm":"","d":1,"ks":{"a":0,"k":{"c":true,"i":[[0,0],[-0.82,-3.6],[0,0],[0,0],[0,0],[3.6,-0.82]],"o":[[-3.6,0.82],[0,0],[0,0],[0,0],[-0.82,-3.6],[0,0]],"v":[[5.2,0.17],[0.17,8.17],[1.59,14.38],[14.43,10.61],[13.2,5.2],[5.2,0.17]]}}},{"ty":"fl","nm":"","c":{"a":0,"k":[0.914,0.608,0.373]},"r":2,"o":{"a":0,"k":100}}],"ind":18},{"ty":4,"nm":"E","sr":1,"st":0,"op":61,"ip":0,"hasMask":false,"ao":0,"ks":{"a":{"a":0,"k":[3.29,3.29]},"s":{"a":0,"k":[100,100]},"sk":{"a":0,"k":0},"p":{"a":0,"k":[24.3,57.57]},"r":{"a":0,"k":0},"sa":{"a":0,"k":0},"o":{"a":0,"k":100}},"shapes":[{"ty":"sh","nm":"","d":1,"ks":{"a":0,"k":{"c":true,"i":[[0,0],[1.82,0],[0,1.82],[-1.82,0],[0,-1.82]],"o":[[0,1.82],[-1.82,0],[0,-1.82],[1.82,0],[0,0]],"v":[[6.59,3.29],[3.29,6.59],[0,3.29],[3.29,0],[6.59,3.29]]}}},{"ty":"fl","nm":"","c":{"a":0,"k":[0.784,0.412,0.008]},"r":1,"o":{"a":0,"k":100}}],"ind":19},{"ty":4,"nm":"E","sr":1,"st":0,"op":61,"ip":0,"hasMask":false,"ao":0,"ks":{"a":{"a":0,"k":[6.59,6.59]},"s":{"a":0,"k":[100,100]},"sk":{"a":0,"k":0},"p":{"a":0,"k":[23.91,52.17]},"r":{"a":0,"k":0},"sa":{"a":0,"k":0},"o":{"a":0,"k":100}},"shapes":[{"ty":"sh","nm":"","d":1,"ks":{"a":0,"k":{"c":true,"i":[[0,0],[3.64,0],[0,3.64],[-3.64,0],[0,-3.64]],"o":[[0,3.64],[-3.64,0],[0,-3.64],[3.64,0],[0,0]],"v":[[13.18,6.59],[6.59,13.18],[0,6.59],[6.59,0],[13.18,6.59]]}}},{"ty":"fl","nm":"","c":{"a":0,"k":[1,0.796,0.639]},"r":1,"o":{"a":0,"k":100}}],"ind":20},{"ty":4,"nm":"E","sr":1,"st":0,"op":61,"ip":0,"hasMask":false,"ao":0,"ks":{"a":{"a":0,"k":[6.59,6.59]},"s":{"a":0,"k":[100,100]},"sk":{"a":0,"k":0},"p":{"a":0,"k":[98.22,52.17]},"r":{"a":0,"k":0},"sa":{"a":0,"k":0},"o":{"a":0,"k":100}},"shapes":[{"ty":"sh","nm":"","d":1,"ks":{"a":0,"k":{"c":true,"i":[[0,0],[3.64,0],[0,3.64],[-3.64,0],[0,-3.64]],"o":[[0,3.64],[-3.64,0],[0,-3.64],[3.64,0],[0,0]],"v":[[13.18,6.59],[6.59,13.18],[0,6.59],[6.59,0],[13.18,6.59]]}}},{"ty":"fl","nm":"","c":{"a":0,"k":[1,0.796,0.639]},"r":1,"o":{"a":0,"k":100}}],"ind":21},{"ty":4,"nm":"V","sr":1,"st":0,"op":61,"ip":0,"hasMask":false,"ao":0,"ks":{"a":{"a":0,"k":[2.77,4.24]},"s":{"a":0,"k":[100,100]},"sk":{"a":0,"k":0},"p":{"a":0,"k":[59.62,44.75]},"r":{"a":0,"k":0},"sa":{"a":0,"k":0},"o":{"a":0,"k":100}},"shapes":[{"ty":"sh","nm":"","d":1,"ks":{"a":0,"k":{"c":true,"i":[[0,0],[-1.13,-2.01],[2.15,0],[-1.12,2],[-0.13,0]],"o":[[0.13,0],[1.12,2],[-2.15,0],[1.13,-2.01],[0,0]],"v":[[2.77,0],[5.13,3.93],[2.77,8.48],[0.41,3.93],[2.77,0]]}}},{"ty":"fl","nm":"","c":{"a":0,"k":[0.91,0.588,0.396]},"r":1,"o":{"a":0,"k":100}}],"ind":22},{"ty":4,"nm":"I","sr":1,"st":0,"op":61,"ip":0,"hasMask":false,"ao":0,"ks":{"a":{"a":0,"k":[9.22,9.35]},"s":{"a":0,"k":[100,100]},"sk":{"a":0,"k":0},"p":{"a":0,"k":[34.19,33.59]},"r":{"a":0,"k":0},"sa":{"a":0,"k":0},"o":{"a":0,"k":100}},"shapes":[{"ty":"sh","nm":"","d":1,"ks":{"a":0,"k":{"c":true,"i":[[0,0],[0,0],[6.69,0],[0,0],[-10.15,0.28]],"o":[[0,0],[0,6.69],[0,0],[0.14,-10.18],[0,0]],"v":[[18.44,0],[18.44,6.58],[6.32,18.7],[0,18.7],[18.44,0]]}}},{"ty":"fl","nm":"","c":{"a":0,"k":[0.839,0.773,0.726]},"r":2,"o":{"a":0,"k":100}}],"ind":23},{"ty":4,"nm":"I","sr":1,"st":0,"op":61,"ip":0,"hasMask":false,"ao":0,"ks":{"a":{"a":0,"k":[8.56,9.31]},"s":{"a":0,"k":[100,100]},"sk":{"a":0,"k":0},"p":{"a":0,"k":[89.39,33.64]},"r":{"a":0,"k":0},"sa":{"a":0,"k":0},"o":{"a":0,"k":100}},"shapes":[{"ty":"sh","nm":"","d":1,"ks":{"a":0,"k":{"c":true,"i":[[0,0],[0,0],[0,6.69],[0,0],[-0.13,-9.74]],"o":[[0,0],[-6.69,0],[0,0],[9.53,0.92],[0,0]],"v":[[17.13,18.62],[12.12,18.62],[0,6.5],[0,0],[17.13,18.62]]}}},{"ty":"fl","nm":"","c":{"a":0,"k":[0.839,0.773,0.726]},"r":2,"o":{"a":0,"k":100}}],"ind":24},{"ty":4,"nm":"R","sr":1,"st":0,"op":61,"ip":0,"hasMask":false,"ao":0,"ks":{"a":{"a":0,"k":[36.5,22.17]},"s":{"a":0,"k":[100,100]},"sk":{"a":0,"k":0},"p":{"a":0,"k":[61.46,46.4]},"r":{"a":0,"k":0},"sa":{"a":0,"k":0},"o":{"a":0,"k":100}},"shapes":[{"ty":"sh","nm":"","d":1,"ks":{"a":0,"k":{"c":true,"i":[[0,0],[-10.48,0],[0,0],[0,-10.48],[0,0],[5.82,-2.98],[18.99,10.02],[0,6.44],[0,0]],"o":[[0,-10.48],[0,0],[10.48,0],[0,0],[0,6.54],[-20.04,10.28],[-5.69,-3.01],[0,0],[0,0]],"v":[[0,18.97],[18.97,0],[54.02,0],[72.99,18.97],[72.99,20.98],[63.86,36.71],[8.9,36.74],[0,21.16],[0,18.97]]}}},{"ty":"fl","nm":"","c":{"a":0,"k":[1,0.796,0.639]},"r":1,"o":{"a":0,"k":100}}],"ind":25},{"ty":4,"nm":"I","sr":1,"st":0,"op":61,"ip":0,"hasMask":false,"ao":0,"ks":{"a":{"a":0,"k":[13.97,7.64]},"s":{"a":0,"k":[100,100]},"sk":{"a":0,"k":0},"p":{"a":0,"k":[60.01,79.31]},"r":{"a":0,"k":0},"sa":{"a":0,"k":0},"o":{"a":0,"k":100}},"shapes":[{"ty":"sh","nm":"","d":1,"ks":{"a":0,"k":{"c":true,"i":[[0,0],[0,0],[0,0],[0,0],[-4.01,0],[-3.78,-1.52]],"o":[[0,0],[0,0],[0,0],[3.45,-1.22],[4.51,0],[0,0]],"v":[[25.99,2.38],[27.93,15.28],[0,15.28],[2.16,1.9],[13.44,0],[25.99,2.38]]}}},{"ty":"fl","nm":"","c":{"a":0,"k":[1,1,1]},"r":2,"o":{"a":0,"k":100}}],"ind":26},{"ty":4,"nm":"S","sr":1,"st":0,"op":61,"ip":0,"hasMask":false,"ao":0,"ks":{"a":{"a":0,"k":[28.2,20.03]},"s":{"a":0,"k":[100,100]},"sk":{"a":0,"k":0},"p":{"a":0,"k":[59.48,91.69]},"r":{"a":0,"k":0},"sa":{"a":0,"k":0},"o":{"a":0,"k":100}},"shapes":[{"ty":"sh","nm":"","d":1,"ks":{"a":0,"k":{"c":true,"i":[[0,0],[0,4.35],[15.57,0],[0,-12.59],[-2.71,-3.5],[0,0],[0,0],[-3.92,1.23],[-0.19,0.05],[-0.88,0.51]],"o":[[2.62,-3.46],[0,-12.59],[-15.57,0],[0,4.43],[0,0],[0,0],[0.94,0],[1.02,-0.32],[0.18,-0.05],[0,0]],"v":[[52.26,34.68],[56.39,22.79],[28.2,0],[0,22.79],[4.27,34.86],[18.97,40.05],[35.31,40.05],[48.68,36.17],[50.6,35.57],[52.26,34.68]]}}},{"ty":"fl","nm":"","c":{"a":0,"k":[0.784,0.412,0.008]},"r":2,"o":{"a":0,"k":100}}],"ind":27},{"ty":4,"nm":"R","sr":1,"st":0,"op":61,"ip":0,"hasMask":false,"ao":0,"ks":{"a":{"a":0,"k":[13.97,12.65]},"s":{"a":0,"k":[100,100]},"sk":{"a":0,"k":0},"p":{"a":0,"k":[60.01,74.3]},"r":{"a":0,"k":0},"sa":{"a":0,"k":0},"o":{"a":0,"k":100}},"shapes":[{"ty":"sh","nm":"","d":1,"ks":{"a":0,"k":{"c":true,"i":[[0,0],[0,0],[0,0],[0,0],[0,0]],"o":[[0,0],[0,0],[0,0],[0,0],[0,0]],"v":[[4.08,0],[24.12,0],[27.93,25.3],[0,25.3],[4.08,0]]}}},{"ty":"fl","nm":"","c":{"a":0,"k":[1,0.796,0.639]},"r":1,"o":{"a":0,"k":100}}],"ind":28},{"ty":4,"nm":"V","sr":1,"st":0,"op":61,"ip":0,"hasMask":false,"ao":0,"ks":{"a":{"a":0,"k":[22.07,7.84]},"s":{"a":0,"k":[100,100]},"sk":{"a":0,"k":0},"p":{"a":0,"k":[55.86,9.15]},"r":{"a":0,"k":0},"sa":{"a":0,"k":0},"o":{"a":0,"k":100}},"shapes":[{"ty":"sh","nm":"","d":1,"ks":{"a":0,"k":{"c":true,"i":[[0,0],[1.27,-0.04],[0,0],[-0.74,0],[-0.26,0],[-3.12,1.19],[13.49,1.58]],"o":[[-13.49,-1.58],[0,0],[4.08,3.34],[0.92,0],[0.21,0],[-1.84,-2.5],[0,0]],"v":[[21.74,1.98],[2.37,0],[0,5.67],[13.18,15.68],[34.52,15.02],[44.14,11.47],[21.74,1.98]]}}},{"ty":"fl","nm":"","c":{"a":0,"k":[0.239,0.239,0.239]},"r":1,"o":{"a":0,"k":100}}],"ind":29},{"ty":4,"nm":"R","sr":1,"st":0,"op":61,"ip":0,"hasMask":false,"ao":0,"ks":{"a":{"a":0,"k":[26.91,12.85]},"s":{"a":0,"k":[100,100]},"sk":{"a":0,"k":0},"p":{"a":0,"k":[54.53,18.23]},"r":{"a":0,"k":12.17},"sa":{"a":0,"k":0},"o":{"a":0,"k":100}},"shapes":[{"ty":"sh","nm":"","d":1,"ks":{"a":0,"k":{"c":true,"i":[[0,-6.98],[0,0],[6.98,0],[0,0],[0,6.98],[0,0],[-6.98,0],[0,0]],"o":[[0,0],[0,6.98],[0,0],[-6.98,0],[0,0],[0,-6.98],[0,0],[6.98,0]],"v":[[53.82,12.65],[53.82,13.05],[41.17,25.7],[12.65,25.7],[0,13.05],[0,12.65],[12.65,0],[41.17,0]]}}},{"ty":"fl","nm":"","c":{"a":0,"k":[0.239,0.239,0.239]},"r":1,"o":{"a":0,"k":100}}],"ind":30},{"ty":0,"nm":"G","sr":1,"st":0,"op":61,"ip":0,"hasMask":false,"ao":0,"ks":{"a":{"a":0,"k":[57.05,60.26]},"s":{"a":0,"k":[100,100]},"sk":{"a":0,"k":0},"p":{"a":0,"k":[59.62,61.56]},"r":{"a":0,"k":0},"sa":{"a":0,"k":0},"o":{"a":0,"k":100}},"w":150,"h":150,"refId":"7","ind":31}]},{"nm":"[","id":"2","layers":[{"ty":4,"nm":"V","sr":1,"st":0,"op":61,"ip":0,"hasMask":false,"ao":0,"ks":{"a":{"a":0,"k":[2.11,1.12]},"s":{"a":0,"k":[100,100]},"sk":{"a":0,"k":0},"p":{"a":0,"k":[10.88,19.57]},"r":{"a":0,"k":0},"sa":{"a":0,"k":0},"o":{"a":0,"k":100}},"shapes":[{"ty":"sh","nm":"","d":1,"ks":{"a":0,"k":{"c":true,"i":[[0,0],[-0.97,-2.27],[-2.27,0.97],[0,0]],"o":[[-2.27,0.97],[0.97,2.27],[0,0],[0,0]],"v":[[-1.76,-1.88],[-4.12,4],[1.76,6.36],[-1.76,-1.88]]}}},{"ty":"sh","nm":"","d":1,"ks":{"a":0,"k":{"c":true,"i":[[0,0],[0,0],[0,0],[0,0],[0,0]],"o":[[0,0],[0,0],[0,0],[0,0],[0,0]],"v":[[2.24,1.19],[4.24,5.19],[4.4,5.12],[4.54,5.03],[2.24,1.19]]}}},{"ty":"sh","nm":"","d":1,"ks":{"a":0,"k":{"c":true,"i":[[0,0],[1.27,2.12],[2.12,-1.27],[0,0]],"o":[[2.12,-1.27],[-1.27,-2.12],[0,0],[0,0]],"v":[[6.52,3.84],[8.06,-2.3],[1.91,-3.84],[6.52,3.84]]}}},{"ty":"sh","nm":"","d":1,"ks":{"a":0,"k":{"c":true,"i":[[0,0],[-0.46,0.22],[-0.15,0.07],[-0.04,0.02],[-0.01,0.01],[0,0],[0,0],[0,0],[0,0],[0,0],[2,4.01],[0,0],[0,0],[0,0],[0,0],[0,0],[0,0],[0.02,-0.01],[0.06,-0.03],[0.21,-0.1],[0.37,-0.16],[0,0]],"o":[[0.55,-0.24],[0.24,-0.11],[0.07,-0.04],[0.02,-0.01],[0.01,0],[0,0],[0,0],[0,0],[0,0],[0,0],[-2,-4.01],[0,0],[0,0],[0,0],[0,0],[0,0],[-0.01,0],[-0.03,0.02],[-0.13,0.06],[-0.43,0.21],[0,0],[0,0]],"v":[[1.76,6.36],[3.41,5.6],[4,5.31],[4.17,5.23],[4.22,5.2],[4.24,5.2],[4.24,5.19],[4.24,5.19],[4.24,5.19],[4.24,5.19],[2.24,1.19],[0.24,-2.82],[0.24,-2.82],[0.24,-2.82],[0.24,-2.82],[0.24,-2.82],[0.23,-2.82],[0.19,-2.8],[0.04,-2.72],[-0.48,-2.47],[-1.76,-1.88],[1.76,6.36]]}}},{"ty":"sh","nm":"","d":1,"ks":{"a":0,"k":{"c":true,"i":[[0,0],[0,0],[0,0],[0,0],[0,0],[0,0],[0,0],[0,0],[0,0],[0,0],[0,0],[0,0],[0,0],[0,0],[0,0],[0,0],[0,0],[0,0],[0,0],[0,0],[0,0],[0,0],[0,0],[0,0],[0,0],[0,0],[0,0],[0,0],[0,0],[0,0],[0,0],[0,0],[0,0],[0,0],[0,0],[0,0],[0,0],[0,0],[0,0],[0,0],[0,0],[0,0],[0,0],[0,0],[0,0],[0,0],[0,0],[0,0],[0,0],[0,0],[0,0],[0,0],[0,0],[0,0],[0,0],[0,0],[0,0],[0,0],[0,0],[0,0],[0,0],[0,0],[0,0],[0,0],[0,0],[0,0],[0,0],[0,0],[0,0],[0,0],[0,0],[0,0],[0,0],[0,0],[0,0],[0,0],[0,0],[0,0],[0,0],[0,0],[0,0],[0,0],[0,0],[0,0],[0,0],[0,0],[0,0],[0,0],[0,0],[0,0],[0,0],[0,0],[0,0],[0,0],[0,0],[0,0],[0,0],[0,0],[0,0],[0,0],[0,0],[0,0],[0,0],[0,0],[0,0],[0,0],[0,0],[0,0],[0,0],[0,0],[0,0],[0,0],[0,0],[0,0],[0,0],[0,0],[0,0],[0,0],[0,0],[0,0],[0,0],[0,0],[0,0],[0,0],[0,0],[0,0],[0,0],[0,0],[0,0],[0,0],[0,0],[0,0],[0,0],[0,0],[0,0],[0,0],[0,0],[0,0],[0,0],[0,0],[0,0],[0,0],[0,0],[0,0],[0,0],[0,0],[0,0],[0,0],[0,0],[0,0],[0,0],[0,0],[0,0],[0,0],[0,0],[0,0],[0,0],[0,0],[0,0],[0,0],[0,0],[0,0],[0,0],[0,0],[0,0],[0,0],[0,0],[0,0],[0,0],[0,0],[0,0],[0,0],[0,0],[0,0],[0,0],[0,0],[0,0],[0,0],[0,0],[0,0],[0,0],[0,0],[0,0],[0,0],[0,0],[0,0],[0,0],[0,0],[0,0],[0,0],[0,0],[0,0],[0,0],[0,0],[0,0],[0,0],[0,0],[0,0],[0,0],[0,0],[0,0],[0,0],[0,0],[0,0],[0,0],[0,0],[0,0],[0,0],[0,0],[0,0],[0,0],[0,0],[0,0],[0,0],[0,0],[0,0],[0,0],[0,0],[0,0],[0,0],[0,0],[0,0],[0,0],[0,0],[0,0],[0,0],[0,0],[0,0],[0,0],[0,0],[0,0],[0,0],[0,0],[0,0],[0,0],[0,0],[0,0],[0,0],[0,0],[0,0],[0,0],[0,0],[0,0],[0,0],[0,0],[0,0],[0,0],[0,0],[0,0],[0,0],[0,0],[0,0],[0,0],[0,0],[0,0],[0,0],[0,0],[0,0],[0,0],[0,0],[0,0],[0,0],[0,0],[0,0],[0,0],[0,0],[0,0],[0,0],[0,0],[0,0],[0,0],[0,0],[0,0],[0,0],[0,0],[0,0],[0,0],[0,0],[0,0],[0,0],[0,0],[0,0],[0,0],[0,0],[0,0],[0,0],[0,0],[0,0],[0,0],[0,0],[0,0],[0,0],[0,0],[0,0],[0,0],[0,0],[0,0],[0,0],[0,0],[0,0],[0,0],[0,0],[0,0],[0,0],[0,0],[0,0],[0,0],[0,0],[0,0],[0,0],[0,0],[0,0],[0,0],[0,0],[0,0],[0,0],[0,0],[0,0],[0,0],[0,0],[0,0],[0,0],[0,0],[0,0],[0,0],[0,0],[0,0],[0,0],[0,0],[0,0],[0,0],[0,0],[0,0],[0,0],[0,0],[0,0],[0,0],[0,0],[0,0],[0,0],[0,0],[0,0],[0,0],[0,0],[0,0],[0,0],[0,0],[0,0],[0,0],[0,0],[0,0],[0,0],[0,0],[0,0],[0,0],[0,0],[0,0],[0,0],[0,0],[0,0],[0,0],[0,0],[0,0],[0,0],[0,0],[0,0],[0,0],[0,0],[0,0],[0,0],[0,0],[0,0],[0,0],[0,0],[0,0],[0,0],[0,0],[0,0],[0,0],[0,0],[0,0],[0,0],[0,0],[0,0],[0,0],[0,0],[0,0],[0,0],[0,0],[0,0],[0,0],[0,0],[0,0],[0,0],[0,0],[0,0],[0,0],[0,0],[0,0],[0,0],[0,0],[0,0],[0,0],[0,0],[0,0],[0,0],[0,0],[0,0],[0,0],[0,0],[0,0],[0,0],[0,0],[0,0],[0,0],[0,0],[0,0],[0,0],[0,0],[0,0],[0,0],[0,0],[0,0],[0,0],[0,0],[0,0],[0,0],[0,0],[0,0],[0,0],[0,0],[0,0],[0,0],[0,0],[0,0],[0,0],[0,0],[0,0],[0,0],[0,0],[0,0],[0,0],[0,0],[0,0],[0,0],[0,0],[0,0],[0,0],[0,0],[0,0],[0,0],[0,0],[0,0],[0,0],[0,0],[0,0],[0,0],[0,0],[0,0],[0,0],[0,0],[0,0],[0,0],[0,0],[0,0],[0,0],[0,0],[0,0],[0,0],[0,0],[0,0],[0,0],[0,0],[0,0],[0,0],[0,0],[0,0],[0,0],[0,0],[0,0],[0,0],[0,0],[0,0],[0,0],[0,0],[0,0],[0,0],[0,0],[0,0],[0,0],[0,0],[0,0],[0,0],[0,0],[0,0],[0,0],[0,0],[0,0],[0,0],[0,0],[0,0],[0,0],[0,0],[0,0],[0,0],[0,0],[0,0],[0,0],[0,0],[0,0],[0,0],[0,0],[0,0],[0,0],[0,0],[0,0],[0,0],[0,0],[0,0],[0,0],[0,0],[0,0],[0,0],[0,0],[0,0],[0,0],[0,0],[0,0],[0,0],[0,0],[0,0],[0,0],[0,0],[0,0],[0,0],[0,0],[0,0],[0,0],[0,0],[0,0],[0,0],[0,0],[0,0],[0,0],[0,0],[0,0],[0,0],[0,0],[0,0],[0,0],[0,0],[0,0],[0,0],[0,0],[0,0],[0,0],[0,0],[0,0],[0,0],[0,0],[0,0],[0,0],[0,0],[0,0],[0,0],[0,0],[0,0],[0,0],[0,0],[0,0],[0,0],[0,0],[0,0],[0,0],[0,0],[0,0],[0,0],[0,0],[0,0],[0,0],[0,0],[0,0],[0,0],[0,0],[0,0],[0,0],[0,0],[0,0],[0,0],[0,0],[0,0],[0,0],[0,0],[0,0],[0,0],[0,0],[0,0],[0,0],[0,0],[0,0],[0,0],[0,0],[0,0],[0,0],[0,0],[0,0],[0,0],[0,0],[0,0],[0,0],[0,0],[0,0],[0,0],[0,0],[0,0],[0,0],[0,0],[0,0],[0,0],[0,0],[0,0],[0,0],[0,0],[0,0],[0,0],[0,0],[0,0],[0,0],[0,0],[0,0],[0,0],[0,0],[0,0],[0,0],[0,0],[0,0],[0,0],[0,0],[0,0],[0,0],[0,0],[0,0],[0,0],[0,0],[0,0],[0,0],[0,0],[0,0],[0,0],[0,0],[0,0],[0,0],[0,0],[0,0],[0,0],[0,0],[0,0],[0,0],[0,0],[0,0],[0,0],[0,0],[0,0],[0,0],[0,0],[0,0],[0,0],[0,0],[0,0],[0,0],[0,0],[0,0],[0,0],[0,0],[0,0],[0,0],[0,0],[0,0],[0,0],[0,0],[0,0],[0,0],[0,0],[0,0],[0,0],[0,0],[0,0],[0,0],[0,0],[0,0],[0,0],[0,0],[0,0],[0,0],[0,0],[0,0],[0,0],[0,0],[0,0],[0,0],[0,0],[0,0],[0,0],[0,0],[0,0],[0,0],[0,0],[0,0],[0,0],[0,0],[0,0],[0,0],[0,0],[0,0],[0,0],[0,0],[0,0],[0,0],[0,0],[0,0],[0,0],[0,0],[0,0],[0,0],[0,0],[0,0],[0,0],[0,0],[0,0],[0,0],[0,0],[0,0],[0,0],[0,0],[0,0],[0,0],[0,0],[0,0],[0,0],[0,0],[0,0],[0,0],[0,0],[0,0],[0,0],[0,0],[0,0],[0,0],[0,0],[0,0],[0,0],[0,0],[0,0],[0,0],[0,0],[0,0],[0,0],[0,0],[0,0],[0,0],[0,0],[0,0],[0,0],[0,0],[0,0],[0,0],[0,0],[0,0],[0,0],[0,0],[0,0],[0,0],[0,0],[0,0],[0,0],[0,0],[0,0],[0,0],[0,0],[0,0],[0,0],[0,0],[0,0],[0,0],[0,0],[0,0],[0,0],[0,0],[0,0],[0,0],[0,0],[0,0],[0,0],[0,0],[0,0],[0,0],[0,0],[0,0],[0,0],[0,0],[0,0],[0,0],[0,0],[0,0],[0,0],[0,0],[0,0],[0,0],[0,0],[0,0],[0,0],[0,0],[0,0],[0,0],[0,0],[0,0],[0,0],[0,0],[0,0],[0,0],[0,0],[0,0],[0,0],[0,0],[0,0],[0,0],[0,0],[0,0],[0,0],[0,0],[0,0],[0,0],[0,0],[0,0],[0,0],[0,0],[0,0],[0,0],[0,0],[0,0],[0,0],[0,0],[0,0],[0,0],[0,0],[0,0],[0,0],[0,0],[0,0],[0,0],[0,0],[0,0],[0,0],[0,0],[0,0],[0,0],[0,0],[0,0],[0,0],[0,0],[0,0],[0,0],[0,0],[0,0],[0,0],[0,0],[0,0],[0,0],[0,0],[0,0],[0,0],[0,0],[0,0],[0,0],[0,0],[0,0],[0,0],[0,0],[0,0],[0,0],[0,0],[0,0],[0,0],[0,0],[0,0],[0,0],[0,0],[0,0],[0,0],[0,0],[0,0],[0,0],[0,0],[0,0],[0,0],[0,0],[0,0],[0,0],[0,0],[0,0],[0,0],[0,0],[0,0],[0,0],[0,0],[0,0],[0,0],[0,0],[0,0],[0,0],[0,0],[0,0],[0,0],[0,0],[0,0],[0,0],[0,0],[0,0],[0,0],[0,0],[0,0],[0,0],[0,0],[0,0],[0,0],[0,0],[0,0],[0,0],[0,0],[0,0],[0,0],[0,0],[0,0],[0,0],[0,0],[0,0],[0,0],[0,0],[0,0],[0,0],[0,0],[0,0],[0,0],[0,0],[0,0],[0,0],[0,0],[0,0],[0,0],[0,0],[0,0],[0,0],[0,0],[0,0],[0,0],[0,0],[0,0],[0,0],[0,0],[0,0],[0,0],[0,0],[0,0],[0,0],[0,0],[0,0],[0,0],[0,0],[0,0],[0,0],[0,0],[0,0],[0,0],[0,0],[0,0],[0,0],[0,0],[0,0],[0,0],[0,0],[0,0],[0,0],[0,0],[0,0],[0,0],[0,0],[0,0],[0,0],[0,0],[0,0],[0,0],[0,0],[0,0],[0,0],[0,0],[0,0],[0,0],[0,0],[0,0],[0,0],[0,0],[0,0],[0,0],[0,0],[0,0],[0,0],[0,0],[0,0],[0,0],[0,0],[0,0],[0,0],[0,0],[0,0],[0,0],[0,0],[0,0],[0,0],[0,0],[0,0],[0,0],[0,0],[0,0],[0,0],[0,0],[-2.3,-3.84]],"o":[[2.3,3.84],[0,0],[0,0],[0,0],[0,0],[0,0],[0,0],[0,0],[0,0],[0,0],[0,0],[0,0],[0,0],[0,0],[0,0],[0,0],[0,0],[0,0],[0,0],[0,0],[0,0],[0,0],[0,0],[0,0],[0,0],[0,0],[0,0],[0,0],[0,0],[0,0],[0,0],[0,0],[0,0],[0,0],[0,0],[0,0],[0,0],[0,0],[0,0],[0,0],[0,0],[0,0],[0,0],[0,0],[0,0],[0,0],[0,0],[0,0],[0,0],[0,0],[0,0],[0,0],[0,0],[0,0],[0,0],[0,0],[0,0],[0,0],[0,0],[0,0],[0,0],[0,0],[0,0],[0,0],[0,0],[0,0],[0,0],[0,0],[0,0],[0,0],[0,0],[0,0],[0,0],[0,0],[0,0],[0,0],[0,0],[0,0],[0,0],[0,0],[0,0],[0,0],[0,0],[0,0],[0,0],[0,0],[0,0],[0,0],[0,0],[0,0],[0,0],[0,0],[0,0],[0,0],[0,0],[0,0],[0,0],[0,0],[0,0],[0,0],[0,0],[0,0],[0,0],[0,0],[0,0],[0,0],[0,0],[0,0],[0,0],[0,0],[0,0],[0,0],[0,0],[0,0],[0,0],[0,0],[0,0],[0,0],[0,0],[0,0],[0,0],[0,0],[0,0],[0,0],[0,0],[0,0],[0,0],[0,0],[0,0],[0,0],[0,0],[0,0],[0,0],[0,0],[0,0],[0,0],[0,0],[0,0],[0,0],[0,0],[0,0],[0,0],[0,0],[0,0],[0,0],[0,0],[0,0],[0,0],[0,0],[0,0],[0,0],[0,0],[0,0],[0,0],[0,0],[0,0],[0,0],[0,0],[0,0],[0,0],[0,0],[0,0],[0,0],[0,0],[0,0],[0,0],[0,0],[0,0],[0,0],[0,0],[0,0],[0,0],[0,0],[0,0],[0,0],[0,0],[0,0],[0,0],[0,0],[0,0],[0,0],[0,0],[0,0],[0,0],[0,0],[0,0],[0,0],[0,0],[0,0],[0,0],[0,0],[0,0],[0,0],[0,0],[0,0],[0,0],[0,0],[0,0],[0,0],[0,0],[0,0],[0,0],[0,0],[0,0],[0,0],[0,0],[0,0],[0,0],[0,0],[0,0],[0,0],[0,0],[0,0],[0,0],[0,0],[0,0],[0,0],[0,0],[0,0],[0,0],[0,0],[0,0],[0,0],[0,0],[0,0],[0,0],[0,0],[0,0],[0,0],[0,0],[0,0],[0,0],[0,0],[0,0],[0,0],[0,0],[0,0],[0,0],[0,0],[0,0],[0,0],[0,0],[0,0],[0,0],[0,0],[0,0],[0,0],[0,0],[0,0],[0,0],[0,0],[0,0],[0,0],[0,0],[0,0],[0,0],[0,0],[0,0],[0,0],[0,0],[0,0],[0,0],[0,0],[0,0],[0,0],[0,0],[0,0],[0,0],[0,0],[0,0],[0,0],[0,0],[0,0],[0,0],[0,0],[0,0],[0,0],[0,0],[0,0],[0,0],[0,0],[0,0],[0,0],[0,0],[0,0],[0,0],[0,0],[0,0],[0,0],[0,0],[0,0],[0,0],[0,0],[0,0],[0,0],[0,0],[0,0],[0,0],[0,0],[0,0],[0,0],[0,0],[0,0],[0,0],[0,0],[0,0],[0,0],[0,0],[0,0],[0,0],[0,0],[0,0],[0,0],[0,0],[0,0],[0,0],[0,0],[0,0],[0,0],[0,0],[0,0],[0,0],[0,0],[0,0],[0,0],[0,0],[0,0],[0,0],[0,0],[0,0],[0,0],[0,0],[0,0],[0,0],[0,0],[0,0],[0,0],[0,0],[0,0],[0,0],[0,0],[0,0],[0,0],[0,0],[0,0],[0,0],[0,0],[0,0],[0,0],[0,0],[0,0],[0,0],[0,0],[0,0],[0,0],[0,0],[0,0],[0,0],[0,0],[0,0],[0,0],[0,0],[0,0],[0,0],[0,0],[0,0],[0,0],[0,0],[0,0],[0,0],[0,0],[0,0],[0,0],[0,0],[0,0],[0,0],[0,0],[0,0],[0,0],[0,0],[0,0],[0,0],[0,0],[0,0],[0,0],[0,0],[0,0],[0,0],[0,0],[0,0],[0,0],[0,0],[0,0],[0,0],[0,0],[0,0],[0,0],[0,0],[0,0],[0,0],[0,0],[0,0],[0,0],[0,0],[0,0],[0,0],[0,0],[0,0],[0,0],[0,0],[0,0],[0,0],[0,0],[0,0],[0,0],[0,0],[0,0],[0,0],[0,0],[0,0],[0,0],[0,0],[0,0],[0,0],[0,0],[0,0],[0,0],[0,0],[0,0],[0,0],[0,0],[0,0],[0,0],[0,0],[0,0],[0,0],[0,0],[0,0],[0,0],[0,0],[0,0],[0,0],[0,0],[0,0],[0,0],[0,0],[0,0],[0,0],[0,0],[0,0],[0,0],[0,0],[0,0],[0,0],[0,0],[0,0],[0,0],[0,0],[0,0],[0,0],[0,0],[0,0],[0,0],[0,0],[0,0],[0,0],[0,0],[0,0],[0,0],[0,0],[0,0],[0,0],[0,0],[0,0],[0,0],[0,0],[0,0],[0,0],[0,0],[0,0],[0,0],[0,0],[0,0],[0,0],[0,0],[0,0],[0,0],[0,0],[0,0],[0,0],[0,0],[0,0],[0,0],[0,0],[0,0],[0,0],[0,0],[0,0],[0,0],[0,0],[0,0],[0,0],[0,0],[0,0],[0,0],[0,0],[0,0],[0,0],[0,0],[0,0],[0,0],[0,0],[0,0],[0,0],[0,0],[0,0],[0,0],[0,0],[0,0],[0,0],[0,0],[0,0],[0,0],[0,0],[0,0],[0,0],[0,0],[0,0],[0,0],[0,0],[0,0],[0,0],[0,0],[0,0],[0,0],[0,0],[0,0],[0,0],[0,0],[0,0],[0,0],[0,0],[0,0],[0,0],[0,0],[0,0],[0,0],[0,0],[0,0],[0,0],[0,0],[0,0],[0,0],[0,0],[0,0],[0,0],[0,0],[0,0],[0,0],[0,0],[0,0],[0,0],[0,0],[0,0],[0,0],[0,0],[0,0],[0,0],[0,0],[0,0],[0,0],[0,0],[0,0],[0,0],[0,0],[0,0],[0,0],[0,0],[0,0],[0,0],[0,0],[0,0],[0,0],[0,0],[0,0],[0,0],[0,0],[0,0],[0,0],[0,0],[0,0],[0,0],[0,0],[0,0],[0,0],[0,0],[0,0],[0,0],[0,0],[0,0],[0,0],[0,0],[0,0],[0,0],[0,0],[0,0],[0,0],[0,0],[0,0],[0,0],[0,0],[0,0],[0,0],[0,0],[0,0],[0,0],[0,0],[0,0],[0,0],[0,0],[0,0],[0,0],[0,0],[0,0],[0,0],[0,0],[0,0],[0,0],[0,0],[0,0],[0,0],[0,0],[0,0],[0,0],[0,0],[0,0],[0,0],[0,0],[0,0],[0,0],[0,0],[0,0],[0,0],[0,0],[0,0],[0,0],[0,0],[0,0],[0,0],[0,0],[0,0],[0,0],[0,0],[0,0],[0,0],[0,0],[0,0],[0,0],[0,0],[0,0],[0,0],[0,0],[0,0],[0,0],[0,0],[0,0],[0,0],[0,0],[0,0],[0,0],[0,0],[0,0],[0,0],[0,0],[0,0],[0,0],[0,0],[0,0],[0,0],[0,0],[0,0],[0,0],[0,0],[0,0],[0,0],[0,0],[0,0],[0,0],[0,0],[0,0],[0,0],[0,0],[0,0],[0,0],[0,0],[0,0],[0,0],[0,0],[0,0],[0,0],[0,0],[0,0],[0,0],[0,0],[0,0],[0,0],[0,0],[0,0],[0,0],[0,0],[0,0],[0,0],[0,0],[0,0],[0,0],[0,0],[0,0],[0,0],[0,0],[0,0],[0,0],[0,0],[0,0],[0,0],[0,0],[0,0],[0,0],[0,0],[0,0],[0,0],[0,0],[0,0],[0,0],[0,0],[0,0],[0,0],[0,0],[0,0],[0,0],[0,0],[0,0],[0,0],[0,0],[0,0],[0,0],[0,0],[0,0],[0,0],[0,0],[0,0],[0,0],[0,0],[0,0],[0,0],[0,0],[0,0],[0,0],[0,0],[0,0],[0,0],[0,0],[0,0],[0,0],[0,0],[0,0],[0,0],[0,0],[0,0],[0,0],[0,0],[0,0],[0,0],[0,0],[0,0],[0,0],[0,0],[0,0],[0,0],[0,0],[0,0],[0,0],[0,0],[0,0],[0,0],[0,0],[0,0],[0,0],[0,0],[0,0],[0,0],[0,0],[0,0],[0,0],[0,0],[0,0],[0,0],[0,0],[0,0],[0,0],[0,0],[0,0],[0,0],[0,0],[0,0],[0,0],[0,0],[0,0],[0,0],[0,0],[0,0],[0,0],[0,0],[0,0],[0,0],[0,0],[0,0],[0,0],[0,0],[0,0],[0,0],[0,0],[0,0],[0,0],[0,0],[0,0],[0,0],[0,0],[0,0],[0,0],[0,0],[0,0],[0,0],[0,0],[0,0],[0,0],[0,0],[0,0],[0,0],[0,0],[0,0],[0,0],[0,0],[0,0],[0,0],[0,0],[0,0],[0,0],[0,0],[0,0],[0,0],[0,0],[0,0],[0,0],[0,0],[0,0],[0,0],[0,0],[0,0],[0,0],[0,0],[0,0],[0,0],[0,0],[0,0],[0,0],[0,0],[0,0],[0,0],[0,0],[0,0],[0,0],[0,0],[0,0],[0,0],[0,0],[0,0],[0,0],[0,0],[0,0],[0,0],[0,0],[0,0],[0,0],[0,0],[0,0],[0,0],[0,0],[0,0],[0,0],[0,0],[0,0],[0,0],[0,0],[0,0],[0,0],[0,0],[0,0],[0,0],[0,0],[0,0],[0,0],[0,0],[0,0],[0,0],[0,0],[0,0],[0,0],[0,0],[0,0],[0,0],[0,0],[0,0],[0,0],[0,0],[0,0],[0,0],[0,0],[0,0],[0,0],[0,0],[0,0],[0,0],[0,0],[0,0],[0,0],[0,0],[0,0],[0,0],[0,0],[0,0],[0,0],[0,0],[0,0],[0,0],[0,0],[0,0],[0,0],[0,0],[0,0],[0,0],[0,0],[0,0],[0,0],[0,0],[0,0],[0,0],[0,0],[0,0],[0,0],[0,0],[0,0],[0,0],[0,0],[0,0],[0,0],[0,0],[0,0],[0,0],[0,0],[0,0],[0,0],[0,0],[0,0],[0,0],[0,0],[0,0],[0,0],[0,0],[0,0],[0,0],[0,0],[0,0],[0,0],[0,0],[0,0],[0,0],[0,0],[0,0],[0,0],[0,0],[0,0],[0,0],[0,0],[0,0],[0,0],[0,0],[0,0],[0,0],[0,0],[0,0],[0,0],[0,0],[0,0],[0,0],[0,0],[0,0],[0,0],[0,0],[0,0],[0,0],[0,0],[0,0],[0,0],[0,0],[0,0],[0,0],[0,0],[0,0],[0,0],[0,0],[0,0],[0,0],[0,0],[0,0],[0,0],[0,0],[0,0],[0,0],[0,0],[0,0],[0,0],[0,0],[0,0],[0,0],[0,0],[0,0]],"v":[[2.24,1.19],[4.54,5.03],[4.54,5.03],[4.54,5.03],[4.54,5.03],[4.55,5.03],[4.55,5.03],[4.55,5.03],[4.55,5.03],[4.55,5.03],[4.55,5.03],[4.55,5.03],[4.55,5.03],[4.55,5.03],[4.55,5.03],[4.55,5.03],[4.55,5.02],[4.55,5.02],[4.55,5.02],[4.55,5.02],[4.55,5.02],[4.55,5.02],[4.55,5.02],[4.55,5.02],[4.55,5.02],[4.55,5.02],[4.55,5.02],[4.56,5.02],[4.56,5.02],[4.56,5.02],[4.56,5.02],[4.56,5.02],[4.56,5.02],[4.56,5.02],[4.56,5.02],[4.56,5.02],[4.56,5.02],[4.56,5.02],[4.57,5.01],[4.57,5.01],[4.57,5.01],[4.57,5.01],[4.57,5.01],[4.57,5.01],[4.57,5.01],[4.57,5.01],[4.58,5.01],[4.58,5.01],[4.58,5.01],[4.58,5.01],[4.58,5.01],[4.58,5],[4.58,5],[4.58,5],[4.59,5],[4.59,5],[4.59,5],[4.59,5],[4.59,5],[4.59,5],[4.6,5],[4.6,5],[4.6,4.99],[4.6,4.99],[4.6,4.99],[4.6,4.99],[4.61,4.99],[4.61,4.99],[4.61,4.99],[4.61,4.99],[4.61,4.99],[4.62,4.98],[4.62,4.98],[4.62,4.98],[4.62,4.98],[4.62,4.98],[4.63,4.98],[4.63,4.98],[4.63,4.98],[4.63,4.98],[4.63,4.97],[4.64,4.97],[4.64,4.97],[4.64,4.97],[4.64,4.97],[4.64,4.97],[4.65,4.97],[4.65,4.96],[4.65,4.96],[4.65,4.96],[4.66,4.96],[4.66,4.96],[4.66,4.96],[4.66,4.96],[4.67,4.95],[4.67,4.95],[4.67,4.95],[4.67,4.95],[4.68,4.95],[4.68,4.95],[4.68,4.95],[4.68,4.94],[4.69,4.94],[4.69,4.94],[4.69,4.94],[4.69,4.94],[4.7,4.94],[4.7,4.93],[4.7,4.93],[4.7,4.93],[4.71,4.93],[4.71,4.93],[4.71,4.93],[4.72,4.92],[4.72,4.92],[4.72,4.92],[4.72,4.92],[4.73,4.92],[4.73,4.92],[4.73,4.91],[4.74,4.91],[4.74,4.91],[4.74,4.91],[4.75,4.91],[4.75,4.9],[4.75,4.9],[4.75,4.9],[4.76,4.9],[4.76,4.9],[4.76,4.9],[4.77,4.89],[4.77,4.89],[4.77,4.89],[4.78,4.89],[4.78,4.89],[4.78,4.88],[4.79,4.88],[4.79,4.88],[4.79,4.88],[4.8,4.88],[4.8,4.87],[4.8,4.87],[4.81,4.87],[4.81,4.87],[4.81,4.87],[4.82,4.86],[4.82,4.86],[4.82,4.86],[4.83,4.86],[4.83,4.86],[4.83,4.85],[4.84,4.85],[4.84,4.85],[4.84,4.85],[4.85,4.84],[4.85,4.84],[4.86,4.84],[4.86,4.84],[4.86,4.84],[4.87,4.83],[4.87,4.83],[4.87,4.83],[4.88,4.83],[4.88,4.83],[4.89,4.82],[4.89,4.82],[4.89,4.82],[4.9,4.82],[4.9,4.81],[4.9,4.81],[4.91,4.81],[4.91,4.81],[4.92,4.8],[4.92,4.8],[4.92,4.8],[4.93,4.8],[4.93,4.8],[4.94,4.79],[4.94,4.79],[4.94,4.79],[4.95,4.79],[4.95,4.78],[4.96,4.78],[4.96,4.78],[4.96,4.78],[4.97,4.77],[4.97,4.77],[4.98,4.77],[4.98,4.77],[4.98,4.76],[4.99,4.76],[4.99,4.76],[5,4.76],[5,4.75],[5,4.75],[5.01,4.75],[5.01,4.75],[5.02,4.74],[5.02,4.74],[5.03,4.74],[5.03,4.74],[5.03,4.73],[5.04,4.73],[5.04,4.73],[5.05,4.73],[5.05,4.72],[5.06,4.72],[5.06,4.72],[5.06,4.72],[5.07,4.71],[5.07,4.71],[5.08,4.71],[5.08,4.7],[5.09,4.7],[5.09,4.7],[5.1,4.7],[5.1,4.69],[5.1,4.69],[5.11,4.69],[5.11,4.69],[5.12,4.68],[5.12,4.68],[5.13,4.68],[5.13,4.68],[5.14,4.67],[5.14,4.67],[5.14,4.67],[5.15,4.66],[5.15,4.66],[5.16,4.66],[5.16,4.66],[5.17,4.65],[5.17,4.65],[5.18,4.65],[5.18,4.65],[5.19,4.64],[5.19,4.64],[5.2,4.64],[5.2,4.63],[5.2,4.63],[5.21,4.63],[5.21,4.63],[5.22,4.62],[5.22,4.62],[5.23,4.62],[5.23,4.61],[5.24,4.61],[5.24,4.61],[5.25,4.61],[5.25,4.6],[5.26,4.6],[5.26,4.6],[5.27,4.59],[5.27,4.59],[5.28,4.59],[5.28,4.59],[5.29,4.58],[5.29,4.58],[5.3,4.58],[5.3,4.57],[5.31,4.57],[5.31,4.57],[5.31,4.57],[5.32,4.56],[5.32,4.56],[5.33,4.56],[5.33,4.55],[5.34,4.55],[5.34,4.55],[5.35,4.54],[5.35,4.54],[5.36,4.54],[5.36,4.54],[5.37,4.53],[5.37,4.53],[5.38,4.53],[5.38,4.52],[5.39,4.52],[5.39,4.52],[5.4,4.51],[5.4,4.51],[5.41,4.51],[5.41,4.51],[5.42,4.5],[5.42,4.5],[5.43,4.5],[5.43,4.49],[5.44,4.49],[5.44,4.49],[5.45,4.48],[5.45,4.48],[5.46,4.48],[5.46,4.48],[5.47,4.47],[5.47,4.47],[5.48,4.47],[5.48,4.46],[5.49,4.46],[5.49,4.46],[5.5,4.45],[5.5,4.45],[5.51,4.45],[5.51,4.45],[5.52,4.44],[5.52,4.44],[5.53,4.44],[5.53,4.43],[5.54,4.43],[5.54,4.43],[5.55,4.42],[5.56,4.42],[5.56,4.42],[5.57,4.41],[5.57,4.41],[5.58,4.41],[5.58,4.41],[5.59,4.4],[5.59,4.4],[5.6,4.4],[5.6,4.39],[5.61,4.39],[5.61,4.39],[5.62,4.38],[5.62,4.38],[5.63,4.38],[5.63,4.37],[5.64,4.37],[5.64,4.37],[5.65,4.37],[5.65,4.36],[5.66,4.36],[5.66,4.36],[5.67,4.35],[5.67,4.35],[5.68,4.35],[5.68,4.34],[5.69,4.34],[5.69,4.34],[5.7,4.33],[5.7,4.33],[5.71,4.33],[5.71,4.33],[5.72,4.32],[5.72,4.32],[5.73,4.32],[5.73,4.31],[5.74,4.31],[5.75,4.31],[5.75,4.3],[5.76,4.3],[5.76,4.3],[5.77,4.29],[5.77,4.29],[5.78,4.29],[5.78,4.29],[5.79,4.28],[5.79,4.28],[5.8,4.28],[5.8,4.27],[5.81,4.27],[5.81,4.27],[5.82,4.26],[5.82,4.26],[5.83,4.26],[5.83,4.25],[5.84,4.25],[5.84,4.25],[5.85,4.25],[5.85,4.24],[5.86,4.24],[5.86,4.24],[5.87,4.23],[5.87,4.23],[5.88,4.23],[5.88,4.22],[5.89,4.22],[5.89,4.22],[5.9,4.21],[5.9,4.21],[5.91,4.21],[5.91,4.21],[5.92,4.2],[5.92,4.2],[5.93,4.2],[5.93,4.19],[5.94,4.19],[5.94,4.19],[5.95,4.18],[5.95,4.18],[5.96,4.18],[5.96,4.18],[5.97,4.17],[5.97,4.17],[5.98,4.17],[5.98,4.16],[5.99,4.16],[5.99,4.16],[6,4.15],[6,4.15],[6.01,4.15],[6.01,4.15],[6.02,4.14],[6.02,4.14],[6.03,4.14],[6.03,4.13],[6.04,4.13],[6.04,4.13],[6.05,4.12],[6.05,4.12],[6.06,4.12],[6.06,4.12],[6.07,4.11],[6.07,4.11],[6.08,4.11],[6.08,4.1],[6.09,4.1],[6.09,4.1],[6.1,4.09],[6.1,4.09],[6.11,4.09],[6.11,4.09],[6.12,4.08],[6.12,4.08],[6.13,4.08],[6.13,4.07],[6.14,4.07],[6.14,4.07],[6.15,4.07],[6.15,4.06],[6.16,4.06],[6.16,4.06],[6.17,4.05],[6.17,4.05],[6.18,4.05],[6.18,4.05],[6.19,4.04],[6.19,4.04],[6.2,4.04],[6.2,4.03],[6.2,4.03],[6.21,4.03],[6.21,4.03],[6.22,4.02],[6.22,4.02],[6.23,4.02],[6.23,4.01],[6.24,4.01],[6.24,4.01],[6.25,4.01],[6.25,4],[6.26,4],[6.26,4],[6.27,3.99],[6.27,3.99],[6.27,3.99],[6.28,3.99],[6.28,3.98],[6.29,3.98],[6.29,3.98],[6.3,3.98],[6.3,3.97],[6.31,3.97],[6.31,3.97],[6.32,3.96],[6.32,3.96],[6.32,3.96],[6.33,3.96],[6.33,3.95],[6.34,3.95],[6.34,3.95],[6.35,3.95],[6.35,3.94],[6.36,3.94],[6.36,3.94],[6.36,3.94],[6.37,3.93],[6.37,3.93],[6.38,3.93],[6.38,3.93],[6.39,3.92],[6.39,3.92],[6.39,3.92],[6.4,3.91],[6.4,3.91],[6.41,3.91],[6.41,3.91],[6.42,3.9],[6.42,3.9],[6.42,3.9],[6.43,3.9],[6.43,3.89],[6.44,3.89],[6.44,3.89],[6.45,3.89],[6.45,3.88],[6.45,3.88],[6.46,3.88],[6.46,3.88],[6.47,3.87],[6.47,3.87],[6.47,3.87],[6.48,3.87],[6.48,3.86],[6.49,3.86],[6.49,3.86],[6.49,3.86],[6.5,3.86],[6.5,3.85],[6.51,3.85],[6.51,3.85],[6.51,3.85],[6.52,3.84],[6.52,3.84],[1.91,-3.84],[1.91,-3.84],[1.9,-3.84],[1.9,-3.83],[1.9,-3.83],[1.89,-3.83],[1.89,-3.83],[1.88,-3.82],[1.88,-3.82],[1.88,-3.82],[1.87,-3.82],[1.87,-3.82],[1.86,-3.81],[1.86,-3.81],[1.86,-3.81],[1.85,-3.81],[1.85,-3.8],[1.84,-3.8],[1.84,-3.8],[1.84,-3.8],[1.83,-3.79],[1.83,-3.79],[1.82,-3.79],[1.82,-3.79],[1.81,-3.78],[1.81,-3.78],[1.81,-3.78],[1.8,-3.78],[1.8,-3.77],[1.79,-3.77],[1.79,-3.77],[1.78,-3.77],[1.78,-3.76],[1.78,-3.76],[1.77,-3.76],[1.77,-3.76],[1.76,-3.75],[1.76,-3.75],[1.75,-3.75],[1.75,-3.74],[1.75,-3.74],[1.74,-3.74],[1.74,-3.74],[1.73,-3.73],[1.73,-3.73],[1.72,-3.73],[1.72,-3.73],[1.71,-3.72],[1.71,-3.72],[1.71,-3.72],[1.7,-3.72],[1.7,-3.71],[1.69,-3.71],[1.69,-3.71],[1.68,-3.7],[1.68,-3.7],[1.67,-3.7],[1.67,-3.7],[1.67,-3.69],[1.66,-3.69],[1.66,-3.69],[1.65,-3.69],[1.65,-3.68],[1.64,-3.68],[1.64,-3.68],[1.63,-3.67],[1.63,-3.67],[1.62,-3.67],[1.62,-3.67],[1.61,-3.66],[1.61,-3.66],[1.6,-3.66],[1.6,-3.65],[1.6,-3.65],[1.59,-3.65],[1.59,-3.65],[1.58,-3.64],[1.58,-3.64],[1.57,-3.64],[1.57,-3.63],[1.56,-3.63],[1.56,-3.63],[1.55,-3.63],[1.55,-3.62],[1.54,-3.62],[1.54,-3.62],[1.53,-3.61],[1.53,-3.61],[1.52,-3.61],[1.52,-3.61],[1.51,-3.6],[1.51,-3.6],[1.5,-3.6],[1.5,-3.59],[1.49,-3.59],[1.49,-3.59],[1.48,-3.59],[1.48,-3.58],[1.47,-3.58],[1.47,-3.58],[1.46,-3.57],[1.46,-3.57],[1.45,-3.57],[1.45,-3.56],[1.45,-3.56],[1.44,-3.56],[1.44,-3.56],[1.43,-3.55],[1.43,-3.55],[1.42,-3.55],[1.42,-3.54],[1.41,-3.54],[1.41,-3.54],[1.4,-3.53],[1.4,-3.53],[1.39,-3.53],[1.39,-3.53],[1.38,-3.52],[1.38,-3.52],[1.37,-3.52],[1.37,-3.51],[1.36,-3.51],[1.36,-3.51],[1.35,-3.5],[1.34,-3.5],[1.34,-3.5],[1.33,-3.5],[1.33,-3.49],[1.32,-3.49],[1.32,-3.49],[1.31,-3.48],[1.31,-3.48],[1.3,-3.48],[1.3,-3.47],[1.29,-3.47],[1.29,-3.47],[1.28,-3.46],[1.28,-3.46],[1.27,-3.46],[1.27,-3.46],[1.26,-3.45],[1.26,-3.45],[1.25,-3.45],[1.25,-3.44],[1.24,-3.44],[1.24,-3.44],[1.23,-3.43],[1.23,-3.43],[1.22,-3.43],[1.22,-3.43],[1.21,-3.42],[1.21,-3.42],[1.2,-3.42],[1.2,-3.41],[1.19,-3.41],[1.19,-3.41],[1.18,-3.4],[1.18,-3.4],[1.17,-3.4],[1.17,-3.39],[1.16,-3.39],[1.16,-3.39],[1.15,-3.39],[1.15,-3.38],[1.14,-3.38],[1.14,-3.38],[1.13,-3.37],[1.13,-3.37],[1.12,-3.37],[1.11,-3.36],[1.11,-3.36],[1.1,-3.36],[1.1,-3.35],[1.09,-3.35],[1.09,-3.35],[1.08,-3.34],[1.08,-3.34],[1.07,-3.34],[1.07,-3.34],[1.06,-3.33],[1.06,-3.33],[1.05,-3.33],[1.05,-3.32],[1.04,-3.32],[1.04,-3.32],[1.03,-3.31],[1.03,-3.31],[1.02,-3.31],[1.02,-3.3],[1.01,-3.3],[1.01,-3.3],[1,-3.3],[1,-3.29],[0.99,-3.29],[0.99,-3.29],[0.98,-3.28],[0.98,-3.28],[0.97,-3.28],[0.97,-3.27],[0.96,-3.27],[0.96,-3.27],[0.95,-3.26],[0.95,-3.26],[0.94,-3.26],[0.94,-3.26],[0.93,-3.25],[0.93,-3.25],[0.92,-3.25],[0.91,-3.24],[0.91,-3.24],[0.9,-3.24],[0.9,-3.23],[0.89,-3.23],[0.89,-3.23],[0.88,-3.23],[0.88,-3.22],[0.87,-3.22],[0.87,-3.22],[0.86,-3.21],[0.86,-3.21],[0.85,-3.21],[0.85,-3.2],[0.84,-3.2],[0.84,-3.2],[0.83,-3.19],[0.83,-3.19],[0.82,-3.19],[0.82,-3.19],[0.81,-3.18],[0.81,-3.18],[0.8,-3.18],[0.8,-3.17],[0.79,-3.17],[0.79,-3.17],[0.78,-3.16],[0.78,-3.16],[0.77,-3.16],[0.77,-3.16],[0.76,-3.15],[0.76,-3.15],[0.75,-3.15],[0.75,-3.14],[0.74,-3.14],[0.74,-3.14],[0.73,-3.14],[0.73,-3.13],[0.72,-3.13],[0.72,-3.13],[0.72,-3.12],[0.71,-3.12],[0.71,-3.12],[0.7,-3.11],[0.7,-3.11],[0.69,-3.11],[0.69,-3.11],[0.68,-3.1],[0.68,-3.1],[0.67,-3.1],[0.67,-3.09],[0.66,-3.09],[0.66,-3.09],[0.65,-3.09],[0.65,-3.08],[0.64,-3.08],[0.64,-3.08],[0.63,-3.07],[0.63,-3.07],[0.62,-3.07],[0.62,-3.07],[0.61,-3.06],[0.61,-3.06],[0.6,-3.06],[0.6,-3.05],[0.6,-3.05],[0.59,-3.05],[0.59,-3.05],[0.58,-3.04],[0.58,-3.04],[0.57,-3.04],[0.57,-3.03],[0.56,-3.03],[0.56,-3.03],[0.55,-3.03],[0.55,-3.02],[0.54,-3.02],[0.54,-3.02],[0.54,-3.02],[0.53,-3.01],[0.53,-3.01],[0.52,-3.01],[0.52,-3],[0.51,-3],[0.51,-3],[0.5,-3],[0.5,-2.99],[0.49,-2.99],[0.49,-2.99],[0.49,-2.99],[0.48,-2.98],[0.48,-2.98],[0.47,-2.98],[0.47,-2.98],[0.46,-2.97],[0.46,-2.97],[0.45,-2.97],[0.45,-2.96],[0.45,-2.96],[0.44,-2.96],[0.44,-2.96],[0.43,-2.95],[0.43,-2.95],[0.42,-2.95],[0.42,-2.95],[0.42,-2.94],[0.41,-2.94],[0.41,-2.94],[0.4,-2.94],[0.4,-2.93],[0.4,-2.93],[0.39,-2.93],[0.39,-2.93],[0.38,-2.92],[0.38,-2.92],[0.37,-2.92],[0.37,-2.92],[0.37,-2.91],[0.36,-2.91],[0.36,-2.91],[0.35,-2.91],[0.35,-2.9],[0.35,-2.9],[0.34,-2.9],[0.34,-2.9],[0.33,-2.89],[0.33,-2.89],[0.33,-2.89],[0.32,-2.89],[0.32,-2.89],[0.31,-2.88],[0.31,-2.88],[0.31,-2.88],[0.3,-2.88],[0.3,-2.87],[0.29,-2.87],[0.29,-2.87],[0.29,-2.87],[0.28,-2.86],[0.28,-2.86],[0.28,-2.86],[0.27,-2.86],[0.27,-2.86],[0.26,-2.85],[0.26,-2.85],[0.26,-2.85],[0.25,-2.85],[0.25,-2.84],[0.25,-2.84],[0.24,-2.84],[0.24,-2.84],[0.24,-2.84],[0.23,-2.83],[0.23,-2.83],[0.22,-2.83],[0.22,-2.83],[0.22,-2.83],[0.21,-2.82],[0.21,-2.82],[0.21,-2.82],[0.2,-2.82],[0.2,-2.81],[0.2,-2.81],[0.19,-2.81],[0.19,-2.81],[0.19,-2.81],[0.18,-2.8],[0.18,-2.8],[0.18,-2.8],[0.17,-2.8],[0.17,-2.8],[0.17,-2.79],[0.16,-2.79],[0.16,-2.79],[0.16,-2.79],[0.15,-2.79],[0.15,-2.79],[0.15,-2.78],[0.14,-2.78],[0.14,-2.78],[0.14,-2.78],[0.14,-2.78],[0.13,-2.77],[0.13,-2.77],[0.13,-2.77],[0.12,-2.77],[0.12,-2.77],[0.12,-2.77],[0.11,-2.76],[0.11,-2.76],[0.11,-2.76],[0.11,-2.76],[0.1,-2.76],[0.1,-2.75],[0.1,-2.75],[0.1,-2.75],[0.09,-2.75],[0.09,-2.75],[0.09,-2.75],[0.08,-2.75],[0.08,-2.74],[0.08,-2.74],[0.08,-2.74],[0.07,-2.74],[0.07,-2.74],[0.07,-2.74],[0.07,-2.73],[0.06,-2.73],[0.06,-2.73],[0.06,-2.73],[0.06,-2.73],[0.05,-2.73],[0.05,-2.73],[0.05,-2.72],[0.05,-2.72],[0.04,-2.72],[0.04,-2.72],[0.04,-2.72],[0.04,-2.72],[0.03,-2.72],[0.03,-2.71],[0.03,-2.71],[0.03,-2.71],[0.03,-2.71],[0.02,-2.71],[0.02,-2.71],[0.02,-2.71],[0.02,-2.71],[0.02,-2.7],[0.01,-2.7],[0.01,-2.7],[0.01,-2.7],[0.01,-2.7],[0.01,-2.7],[0,-2.7],[0,-2.7],[0,-2.69],[0,-2.69],[0,-2.69],[-0.01,-2.69],[-0.01,-2.69],[-0.01,-2.69],[-0.01,-2.69],[-0.01,-2.69],[-0.01,-2.69],[-0.02,-2.69],[-0.02,-2.68],[-0.02,-2.68],[-0.02,-2.68],[-0.02,-2.68],[-0.02,-2.68],[-0.02,-2.68],[-0.03,-2.68],[-0.03,-2.68],[-0.03,-2.68],[-0.03,-2.68],[-0.03,-2.68],[-0.03,-2.67],[-0.03,-2.67],[-0.04,-2.67],[-0.04,-2.67],[-0.04,-2.67],[-0.04,-2.67],[-0.04,-2.67],[-0.04,-2.67],[-0.04,-2.67],[-0.04,-2.67],[-0.05,-2.67],[-0.05,-2.67],[-0.05,-2.67],[-0.05,-2.67],[-0.05,-2.67],[-0.05,-2.66],[-0.05,-2.66],[-0.05,-2.66],[-0.05,-2.66],[-0.05,-2.66],[-0.05,-2.66],[-0.06,-2.66],[-0.06,-2.66],[-0.06,-2.66],[-0.06,-2.66],[-0.06,-2.66],[-0.06,-2.66],[-0.06,-2.66],[-0.06,-2.66],[-0.06,-2.66],[-0.06,-2.66],[-0.06,-2.66],[-0.06,-2.66],[-0.06,-2.66],[-0.06,-2.66],[-0.06,-2.66],[-0.06,-2.66],[-0.06,-2.66],[-0.06,-2.66],[-0.06,-2.66],[-0.06,-2.66],[-0.06,-2.66],[-0.06,-2.66],[-0.06,-2.66],[-0.06,-2.66],[-0.06,-2.66],[-0.06,-2.66],[2.24,1.19]]}}},{"ty":"fl","nm":"","c":{"a":0,"k":[1,0.796,0.639]},"r":1,"o":{"a":0,"k":100}}],"ind":1},{"ty":4,"nm":"S","sr":1,"st":0,"op":61,"ip":0,"hasMask":false,"ao":0,"ks":{"a":{"a":0,"k":[13.48,10.41]},"s":{"a":0,"k":[100,100]},"sk":{"a":0,"k":0},"p":{"a":0,"k":[13.48,10.41]},"r":{"a":0,"k":0},"sa":{"a":0,"k":0},"o":{"a":0,"k":100}},"shapes":[{"ty":"sh","nm":"","d":1,"ks":{"a":0,"k":{"c":true,"i":[[0,0],[0.4,5.27],[7.19,0],[1.06,-4.9],[-0.51,0.12],[-0.77,-3.33],[2.16,-1.37],[-2.33,0]],"o":[[7.19,0],[0,-10.41],[-6.43,0],[0.63,-0.17],[3.33,-0.77],[0.61,2.63],[1.89,0.86],[0,0]],"v":[[12.83,20.82],[26.95,10.41],[12.83,0],[0,8.62],[1.71,8.2],[9.14,12.84],[6.41,19.47],[12.83,20.82]]}}},{"ty":"fl","nm":"","c":{"a":0,"k":[1,0.796,0.639]},"r":2,"o":{"a":0,"k":100}}],"ind":2}]},{"nm":"[","id":"3","layers":[{"ty":4,"nm":"V","sr":1,"st":0,"op":61,"ip":0,"hasMask":false,"ao":0,"ks":{"a":{"a":0,"k":[2.11,1.12]},"s":{"a":0,"k":[100,100]},"sk":{"a":0,"k":0},"p":{"a":0,"k":[11.05,19.62]},"r":{"a":0,"k":0},"sa":{"a":0,"k":0},"o":{"a":0,"k":100}},"shapes":[{"ty":"sh","nm":"","d":1,"ks":{"a":0,"k":{"c":true,"i":[[0,0],[-0.97,-2.27],[-2.27,0.97],[0,0]],"o":[[-2.27,0.97],[0.97,2.27],[0,0],[0,0]],"v":[[-1.76,-1.88],[-4.12,4],[1.76,6.36],[-1.76,-1.88]]}}},{"ty":"sh","nm":"","d":1,"ks":{"a":0,"k":{"c":true,"i":[[0,0],[0,0],[0,0],[0,0],[0,0]],"o":[[0,0],[0,0],[0,0],[0,0],[0,0]],"v":[[2.24,1.19],[4.24,5.19],[4.4,5.12],[4.54,5.03],[2.24,1.19]]}}},{"ty":"sh","nm":"","d":1,"ks":{"a":0,"k":{"c":true,"i":[[0,0],[1.27,2.12],[2.12,-1.27],[0,0]],"o":[[2.12,-1.27],[-1.27,-2.12],[0,0],[0,0]],"v":[[6.52,3.84],[8.06,-2.3],[1.91,-3.84],[6.52,3.84]]}}},{"ty":"sh","nm":"","d":1,"ks":{"a":0,"k":{"c":true,"i":[[0,0],[-0.46,0.22],[-0.15,0.07],[-0.04,0.02],[-0.01,0.01],[0,0],[0,0],[0,0],[0,0],[0,0],[2,4.01],[0,0],[0,0],[0,0],[0,0],[0,0],[0,0],[0.02,-0.01],[0.06,-0.03],[0.21,-0.1],[0.37,-0.16],[0,0]],"o":[[0.55,-0.24],[0.24,-0.11],[0.07,-0.04],[0.02,-0.01],[0.01,0],[0,0],[0,0],[0,0],[0,0],[0,0],[-2,-4.01],[0,0],[0,0],[0,0],[0,0],[0,0],[-0.01,0],[-0.03,0.02],[-0.13,0.06],[-0.43,0.21],[0,0],[0,0]],"v":[[1.76,6.36],[3.41,5.6],[4,5.31],[4.17,5.23],[4.22,5.2],[4.24,5.2],[4.24,5.19],[4.24,5.19],[4.24,5.19],[4.24,5.19],[2.24,1.19],[0.24,-2.82],[0.24,-2.82],[0.24,-2.82],[0.24,-2.82],[0.24,-2.82],[0.23,-2.82],[0.19,-2.8],[0.04,-2.72],[-0.48,-2.47],[-1.76,-1.88],[1.76,6.36]]}}},{"ty":"sh","nm":"","d":1,"ks":{"a":0,"k":{"c":true,"i":[[0,0],[0,0],[0,0],[0,0],[0,0],[0,0],[0,0],[0,0],[0,0],[0,0],[0,0],[0,0],[0,0],[0,0],[0,0],[0,0],[0,0],[0,0],[0,0],[0,0],[0,0],[0,0],[0,0],[0,0],[0,0],[0,0],[0,0],[0,0],[0,0],[0,0],[0,0],[0,0],[0,0],[0,0],[0,0],[0,0],[0,0],[0,0],[0,0],[0,0],[0,0],[0,0],[0,0],[0,0],[0,0],[0,0],[0,0],[0,0],[0,0],[0,0],[0,0],[0,0],[0,0],[0,0],[0,0],[0,0],[0,0],[0,0],[0,0],[0,0],[0,0],[0,0],[0,0],[0,0],[0,0],[0,0],[0,0],[0,0],[0,0],[0,0],[0,0],[0,0],[0,0],[0,0],[0,0],[0,0],[0,0],[0,0],[0,0],[0,0],[0,0],[0,0],[0,0],[0,0],[0,0],[0,0],[0,0],[0,0],[0,0],[0,0],[0,0],[0,0],[0,0],[0,0],[0,0],[0,0],[0,0],[0,0],[0,0],[0,0],[0,0],[0,0],[0,0],[0,0],[0,0],[0,0],[0,0],[0,0],[0,0],[0,0],[0,0],[0,0],[0,0],[0,0],[0,0],[0,0],[0,0],[0,0],[0,0],[0,0],[0,0],[0,0],[0,0],[0,0],[0,0],[0,0],[0,0],[0,0],[0,0],[0,0],[0,0],[0,0],[0,0],[0,0],[0,0],[0,0],[0,0],[0,0],[0,0],[0,0],[0,0],[0,0],[0,0],[0,0],[0,0],[0,0],[0,0],[0,0],[0,0],[0,0],[0,0],[0,0],[0,0],[0,0],[0,0],[0,0],[0,0],[0,0],[0,0],[0,0],[0,0],[0,0],[0,0],[0,0],[0,0],[0,0],[0,0],[0,0],[0,0],[0,0],[0,0],[0,0],[0,0],[0,0],[0,0],[0,0],[0,0],[0,0],[0,0],[0,0],[0,0],[0,0],[0,0],[0,0],[0,0],[0,0],[0,0],[0,0],[0,0],[0,0],[0,0],[0,0],[0,0],[0,0],[0,0],[0,0],[0,0],[0,0],[0,0],[0,0],[0,0],[0,0],[0,0],[0,0],[0,0],[0,0],[0,0],[0,0],[0,0],[0,0],[0,0],[0,0],[0,0],[0,0],[0,0],[0,0],[0,0],[0,0],[0,0],[0,0],[0,0],[0,0],[0,0],[0,0],[0,0],[0,0],[0,0],[0,0],[0,0],[0,0],[0,0],[0,0],[0,0],[0,0],[0,0],[0,0],[0,0],[0,0],[0,0],[0,0],[0,0],[0,0],[0,0],[0,0],[0,0],[0,0],[0,0],[0,0],[0,0],[0,0],[0,0],[0,0],[0,0],[0,0],[0,0],[0,0],[0,0],[0,0],[0,0],[0,0],[0,0],[0,0],[0,0],[0,0],[0,0],[0,0],[0,0],[0,0],[0,0],[0,0],[0,0],[0,0],[0,0],[0,0],[0,0],[0,0],[0,0],[0,0],[0,0],[0,0],[0,0],[0,0],[0,0],[0,0],[0,0],[0,0],[0,0],[0,0],[0,0],[0,0],[0,0],[0,0],[0,0],[0,0],[0,0],[0,0],[0,0],[0,0],[0,0],[0,0],[0,0],[0,0],[0,0],[0,0],[0,0],[0,0],[0,0],[0,0],[0,0],[0,0],[0,0],[0,0],[0,0],[0,0],[0,0],[0,0],[0,0],[0,0],[0,0],[0,0],[0,0],[0,0],[0,0],[0,0],[0,0],[0,0],[0,0],[0,0],[0,0],[0,0],[0,0],[0,0],[0,0],[0,0],[0,0],[0,0],[0,0],[0,0],[0,0],[0,0],[0,0],[0,0],[0,0],[0,0],[0,0],[0,0],[0,0],[0,0],[0,0],[0,0],[0,0],[0,0],[0,0],[0,0],[0,0],[0,0],[0,0],[0,0],[0,0],[0,0],[0,0],[0,0],[0,0],[0,0],[0,0],[0,0],[0,0],[0,0],[0,0],[0,0],[0,0],[0,0],[0,0],[0,0],[0,0],[0,0],[0,0],[0,0],[0,0],[0,0],[0,0],[0,0],[0,0],[0,0],[0,0],[0,0],[0,0],[0,0],[0,0],[0,0],[0,0],[0,0],[0,0],[0,0],[0,0],[0,0],[0,0],[0,0],[0,0],[0,0],[0,0],[0,0],[0,0],[0,0],[0,0],[0,0],[0,0],[0,0],[0,0],[0,0],[0,0],[0,0],[0,0],[0,0],[0,0],[0,0],[0,0],[0,0],[0,0],[0,0],[0,0],[0,0],[0,0],[0,0],[0,0],[0,0],[0,0],[0,0],[0,0],[0,0],[0,0],[0,0],[0,0],[0,0],[0,0],[0,0],[0,0],[0,0],[0,0],[0,0],[0,0],[0,0],[0,0],[0,0],[0,0],[0,0],[0,0],[0,0],[0,0],[0,0],[0,0],[0,0],[0,0],[0,0],[0,0],[0,0],[0,0],[0,0],[0,0],[0,0],[0,0],[0,0],[0,0],[0,0],[0,0],[0,0],[0,0],[0,0],[0,0],[0,0],[0,0],[0,0],[0,0],[0,0],[0,0],[0,0],[0,0],[0,0],[0,0],[0,0],[0,0],[0,0],[0,0],[0,0],[0,0],[0,0],[0,0],[0,0],[0,0],[0,0],[0,0],[0,0],[0,0],[0,0],[0,0],[0,0],[0,0],[0,0],[0,0],[0,0],[0,0],[0,0],[0,0],[0,0],[0,0],[0,0],[0,0],[0,0],[0,0],[0,0],[0,0],[0,0],[0,0],[0,0],[0,0],[0,0],[0,0],[0,0],[0,0],[0,0],[0,0],[0,0],[0,0],[0,0],[0,0],[0,0],[0,0],[0,0],[0,0],[0,0],[0,0],[0,0],[0,0],[0,0],[0,0],[0,0],[0,0],[0,0],[0,0],[0,0],[0,0],[0,0],[0,0],[0,0],[0,0],[0,0],[0,0],[0,0],[0,0],[0,0],[0,0],[0,0],[0,0],[0,0],[0,0],[0,0],[0,0],[0,0],[0,0],[0,0],[0,0],[0,0],[0,0],[0,0],[0,0],[0,0],[0,0],[0,0],[0,0],[0,0],[0,0],[0,0],[0,0],[0,0],[0,0],[0,0],[0,0],[0,0],[0,0],[0,0],[0,0],[0,0],[0,0],[0,0],[0,0],[0,0],[0,0],[0,0],[0,0],[0,0],[0,0],[0,0],[0,0],[0,0],[0,0],[0,0],[0,0],[0,0],[0,0],[0,0],[0,0],[0,0],[0,0],[0,0],[0,0],[0,0],[0,0],[0,0],[0,0],[0,0],[0,0],[0,0],[0,0],[0,0],[0,0],[0,0],[0,0],[0,0],[0,0],[0,0],[0,0],[0,0],[0,0],[0,0],[0,0],[0,0],[0,0],[0,0],[0,0],[0,0],[0,0],[0,0],[0,0],[0,0],[0,0],[0,0],[0,0],[0,0],[0,0],[0,0],[0,0],[0,0],[0,0],[0,0],[0,0],[0,0],[0,0],[0,0],[0,0],[0,0],[0,0],[0,0],[0,0],[0,0],[0,0],[0,0],[0,0],[0,0],[0,0],[0,0],[0,0],[0,0],[0,0],[0,0],[0,0],[0,0],[0,0],[0,0],[0,0],[0,0],[0,0],[0,0],[0,0],[0,0],[0,0],[0,0],[0,0],[0,0],[0,0],[0,0],[0,0],[0,0],[0,0],[0,0],[0,0],[0,0],[0,0],[0,0],[0,0],[0,0],[0,0],[0,0],[0,0],[0,0],[0,0],[0,0],[0,0],[0,0],[0,0],[0,0],[0,0],[0,0],[0,0],[0,0],[0,0],[0,0],[0,0],[0,0],[0,0],[0,0],[0,0],[0,0],[0,0],[0,0],[0,0],[0,0],[0,0],[0,0],[0,0],[0,0],[0,0],[0,0],[0,0],[0,0],[0,0],[0,0],[0,0],[0,0],[0,0],[0,0],[0,0],[0,0],[0,0],[0,0],[0,0],[0,0],[0,0],[0,0],[0,0],[0,0],[0,0],[0,0],[0,0],[0,0],[0,0],[0,0],[0,0],[0,0],[0,0],[0,0],[0,0],[0,0],[0,0],[0,0],[0,0],[0,0],[0,0],[0,0],[0,0],[0,0],[0,0],[0,0],[0,0],[0,0],[0,0],[0,0],[0,0],[0,0],[0,0],[0,0],[0,0],[0,0],[0,0],[0,0],[0,0],[0,0],[0,0],[0,0],[0,0],[0,0],[0,0],[0,0],[0,0],[0,0],[0,0],[0,0],[0,0],[0,0],[0,0],[0,0],[0,0],[0,0],[0,0],[0,0],[0,0],[0,0],[0,0],[0,0],[0,0],[0,0],[0,0],[0,0],[0,0],[0,0],[0,0],[0,0],[0,0],[0,0],[0,0],[0,0],[0,0],[0,0],[0,0],[0,0],[0,0],[0,0],[0,0],[0,0],[0,0],[0,0],[0,0],[0,0],[0,0],[0,0],[0,0],[0,0],[0,0],[0,0],[0,0],[0,0],[0,0],[0,0],[0,0],[0,0],[0,0],[0,0],[0,0],[0,0],[0,0],[0,0],[0,0],[0,0],[0,0],[0,0],[0,0],[0,0],[0,0],[0,0],[0,0],[0,0],[0,0],[0,0],[0,0],[0,0],[0,0],[0,0],[0,0],[0,0],[0,0],[0,0],[0,0],[0,0],[0,0],[0,0],[0,0],[0,0],[0,0],[0,0],[0,0],[0,0],[0,0],[0,0],[0,0],[0,0],[0,0],[0,0],[0,0],[0,0],[0,0],[0,0],[0,0],[0,0],[0,0],[0,0],[0,0],[0,0],[0,0],[0,0],[0,0],[0,0],[0,0],[0,0],[0,0],[0,0],[0,0],[0,0],[0,0],[0,0],[0,0],[0,0],[0,0],[0,0],[0,0],[0,0],[0,0],[0,0],[0,0],[0,0],[0,0],[0,0],[0,0],[0,0],[0,0],[0,0],[0,0],[0,0],[0,0],[0,0],[0,0],[0,0],[0,0],[0,0],[0,0],[0,0],[0,0],[0,0],[0,0],[0,0],[0,0],[0,0],[0,0],[0,0],[0,0],[0,0],[0,0],[0,0],[0,0],[0,0],[0,0],[0,0],[0,0],[0,0],[0,0],[0,0],[0,0],[0,0],[0,0],[0,0],[0,0],[0,0],[0,0],[0,0],[0,0],[0,0],[0,0],[0,0],[0,0],[0,0],[0,0],[0,0],[0,0],[0,0],[0,0],[0,0],[0,0],[0,0],[0,0],[0,0],[0,0],[0,0],[0,0],[0,0],[0,0],[0,0],[0,0],[0,0],[0,0],[0,0],[0,0],[0,0],[0,0],[0,0],[0,0],[0,0],[0,0],[0,0],[0,0],[0,0],[0,0],[0,0],[0,0],[0,0],[0,0],[0,0],[0,0],[0,0],[0,0],[0,0],[0,0],[0,0],[0,0],[0,0],[0,0],[0,0],[0,0],[0,0],[0,0],[0,0],[0,0],[0,0],[0,0],[0,0],[0,0],[0,0],[0,0],[0,0],[0,0],[0,0],[0,0],[0,0],[0,0],[0,0],[0,0],[0,0],[0,0],[-2.3,-3.84]],"o":[[2.3,3.84],[0,0],[0,0],[0,0],[0,0],[0,0],[0,0],[0,0],[0,0],[0,0],[0,0],[0,0],[0,0],[0,0],[0,0],[0,0],[0,0],[0,0],[0,0],[0,0],[0,0],[0,0],[0,0],[0,0],[0,0],[0,0],[0,0],[0,0],[0,0],[0,0],[0,0],[0,0],[0,0],[0,0],[0,0],[0,0],[0,0],[0,0],[0,0],[0,0],[0,0],[0,0],[0,0],[0,0],[0,0],[0,0],[0,0],[0,0],[0,0],[0,0],[0,0],[0,0],[0,0],[0,0],[0,0],[0,0],[0,0],[0,0],[0,0],[0,0],[0,0],[0,0],[0,0],[0,0],[0,0],[0,0],[0,0],[0,0],[0,0],[0,0],[0,0],[0,0],[0,0],[0,0],[0,0],[0,0],[0,0],[0,0],[0,0],[0,0],[0,0],[0,0],[0,0],[0,0],[0,0],[0,0],[0,0],[0,0],[0,0],[0,0],[0,0],[0,0],[0,0],[0,0],[0,0],[0,0],[0,0],[0,0],[0,0],[0,0],[0,0],[0,0],[0,0],[0,0],[0,0],[0,0],[0,0],[0,0],[0,0],[0,0],[0,0],[0,0],[0,0],[0,0],[0,0],[0,0],[0,0],[0,0],[0,0],[0,0],[0,0],[0,0],[0,0],[0,0],[0,0],[0,0],[0,0],[0,0],[0,0],[0,0],[0,0],[0,0],[0,0],[0,0],[0,0],[0,0],[0,0],[0,0],[0,0],[0,0],[0,0],[0,0],[0,0],[0,0],[0,0],[0,0],[0,0],[0,0],[0,0],[0,0],[0,0],[0,0],[0,0],[0,0],[0,0],[0,0],[0,0],[0,0],[0,0],[0,0],[0,0],[0,0],[0,0],[0,0],[0,0],[0,0],[0,0],[0,0],[0,0],[0,0],[0,0],[0,0],[0,0],[0,0],[0,0],[0,0],[0,0],[0,0],[0,0],[0,0],[0,0],[0,0],[0,0],[0,0],[0,0],[0,0],[0,0],[0,0],[0,0],[0,0],[0,0],[0,0],[0,0],[0,0],[0,0],[0,0],[0,0],[0,0],[0,0],[0,0],[0,0],[0,0],[0,0],[0,0],[0,0],[0,0],[0,0],[0,0],[0,0],[0,0],[0,0],[0,0],[0,0],[0,0],[0,0],[0,0],[0,0],[0,0],[0,0],[0,0],[0,0],[0,0],[0,0],[0,0],[0,0],[0,0],[0,0],[0,0],[0,0],[0,0],[0,0],[0,0],[0,0],[0,0],[0,0],[0,0],[0,0],[0,0],[0,0],[0,0],[0,0],[0,0],[0,0],[0,0],[0,0],[0,0],[0,0],[0,0],[0,0],[0,0],[0,0],[0,0],[0,0],[0,0],[0,0],[0,0],[0,0],[0,0],[0,0],[0,0],[0,0],[0,0],[0,0],[0,0],[0,0],[0,0],[0,0],[0,0],[0,0],[0,0],[0,0],[0,0],[0,0],[0,0],[0,0],[0,0],[0,0],[0,0],[0,0],[0,0],[0,0],[0,0],[0,0],[0,0],[0,0],[0,0],[0,0],[0,0],[0,0],[0,0],[0,0],[0,0],[0,0],[0,0],[0,0],[0,0],[0,0],[0,0],[0,0],[0,0],[0,0],[0,0],[0,0],[0,0],[0,0],[0,0],[0,0],[0,0],[0,0],[0,0],[0,0],[0,0],[0,0],[0,0],[0,0],[0,0],[0,0],[0,0],[0,0],[0,0],[0,0],[0,0],[0,0],[0,0],[0,0],[0,0],[0,0],[0,0],[0,0],[0,0],[0,0],[0,0],[0,0],[0,0],[0,0],[0,0],[0,0],[0,0],[0,0],[0,0],[0,0],[0,0],[0,0],[0,0],[0,0],[0,0],[0,0],[0,0],[0,0],[0,0],[0,0],[0,0],[0,0],[0,0],[0,0],[0,0],[0,0],[0,0],[0,0],[0,0],[0,0],[0,0],[0,0],[0,0],[0,0],[0,0],[0,0],[0,0],[0,0],[0,0],[0,0],[0,0],[0,0],[0,0],[0,0],[0,0],[0,0],[0,0],[0,0],[0,0],[0,0],[0,0],[0,0],[0,0],[0,0],[0,0],[0,0],[0,0],[0,0],[0,0],[0,0],[0,0],[0,0],[0,0],[0,0],[0,0],[0,0],[0,0],[0,0],[0,0],[0,0],[0,0],[0,0],[0,0],[0,0],[0,0],[0,0],[0,0],[0,0],[0,0],[0,0],[0,0],[0,0],[0,0],[0,0],[0,0],[0,0],[0,0],[0,0],[0,0],[0,0],[0,0],[0,0],[0,0],[0,0],[0,0],[0,0],[0,0],[0,0],[0,0],[0,0],[0,0],[0,0],[0,0],[0,0],[0,0],[0,0],[0,0],[0,0],[0,0],[0,0],[0,0],[0,0],[0,0],[0,0],[0,0],[0,0],[0,0],[0,0],[0,0],[0,0],[0,0],[0,0],[0,0],[0,0],[0,0],[0,0],[0,0],[0,0],[0,0],[0,0],[0,0],[0,0],[0,0],[0,0],[0,0],[0,0],[0,0],[0,0],[0,0],[0,0],[0,0],[0,0],[0,0],[0,0],[0,0],[0,0],[0,0],[0,0],[0,0],[0,0],[0,0],[0,0],[0,0],[0,0],[0,0],[0,0],[0,0],[0,0],[0,0],[0,0],[0,0],[0,0],[0,0],[0,0],[0,0],[0,0],[0,0],[0,0],[0,0],[0,0],[0,0],[0,0],[0,0],[0,0],[0,0],[0,0],[0,0],[0,0],[0,0],[0,0],[0,0],[0,0],[0,0],[0,0],[0,0],[0,0],[0,0],[0,0],[0,0],[0,0],[0,0],[0,0],[0,0],[0,0],[0,0],[0,0],[0,0],[0,0],[0,0],[0,0],[0,0],[0,0],[0,0],[0,0],[0,0],[0,0],[0,0],[0,0],[0,0],[0,0],[0,0],[0,0],[0,0],[0,0],[0,0],[0,0],[0,0],[0,0],[0,0],[0,0],[0,0],[0,0],[0,0],[0,0],[0,0],[0,0],[0,0],[0,0],[0,0],[0,0],[0,0],[0,0],[0,0],[0,0],[0,0],[0,0],[0,0],[0,0],[0,0],[0,0],[0,0],[0,0],[0,0],[0,0],[0,0],[0,0],[0,0],[0,0],[0,0],[0,0],[0,0],[0,0],[0,0],[0,0],[0,0],[0,0],[0,0],[0,0],[0,0],[0,0],[0,0],[0,0],[0,0],[0,0],[0,0],[0,0],[0,0],[0,0],[0,0],[0,0],[0,0],[0,0],[0,0],[0,0],[0,0],[0,0],[0,0],[0,0],[0,0],[0,0],[0,0],[0,0],[0,0],[0,0],[0,0],[0,0],[0,0],[0,0],[0,0],[0,0],[0,0],[0,0],[0,0],[0,0],[0,0],[0,0],[0,0],[0,0],[0,0],[0,0],[0,0],[0,0],[0,0],[0,0],[0,0],[0,0],[0,0],[0,0],[0,0],[0,0],[0,0],[0,0],[0,0],[0,0],[0,0],[0,0],[0,0],[0,0],[0,0],[0,0],[0,0],[0,0],[0,0],[0,0],[0,0],[0,0],[0,0],[0,0],[0,0],[0,0],[0,0],[0,0],[0,0],[0,0],[0,0],[0,0],[0,0],[0,0],[0,0],[0,0],[0,0],[0,0],[0,0],[0,0],[0,0],[0,0],[0,0],[0,0],[0,0],[0,0],[0,0],[0,0],[0,0],[0,0],[0,0],[0,0],[0,0],[0,0],[0,0],[0,0],[0,0],[0,0],[0,0],[0,0],[0,0],[0,0],[0,0],[0,0],[0,0],[0,0],[0,0],[0,0],[0,0],[0,0],[0,0],[0,0],[0,0],[0,0],[0,0],[0,0],[0,0],[0,0],[0,0],[0,0],[0,0],[0,0],[0,0],[0,0],[0,0],[0,0],[0,0],[0,0],[0,0],[0,0],[0,0],[0,0],[0,0],[0,0],[0,0],[0,0],[0,0],[0,0],[0,0],[0,0],[0,0],[0,0],[0,0],[0,0],[0,0],[0,0],[0,0],[0,0],[0,0],[0,0],[0,0],[0,0],[0,0],[0,0],[0,0],[0,0],[0,0],[0,0],[0,0],[0,0],[0,0],[0,0],[0,0],[0,0],[0,0],[0,0],[0,0],[0,0],[0,0],[0,0],[0,0],[0,0],[0,0],[0,0],[0,0],[0,0],[0,0],[0,0],[0,0],[0,0],[0,0],[0,0],[0,0],[0,0],[0,0],[0,0],[0,0],[0,0],[0,0],[0,0],[0,0],[0,0],[0,0],[0,0],[0,0],[0,0],[0,0],[0,0],[0,0],[0,0],[0,0],[0,0],[0,0],[0,0],[0,0],[0,0],[0,0],[0,0],[0,0],[0,0],[0,0],[0,0],[0,0],[0,0],[0,0],[0,0],[0,0],[0,0],[0,0],[0,0],[0,0],[0,0],[0,0],[0,0],[0,0],[0,0],[0,0],[0,0],[0,0],[0,0],[0,0],[0,0],[0,0],[0,0],[0,0],[0,0],[0,0],[0,0],[0,0],[0,0],[0,0],[0,0],[0,0],[0,0],[0,0],[0,0],[0,0],[0,0],[0,0],[0,0],[0,0],[0,0],[0,0],[0,0],[0,0],[0,0],[0,0],[0,0],[0,0],[0,0],[0,0],[0,0],[0,0],[0,0],[0,0],[0,0],[0,0],[0,0],[0,0],[0,0],[0,0],[0,0],[0,0],[0,0],[0,0],[0,0],[0,0],[0,0],[0,0],[0,0],[0,0],[0,0],[0,0],[0,0],[0,0],[0,0],[0,0],[0,0],[0,0],[0,0],[0,0],[0,0],[0,0],[0,0],[0,0],[0,0],[0,0],[0,0],[0,0],[0,0],[0,0],[0,0],[0,0],[0,0],[0,0],[0,0],[0,0],[0,0],[0,0],[0,0],[0,0],[0,0],[0,0],[0,0],[0,0],[0,0],[0,0],[0,0],[0,0],[0,0],[0,0],[0,0],[0,0],[0,0],[0,0],[0,0],[0,0],[0,0],[0,0],[0,0],[0,0],[0,0],[0,0],[0,0],[0,0],[0,0],[0,0],[0,0],[0,0],[0,0],[0,0],[0,0],[0,0],[0,0],[0,0],[0,0],[0,0],[0,0],[0,0],[0,0],[0,0],[0,0],[0,0],[0,0],[0,0],[0,0],[0,0],[0,0],[0,0],[0,0],[0,0],[0,0],[0,0],[0,0],[0,0],[0,0],[0,0],[0,0],[0,0],[0,0],[0,0],[0,0],[0,0],[0,0],[0,0],[0,0],[0,0],[0,0],[0,0],[0,0],[0,0],[0,0],[0,0],[0,0],[0,0],[0,0],[0,0],[0,0],[0,0],[0,0],[0,0],[0,0],[0,0],[0,0],[0,0],[0,0],[0,0],[0,0],[0,0],[0,0],[0,0],[0,0],[0,0],[0,0],[0,0],[0,0],[0,0],[0,0],[0,0],[0,0],[0,0],[0,0],[0,0],[0,0],[0,0],[0,0],[0,0],[0,0],[0,0],[0,0],[0,0],[0,0],[0,0],[0,0],[0,0],[0,0],[0,0],[0,0],[0,0],[0,0],[0,0]],"v":[[2.24,1.19],[4.54,5.03],[4.54,5.03],[4.54,5.03],[4.54,5.03],[4.55,5.03],[4.55,5.03],[4.55,5.03],[4.55,5.03],[4.55,5.03],[4.55,5.03],[4.55,5.03],[4.55,5.03],[4.55,5.03],[4.55,5.03],[4.55,5.03],[4.55,5.02],[4.55,5.02],[4.55,5.02],[4.55,5.02],[4.55,5.02],[4.55,5.02],[4.55,5.02],[4.55,5.02],[4.55,5.02],[4.55,5.02],[4.55,5.02],[4.56,5.02],[4.56,5.02],[4.56,5.02],[4.56,5.02],[4.56,5.02],[4.56,5.02],[4.56,5.02],[4.56,5.02],[4.56,5.02],[4.56,5.02],[4.56,5.02],[4.57,5.01],[4.57,5.01],[4.57,5.01],[4.57,5.01],[4.57,5.01],[4.57,5.01],[4.57,5.01],[4.57,5.01],[4.58,5.01],[4.58,5.01],[4.58,5.01],[4.58,5.01],[4.58,5.01],[4.58,5],[4.58,5],[4.58,5],[4.59,5],[4.59,5],[4.59,5],[4.59,5],[4.59,5],[4.59,5],[4.6,5],[4.6,5],[4.6,4.99],[4.6,4.99],[4.6,4.99],[4.6,4.99],[4.61,4.99],[4.61,4.99],[4.61,4.99],[4.61,4.99],[4.61,4.99],[4.62,4.98],[4.62,4.98],[4.62,4.98],[4.62,4.98],[4.62,4.98],[4.63,4.98],[4.63,4.98],[4.63,4.98],[4.63,4.98],[4.63,4.97],[4.64,4.97],[4.64,4.97],[4.64,4.97],[4.64,4.97],[4.64,4.97],[4.65,4.97],[4.65,4.96],[4.65,4.96],[4.65,4.96],[4.66,4.96],[4.66,4.96],[4.66,4.96],[4.66,4.96],[4.67,4.95],[4.67,4.95],[4.67,4.95],[4.67,4.95],[4.68,4.95],[4.68,4.95],[4.68,4.95],[4.68,4.94],[4.69,4.94],[4.69,4.94],[4.69,4.94],[4.69,4.94],[4.7,4.94],[4.7,4.93],[4.7,4.93],[4.7,4.93],[4.71,4.93],[4.71,4.93],[4.71,4.93],[4.72,4.92],[4.72,4.92],[4.72,4.92],[4.72,4.92],[4.73,4.92],[4.73,4.92],[4.73,4.91],[4.74,4.91],[4.74,4.91],[4.74,4.91],[4.75,4.91],[4.75,4.9],[4.75,4.9],[4.75,4.9],[4.76,4.9],[4.76,4.9],[4.76,4.9],[4.77,4.89],[4.77,4.89],[4.77,4.89],[4.78,4.89],[4.78,4.89],[4.78,4.88],[4.79,4.88],[4.79,4.88],[4.79,4.88],[4.8,4.88],[4.8,4.87],[4.8,4.87],[4.81,4.87],[4.81,4.87],[4.81,4.87],[4.82,4.86],[4.82,4.86],[4.82,4.86],[4.83,4.86],[4.83,4.86],[4.83,4.85],[4.84,4.85],[4.84,4.85],[4.84,4.85],[4.85,4.84],[4.85,4.84],[4.86,4.84],[4.86,4.84],[4.86,4.84],[4.87,4.83],[4.87,4.83],[4.87,4.83],[4.88,4.83],[4.88,4.83],[4.89,4.82],[4.89,4.82],[4.89,4.82],[4.9,4.82],[4.9,4.81],[4.9,4.81],[4.91,4.81],[4.91,4.81],[4.92,4.8],[4.92,4.8],[4.92,4.8],[4.93,4.8],[4.93,4.8],[4.94,4.79],[4.94,4.79],[4.94,4.79],[4.95,4.79],[4.95,4.78],[4.96,4.78],[4.96,4.78],[4.96,4.78],[4.97,4.77],[4.97,4.77],[4.98,4.77],[4.98,4.77],[4.98,4.76],[4.99,4.76],[4.99,4.76],[5,4.76],[5,4.75],[5,4.75],[5.01,4.75],[5.01,4.75],[5.02,4.74],[5.02,4.74],[5.03,4.74],[5.03,4.74],[5.03,4.73],[5.04,4.73],[5.04,4.73],[5.05,4.73],[5.05,4.72],[5.06,4.72],[5.06,4.72],[5.06,4.72],[5.07,4.71],[5.07,4.71],[5.08,4.71],[5.08,4.7],[5.09,4.7],[5.09,4.7],[5.1,4.7],[5.1,4.69],[5.1,4.69],[5.11,4.69],[5.11,4.69],[5.12,4.68],[5.12,4.68],[5.13,4.68],[5.13,4.68],[5.14,4.67],[5.14,4.67],[5.14,4.67],[5.15,4.66],[5.15,4.66],[5.16,4.66],[5.16,4.66],[5.17,4.65],[5.17,4.65],[5.18,4.65],[5.18,4.65],[5.19,4.64],[5.19,4.64],[5.2,4.64],[5.2,4.63],[5.2,4.63],[5.21,4.63],[5.21,4.63],[5.22,4.62],[5.22,4.62],[5.23,4.62],[5.23,4.61],[5.24,4.61],[5.24,4.61],[5.25,4.61],[5.25,4.6],[5.26,4.6],[5.26,4.6],[5.27,4.59],[5.27,4.59],[5.28,4.59],[5.28,4.59],[5.29,4.58],[5.29,4.58],[5.3,4.58],[5.3,4.57],[5.31,4.57],[5.31,4.57],[5.31,4.57],[5.32,4.56],[5.32,4.56],[5.33,4.56],[5.33,4.55],[5.34,4.55],[5.34,4.55],[5.35,4.54],[5.35,4.54],[5.36,4.54],[5.36,4.54],[5.37,4.53],[5.37,4.53],[5.38,4.53],[5.38,4.52],[5.39,4.52],[5.39,4.52],[5.4,4.51],[5.4,4.51],[5.41,4.51],[5.41,4.51],[5.42,4.5],[5.42,4.5],[5.43,4.5],[5.43,4.49],[5.44,4.49],[5.44,4.49],[5.45,4.48],[5.45,4.48],[5.46,4.48],[5.46,4.48],[5.47,4.47],[5.47,4.47],[5.48,4.47],[5.48,4.46],[5.49,4.46],[5.49,4.46],[5.5,4.45],[5.5,4.45],[5.51,4.45],[5.51,4.45],[5.52,4.44],[5.52,4.44],[5.53,4.44],[5.53,4.43],[5.54,4.43],[5.54,4.43],[5.55,4.42],[5.56,4.42],[5.56,4.42],[5.57,4.41],[5.57,4.41],[5.58,4.41],[5.58,4.41],[5.59,4.4],[5.59,4.4],[5.6,4.4],[5.6,4.39],[5.61,4.39],[5.61,4.39],[5.62,4.38],[5.62,4.38],[5.63,4.38],[5.63,4.37],[5.64,4.37],[5.64,4.37],[5.65,4.37],[5.65,4.36],[5.66,4.36],[5.66,4.36],[5.67,4.35],[5.67,4.35],[5.68,4.35],[5.68,4.34],[5.69,4.34],[5.69,4.34],[5.7,4.33],[5.7,4.33],[5.71,4.33],[5.71,4.33],[5.72,4.32],[5.72,4.32],[5.73,4.32],[5.73,4.31],[5.74,4.31],[5.75,4.31],[5.75,4.3],[5.76,4.3],[5.76,4.3],[5.77,4.29],[5.77,4.29],[5.78,4.29],[5.78,4.29],[5.79,4.28],[5.79,4.28],[5.8,4.28],[5.8,4.27],[5.81,4.27],[5.81,4.27],[5.82,4.26],[5.82,4.26],[5.83,4.26],[5.83,4.25],[5.84,4.25],[5.84,4.25],[5.85,4.25],[5.85,4.24],[5.86,4.24],[5.86,4.24],[5.87,4.23],[5.87,4.23],[5.88,4.23],[5.88,4.22],[5.89,4.22],[5.89,4.22],[5.9,4.21],[5.9,4.21],[5.91,4.21],[5.91,4.21],[5.92,4.2],[5.92,4.2],[5.93,4.2],[5.93,4.19],[5.94,4.19],[5.94,4.19],[5.95,4.18],[5.95,4.18],[5.96,4.18],[5.96,4.18],[5.97,4.17],[5.97,4.17],[5.98,4.17],[5.98,4.16],[5.99,4.16],[5.99,4.16],[6,4.15],[6,4.15],[6.01,4.15],[6.01,4.15],[6.02,4.14],[6.02,4.14],[6.03,4.14],[6.03,4.13],[6.04,4.13],[6.04,4.13],[6.05,4.12],[6.05,4.12],[6.06,4.12],[6.06,4.12],[6.07,4.11],[6.07,4.11],[6.08,4.11],[6.08,4.1],[6.09,4.1],[6.09,4.1],[6.1,4.09],[6.1,4.09],[6.11,4.09],[6.11,4.09],[6.12,4.08],[6.12,4.08],[6.13,4.08],[6.13,4.07],[6.14,4.07],[6.14,4.07],[6.15,4.07],[6.15,4.06],[6.16,4.06],[6.16,4.06],[6.17,4.05],[6.17,4.05],[6.18,4.05],[6.18,4.05],[6.19,4.04],[6.19,4.04],[6.2,4.04],[6.2,4.03],[6.2,4.03],[6.21,4.03],[6.21,4.03],[6.22,4.02],[6.22,4.02],[6.23,4.02],[6.23,4.01],[6.24,4.01],[6.24,4.01],[6.25,4.01],[6.25,4],[6.26,4],[6.26,4],[6.27,3.99],[6.27,3.99],[6.27,3.99],[6.28,3.99],[6.28,3.98],[6.29,3.98],[6.29,3.98],[6.3,3.98],[6.3,3.97],[6.31,3.97],[6.31,3.97],[6.32,3.96],[6.32,3.96],[6.32,3.96],[6.33,3.96],[6.33,3.95],[6.34,3.95],[6.34,3.95],[6.35,3.95],[6.35,3.94],[6.36,3.94],[6.36,3.94],[6.36,3.94],[6.37,3.93],[6.37,3.93],[6.38,3.93],[6.38,3.93],[6.39,3.92],[6.39,3.92],[6.39,3.92],[6.4,3.91],[6.4,3.91],[6.41,3.91],[6.41,3.91],[6.42,3.9],[6.42,3.9],[6.42,3.9],[6.43,3.9],[6.43,3.89],[6.44,3.89],[6.44,3.89],[6.45,3.89],[6.45,3.88],[6.45,3.88],[6.46,3.88],[6.46,3.88],[6.47,3.87],[6.47,3.87],[6.47,3.87],[6.48,3.87],[6.48,3.86],[6.49,3.86],[6.49,3.86],[6.49,3.86],[6.5,3.86],[6.5,3.85],[6.51,3.85],[6.51,3.85],[6.51,3.85],[6.52,3.84],[6.52,3.84],[1.91,-3.84],[1.91,-3.84],[1.9,-3.84],[1.9,-3.83],[1.9,-3.83],[1.89,-3.83],[1.89,-3.83],[1.88,-3.82],[1.88,-3.82],[1.88,-3.82],[1.87,-3.82],[1.87,-3.82],[1.86,-3.81],[1.86,-3.81],[1.86,-3.81],[1.85,-3.81],[1.85,-3.8],[1.84,-3.8],[1.84,-3.8],[1.84,-3.8],[1.83,-3.79],[1.83,-3.79],[1.82,-3.79],[1.82,-3.79],[1.81,-3.78],[1.81,-3.78],[1.81,-3.78],[1.8,-3.78],[1.8,-3.77],[1.79,-3.77],[1.79,-3.77],[1.78,-3.77],[1.78,-3.76],[1.78,-3.76],[1.77,-3.76],[1.77,-3.76],[1.76,-3.75],[1.76,-3.75],[1.75,-3.75],[1.75,-3.74],[1.75,-3.74],[1.74,-3.74],[1.74,-3.74],[1.73,-3.73],[1.73,-3.73],[1.72,-3.73],[1.72,-3.73],[1.71,-3.72],[1.71,-3.72],[1.71,-3.72],[1.7,-3.72],[1.7,-3.71],[1.69,-3.71],[1.69,-3.71],[1.68,-3.7],[1.68,-3.7],[1.67,-3.7],[1.67,-3.7],[1.67,-3.69],[1.66,-3.69],[1.66,-3.69],[1.65,-3.69],[1.65,-3.68],[1.64,-3.68],[1.64,-3.68],[1.63,-3.67],[1.63,-3.67],[1.62,-3.67],[1.62,-3.67],[1.61,-3.66],[1.61,-3.66],[1.6,-3.66],[1.6,-3.65],[1.6,-3.65],[1.59,-3.65],[1.59,-3.65],[1.58,-3.64],[1.58,-3.64],[1.57,-3.64],[1.57,-3.63],[1.56,-3.63],[1.56,-3.63],[1.55,-3.63],[1.55,-3.62],[1.54,-3.62],[1.54,-3.62],[1.53,-3.61],[1.53,-3.61],[1.52,-3.61],[1.52,-3.61],[1.51,-3.6],[1.51,-3.6],[1.5,-3.6],[1.5,-3.59],[1.49,-3.59],[1.49,-3.59],[1.48,-3.59],[1.48,-3.58],[1.47,-3.58],[1.47,-3.58],[1.46,-3.57],[1.46,-3.57],[1.45,-3.57],[1.45,-3.56],[1.45,-3.56],[1.44,-3.56],[1.44,-3.56],[1.43,-3.55],[1.43,-3.55],[1.42,-3.55],[1.42,-3.54],[1.41,-3.54],[1.41,-3.54],[1.4,-3.53],[1.4,-3.53],[1.39,-3.53],[1.39,-3.53],[1.38,-3.52],[1.38,-3.52],[1.37,-3.52],[1.37,-3.51],[1.36,-3.51],[1.36,-3.51],[1.35,-3.5],[1.34,-3.5],[1.34,-3.5],[1.33,-3.5],[1.33,-3.49],[1.32,-3.49],[1.32,-3.49],[1.31,-3.48],[1.31,-3.48],[1.3,-3.48],[1.3,-3.47],[1.29,-3.47],[1.29,-3.47],[1.28,-3.46],[1.28,-3.46],[1.27,-3.46],[1.27,-3.46],[1.26,-3.45],[1.26,-3.45],[1.25,-3.45],[1.25,-3.44],[1.24,-3.44],[1.24,-3.44],[1.23,-3.43],[1.23,-3.43],[1.22,-3.43],[1.22,-3.43],[1.21,-3.42],[1.21,-3.42],[1.2,-3.42],[1.2,-3.41],[1.19,-3.41],[1.19,-3.41],[1.18,-3.4],[1.18,-3.4],[1.17,-3.4],[1.17,-3.39],[1.16,-3.39],[1.16,-3.39],[1.15,-3.39],[1.15,-3.38],[1.14,-3.38],[1.14,-3.38],[1.13,-3.37],[1.13,-3.37],[1.12,-3.37],[1.11,-3.36],[1.11,-3.36],[1.1,-3.36],[1.1,-3.35],[1.09,-3.35],[1.09,-3.35],[1.08,-3.34],[1.08,-3.34],[1.07,-3.34],[1.07,-3.34],[1.06,-3.33],[1.06,-3.33],[1.05,-3.33],[1.05,-3.32],[1.04,-3.32],[1.04,-3.32],[1.03,-3.31],[1.03,-3.31],[1.02,-3.31],[1.02,-3.3],[1.01,-3.3],[1.01,-3.3],[1,-3.3],[1,-3.29],[0.99,-3.29],[0.99,-3.29],[0.98,-3.28],[0.98,-3.28],[0.97,-3.28],[0.97,-3.27],[0.96,-3.27],[0.96,-3.27],[0.95,-3.26],[0.95,-3.26],[0.94,-3.26],[0.94,-3.26],[0.93,-3.25],[0.93,-3.25],[0.92,-3.25],[0.91,-3.24],[0.91,-3.24],[0.9,-3.24],[0.9,-3.23],[0.89,-3.23],[0.89,-3.23],[0.88,-3.23],[0.88,-3.22],[0.87,-3.22],[0.87,-3.22],[0.86,-3.21],[0.86,-3.21],[0.85,-3.21],[0.85,-3.2],[0.84,-3.2],[0.84,-3.2],[0.83,-3.19],[0.83,-3.19],[0.82,-3.19],[0.82,-3.19],[0.81,-3.18],[0.81,-3.18],[0.8,-3.18],[0.8,-3.17],[0.79,-3.17],[0.79,-3.17],[0.78,-3.16],[0.78,-3.16],[0.77,-3.16],[0.77,-3.16],[0.76,-3.15],[0.76,-3.15],[0.75,-3.15],[0.75,-3.14],[0.74,-3.14],[0.74,-3.14],[0.73,-3.14],[0.73,-3.13],[0.72,-3.13],[0.72,-3.13],[0.72,-3.12],[0.71,-3.12],[0.71,-3.12],[0.7,-3.11],[0.7,-3.11],[0.69,-3.11],[0.69,-3.11],[0.68,-3.1],[0.68,-3.1],[0.67,-3.1],[0.67,-3.09],[0.66,-3.09],[0.66,-3.09],[0.65,-3.09],[0.65,-3.08],[0.64,-3.08],[0.64,-3.08],[0.63,-3.07],[0.63,-3.07],[0.62,-3.07],[0.62,-3.07],[0.61,-3.06],[0.61,-3.06],[0.6,-3.06],[0.6,-3.05],[0.6,-3.05],[0.59,-3.05],[0.59,-3.05],[0.58,-3.04],[0.58,-3.04],[0.57,-3.04],[0.57,-3.03],[0.56,-3.03],[0.56,-3.03],[0.55,-3.03],[0.55,-3.02],[0.54,-3.02],[0.54,-3.02],[0.54,-3.02],[0.53,-3.01],[0.53,-3.01],[0.52,-3.01],[0.52,-3],[0.51,-3],[0.51,-3],[0.5,-3],[0.5,-2.99],[0.49,-2.99],[0.49,-2.99],[0.49,-2.99],[0.48,-2.98],[0.48,-2.98],[0.47,-2.98],[0.47,-2.98],[0.46,-2.97],[0.46,-2.97],[0.45,-2.97],[0.45,-2.96],[0.45,-2.96],[0.44,-2.96],[0.44,-2.96],[0.43,-2.95],[0.43,-2.95],[0.42,-2.95],[0.42,-2.95],[0.42,-2.94],[0.41,-2.94],[0.41,-2.94],[0.4,-2.94],[0.4,-2.93],[0.4,-2.93],[0.39,-2.93],[0.39,-2.93],[0.38,-2.92],[0.38,-2.92],[0.37,-2.92],[0.37,-2.92],[0.37,-2.91],[0.36,-2.91],[0.36,-2.91],[0.35,-2.91],[0.35,-2.9],[0.35,-2.9],[0.34,-2.9],[0.34,-2.9],[0.33,-2.89],[0.33,-2.89],[0.33,-2.89],[0.32,-2.89],[0.32,-2.89],[0.31,-2.88],[0.31,-2.88],[0.31,-2.88],[0.3,-2.88],[0.3,-2.87],[0.29,-2.87],[0.29,-2.87],[0.29,-2.87],[0.28,-2.86],[0.28,-2.86],[0.28,-2.86],[0.27,-2.86],[0.27,-2.86],[0.26,-2.85],[0.26,-2.85],[0.26,-2.85],[0.25,-2.85],[0.25,-2.84],[0.25,-2.84],[0.24,-2.84],[0.24,-2.84],[0.24,-2.84],[0.23,-2.83],[0.23,-2.83],[0.22,-2.83],[0.22,-2.83],[0.22,-2.83],[0.21,-2.82],[0.21,-2.82],[0.21,-2.82],[0.2,-2.82],[0.2,-2.81],[0.2,-2.81],[0.19,-2.81],[0.19,-2.81],[0.19,-2.81],[0.18,-2.8],[0.18,-2.8],[0.18,-2.8],[0.17,-2.8],[0.17,-2.8],[0.17,-2.79],[0.16,-2.79],[0.16,-2.79],[0.16,-2.79],[0.15,-2.79],[0.15,-2.79],[0.15,-2.78],[0.14,-2.78],[0.14,-2.78],[0.14,-2.78],[0.14,-2.78],[0.13,-2.77],[0.13,-2.77],[0.13,-2.77],[0.12,-2.77],[0.12,-2.77],[0.12,-2.77],[0.11,-2.76],[0.11,-2.76],[0.11,-2.76],[0.11,-2.76],[0.1,-2.76],[0.1,-2.75],[0.1,-2.75],[0.1,-2.75],[0.09,-2.75],[0.09,-2.75],[0.09,-2.75],[0.08,-2.75],[0.08,-2.74],[0.08,-2.74],[0.08,-2.74],[0.07,-2.74],[0.07,-2.74],[0.07,-2.74],[0.07,-2.73],[0.06,-2.73],[0.06,-2.73],[0.06,-2.73],[0.06,-2.73],[0.05,-2.73],[0.05,-2.73],[0.05,-2.72],[0.05,-2.72],[0.04,-2.72],[0.04,-2.72],[0.04,-2.72],[0.04,-2.72],[0.03,-2.72],[0.03,-2.71],[0.03,-2.71],[0.03,-2.71],[0.03,-2.71],[0.02,-2.71],[0.02,-2.71],[0.02,-2.71],[0.02,-2.71],[0.02,-2.7],[0.01,-2.7],[0.01,-2.7],[0.01,-2.7],[0.01,-2.7],[0.01,-2.7],[0,-2.7],[0,-2.7],[0,-2.69],[0,-2.69],[0,-2.69],[-0.01,-2.69],[-0.01,-2.69],[-0.01,-2.69],[-0.01,-2.69],[-0.01,-2.69],[-0.01,-2.69],[-0.02,-2.69],[-0.02,-2.68],[-0.02,-2.68],[-0.02,-2.68],[-0.02,-2.68],[-0.02,-2.68],[-0.02,-2.68],[-0.03,-2.68],[-0.03,-2.68],[-0.03,-2.68],[-0.03,-2.68],[-0.03,-2.68],[-0.03,-2.67],[-0.03,-2.67],[-0.04,-2.67],[-0.04,-2.67],[-0.04,-2.67],[-0.04,-2.67],[-0.04,-2.67],[-0.04,-2.67],[-0.04,-2.67],[-0.04,-2.67],[-0.05,-2.67],[-0.05,-2.67],[-0.05,-2.67],[-0.05,-2.67],[-0.05,-2.67],[-0.05,-2.66],[-0.05,-2.66],[-0.05,-2.66],[-0.05,-2.66],[-0.05,-2.66],[-0.05,-2.66],[-0.06,-2.66],[-0.06,-2.66],[-0.06,-2.66],[-0.06,-2.66],[-0.06,-2.66],[-0.06,-2.66],[-0.06,-2.66],[-0.06,-2.66],[-0.06,-2.66],[-0.06,-2.66],[-0.06,-2.66],[-0.06,-2.66],[-0.06,-2.66],[-0.06,-2.66],[-0.06,-2.66],[-0.06,-2.66],[-0.06,-2.66],[-0.06,-2.66],[-0.06,-2.66],[-0.06,-2.66],[-0.06,-2.66],[-0.06,-2.66],[-0.06,-2.66],[-0.06,-2.66],[-0.06,-2.66],[-0.06,-2.66],[2.24,1.19]]}}},{"ty":"fl","nm":"","c":{"a":0,"k":[1,0.796,0.639]},"r":1,"o":{"a":0,"k":100}}],"ind":1},{"ty":4,"nm":"S","sr":1,"st":0,"op":61,"ip":0,"hasMask":false,"ao":0,"ks":{"a":{"a":0,"k":[13.4,10.26]},"s":{"a":0,"k":[100,100]},"sk":{"a":0,"k":0},"p":{"a":0,"k":[13.4,10.26]},"r":{"a":0,"k":0},"sa":{"a":0,"k":0},"o":{"a":0,"k":100}},"shapes":[{"ty":"sh","nm":"","d":1,"ks":{"a":0,"k":{"c":true,"i":[[0,0],[0.39,5.19],[7.13,0],[0.89,-4.97],[-0.63,0.15],[-0.77,-3.33],[2.07,-1.39],[-2.08,0]],"o":[[7.13,0],[0,-10.26],[-6.5,0],[0.82,-0.22],[3.33,-0.77],[0.59,2.57],[1.74,0.69],[0,0]],"v":[[12.78,20.51],[26.78,10.26],[12.78,0],[0,8.79],[2.15,8.25],[9.58,12.89],[7,19.43],[12.78,20.51]]}}},{"ty":"fl","nm":"","c":{"a":0,"k":[1,0.796,0.639]},"r":2,"o":{"a":0,"k":100}}],"ind":2}]},{"nm":"[","id":"4","layers":[{"ty":4,"nm":"V","sr":1,"st":0,"op":61,"ip":0,"hasMask":false,"ao":0,"ks":{"a":{"a":0,"k":[2.7,0.92]},"s":{"a":0,"k":[100,100]},"sk":{"a":0,"k":0},"p":{"a":0,"k":[17.06,10.14]},"r":{"a":0,"k":0},"sa":{"a":0,"k":0},"o":{"a":0,"k":100}},"shapes":[{"ty":"sh","nm":"","d":1,"ks":{"a":0,"k":{"c":true,"i":[[0,0],[-0.62,-1.07],[-1.07,0.62],[0,0]],"o":[[-1.07,0.62],[0.62,1.07],[0,0],[0,0]],"v":[[-1.12,-0.09],[-1.94,2.97],[1.12,3.78],[-1.12,-0.09]]}}},{"ty":"sh","nm":"","d":1,"ks":{"a":0,"k":{"c":true,"i":[[0,0],[0.24,1.21],[1.21,-0.24],[0,0]],"o":[[1.21,-0.24],[-0.24,-1.21],[0,0],[0,0]],"v":[[5.84,2.2],[7.6,-0.44],[4.97,-2.2],[5.84,2.2]]}}},{"ty":"sh","nm":"","d":1,"ks":{"a":0,"k":{"c":true,"i":[[0,0],[-1.05,0.3],[-0.32,0.07],[-0.08,0.02],[-0.02,0],[0,0],[0,0],[0,0],[0,0],[0,0],[0.44,2.2],[0,0],[0,0],[0,0],[0,0],[0,0],[0.02,0],[0.05,-0.01],[0.19,-0.04],[0.59,-0.17],[1.26,-0.73],[0,0]],"o":[[0.77,-0.45],[0.51,-0.14],[0.16,-0.04],[0.04,-0.01],[0.01,0],[0,0],[0,0],[0,0],[0,0],[0,0],[-0.44,-2.2],[0,0],[0,0],[0,0],[0,0],[-0.01,0],[-0.03,0.01],[-0.11,0.02],[-0.38,0.09],[-1.14,0.33],[0,0],[0,0]],"v":[[1.12,3.78],[4.08,2.64],[5.35,2.3],[5.72,2.22],[5.82,2.2],[5.84,2.2],[5.84,2.2],[5.84,2.2],[5.84,2.2],[5.84,2.2],[5.4,0],[4.96,-2.2],[4.96,-2.2],[4.96,-2.2],[4.96,-2.2],[4.95,-2.19],[4.91,-2.19],[4.78,-2.16],[4.33,-2.06],[2.85,-1.67],[-1.12,-0.09],[1.12,3.78]]}}},{"ty":"fl","nm":"","c":{"a":0,"k":[1,1,1]},"r":1,"o":{"a":0,"k":100}}],"ind":1},{"ty":4,"nm":"E","sr":1,"st":0,"op":61,"ip":0,"hasMask":false,"ao":0,"ks":{"a":{"a":0,"k":[12.78,10.54]},"s":{"a":0,"k":[100,100]},"sk":{"a":0,"k":0},"p":{"a":0,"k":[20.42,15.55]},"r":{"a":0,"k":0},"sa":{"a":0,"k":0},"o":{"a":0,"k":100}},"shapes":[{"ty":"sh","nm":"","d":1,"ks":{"a":0,"k":{"c":true,"i":[[0,0],[7.06,0],[0,5.82],[-7.06,0],[0,-5.82]],"o":[[0,5.82],[-7.06,0],[0,-5.82],[7.06,0],[0,0]],"v":[[25.56,10.54],[12.78,21.08],[0,10.54],[12.78,0],[25.56,10.54]]}}},{"ty":"fl","nm":"","c":{"a":0,"k":[0.875,0.875,0.879]},"r":1,"o":{"a":0,"k":100}}],"ind":2},{"ty":4,"nm":"E","sr":1,"st":0,"op":61,"ip":0,"hasMask":false,"ao":0,"ks":{"a":{"a":0,"k":[19.9,15.81]},"s":{"a":0,"k":[100,100]},"sk":{"a":0,"k":0},"p":{"a":0,"k":[20.42,15.81]},"r":{"a":0,"k":0},"sa":{"a":0,"k":0},"o":{"a":0,"k":100}},"shapes":[{"ty":"sh","nm":"","d":1,"ks":{"a":0,"k":{"c":true,"i":[[0,0],[10.99,0],[0,8.73],[-10.99,0],[0,-8.73]],"o":[[0,8.73],[-10.99,0],[0,-8.73],[10.99,0],[0,0]],"v":[[39.79,15.81],[19.9,31.62],[0,15.81],[19.9,0],[39.79,15.81]]}}},{"ty":"fl","nm":"","c":{"a":0,"k":[0.922,0.279,0.286]},"r":1,"o":{"a":0,"k":100}}],"ind":3},{"ty":4,"nm":"E","sr":1,"st":0,"op":61,"ip":0,"hasMask":false,"ao":0,"ks":{"a":{"a":0,"k":[20.42,18.58]},"s":{"a":0,"k":[100,100]},"sk":{"a":0,"k":0},"p":{"a":0,"k":[20.42,19.1]},"r":{"a":0,"k":0},"sa":{"a":0,"k":0},"o":{"a":0,"k":100}},"shapes":[{"ty":"sh","nm":"","d":1,"ks":{"a":0,"k":{"c":true,"i":[[0,0],[11.28,0],[0,10.26],[-11.28,0],[0,-10.26]],"o":[[0,10.26],[-11.28,0],[0,-10.26],[11.28,0],[0,0]],"v":[[40.85,18.58],[20.42,37.16],[0,18.58],[20.42,0],[40.85,18.58]]}}},{"ty":"fl","nm":"","c":{"a":0,"k":[0.8,0.235,0.235]},"r":1,"o":{"a":0,"k":100}}],"ind":4}]},{"nm":"[","id":"5","layers":[{"ty":4,"nm":"V","sr":1,"st":0,"op":61,"ip":0,"hasMask":false,"ao":0,"ks":{"a":{"a":0,"k":[5.28,15.48]},"s":{"a":0,"k":[100,100]},"sk":{"a":0,"k":0},"p":{"a":0,"k":[6.27,18.78]},"r":{"a":0,"k":0},"sa":{"a":0,"k":0},"o":{"a":0,"k":100}},"shapes":[{"ty":"sh","nm":"","d":1,"ks":{"a":0,"k":{"c":true,"i":[[0,0],[-1.76,0.44],[0.44,1.76],[0,0]],"o":[[0.44,1.76],[1.76,-0.44],[0,0],[0,0]],"v":[[-1.33,31.76],[2.66,34.16],[5.06,30.16],[-1.33,31.76]]}}},{"ty":"sh","nm":"","d":1,"ks":{"a":0,"k":{"c":true,"i":[[0,0],[0,0],[0,0]],"o":[[0,0],[0,0],[0,0]],"v":[[0.94,15.15],[-2.24,16.01],[0.94,15.15]]}}},{"ty":"sh","nm":"","d":1,"ks":{"a":0,"k":{"c":true,"i":[[0,0],[0,0],[0,0],[0,0]],"o":[[0,0],[0,0],[0,0],[0,0]],"v":[[1.87,4.74],[4.32,6.94],[4.32,6.94],[1.87,4.74]]}}},{"ty":"sh","nm":"","d":1,"ks":{"a":0,"k":{"c":true,"i":[[0,0],[0,1.82],[1.82,0],[0,0]],"o":[[1.82,0],[0,-1.82],[0,0],[0,0]],"v":[[10.56,3.29],[13.86,0],[10.56,-3.29],[10.56,3.29]]}}},{"ty":"sh","nm":"","d":1,"ks":{"a":0,"k":{"c":true,"i":[[0,0],[-0.02,3.06],[0.03,1.28],[0.3,1.12],[0,0],[-0.03,-1.24],[0.01,-1.55],[-0.73,-2.93],[0,0]],"o":[[-0.5,-1.99],[0.01,-1.44],[-0.02,-1.21],[0,0],[0.07,0.25],[0.02,1.17],[-0.02,2.93],[0,0],[0,0]],"v":[[5.06,30.16],[4.51,22.26],[4.52,18.02],[4.12,14.3],[-2.24,16.01],[-2.07,18.15],[-2.07,22.22],[-1.33,31.76],[5.06,30.16]]}}},{"ty":"sh","nm":"","d":1,"ks":{"a":0,"k":{"c":true,"i":[[0,0],[-1.47,1.64],[0,0],[-0.84,-3.12],[0,0]],"o":[[-1.01,-3.73],[0,0],[-4.17,4.66],[0,0],[0,0]],"v":[[4.12,14.3],[4.32,6.94],[-0.59,2.55],[-2.24,16.01],[4.12,14.3]]}}},{"ty":"sh","nm":"","d":1,"ks":{"a":0,"k":{"c":true,"i":[[0,0],[-0.58,0],[0,0],[3.88,-4.34],[0,0]],"o":[[2.72,-3.04],[0,0],[-2.58,0],[0,0],[0,0]],"v":[[4.32,6.94],[10.56,3.29],[10.56,-3.29],[-0.59,2.55],[4.32,6.94]]}}},{"ty":"fl","nm":"","c":{"a":0,"k":[0.686,0.686,0.686]},"r":1,"o":{"a":0,"k":100}}],"ind":1},{"ty":4,"nm":"S","sr":1,"st":0,"op":61,"ip":0,"hasMask":false,"ao":0,"ks":{"a":{"a":0,"k":[7.42,16.66]},"s":{"a":0,"k":[100,100]},"sk":{"a":0,"k":0},"p":{"a":0,"k":[7.42,16.66]},"r":{"a":0,"k":0},"sa":{"a":0,"k":0},"o":{"a":0,"k":100}},"shapes":[{"ty":"sh","nm":"","d":1,"ks":{"a":0,"k":{"c":true,"i":[[0,0],[0.42,1.77],[1.77,-0.42],[0.1,-0.02],[2.81,-3.14],[0.04,-2.37],[-0.43,-1.59],[0,0],[-0.76,-2.29],[0,0],[-0.2,-0.59],[-0.58,-2.32],[-0.03,-0.08],[0,0],[0.87,2.62],[0.2,0.61],[0,0],[0,0],[0.26,0.98],[-0.02,1.07],[-0.86,0.96],[-1.26,0.3],[-0.08,0.02]],"o":[[1.77,-0.42],[-0.42,-1.77],[-0.07,0.02],[-1.26,0.28],[-1.96,2.2],[-0.03,2.09],[0,0],[0.32,1.19],[0,0],[0.19,0.58],[1.01,3.04],[0.02,0.08],[0,0],[-0.66,-2.43],[-0.22,-0.67],[0,0],[0,0],[-0.75,-2.25],[-0.49,-1.81],[0.01,-0.86],[1.35,-1.51],[0.09,-0.02],[0,0]],"v":[[12.32,6.5],[14.75,2.53],[10.78,0.09],[10.53,0.15],[2.77,4.39],[0,11.31],[0.95,17.04],[0.99,17.2],[2.78,22.77],[2.78,22.77],[3.36,24.53],[5.98,33.08],[6.05,33.33],[12.1,30.42],[9.62,22.46],[8.97,20.53],[8.97,20.53],[8.97,20.53],[7.35,15.48],[6.59,11.41],[7.68,8.79],[12.07,6.56],[12.32,6.5]]}}},{"ty":"fl","nm":"","c":{"a":0,"k":[0.686,0.686,0.686]},"r":2,"o":{"a":0,"k":100}}],"ind":2},{"ty":4,"nm":"V","sr":1,"st":0,"op":61,"ip":0,"hasMask":false,"ao":0,"ks":{"a":{"a":0,"k":[5.2,1.65]},"s":{"a":0,"k":[100,100]},"sk":{"a":0,"k":0},"p":{"a":0,"k":[16.1,1.78]},"r":{"a":0,"k":0},"sa":{"a":0,"k":0},"o":{"a":0,"k":100}},"shapes":[{"ty":"sh","nm":"","d":1,"ks":{"a":0,"k":{"c":true,"i":[[0,0],[-1.43,-3.11],[-3.11,1.43],[0,0]],"o":[[-3.11,1.43],[1.43,3.11],[0,0],[0,0]],"v":[[-2.6,-2.33],[-5.62,5.89],[2.6,8.92],[-2.6,-2.33]]}}},{"ty":"sh","nm":"","d":1,"ks":{"a":0,"k":{"c":true,"i":[[0,0],[0.77,3.33],[3.33,-0.77],[0,0]],"o":[[3.33,-0.77],[-0.77,-3.33],[0,0],[0,0]],"v":[[11.8,6.03],[16.44,-1.39],[9.02,-6.03],[11.8,6.03]]}}},{"ty":"sh","nm":"","d":1,"ks":{"a":0,"k":{"c":true,"i":[[0,0],[-2.14,0.63],[0,0],[2.12,-0.98],[0,0]],"o":[[1.3,-0.6],[0,0],[-2.34,0.69],[0,0],[0,0]],"v":[[2.6,8.92],[7.28,7.26],[3.79,-4.62],[-2.6,-2.33],[2.6,8.92]]}}},{"ty":"sh","nm":"","d":1,"ks":{"a":0,"k":{"c":true,"i":[[0,0],[-0.98,0.23],[0,0],[2.3,-0.68],[0,0]],"o":[[2.18,-0.64],[0,0],[-1.31,0.3],[0,0],[0,0]],"v":[[7.28,7.26],[11.8,6.03],[9.02,-6.03],[3.79,-4.62],[7.28,7.26]]}}},{"ty":"fl","nm":"","c":{"a":0,"k":[0.149,0.161,0.169]},"r":1,"o":{"a":0,"k":100}}],"ind":3},{"ty":4,"nm":"V","sr":1,"st":0,"op":61,"ip":0,"hasMask":false,"ao":0,"ks":{"a":{"a":0,"k":[13.97,14.63]},"s":{"a":0,"k":[100,100]},"sk":{"a":0,"k":0},"p":{"a":0,"k":[20.11,16.73]},"r":{"a":0,"k":0},"sa":{"a":0,"k":0},"o":{"a":0,"k":100}},"shapes":[{"ty":"sh","nm":"","d":1,"ks":{"a":0,"k":{"c":true,"i":[[0,0],[3.03,-2.24],[0,0],[0,0],[0,0],[0,0],[0,0],[2.42,-2.74]],"o":[[-2.42,2.74],[0,0],[0,0],[0,0],[0,0],[0,0],[-1.49,2.24],[0,0]],"v":[[9.35,9.62],[0,18.31],[4.22,29.25],[7.91,27.14],[19.37,17.26],[27.93,3.56],[16.47,0],[9.35,9.62]]}}},{"ty":"fl","nm":"","c":{"a":0,"k":[0.784,0.412,0.008]},"r":1,"o":{"a":0,"k":100}}],"ind":4}]},{"nm":"[","id":"6","layers":[{"ty":4,"nm":"V","sr":1,"st":0,"op":61,"ip":0,"hasMask":false,"ao":0,"ks":{"a":{"a":0,"k":[5.28,15.48]},"s":{"a":0,"k":[100,100]},"sk":{"a":0,"k":0},"p":{"a":0,"k":[6.27,18.78]},"r":{"a":0,"k":0},"sa":{"a":0,"k":0},"o":{"a":0,"k":100}},"shapes":[{"ty":"sh","nm":"","d":1,"ks":{"a":0,"k":{"c":true,"i":[[0,0],[-1.76,0.44],[0.44,1.76],[0,0]],"o":[[0.44,1.76],[1.76,-0.44],[0,0],[0,0]],"v":[[-1.33,31.76],[2.66,34.16],[5.06,30.16],[-1.33,31.76]]}}},{"ty":"sh","nm":"","d":1,"ks":{"a":0,"k":{"c":true,"i":[[0,0],[0,0],[0,0]],"o":[[0,0],[0,0],[0,0]],"v":[[0.94,15.15],[-2.24,16.01],[0.94,15.15]]}}},{"ty":"sh","nm":"","d":1,"ks":{"a":0,"k":{"c":true,"i":[[0,0],[0,0],[0,0],[0,0]],"o":[[0,0],[0,0],[0,0],[0,0]],"v":[[1.87,4.74],[4.32,6.94],[4.32,6.94],[1.87,4.74]]}}},{"ty":"sh","nm":"","d":1,"ks":{"a":0,"k":{"c":true,"i":[[0,0],[0,1.82],[1.82,0],[0,0]],"o":[[1.82,0],[0,-1.82],[0,0],[0,0]],"v":[[10.56,3.29],[13.86,0],[10.56,-3.29],[10.56,3.29]]}}},{"ty":"sh","nm":"","d":1,"ks":{"a":0,"k":{"c":true,"i":[[0,0],[-0.02,3.06],[0.03,1.28],[0.3,1.12],[0,0],[-0.03,-1.24],[0.01,-1.55],[-0.73,-2.93],[0,0]],"o":[[-0.5,-1.99],[0.01,-1.44],[-0.02,-1.21],[0,0],[0.07,0.25],[0.02,1.17],[-0.02,2.93],[0,0],[0,0]],"v":[[5.06,30.16],[4.51,22.26],[4.52,18.02],[4.12,14.3],[-2.24,16.01],[-2.07,18.15],[-2.07,22.22],[-1.33,31.76],[5.06,30.16]]}}},{"ty":"sh","nm":"","d":1,"ks":{"a":0,"k":{"c":true,"i":[[0,0],[-1.47,1.64],[0,0],[-0.84,-3.12],[0,0]],"o":[[-1.01,-3.73],[0,0],[-4.17,4.66],[0,0],[0,0]],"v":[[4.12,14.3],[4.32,6.94],[-0.59,2.55],[-2.24,16.01],[4.12,14.3]]}}},{"ty":"sh","nm":"","d":1,"ks":{"a":0,"k":{"c":true,"i":[[0,0],[-0.58,0],[0,0],[3.88,-4.34],[0,0]],"o":[[2.72,-3.04],[0,0],[-2.58,0],[0,0],[0,0]],"v":[[4.32,6.94],[10.56,3.29],[10.56,-3.29],[-0.59,2.55],[4.32,6.94]]}}},{"ty":"fl","nm":"","c":{"a":0,"k":[0.686,0.686,0.686]},"r":1,"o":{"a":0,"k":100}}],"ind":1},{"ty":4,"nm":"S","sr":1,"st":0,"op":61,"ip":0,"hasMask":false,"ao":0,"ks":{"a":{"a":0,"k":[7.42,16.43]},"s":{"a":0,"k":[100,100]},"sk":{"a":0,"k":0},"p":{"a":0,"k":[7.42,16.43]},"r":{"a":0,"k":0},"sa":{"a":0,"k":0},"o":{"a":0,"k":100}},"shapes":[{"ty":"sh","nm":"","d":1,"ks":{"a":0,"k":{"c":true,"i":[[0,0],[0.42,1.77],[1.77,-0.42],[0.1,-0.02],[2.81,-3.14],[0.04,-2.37],[-0.43,-1.59],[0,0],[-0.76,-2.29],[0,0],[-0.2,-0.59],[-0.59,-2.3],[0,0],[0.81,2.43],[0.2,0.61],[0,0],[0.26,0.98],[-0.02,1.07],[-0.86,0.96],[-1.26,0.3],[-0.08,0.02]],"o":[[1.77,-0.42],[-0.42,-1.77],[-0.07,0.02],[-1.26,0.28],[-1.96,2.2],[-0.03,2.09],[0,0],[0.32,1.19],[0,0],[0.19,0.58],[0.98,2.95],[0,0],[-0.65,-2.32],[-0.22,-0.67],[0,0],[-0.75,-2.25],[-0.49,-1.81],[0.01,-0.86],[1.35,-1.51],[0.09,-0.02],[0,0]],"v":[[12.32,6.5],[14.75,2.53],[10.78,0.09],[10.53,0.15],[2.77,4.39],[0,11.31],[0.95,17.04],[0.99,17.2],[2.78,22.77],[2.78,22.77],[3.36,24.53],[5.93,32.87],[11.95,29.89],[9.62,22.46],[8.97,20.53],[8.97,20.53],[7.35,15.48],[6.59,11.41],[7.68,8.79],[12.07,6.56],[12.32,6.5]]}}},{"ty":"fl","nm":"","c":{"a":0,"k":[0.686,0.686,0.686]},"r":2,"o":{"a":0,"k":100}}],"ind":2},{"ty":4,"nm":"V","sr":1,"st":0,"op":61,"ip":0,"hasMask":false,"ao":0,"ks":{"a":{"a":0,"k":[5.2,1.65]},"s":{"a":0,"k":[100,100]},"sk":{"a":0,"k":0},"p":{"a":0,"k":[16.1,1.78]},"r":{"a":0,"k":0},"sa":{"a":0,"k":0},"o":{"a":0,"k":100}},"shapes":[{"ty":"sh","nm":"","d":1,"ks":{"a":0,"k":{"c":true,"i":[[0,0],[-1.43,-3.11],[-3.11,1.43],[0,0]],"o":[[-3.11,1.43],[1.43,3.11],[0,0],[0,0]],"v":[[-2.6,-2.33],[-5.62,5.89],[2.6,8.92],[-2.6,-2.33]]}}},{"ty":"sh","nm":"","d":1,"ks":{"a":0,"k":{"c":true,"i":[[0,0],[0.77,3.33],[3.33,-0.77],[0,0]],"o":[[3.33,-0.77],[-0.77,-3.33],[0,0],[0,0]],"v":[[11.8,6.03],[16.44,-1.39],[9.02,-6.03],[11.8,6.03]]}}},{"ty":"sh","nm":"","d":1,"ks":{"a":0,"k":{"c":true,"i":[[0,0],[-2.14,0.63],[0,0],[2.12,-0.98],[0,0]],"o":[[1.3,-0.6],[0,0],[-2.34,0.69],[0,0],[0,0]],"v":[[2.6,8.92],[7.28,7.26],[3.79,-4.62],[-2.6,-2.33],[2.6,8.92]]}}},{"ty":"sh","nm":"","d":1,"ks":{"a":0,"k":{"c":true,"i":[[0,0],[-0.98,0.23],[0,0],[2.3,-0.68],[0,0]],"o":[[2.18,-0.64],[0,0],[-1.31,0.3],[0,0],[0,0]],"v":[[7.28,7.26],[11.8,6.03],[9.02,-6.03],[3.79,-4.62],[7.28,7.26]]}}},{"ty":"fl","nm":"","c":{"a":0,"k":[0.149,0.161,0.169]},"r":1,"o":{"a":0,"k":100}}],"ind":3},{"ty":4,"nm":"V","sr":1,"st":0,"op":61,"ip":0,"hasMask":false,"ao":0,"ks":{"a":{"a":0,"k":[13.97,14.63]},"s":{"a":0,"k":[100,100]},"sk":{"a":0,"k":0},"p":{"a":0,"k":[20.11,16.73]},"r":{"a":0,"k":0},"sa":{"a":0,"k":0},"o":{"a":0,"k":100}},"shapes":[{"ty":"sh","nm":"","d":1,"ks":{"a":0,"k":{"c":true,"i":[[0,0],[3.03,-2.24],[0,0],[0,0],[0,0],[0,0],[0,0],[2.42,-2.74]],"o":[[-2.42,2.74],[0,0],[0,0],[0,0],[0,0],[0,0],[-1.49,2.24],[0,0]],"v":[[9.35,9.62],[0,18.31],[4.22,29.25],[7.91,27.14],[19.37,17.26],[27.93,3.56],[16.47,0],[9.35,9.62]]}}},{"ty":"fl","nm":"","c":{"a":0,"k":[0.784,0.412,0.008]},"r":1,"o":{"a":0,"k":100}}],"ind":4}]},{"nm":"[","id":"7","layers":[{"ty":4,"nm":"E","sr":1,"st":0,"op":61,"ip":0,"hasMask":false,"ao":0,"ks":{"a":{"a":0,"k":[57.05,57.05]},"s":{"a":0,"k":[100,100]},"sk":{"a":0,"k":0},"p":{"a":0,"k":[60.26,60.26]},"r":{"a":0,"k":0},"sa":{"a":0,"k":0},"o":{"a":0,"k":100}},"shapes":[{"ty":"sh","nm":"","d":1,"ks":{"a":0,"k":{"c":true,"i":[[0,0],[29.74,0],[0,29.74],[-29.74,0],[0,-29.74]],"o":[[0,29.74],[-29.74,0],[0,-29.74],[29.74,0],[0,0]],"v":[[107.69,53.845],[53.845,107.69],[0,53.845],[53.845,0],[107.69,53.845]]}}},{"ty":"st","nm":"","lc":1,"lj":1,"ml":4,"o":{"a":0,"k":100},"w":{"a":0,"k":6.41},"c":{"a":0,"k":[1,0.647,0.647]}}],"ind":1},{"ty":4,"nm":"E","sr":1,"st":0,"op":61,"ip":0,"hasMask":false,"ao":0,"ks":{"a":{"a":0,"k":[54.01,54.01]},"s":{"a":0,"k":[100,100]},"sk":{"a":0,"k":0},"p":{"a":0,"k":[56.98,56.33]},"r":{"a":0,"k":0},"sa":{"a":0,"k":0},"o":{"a":0,"k":100}},"shapes":[{"ty":"sh","nm":"","d":1,"ks":{"a":0,"k":{"c":true,"i":[[0,0],[29.83,0],[0,29.83],[-29.83,0],[0,-29.83]],"o":[[0,29.83],[-29.83,0],[0,-29.83],[29.83,0],[0,0]],"v":[[108.03,54.01],[54.01,108.03],[0,54.01],[54.01,0],[108.03,54.01]]}}},{"ty":"fl","nm":"","c":{"a":0,"k":[0.568,0.112,0.136]},"r":1,"o":{"a":0,"k":100}}],"ind":2},{"ty":4,"nm":"E","sr":1,"st":0,"op":61,"ip":0,"hasMask":false,"ao":0,"ks":{"a":{"a":0,"k":[57.05,57.05]},"s":{"a":0,"k":[100,100]},"sk":{"a":0,"k":0},"p":{"a":0,"k":[60.26,66.67]},"r":{"a":0,"k":0},"sa":{"a":0,"k":0},"o":{"a":0,"k":100}},"shapes":[{"ty":"sh","nm":"","d":1,"ks":{"a":0,"k":{"c":true,"i":[[0,0],[29.74,0],[0,29.74],[-29.74,0],[0,-29.74]],"o":[[0,29.74],[-29.74,0],[0,-29.74],[29.74,0],[0,0]],"v":[[107.69,53.845],[53.845,107.69],[0,53.845],[53.845,0],[107.69,53.845]]}}},{"ty":"st","nm":"","lc":1,"lj":1,"ml":4,"o":{"a":0,"k":100},"w":{"a":0,"k":6.41},"c":{"a":0,"k":[0.898,0.439,0.439]}}],"ind":3}]}]}