{"nm":"N","h":150,"w":150,"meta":{"g":"LottieFiles Figma v67"},"layers":[{"ty":4,"nm":"S","sr":1,"st":0,"op":61,"ip":0,"hasMask":false,"ao":0,"ks":{"a":{"a":0,"k":[57.05,52.95]},"s":{"a":0,"k":[100,100]},"sk":{"a":0,"k":0},"p":{"a":0,"k":[75,79.11]},"r":{"a":0,"k":0},"sa":{"a":0,"k":0},"o":{"a":0,"k":100}},"shapes":[{"ty":"sh","nm":"","d":1,"ks":{"a":0,"k":{"c":true,"i":[[0,0],[0,-20.71],[-31.51,0],[0,31.51],[3.4,7.31],[0,0],[0,-9.04],[28.15,0],[0,28.15],[-15.04,8.74],[0,0]],"o":[[-16.51,10],[0,31.51],[31.51,0],[0,-8.6],[0,0],[4.08,7.31],[0,28.15],[-28.15,0],[0,-18.8],[0,0],[0,0]],"v":[[27.55,0],[0,48.84],[57.05,105.89],[114.1,48.84],[108.8,24.78],[101.3,24.03],[107.69,48.84],[57.05,99.48],[6.41,48.84],[31.48,5.03],[27.55,0]]}}},{"ty":"fl","nm":"","c":{"a":0,"k":[0.58,0.91,0.365]},"r":2,"o":{"a":0,"k":100}}],"ind":1},{"ty":0,"nm":"G","sr":1,"st":0,"op":61,"ip":0,"hasMask":false,"ao":0,"ks":{"a":{"a":0,"k":[58.41,69.23]},"s":{"a":0,"k":[100,100]},"sk":{"a":0,"k":0},"p":{"a":0,"k":[76.36,69.23]},"r":{"a":0,"k":0},"sa":{"a":0,"k":0},"o":{"a":0,"k":100}},"w":150,"h":150,"refId":"1","ind":2}],"v":"5.7.0","fr":60,"op":60,"ip":0,"assets":[{"nm":"[","id":"1","layers":[{"ty":0,"nm":"f","sr":1,"st":0,"op":61,"ip":0,"hasMask":false,"ao":0,"ks":{"a":{"a":0,"k":[27.46,42.28]},"s":{"a":0,"k":[100,100]},"sk":{"a":0,"k":0},"p":{"a":0,"k":[34.31,89.57]},"r":{"a":0,"k":0},"sa":{"a":0,"k":0},"o":{"a":0,"k":100}},"w":150,"h":150,"refId":"2","ind":1},{"ty":0,"nm":"g","sr":1,"st":0,"op":61,"ip":0,"hasMask":false,"ao":0,"ks":{"a":{"a":0,"k":[20.37,7.28]},"s":{"a":0,"k":[100,100]},"sk":{"a":0,"k":0},"p":{"a":0,"k":[67.5,54.48]},"r":{"a":0,"k":0},"sa":{"a":0,"k":0},"o":{"a":0,"k":100}},"w":150,"h":150,"refId":"5","ind":2},{"ty":4,"nm":"N","sr":1,"st":0,"op":61,"ip":0,"hasMask":false,"ao":0,"ks":{"a":{"a":0,"k":[3.84,5.32]},"s":{"a":0,"k":[100,100]},"sk":{"a":0,"k":0},"p":{"a":0,"k":[77.08,61.77]},"r":{"a":0,"k":-5.71},"sa":{"a":0,"k":0},"o":{"a":0,"k":100}},"shapes":[{"ty":"sh","nm":"","d":1,"ks":{"a":0,"k":{"c":true,"i":[[0,0],[-2.69,-1.63],[2.47,-1.48],[0.1,3.17],[-0.14,0.09]],"o":[[0.14,-0.09],[2.68,1.63],[-2.47,1.48],[-0.1,-3.19],[0,0]],"v":[[0.09,0],[5.52,3.09],[5.97,10.17],[0.1,6.34],[0.09,0]]}}},{"ty":"fl","nm":"","c":{"a":0,"k":[0.933,0.584,0.514]},"r":1,"o":{"a":0,"k":100}}],"ind":3},{"ty":4,"nm":"I","sr":1,"st":0,"op":61,"ip":0,"hasMask":false,"ao":0,"ks":{"a":{"a":0,"k":[10.23,6.34]},"s":{"a":0,"k":[100,100]},"sk":{"a":0,"k":0},"p":{"a":0,"k":[58.51,58.81]},"r":{"a":0,"k":0},"sa":{"a":0,"k":0},"o":{"a":0,"k":100}},"shapes":[{"ty":"sh","nm":"","d":1,"ks":{"a":0,"k":{"c":true,"i":[[0,0],[0,0.63],[5.68,0],[0.67,-5.02],[-0.05,-0.08],[-3.43,-0.58],[-2.6,-0.7],[-0.21,0.19]],"o":[[0.11,-0.6],[0,-5.68],[-5.21,0],[0.05,0.08],[2.47,0.27],[4.26,0.72],[0.22,-0.18],[0,0]],"v":[[20.3,12.13],[20.46,10.28],[10.19,0],[0,8.9],[0.14,9.15],[9.13,10.41],[19.65,12.68],[20.3,12.13]]}}},{"ty":"fl","nm":"","c":{"a":0,"k":[0.239,0.239,0.239]},"r":2,"o":{"a":0,"k":100}}],"ind":4},{"ty":4,"nm":"S","sr":1,"st":0,"op":61,"ip":0,"hasMask":false,"ao":0,"ks":{"a":{"a":0,"k":[13.34,12.65]},"s":{"a":0,"k":[100,100]},"sk":{"a":0,"k":0},"p":{"a":0,"k":[59.45,52.51]},"r":{"a":0,"k":0},"sa":{"a":0,"k":0},"o":{"a":0,"k":100}},"shapes":[{"ty":"sh","nm":"","d":1,"ks":{"a":0,"k":{"c":true,"i":[[0,0],[-1.68,-6.93],[0,0],[-0.61,-1.05],[-3.43,-0.58],[-2.6,-0.7],[1.22,5.04],[0,0],[6.93,-1.68],[0,0]],"o":[[-6.93,1.68],[0,0],[0.3,1.25],[2.47,0.27],[4.26,0.72],[3.81,-3.03],[0,0],[-1.68,-6.93],[0,0],[0,0]],"v":[[9.88,0.44],[0.37,16.03],[0.92,18.3],[2.3,21.76],[11.29,23.02],[21.81,25.29],[26.32,12.15],[25.77,9.88],[10.18,0.37],[9.88,0.44]]}}},{"ty":"fl","nm":"","c":{"a":0,"k":[1,1,1]},"r":2,"o":{"a":0,"k":100}}],"ind":5},{"ty":4,"nm":"I","sr":1,"st":0,"op":61,"ip":0,"hasMask":false,"ao":0,"ks":{"a":{"a":0,"k":[8.95,6.06]},"s":{"a":0,"k":[100,100]},"sk":{"a":0,"k":0},"p":{"a":0,"k":[81.73,54.58]},"r":{"a":0,"k":0},"sa":{"a":0,"k":0},"o":{"a":0,"k":100}},"shapes":[{"ty":"sh","nm":"","d":1,"ks":{"a":0,"k":{"c":true,"i":[[0,0],[3.13,-0.76],[2.49,3.22],[-4.68,0],[-1.21,-3.69]],"o":[[-1.37,2.65],[-4.21,1.02],[0.6,-4.51],[4.09,0],[0,0]],"v":[[17.91,6.35],[10.94,11.83],[0,7.99],[9.14,0],[17.91,6.35]]}}},{"ty":"fl","nm":"","c":{"a":0,"k":[0.239,0.239,0.239]},"r":2,"o":{"a":0,"k":100}}],"ind":6},{"ty":4,"nm":"R","sr":1,"st":0,"op":61,"ip":0,"hasMask":false,"ao":0,"ks":{"a":{"a":0,"k":[10.66,12.52]},"s":{"a":0,"k":[100,100]},"sk":{"a":0,"k":0},"p":{"a":0,"k":[80.67,48.17]},"r":{"a":0,"k":-13.61},"sa":{"a":0,"k":0},"o":{"a":0,"k":100}},"shapes":[{"ty":"sh","nm":"","d":1,"ks":{"a":0,"k":{"c":true,"i":[[0,-5.88],[0,0],[5.88,0],[0,0],[0,5.88],[0,0],[-5.88,0],[0,0]],"o":[[0,0],[0,5.88],[0,0],[-5.88,0],[0,0],[0,-5.88],[0,0],[5.88,0]],"v":[[21.31,10.66],[21.31,14.39],[10.66,25.04],[10.66,25.04],[0,14.39],[0,10.66],[10.66,0],[10.66,0]]}}},{"ty":"fl","nm":"","c":{"a":0,"k":[1,1,1]},"r":1,"o":{"a":0,"k":100}}],"ind":7},{"ty":4,"nm":"m","sr":1,"st":0,"op":61,"ip":0,"hasMask":false,"ao":0,"ks":{"a":{"a":0,"k":[0.26,4.48]},"s":{"a":0,"k":[100,100]},"sk":{"a":0,"k":0},"p":{"a":0,"k":[76.91,76.32]},"r":{"a":0,"k":0},"sa":{"a":0,"k":0},"o":{"a":0,"k":100}},"shapes":[{"ty":"sh","nm":"","d":1,"ks":{"a":0,"k":{"c":true,"i":[[0,0],[1.6,-0.09],[-0.09,-1.6],[0,0]],"o":[[-0.09,-1.6],[-1.6,0.09],[0,0],[0,0]],"v":[[2.89,-0.17],[-0.17,-2.89],[-2.89,0.17],[2.89,-0.17]]}}},{"ty":"sh","nm":"","d":1,"ks":{"a":0,"k":{"c":true,"i":[[0,0],[-1.6,0.09],[0.09,1.6],[0,0]],"o":[[0.09,1.6],[1.6,-0.09],[0,0],[0,0]],"v":[[-2.37,9.13],[0.7,11.85],[3.42,8.79],[-2.37,9.13]]}}},{"ty":"sh","nm":"","d":1,"ks":{"a":0,"k":{"c":true,"i":[[0,0],[0,0],[0,0],[0,0],[0,0]],"o":[[0,0],[0,0],[0,0],[0,0],[0,0]],"v":[[-2.89,0.17],[-2.37,9.13],[3.42,8.79],[2.89,-0.17],[-2.89,0.17]]}}},{"ty":"fl","nm":"","c":{"a":0,"k":[0.8,0.298,0.298]},"r":1,"o":{"a":0,"k":100}}],"ind":8},{"ty":4,"nm":"e","sr":1,"st":0,"op":61,"ip":0,"hasMask":false,"ao":0,"ks":{"a":{"a":0,"k":[8.04,8.04]},"s":{"a":0,"k":[100,100]},"sk":{"a":0,"k":0},"p":{"a":0,"k":[17.52,69.47]},"r":{"a":0,"k":0},"sa":{"a":0,"k":0},"o":{"a":0,"k":100}},"shapes":[{"ty":"sh","nm":"","d":1,"ks":{"a":0,"k":{"c":true,"i":[[0,0],[4.44,0],[0,4.44],[-4.44,0],[0,-4.44]],"o":[[0,4.44],[-4.44,0],[0,-4.44],[4.44,0],[0,0]],"v":[[16.07,8.04],[8.04,16.07],[0,8.04],[8.04,0],[16.07,8.04]]}}},{"ty":"fl","nm":"","c":{"a":0,"k":[1,0.777,0.718]},"r":1,"o":{"a":0,"k":100}}],"ind":9},{"ty":4,"nm":"I","sr":1,"st":0,"op":61,"ip":0,"hasMask":false,"ao":0,"ks":{"a":{"a":0,"k":[9.88,15.18]},"s":{"a":0,"k":[100,100]},"sk":{"a":0,"k":0},"p":{"a":0,"k":[27.04,49.91]},"r":{"a":0,"k":0},"sa":{"a":0,"k":0},"o":{"a":0,"k":100}},"shapes":[{"ty":"sh","nm":"","d":1,"ks":{"a":0,"k":{"c":true,"i":[[0,0],[0,0],[6.05,-0.9],[0,0],[0,0],[-7.4,3.72],[-2.92,1.19]],"o":[[0,0],[0.9,6.05],[0,0],[0,0],[-1.46,-8.15],[2.26,-1.14],[0,0]],"v":[[17.19,0],[19.64,16.49],[10.32,29.06],[1.54,30.37],[0.35,23.7],[9.41,3.52],[17.19,0]]}}},{"ty":"gf","nm":"","e":{"a":0,"k":[16.306,30.395]},"g":{"p":2,"k":{"a":0,"k":[0,1,0.588,0,1,1,0.777,0.718]}},"t":1,"a":{"a":0,"k":0},"h":{"a":0,"k":0},"s":{"a":0,"k":[3.129,3.252]},"r":2,"o":{"a":0,"k":100}}],"ind":10},{"ty":4,"nm":"S","sr":1,"st":0,"op":61,"ip":0,"hasMask":false,"ao":0,"ks":{"a":{"a":0,"k":[14.08,10.42]},"s":{"a":0,"k":[100,100]},"sk":{"a":0,"k":0},"p":{"a":0,"k":[94.09,98.77]},"r":{"a":0,"k":0},"sa":{"a":0,"k":0},"o":{"a":0,"k":100}},"shapes":[{"ty":"sh","nm":"","d":1,"ks":{"a":0,"k":{"c":true,"i":[[0,0],[0,0],[0,0],[3.87,8.36],[-9.72,0],[0,0]],"o":[[0,0],[0,0],[-8.34,-4.08],[9.29,-1.21],[0,0],[0,0]],"v":[[28.17,0.95],[21.14,18.93],[18.92,20.84],[0,1.59],[27.93,0],[28.17,0.95]]}}},{"ty":"fl","nm":"","c":{"a":0,"k":[0.2,0.89,1]},"r":2,"o":{"a":0,"k":100}}],"ind":11},{"ty":4,"nm":"I","sr":1,"st":0,"op":61,"ip":0,"hasMask":false,"ao":0,"ks":{"a":{"a":0,"k":[28.36,20.29]},"s":{"a":0,"k":[100,100]},"sk":{"a":0,"k":0},"p":{"a":0,"k":[52.82,110.08]},"r":{"a":0,"k":0},"sa":{"a":0,"k":0},"o":{"a":0,"k":100}},"shapes":[{"ty":"sh","nm":"","d":1,"ks":{"a":0,"k":{"c":true,"i":[[0,0],[-4.99,10.06],[-1.1,5.27],[23.82,-9.18],[0,0],[-12.42,2.97],[0,0]],"o":[[8.04,-5.61],[2.57,-5.18],[-15.98,1.97],[0,0],[2.82,12.46],[0,0],[0,0]],"v":[[31.09,39.53],[51.23,15.75],[56.72,0],[0,15.55],[1.62,22.72],[29.32,39.95],[31.09,39.53]]}}},{"ty":"fl","nm":"","c":{"a":0,"k":[0.2,0.89,1]},"r":2,"o":{"a":0,"k":100}}],"ind":12},{"ty":0,"nm":"G","sr":1,"st":0,"op":61,"ip":0,"hasMask":false,"ao":0,"ks":{"a":{"a":0,"k":[23.58,19.5]},"s":{"a":0,"k":[100,100]},"sk":{"a":0,"k":0},"p":{"a":0,"k":[76.29,110.71]},"r":{"a":0,"k":0},"sa":{"a":0,"k":0},"o":{"a":0,"k":100}},"w":150,"h":150,"refId":"6","ind":13},{"ty":4,"nm":"V","sr":1,"st":0,"op":61,"ip":0,"hasMask":false,"ao":0,"ks":{"a":{"a":0,"k":[17.85,22.93]},"s":{"a":0,"k":[100,100]},"sk":{"a":0,"k":0},"p":{"a":0,"k":[98.98,107.28]},"r":{"a":0,"k":0},"sa":{"a":0,"k":0},"o":{"a":0,"k":100}},"shapes":[{"ty":"sh","nm":"","d":1,"ks":{"a":0,"k":{"c":true,"i":[[0,0],[0,0],[0,0],[0,0],[0,0],[0,0],[0,0]],"o":[[0,0],[0,0],[0,0],[0,0],[0,0],[0,0],[0,0]],"v":[[20.03,22.93],[28.99,0],[35.71,0],[32.81,22.93],[12.78,45.85],[0,40.19],[20.03,22.93]]}}}],"ind":14},{"ty":4,"nm":"S","sr":1,"st":0,"op":61,"ip":0,"hasMask":false,"ao":0,"ks":{"a":{"a":0,"k":[41.85,21.01]},"s":{"a":0,"k":[100,100]},"sk":{"a":0,"k":0},"p":{"a":0,"k":[66.32,109.36]},"r":{"a":0,"k":0},"sa":{"a":0,"k":0},"o":{"a":0,"k":100}},"shapes":[{"ty":"sh","nm":"","d":1,"ks":{"a":0,"k":{"c":true,"i":[[0,0],[0,0],[0,0],[0,0],[2.82,12.46],[0,0],[-26.06,-0.01],[0,0]],"o":[[0,0],[0,0],[0,0],[-12.42,2.97],[0,0],[37.04,-14.27],[0,0],[0,0]],"v":[[83.71,0.95],[76.68,18.93],[58.81,34.33],[29.32,41.39],[1.62,24.16],[0,16.99],[83.47,0],[83.71,0.95]]}}},{"ty":"fl","nm":"","c":{"a":0,"k":[0,0.518,0.761]},"r":2,"o":{"a":0,"k":100}},{"ty":"fl","nm":"","c":{"a":0,"k":[0.333,0.333,0.333]},"r":2,"o":{"a":0,"k":100}}],"ind":15},{"ty":4,"nm":"S","sr":1,"st":0,"op":61,"ip":0,"hasMask":false,"ao":0,"ks":{"a":{"a":0,"k":[45.43,51.97]},"s":{"a":0,"k":[100,100]},"sk":{"a":0,"k":0},"p":{"a":0,"k":[62.75,78.14]},"r":{"a":0,"k":0},"sa":{"a":0,"k":0},"o":{"a":0,"k":100}},"shapes":[{"ty":"sh","nm":"","d":1,"ks":{"a":0,"k":{"c":true,"i":[[0,0],[-1.39,-7.91],[0,0],[-12.84,3.08],[0,0],[0,0],[0,0],[0,0],[10.23,-0.63],[9.55,-2.83],[4.79,-2.51]],"o":[[-7.12,3.73],[0,0],[2.29,13.01],[0,0],[0,0],[0,0],[0,0],[-2.46,-9.95],[-9.04,0.55],[-7.96,2.36],[0,0]],"v":[[8.97,12.35],[0.34,32.06],[9.67,84.99],[37.58,103.3],[65.95,96.51],[83.83,81.11],[90.85,63.13],[79.29,16.49],[57.83,0.04],[28.09,4.69],[8.97,12.35]]}}},{"ty":"fl","nm":"","c":{"a":0,"k":[1,0.777,0.718]},"r":2,"o":{"a":0,"k":100}}],"ind":16},{"ty":4,"nm":"E","sr":1,"st":0,"op":61,"ip":0,"hasMask":false,"ao":0,"ks":{"a":{"a":0,"k":[14.49,14.49]},"s":{"a":0,"k":[100,100]},"sk":{"a":0,"k":0},"p":{"a":0,"k":[52.14,34.02]},"r":{"a":0,"k":0},"sa":{"a":0,"k":0},"o":{"a":0,"k":100}},"shapes":[{"ty":"sh","nm":"","d":1,"ks":{"a":0,"k":{"c":true,"i":[[0,0],[8,0],[0,8],[-8,0],[0,-8]],"o":[[0,8],[-8,0],[0,-8],[8,0],[0,0]],"v":[[28.99,14.49],[14.49,28.99],[0,14.49],[14.49,0],[28.99,14.49]]}}},{"ty":"fl","nm":"","c":{"a":0,"k":[1,0.588,0]},"r":1,"o":{"a":0,"k":100}}],"ind":17},{"ty":4,"nm":"E","sr":1,"st":0,"op":61,"ip":0,"hasMask":false,"ao":0,"ks":{"a":{"a":0,"k":[14.1,14.74]},"s":{"a":0,"k":[100,100]},"sk":{"a":0,"k":0},"p":{"a":0,"k":[64.1,14.74]},"r":{"a":0,"k":0},"sa":{"a":0,"k":0},"o":{"a":0,"k":100}},"shapes":[{"ty":"sh","nm":"","d":1,"ks":{"a":0,"k":{"c":true,"i":[[0,0],[7.79,0],[0,8.14],[-7.79,0],[0,-8.14]],"o":[[0,8.14],[-7.79,0],[0,-8.14],[7.79,0],[0,0]],"v":[[28.21,14.74],[14.1,29.49],[0,14.74],[14.1,0],[28.21,14.74]]}}},{"ty":"fl","nm":"","c":{"a":0,"k":[1,0.588,0]},"r":1,"o":{"a":0,"k":100}}],"ind":18},{"ty":0,"nm":"G","sr":1,"st":0,"op":61,"ip":0,"hasMask":false,"ao":0,"ks":{"a":{"a":0,"k":[57.05,60.26]},"s":{"a":0,"k":[100,100]},"sk":{"a":0,"k":0},"p":{"a":0,"k":[57.05,78.21]},"r":{"a":0,"k":0},"sa":{"a":0,"k":0},"o":{"a":0,"k":100}},"w":150,"h":150,"refId":"7","ind":19}]},{"nm":"[","id":"2","layers":[{"ty":4,"nm":"V","sr":1,"st":0,"op":61,"ip":0,"hasMask":false,"ao":0,"ks":{"a":{"a":0,"k":[3.91,9.82]},"s":{"a":0,"k":[100,100]},"sk":{"a":0,"k":0},"p":{"a":0,"k":[21.39,53.2]},"r":{"a":0,"k":0},"sa":{"a":0,"k":0},"o":{"a":0,"k":100}},"shapes":[{"ty":"sh","nm":"","d":1,"ks":{"a":0,"k":{"c":true,"i":[[0,0],[2.4,-0.14],[-0.14,-2.4],[0,0]],"o":[[-0.14,-2.4],[-2.4,0.14],[0,0],[0,0]],"v":[[4.34,-0.26],[-0.26,-4.34],[-4.34,0.26],[4.34,-0.26]]}}},{"ty":"sh","nm":"","d":1,"ks":{"a":0,"k":{"c":true,"i":[[0,0],[-1.8,1.59],[1.59,1.8],[0,0]],"o":[[1.59,1.8],[1.8,-1.59],[0,0],[0,0]],"v":[[4.55,22.51],[10.69,22.89],[11.08,16.76],[4.55,22.51]]}}},{"ty":"sh","nm":"","d":1,"ks":{"a":0,"k":{"c":true,"i":[[0,0],[-0.89,-2.99],[0,0],[0.06,1.02],[0,0]],"o":[[0.12,1.97],[0,0],[-0.8,-2.7],[0,0],[0,0]],"v":[[-4.34,0.26],[-2.46,9.54],[5.88,7.07],[4.34,-0.26],[-4.34,0.26]]}}},{"ty":"sh","nm":"","d":1,"ks":{"a":0,"k":{"c":true,"i":[[0,0],[-1.19,-2.26],[-1.49,-1.69],[0,0],[1.09,2.06],[0.3,1.03],[0,0]],"o":[[0.54,1.82],[1.18,2.24],[0,0],[-0.8,-0.9],[-1.08,-2.04],[0,0],[0,0]],"v":[[-2.46,9.54],[0.38,16.09],[4.55,22.51],[11.08,16.76],[8.07,12.04],[5.88,7.07],[-2.46,9.54]]}}},{"ty":"fl","nm":"","c":{"a":0,"k":[0.471,0.788,0.239]},"r":1,"o":{"a":0,"k":100}}],"ind":1},{"ty":4,"nm":"E","sr":1,"st":0,"op":61,"ip":0,"hasMask":false,"ao":0,"ks":{"a":{"a":0,"k":[16.46,11.95]},"s":{"a":0,"k":[100,100]},"sk":{"a":0,"k":0},"p":{"a":0,"k":[35.14,67.22]},"r":{"a":0,"k":-22.41},"sa":{"a":0,"k":0},"o":{"a":0,"k":100}},"shapes":[{"ty":"sh","nm":"","d":1,"ks":{"a":0,"k":{"c":true,"i":[[0,0],[9.09,0],[0,6.66],[-8.77,1.23],[0,-6.66]],"o":[[0,6.66],[-9.09,0],[0,-3.83],[8.77,-1.23],[0,0]],"v":[[32.92,11.86],[16.46,23.91],[0,11.86],[19.95,0.15],[32.92,11.86]]}}},{"ty":"fl","nm":"","c":{"a":0,"k":[1,0.777,0.718]},"r":1,"o":{"a":0,"k":100}}],"ind":2},{"ty":0,"nm":"f","sr":1,"st":0,"op":61,"ip":0,"hasMask":false,"ao":0,"ks":{"a":{"a":0,"k":[26.11,29.74]},"s":{"a":0,"k":[100,100]},"sk":{"a":0,"k":0},"p":{"a":0,"k":[26.11,45.45]},"r":{"a":0,"k":0},"sa":{"a":0,"k":0},"o":{"a":0,"k":100}},"w":150,"h":150,"refId":"3","ind":3},{"ty":0,"nm":"c","sr":1,"st":0,"op":61,"ip":0,"hasMask":false,"ao":0,"ks":{"a":{"a":0,"k":[14.27,15.94]},"s":{"a":0,"k":[100,100]},"sk":{"a":0,"k":0},"p":{"a":0,"k":[27.41,17.17]},"r":{"a":0,"k":-5.21},"sa":{"a":0,"k":0},"o":{"a":0,"k":100}},"w":150,"h":150,"refId":"4","ind":4}]},{"nm":"[","id":"3","layers":[{"ty":4,"nm":"V","sr":1,"st":0,"op":61,"ip":0,"hasMask":false,"ao":0,"ks":{"a":{"a":0,"k":[3.34,7.54]},"s":{"a":0,"k":[100,100]},"sk":{"a":0,"k":0},"p":{"a":0,"k":[26.24,51.86]},"r":{"a":0,"k":-46.51},"sa":{"a":0,"k":0},"o":{"a":0,"k":100}},"shapes":[{"ty":"sh","nm":"","d":1,"ks":{"a":0,"k":{"c":true,"i":[[0,0],[-1.18,2.01],[2.01,1.18],[0,0]],"o":[[2.01,1.18],[1.18,-2.01],[0,0],[0,0]],"v":[[4.54,18.72],[10.31,17.22],[8.81,11.45],[4.54,18.72]]}}},{"ty":"sh","nm":"","d":1,"ks":{"a":0,"k":{"c":true,"i":[[0,0],[2.32,-0.16],[-0.16,-2.32],[0,0]],"o":[[-0.16,-2.32],[-2.32,0.16],[0,0],[0,0]],"v":[[4.21,-0.29],[-0.29,-4.21],[-4.21,0.29],[4.21,-0.29]]}}},{"ty":"sh","nm":"","d":1,"ks":{"a":0,"k":{"c":true,"i":[[0,0],[0.38,0.4],[0.42,0.61],[0.41,1.4],[0,0],[-1.25,-1.81],[-1.62,-0.95],[0,0]],"o":[[0.06,0.03],[-0.35,-0.36],[-0.85,-1.23],[0,0],[0.71,2.46],[1.17,1.69],[0,0],[0,0]],"v":[[8.81,11.45],[8.31,10.98],[7.14,9.52],[5.12,5.41],[-2.98,7.76],[0.2,14.32],[4.54,18.72],[8.81,11.45]]}}},{"ty":"sh","nm":"","d":1,"ks":{"a":0,"k":{"c":true,"i":[[0,0],[0.09,0.74],[0.08,1.11],[0,0],[-1.27,-4.38],[0,0]],"o":[[-0.51,-1.74],[-0.11,-0.95],[0,0],[0.08,1.13],[0,0],[0,0]],"v":[[5.12,5.41],[4.34,1.84],[4.21,-0.29],[-4.21,0.29],[-2.98,7.76],[5.12,5.41]]}}},{"ty":"fl","nm":"","c":{"a":0,"k":[0.965,0.777,0.722]},"r":1,"o":{"a":0,"k":100}}],"ind":1},{"ty":4,"nm":"V","sr":1,"st":0,"op":61,"ip":0,"hasMask":false,"ao":0,"ks":{"a":{"a":0,"k":[1.05,4.41]},"s":{"a":0,"k":[100,100]},"sk":{"a":0,"k":0},"p":{"a":0,"k":[15.02,39.46]},"r":{"a":0,"k":-6.31},"sa":{"a":0,"k":0},"o":{"a":0,"k":100}},"shapes":[{"ty":"sh","nm":"","d":1,"ks":{"a":0,"k":{"c":true,"i":[[0,0],[-0.73,0.33],[0.33,0.73],[0,0]],"o":[[0.33,0.73],[0.73,-0.33],[0,0],[0,0]],"v":[[0.78,9.42],[2.7,10.15],[3.43,8.24],[0.78,9.42]]}}},{"ty":"sh","nm":"","d":1,"ks":{"a":0,"k":{"c":true,"i":[[0,0],[0,0],[0,0]],"o":[[0,0],[0,0],[0,0]],"v":[[0.53,3.82],[1.95,3.57],[0.53,3.82]]}}},{"ty":"sh","nm":"","d":1,"ks":{"a":0,"k":{"c":true,"i":[[0,0],[0.8,0],[0,-0.8],[0,0]],"o":[[0,-0.8],[-0.8,0],[0,0],[0,0]],"v":[[1.45,0],[0,-1.45],[-1.45,0],[1.45,0]]}}},{"ty":"sh","nm":"","d":1,"ks":{"a":0,"k":{"c":true,"i":[[0,0],[0.37,2.07],[0,0],[-0.55,-1.23],[0,0]],"o":[[-0.51,-1.14],[0,0],[0.42,2.41],[0,0],[0,0]],"v":[[3.43,8.24],[1.95,3.57],[-0.9,4.07],[0.78,9.42],[3.43,8.24]]}}},{"ty":"sh","nm":"","d":1,"ks":{"a":0,"k":{"c":true,"i":[[0,0],[0,0.5],[0,0],[-0.3,-1.68],[0,0]],"o":[[-0.31,-1.78],[0,0],[0,0.82],[0,0],[0,0]],"v":[[1.95,3.57],[1.45,0],[-1.45,0],[-0.9,4.07],[1.95,3.57]]}}},{"ty":"fl","nm":"","c":{"a":0,"k":[0.428,0.718,0.212]},"r":1,"o":{"a":0,"k":100}}],"ind":2},{"ty":4,"nm":"E","sr":1,"st":0,"op":61,"ip":0,"hasMask":false,"ao":0,"ks":{"a":{"a":0,"k":[10.33,12.87]},"s":{"a":0,"k":[100,100]},"sk":{"a":0,"k":0},"p":{"a":0,"k":[12.72,35.77]},"r":{"a":0,"k":-11.67},"sa":{"a":0,"k":0},"o":{"a":0,"k":100}},"shapes":[{"ty":"sh","nm":"","d":1,"ks":{"a":0,"k":{"c":true,"i":[[0,0],[5.7,0],[0,7.11],[-5.7,0],[0,-7.11]],"o":[[0,7.11],[-5.7,0],[0,-7.11],[5.7,0],[0,0]],"v":[[20.66,12.87],[10.33,25.74],[0,12.87],[10.33,0],[20.66,12.87]]}}},{"ty":"fl","nm":"","c":{"a":0,"k":[0.471,0.792,0.239]},"r":1,"o":{"a":0,"k":100}}],"ind":3},{"ty":4,"nm":"E","sr":1,"st":0,"op":61,"ip":0,"hasMask":false,"ao":0,"ks":{"a":{"a":0,"k":[12.19,16.15]},"s":{"a":0,"k":[100,100]},"sk":{"a":0,"k":0},"p":{"a":0,"k":[35.72,29.8]},"r":{"a":0,"k":17.64},"sa":{"a":0,"k":0},"o":{"a":0,"k":100}},"shapes":[{"ty":"sh","nm":"","d":1,"ks":{"a":0,"k":{"c":true,"i":[[0,0],[6.58,0],[0,8.59],[-6.58,0],[0,-8.59]],"o":[[0,8.59],[-6.58,0],[0,-8.59],[6.58,0],[0,0]],"v":[[24.38,16.4],[11.91,32.3],[0,16.74],[13.78,0],[24.38,16.4]]}}},{"ty":"fl","nm":"","c":{"a":0,"k":[0.58,0.91,0.365]},"r":1,"o":{"a":0,"k":100}}],"ind":4},{"ty":4,"nm":"E","sr":1,"st":0,"op":61,"ip":0,"hasMask":false,"ao":0,"ks":{"a":{"a":0,"k":[3.31,2.12]},"s":{"a":0,"k":[100,100]},"sk":{"a":0,"k":0},"p":{"a":0,"k":[19.94,7.78]},"r":{"a":0,"k":-45.61},"sa":{"a":0,"k":0},"o":{"a":0,"k":100}},"shapes":[{"ty":"sh","nm":"","d":1,"ks":{"a":0,"k":{"c":true,"i":[[0,0],[1.83,0],[0,1.17],[-1.83,0],[0,-1.17]],"o":[[0,1.17],[-1.83,0],[0,-1.17],[1.83,0],[0,0]],"v":[[6.62,2.12],[3.31,4.23],[0,2.12],[3.31,0],[6.62,2.12]]}}},{"ty":"fl","nm":"","c":{"a":0,"k":[0.239,0.239,0.239]},"r":1,"o":{"a":0,"k":100}}],"ind":5},{"ty":4,"nm":"E","sr":1,"st":0,"op":61,"ip":0,"hasMask":false,"ao":0,"ks":{"a":{"a":0,"k":[8.17,6.07]},"s":{"a":0,"k":[100,100]},"sk":{"a":0,"k":0},"p":{"a":0,"k":[23.09,9.76]},"r":{"a":0,"k":-36.94},"sa":{"a":0,"k":0},"o":{"a":0,"k":100}},"shapes":[{"ty":"sh","nm":"","d":1,"ks":{"a":0,"k":{"c":true,"i":[[0,0],[4.51,0],[0,3.9],[-4.51,0],[0,-3.9]],"o":[[0,3.9],[-4.51,0],[0,-3.9],[4.51,0],[0,0]],"v":[[16.34,7.06],[8.22,12.14],[0,7.06],[8.17,0],[16.34,7.06]]}}},{"ty":"fl","nm":"","c":{"a":0,"k":[0.98,0.902,0.302]},"r":1,"o":{"a":0,"k":100}}],"ind":6},{"ty":4,"nm":"E","sr":1,"st":0,"op":61,"ip":0,"hasMask":false,"ao":0,"ks":{"a":{"a":0,"k":[18.6,19.6]},"s":{"a":0,"k":[100,100]},"sk":{"a":0,"k":0},"p":{"a":0,"k":[29.63,25.49]},"r":{"a":0,"k":0},"sa":{"a":0,"k":0},"o":{"a":0,"k":100}},"shapes":[{"ty":"sh","nm":"","d":1,"ks":{"a":0,"k":{"c":true,"i":[[0,0],[13.31,0],[0,10.48],[-10.8,0.66],[0.7,-9.78]],"o":[[-0.7,9.78],[-13.31,0],[0,-10.48],[10.8,-0.66],[0,0]],"v":[[37.16,18.24],[17.26,39.19],[0,18.24],[20.55,0.03],[37.16,18.24]]}}},{"ty":"fl","nm":"","c":{"a":0,"k":[0.471,0.788,0.239]},"r":1,"o":{"a":0,"k":100}}],"ind":7},{"ty":4,"nm":"V","sr":1,"st":0,"op":61,"ip":0,"hasMask":false,"ao":0,"ks":{"a":{"a":0,"k":[1.24,7.38]},"s":{"a":0,"k":[100,100]},"sk":{"a":0,"k":0},"p":{"a":0,"k":[44.72,36.63]},"r":{"a":0,"k":0},"sa":{"a":0,"k":0},"o":{"a":0,"k":100}},"shapes":[{"ty":"sh","nm":"","d":1,"ks":{"a":0,"k":{"c":true,"i":[[0,0],[2.16,-0.65],[-0.65,-2.16],[0,0]],"o":[[-0.65,-2.16],[-2.16,0.65],[0,0],[0,0]],"v":[[5.36,-1.17],[0.28,-3.91],[-2.46,1.17],[5.36,-1.17]]}}},{"ty":"sh","nm":"","d":1,"ks":{"a":0,"k":{"c":true,"i":[[0,0],[0,0],[0,0]],"o":[[0,0],[0,0],[0,0]],"v":[[2.37,8.56],[6.43,9.02],[2.37,8.56]]}}},{"ty":"sh","nm":"","d":1,"ks":{"a":0,"k":{"c":true,"i":[[0,0],[-1.77,-1.39],[-1.39,1.77],[0,0]],"o":[[-1.39,1.77],[1.77,1.39],[0,0],[0,0]],"v":[[-3.21,12.23],[-2.52,17.97],[3.21,17.28],[-3.21,12.23]]}}},{"ty":"sh","nm":"","d":1,"ks":{"a":0,"k":{"c":true,"i":[[0,0],[0.31,-2.75],[0,0],[0.59,1.96],[0,0]],"o":[[0.47,1.55],[0,0],[0.48,-4.36],[0,0],[0,0]],"v":[[-2.46,1.17],[-1.69,8.11],[6.43,9.02],[5.36,-1.17],[-2.46,1.17]]}}},{"ty":"sh","nm":"","d":1,"ks":{"a":0,"k":{"c":true,"i":[[0,0],[0.19,-0.5],[0.56,-0.71],[0,0],[-0.56,1.44],[-0.18,1.64],[0,0]],"o":[[-0.14,1.26],[-0.18,0.47],[0,0],[0.89,-1.13],[0.55,-1.41],[0,0],[0,0]],"v":[[-1.69,8.11],[-2.2,10.58],[-3.21,12.23],[3.21,17.28],[5.42,13.54],[6.43,9.02],[-1.69,8.11]]}}},{"ty":"fl","nm":"","c":{"a":0,"k":[0.471,0.788,0.239]},"r":1,"o":{"a":0,"k":100}}],"ind":8},{"ty":4,"nm":"I","sr":1,"st":0,"op":61,"ip":0,"hasMask":false,"ao":0,"ks":{"a":{"a":0,"k":[2.96,2]},"s":{"a":0,"k":[100,100]},"sk":{"a":0,"k":0},"p":{"a":0,"k":[43.44,4.87]},"r":{"a":0,"k":14.69},"sa":{"a":0,"k":0},"o":{"a":0,"k":100}},"shapes":[{"ty":"sh","nm":"","d":1,"ks":{"a":0,"k":{"c":true,"i":[[0,0],[-0.46,1.14],[0.11,0.32],[1.92,0.04],[0.13,-0.33],[-1.56,-0.63]],"o":[[1.56,0.63],[0.16,-0.4],[-1.35,-1.14],[-0.32,0.12],[-0.46,1.14],[0,0]],"v":[[2.21,3.63],[5.78,2.95],[5.85,1.87],[0.82,0],[0.11,0.67],[2.21,3.63]]}}},{"ty":"fl","nm":"","c":{"a":0,"k":[0.239,0.239,0.239]},"r":2,"o":{"a":0,"k":100}},{"ty":"fl","nm":"","c":{"a":0,"k":[0.513,0.513,0.513]},"r":2,"o":{"a":0,"k":100}}],"ind":9},{"ty":4,"nm":"E","sr":1,"st":0,"op":61,"ip":0,"hasMask":false,"ao":0,"ks":{"a":{"a":0,"k":[7.91,7.64]},"s":{"a":0,"k":[100,100]},"sk":{"a":0,"k":0},"p":{"a":0,"k":[39.79,9.75]},"r":{"a":0,"k":14.69},"sa":{"a":0,"k":0},"o":{"a":0,"k":100}},"shapes":[{"ty":"sh","nm":"","d":1,"ks":{"a":0,"k":{"c":true,"i":[[0,0],[4.37,0],[0,4.22],[-4.37,0],[0,-4.22]],"o":[[0,4.22],[-4.37,0],[0,-4.22],[4.37,0],[0,0]],"v":[[15.81,7.64],[7.91,15.28],[0,7.64],[7.91,0],[15.81,7.64]]}}},{"ty":"fl","nm":"","c":{"a":0,"k":[0.984,0.902,0.302]},"r":1,"o":{"a":0,"k":100}}],"ind":10}]},{"nm":"[","id":"4","layers":[{"ty":4,"nm":"P","sr":1,"st":0,"op":61,"ip":0,"hasMask":false,"ao":0,"ks":{"a":{"a":0,"k":[12.05,14.1]},"s":{"a":0,"k":[100,100]},"sk":{"a":0,"k":0},"p":{"a":0,"k":[14.27,15.94]},"r":{"a":0,"k":-9.78},"sa":{"a":0,"k":0},"o":{"a":0,"k":100}},"shapes":[{"ty":"sh","nm":"","d":1,"ks":{"a":0,"k":{"c":true,"i":[[0,0],[-0.58,-1.18],[0,0],[1.17,0],[0,0],[-0.52,1.05],[0,0]],"o":[[0.58,-1.18],[0,0],[0.52,1.05],[0,0],[-1.17,0],[0,0],[0,0]],"v":[[10.63,2.87],[13.47,2.87],[21.36,18.87],[19.94,21.15],[4.16,21.15],[2.74,18.87],[10.63,2.87]]}}},{"ty":"fl","nm":"","c":{"a":0,"k":[0.78,0.459,0.165]},"r":1,"o":{"a":0,"k":100}}],"ind":1},{"ty":4,"nm":"P","sr":1,"st":0,"op":61,"ip":0,"hasMask":false,"ao":0,"ks":{"a":{"a":0,"k":[8.53,11.22]},"s":{"a":0,"k":[100,-100]},"sk":{"a":0,"k":0},"p":{"a":0,"k":[12.58,18.36]},"r":{"a":0,"k":-90},"sa":{"a":0,"k":0},"o":{"a":0,"k":100}},"shapes":[{"ty":"sh","nm":"","d":1,"ks":{"a":0,"k":{"c":true,"i":[[0,0],[-0.56,-1.29],[0,0],[1.27,0.32],[0,0],[-0.35,0.89],[0,0]],"o":[[0.52,-1.31],[0,0],[0.53,1.2],[0,0],[-0.93,-0.23],[0,0],[0,0]],"v":[[5.82,3.52],[8.74,3.47],[15.77,19.5],[13.94,21.67],[1.76,18.65],[0.67,16.53],[5.82,3.52]]}}},{"ty":"fl","nm":"","c":{"a":0,"k":[0.78,0.459,0.165]},"r":1,"o":{"a":0,"k":100}}],"ind":2},{"ty":4,"nm":"P","sr":1,"st":0,"op":61,"ip":0,"hasMask":false,"ao":0,"ks":{"a":{"a":0,"k":[9.78,9.36]},"s":{"a":0,"k":[100,100]},"sk":{"a":0,"k":0},"p":{"a":0,"k":[15.33,14.73]},"r":{"a":0,"k":-100.3},"sa":{"a":0,"k":0},"o":{"a":0,"k":100}},"shapes":[{"ty":"sh","nm":"","d":1,"ks":{"a":0,"k":{"c":true,"i":[[0,0],[-0.76,-1.04],[0,0],[1.33,0.06],[0,0],[-0.32,0.99],[0,0]],"o":[[0.4,-1.23],[0,0],[0.79,1.07],[0,0],[-1.04,-0.05],[0,0],[0,0]],"v":[[4.8,2.93],[7.57,2.48],[17.58,16.04],[16.24,18.56],[2.07,17.91],[0.63,15.84],[4.8,2.93]]}}},{"ty":"fl","nm":"","c":{"a":0,"k":[0.78,0.459,0.165]},"r":1,"o":{"a":0,"k":100}}],"ind":3}]},{"nm":"[","id":"5","layers":[{"ty":4,"nm":"V","sr":1,"st":0,"op":61,"ip":0,"hasMask":false,"ao":0,"ks":{"a":{"a":0,"k":[2.02,2.79]},"s":{"a":0,"k":[100,100]},"sk":{"a":0,"k":0},"p":{"a":0,"k":[38.28,6.68]},"r":{"a":0,"k":9.65},"sa":{"a":0,"k":0},"o":{"a":0,"k":100}},"shapes":[{"ty":"sh","nm":"","d":1,"ks":{"a":0,"k":{"c":true,"i":[[0,0],[-0.01,0.02],[0.01,0.53],[0.19,0.42],[-0.05,-0.04],[-0.7,-0.32],[-0.29,-0.07],[0.01,-0.03],[0.01,-0.6],[-0.06,-0.29],[0.03,0.03],[0.58,0.42],[0.17,-0.03]],"o":[[-0.04,-0.01],[0.13,-0.17],[-0.02,-0.59],[-0.03,-0.05],[0.37,0.38],[0.7,0.32],[0.04,0.01],[-0.12,0.21],[-0.01,0.56],[0.01,0.04],[-0.25,-0.25],[-0.6,-0.44],[0,0]],"v":[[0.06,3.44],[0,3.33],[0.71,1.94],[0.14,0.04],[0.21,0.03],[2.3,1.52],[3.96,2],[4.03,2.1],[3.45,3.8],[3.69,5.55],[3.63,5.56],[1.83,3.9],[0.06,3.44]]}}},{"ty":"sh","nm":"","d":1,"ks":{"a":0,"k":{"c":true,"i":[[0,0],[-0.01,0.02],[0.01,0.53],[0.19,0.42],[-0.05,-0.04],[-0.7,-0.32],[-0.29,-0.07],[0.01,-0.03],[0.01,-0.6],[-0.06,-0.29],[0.03,0.03],[0.58,0.42],[0.17,-0.03]],"o":[[-0.04,-0.01],[0.13,-0.17],[-0.02,-0.59],[-0.03,-0.05],[0.37,0.38],[0.7,0.32],[0.04,0.01],[-0.12,0.21],[-0.01,0.56],[0.01,0.04],[-0.25,-0.25],[-0.6,-0.44],[0,0]],"v":[[0.06,3.44],[0,3.33],[0.71,1.94],[0.14,0.04],[0.21,0.03],[2.3,1.52],[3.96,2],[4.03,2.1],[3.45,3.8],[3.69,5.55],[3.63,5.56],[1.83,3.9],[0.06,3.44]]}}},{"ty":"fl","nm":"","c":{"a":0,"k":[1,1,1]},"r":1,"o":{"a":0,"k":100}}],"ind":1},{"ty":4,"nm":"V","sr":1,"st":0,"op":61,"ip":0,"hasMask":false,"ao":0,"ks":{"a":{"a":0,"k":[2.48,3.43]},"s":{"a":0,"k":[100,100]},"sk":{"a":0,"k":0},"p":{"a":0,"k":[14.28,10.76]},"r":{"a":0,"k":9.65},"sa":{"a":0,"k":0},"o":{"a":0,"k":100}},"shapes":[{"ty":"sh","nm":"","d":1,"ks":{"a":0,"k":{"c":true,"i":[[0,0],[-0.02,0.03],[0.01,0.66],[0.23,0.51],[-0.06,-0.05],[-0.86,-0.39],[-0.36,-0.08],[0.02,-0.03],[0.01,-0.73],[-0.08,-0.36],[0.04,0.04],[0.72,0.52],[0.21,-0.04]],"o":[[-0.05,-0.02],[0.16,-0.2],[-0.02,-0.72],[-0.03,-0.06],[0.46,0.46],[0.86,0.39],[0.05,0.01],[-0.14,0.26],[-0.01,0.69],[0.01,0.05],[-0.3,-0.31],[-0.73,-0.54],[0,0]],"v":[[0.08,4.24],[0,4.11],[0.87,2.38],[0.17,0.05],[0.25,0.03],[2.84,1.88],[4.87,2.46],[4.96,2.59],[4.25,4.68],[4.54,6.83],[4.47,6.84],[2.26,4.8],[0.08,4.24]]}}},{"ty":"sh","nm":"","d":1,"ks":{"a":0,"k":{"c":true,"i":[[0,0],[-0.02,0.03],[0.01,0.66],[0.23,0.51],[-0.06,-0.05],[-0.86,-0.39],[-0.36,-0.08],[0.02,-0.03],[0.01,-0.73],[-0.08,-0.36],[0.04,0.04],[0.72,0.52],[0.21,-0.04]],"o":[[-0.05,-0.02],[0.16,-0.2],[-0.02,-0.72],[-0.03,-0.06],[0.46,0.46],[0.86,0.39],[0.05,0.01],[-0.14,0.26],[-0.01,0.69],[0.01,0.05],[-0.3,-0.31],[-0.73,-0.54],[0,0]],"v":[[0.08,4.24],[0,4.11],[0.87,2.38],[0.17,0.05],[0.25,0.03],[2.84,1.88],[4.87,2.46],[4.96,2.59],[4.25,4.68],[4.54,6.83],[4.47,6.84],[2.26,4.8],[0.08,4.24]]}}},{"ty":"fl","nm":"","c":{"a":0,"k":[1,1,1]},"r":1,"o":{"a":0,"k":100}}],"ind":2},{"ty":4,"nm":"E","sr":1,"st":0,"op":61,"ip":0,"hasMask":false,"ao":0,"ks":{"a":{"a":0,"k":[3.95,3.95]},"s":{"a":0,"k":[100,100]},"sk":{"a":0,"k":0},"p":{"a":0,"k":[3.95,8.43]},"r":{"a":0,"k":0},"sa":{"a":0,"k":0},"o":{"a":0,"k":100}},"shapes":[{"ty":"sh","nm":"","d":1,"ks":{"a":0,"k":{"c":true,"i":[[0,0],[2.18,0],[0,2.18],[-2.18,0],[0,-2.18]],"o":[[0,2.18],[-2.18,0],[0,-2.18],[2.18,0],[0,0]],"v":[[7.91,3.95],[3.95,7.91],[0,3.95],[3.95,0],[7.91,3.95]]}}},{"ty":"fl","nm":"","c":{"a":0,"k":[1,1,1]},"r":1,"o":{"a":0,"k":100}}],"ind":3},{"ty":4,"nm":"E","sr":1,"st":0,"op":61,"ip":0,"hasMask":false,"ao":0,"ks":{"a":{"a":0,"k":[3.43,3.43]},"s":{"a":0,"k":[100,100]},"sk":{"a":0,"k":0},"p":{"a":0,"k":[28.99,3.43]},"r":{"a":0,"k":0},"sa":{"a":0,"k":0},"o":{"a":0,"k":100}},"shapes":[{"ty":"sh","nm":"","d":1,"ks":{"a":0,"k":{"c":true,"i":[[0,0],[1.89,0],[0,1.89],[-1.89,0],[0,-1.89]],"o":[[0,1.89],[-1.89,0],[0,-1.89],[1.89,0],[0,0]],"v":[[6.85,3.43],[3.43,6.85],[0,3.43],[3.43,0],[6.85,3.43]]}}},{"ty":"fl","nm":"","c":{"a":0,"k":[1,1,1]},"r":1,"o":{"a":0,"k":100}}],"ind":4}]},{"nm":"[","id":"6","layers":[{"ty":4,"nm":"E","sr":1,"st":0,"op":61,"ip":0,"hasMask":false,"ao":0,"ks":{"a":{"a":0,"k":[6.72,4.35]},"s":{"a":0,"k":[100,100]},"sk":{"a":0,"k":0},"p":{"a":0,"k":[6.72,34.65]},"r":{"a":0,"k":0},"sa":{"a":0,"k":0},"o":{"a":0,"k":100}},"shapes":[{"ty":"sh","nm":"","d":1,"ks":{"a":0,"k":{"c":true,"i":[[0,0],[3.71,0],[0,2.4],[-3.71,0],[0,-2.4]],"o":[[0,2.4],[-3.71,0],[0,-2.4],[3.71,0],[0,0]],"v":[[13.44,4.35],[6.72,8.7],[0,4.35],[6.72,0],[13.44,4.35]]}}},{"ty":"fl","nm":"","c":{"a":0,"k":[0.961,0.961,0.961]},"r":1,"o":{"a":0,"k":100}}],"ind":1},{"ty":4,"nm":"E","sr":1,"st":0,"op":61,"ip":0,"hasMask":false,"ao":0,"ks":{"a":{"a":0,"k":[5.53,5.4]},"s":{"a":0,"k":[100,100]},"sk":{"a":0,"k":0},"p":{"a":0,"k":[12.65,29.12]},"r":{"a":0,"k":0},"sa":{"a":0,"k":0},"o":{"a":0,"k":100}},"shapes":[{"ty":"sh","nm":"","d":1,"ks":{"a":0,"k":{"c":true,"i":[[0,0],[3.06,0],[0,2.98],[-3.06,0],[0,-2.98]],"o":[[0,2.98],[-3.06,0],[0,-2.98],[3.06,0],[0,0]],"v":[[11.07,5.4],[5.53,10.8],[0,5.4],[5.53,0],[11.07,5.4]]}}},{"ty":"fl","nm":"","c":{"a":0,"k":[0.961,0.961,0.961]},"r":1,"o":{"a":0,"k":100}}],"ind":2},{"ty":4,"nm":"E","sr":1,"st":0,"op":61,"ip":0,"hasMask":false,"ao":0,"ks":{"a":{"a":0,"k":[5.4,5.4]},"s":{"a":0,"k":[100,100]},"sk":{"a":0,"k":0},"p":{"a":0,"k":[23.58,13.57]},"r":{"a":0,"k":0},"sa":{"a":0,"k":0},"o":{"a":0,"k":100}},"shapes":[{"ty":"sh","nm":"","d":1,"ks":{"a":0,"k":{"c":true,"i":[[0,0],[2.98,0],[0,2.98],[-2.98,0],[0,-2.98]],"o":[[0,2.98],[-2.98,0],[0,-2.98],[2.98,0],[0,0]],"v":[[10.8,5.4],[5.4,10.8],[0,5.4],[5.4,0],[10.8,5.4]]}}},{"ty":"fl","nm":"","c":{"a":0,"k":[0.961,0.961,0.961]},"r":1,"o":{"a":0,"k":100}}],"ind":3},{"ty":4,"nm":"E","sr":1,"st":0,"op":61,"ip":0,"hasMask":false,"ao":0,"ks":{"a":{"a":0,"k":[5.53,5.4]},"s":{"a":0,"k":[100,100]},"sk":{"a":0,"k":0},"p":{"a":0,"k":[18.97,22]},"r":{"a":0,"k":0},"sa":{"a":0,"k":0},"o":{"a":0,"k":100}},"shapes":[{"ty":"sh","nm":"","d":1,"ks":{"a":0,"k":{"c":true,"i":[[0,0],[3.06,0],[0,2.98],[-3.06,0],[0,-2.98]],"o":[[0,2.98],[-3.06,0],[0,-2.98],[3.06,0],[0,0]],"v":[[11.07,5.4],[5.53,10.8],[0,5.4],[5.53,0],[11.07,5.4]]}}},{"ty":"fl","nm":"","c":{"a":0,"k":[0.961,0.961,0.961]},"r":1,"o":{"a":0,"k":100}}],"ind":4},{"ty":4,"nm":"E","sr":1,"st":0,"op":61,"ip":0,"hasMask":false,"ao":0,"ks":{"a":{"a":0,"k":[5.4,5.27]},"s":{"a":0,"k":[100,100]},"sk":{"a":0,"k":0},"p":{"a":0,"k":[41.77,17.66]},"r":{"a":0,"k":0},"sa":{"a":0,"k":0},"o":{"a":0,"k":100}},"shapes":[{"ty":"sh","nm":"","d":1,"ks":{"a":0,"k":{"c":true,"i":[[0,0],[2.98,0],[0,2.91],[-2.98,0],[0,-2.91]],"o":[[0,2.91],[-2.98,0],[0,-2.91],[2.98,0],[0,0]],"v":[[10.8,5.27],[5.4,10.54],[0,5.27],[5.4,0],[10.8,5.27]]}}},{"ty":"fl","nm":"","c":{"a":0,"k":[0.961,0.961,0.961]},"r":1,"o":{"a":0,"k":100}}],"ind":5},{"ty":4,"nm":"E","sr":1,"st":0,"op":61,"ip":0,"hasMask":false,"ao":0,"ks":{"a":{"a":0,"k":[5.27,5.27]},"s":{"a":0,"k":[100,100]},"sk":{"a":0,"k":0},"p":{"a":0,"k":[34.26,11.07]},"r":{"a":0,"k":0},"sa":{"a":0,"k":0},"o":{"a":0,"k":100}},"shapes":[{"ty":"sh","nm":"","d":1,"ks":{"a":0,"k":{"c":true,"i":[[0,0],[2.91,0],[0,2.91],[-2.91,0],[0,-2.91]],"o":[[0,2.91],[-2.91,0],[0,-2.91],[2.91,0],[0,0]],"v":[[10.54,5.27],[5.27,10.54],[0,5.27],[5.27,0],[10.54,5.27]]}}},{"ty":"fl","nm":"","c":{"a":0,"k":[0.961,0.961,0.961]},"r":1,"o":{"a":0,"k":100}}],"ind":6},{"ty":4,"nm":"E","sr":1,"st":0,"op":61,"ip":0,"hasMask":false,"ao":0,"ks":{"a":{"a":0,"k":[5.01,6.46]},"s":{"a":0,"k":[100,100]},"sk":{"a":0,"k":0},"p":{"a":0,"k":[28.46,6.46]},"r":{"a":0,"k":0},"sa":{"a":0,"k":0},"o":{"a":0,"k":100}},"shapes":[{"ty":"sh","nm":"","d":1,"ks":{"a":0,"k":{"c":true,"i":[[0,0],[2.77,0],[0,3.57],[-2.77,0],[0,-3.57]],"o":[[0,3.57],[-2.77,0],[0,-3.57],[2.77,0],[0,0]],"v":[[10.01,6.46],[5.01,12.91],[0,6.46],[5.01,0],[10.01,6.46]]}}},{"ty":"fl","nm":"","c":{"a":0,"k":[0.961,0.961,0.961]},"r":1,"o":{"a":0,"k":100}}],"ind":7}]},{"nm":"[","id":"7","layers":[{"ty":4,"nm":"E","sr":1,"st":0,"op":61,"ip":0,"hasMask":false,"ao":0,"ks":{"a":{"a":0,"k":[57.05,57.05]},"s":{"a":0,"k":[100,100]},"sk":{"a":0,"k":0},"p":{"a":0,"k":[57.05,57.05]},"r":{"a":0,"k":0},"sa":{"a":0,"k":0},"o":{"a":0,"k":100}},"shapes":[{"ty":"sh","nm":"","d":1,"ks":{"a":0,"k":{"c":true,"i":[[0,0],[0,-28.15],[-28.15,0],[0,28.15],[28.15,0]],"o":[[-28.15,0],[0,28.15],[28.15,0],[0,-28.15],[0,0]],"v":[[57.05,6.41],[6.41,57.05],[57.05,107.69],[107.69,57.05],[57.05,6.41]]}}},{"ty":"sh","nm":"","d":1,"ks":{"a":0,"k":{"c":true,"i":[[0,0],[-31.51,0],[0,-31.51],[31.51,0],[0,31.51]],"o":[[0,-31.51],[31.51,0],[0,31.51],[-31.51,0],[0,0]],"v":[[0,57.05],[57.05,0],[114.1,57.05],[57.05,114.1],[0,57.05]]}}},{"ty":"fl","nm":"","c":{"a":0,"k":[0.58,0.91,0.365]},"r":2,"o":{"a":0,"k":100}}],"ind":1},{"ty":4,"nm":"E","sr":1,"st":0,"op":61,"ip":0,"hasMask":false,"ao":0,"ks":{"a":{"a":0,"k":[53.96,53.96]},"s":{"a":0,"k":[100,100]},"sk":{"a":0,"k":0},"p":{"a":0,"k":[56.92,56.27]},"r":{"a":0,"k":0},"sa":{"a":0,"k":0},"o":{"a":0,"k":100}},"shapes":[{"ty":"sh","nm":"","d":1,"ks":{"a":0,"k":{"c":true,"i":[[0,0],[29.8,0],[0,29.8],[-29.8,0],[0,-29.8]],"o":[[0,29.8],[-29.8,0],[0,-29.8],[29.8,0],[0,0]],"v":[[107.92,53.96],[53.96,107.92],[0,53.96],[53.96,0],[107.92,53.96]]}}},{"ty":"fl","nm":"","c":{"a":0,"k":[0.89,0.992,0.773]},"r":1,"o":{"a":0,"k":100}}],"ind":2},{"ty":4,"nm":"E","sr":1,"st":0,"op":61,"ip":0,"hasMask":false,"ao":0,"ks":{"a":{"a":0,"k":[57.05,57.05]},"s":{"a":0,"k":[100,100]},"sk":{"a":0,"k":0},"p":{"a":0,"k":[57.05,63.46]},"r":{"a":0,"k":0},"sa":{"a":0,"k":0},"o":{"a":0,"k":100}},"shapes":[{"ty":"sh","nm":"","d":1,"ks":{"a":0,"k":{"c":true,"i":[[0,0],[0,-28.15],[-28.15,0],[0,28.15],[28.15,0]],"o":[[-28.15,0],[0,28.15],[28.15,0],[0,-28.15],[0,0]],"v":[[57.05,6.41],[6.41,57.05],[57.05,107.69],[107.69,57.05],[57.05,6.41]]}}},{"ty":"sh","nm":"","d":1,"ks":{"a":0,"k":{"c":true,"i":[[0,0],[-31.51,0],[0,-31.51],[31.51,0],[0,31.51]],"o":[[0,-31.51],[31.51,0],[0,31.51],[-31.51,0],[0,0]],"v":[[0,57.05],[57.05,0],[114.1,57.05],[57.05,114.1],[0,57.05]]}}},{"ty":"fl","nm":"","c":{"a":0,"k":[0.33,0.78,0.224]},"r":2,"o":{"a":0,"k":100}}],"ind":3}]}]}