{"nm":"J","h":150,"w":150,"meta":{"g":"LottieFiles Figma v67"},"layers":[{"ty":0,"nm":"G","sr":1,"st":0,"op":61,"ip":0,"hasMask":false,"ao":0,"ks":{"a":{"a":0,"k":[61,64.74]},"s":{"a":0,"k":[100,100]},"sk":{"a":0,"k":0},"p":{"a":0,"k":[71.06,73.72]},"r":{"a":0,"k":0},"sa":{"a":0,"k":0},"o":{"a":0,"k":100}},"w":150,"h":150,"refId":"1","ind":1}],"v":"5.7.0","fr":60,"op":60,"ip":0,"assets":[{"nm":"[","id":"1","layers":[{"ty":0,"nm":"G","sr":1,"st":0,"op":61,"ip":0,"hasMask":false,"ao":0,"ks":{"a":{"a":0,"k":[9.79,9.22]},"s":{"a":0,"k":[100,100]},"sk":{"a":0,"k":0},"p":{"a":0,"k":[11.9,52.18]},"r":{"a":0,"k":164.49},"sa":{"a":0,"k":0},"o":{"a":0,"k":100}},"w":150,"h":150,"refId":"2","ind":1},{"ty":4,"nm":"S","sr":1,"st":0,"op":61,"ip":0,"hasMask":false,"ao":0,"ks":{"a":{"a":0,"k":[57.05,44.41]},"s":{"a":0,"k":[100,100]},"sk":{"a":0,"k":0},"p":{"a":0,"k":[64.94,78.66]},"r":{"a":0,"k":0},"sa":{"a":0,"k":0},"o":{"a":0,"k":100}},"shapes":[{"ty":"sh","nm":"","d":1,"ks":{"a":0,"k":{"c":true,"i":[[0,0],[0,0],[0,-4.86],[-31.51,0],[0,31.51],[6.1,9.08],[0,0],[0,-10.93],[27.97,0],[0,27.97],[-1.34,4.55]],"o":[[0,0],[-1.14,4.5],[0,31.51],[31.51,0],[0,-11.76],[0,0],[5.89,8.28],[0,27.97],[-27.97,0],[0,-4.98],[0,0]],"v":[[8.47,17.44],[1.75,17.71],[0,31.78],[57.05,88.83],[114.1,31.78],[104.44,0],[98.34,2.44],[107.69,31.78],[57.05,82.42],[6.41,31.78],[8.47,17.44]]}}},{"ty":"fl","nm":"","c":{"a":0,"k":[1,0.765,0.906]},"r":2,"o":{"a":0,"k":100}}],"ind":2},{"ty":0,"nm":"G","sr":1,"st":0,"op":61,"ip":0,"hasMask":false,"ao":0,"ks":{"a":{"a":0,"k":[6.82,6.17]},"s":{"a":0,"k":[100,100]},"sk":{"a":0,"k":0},"p":{"a":0,"k":[29.88,64.86]},"r":{"a":0,"k":-17.44},"sa":{"a":0,"k":0},"o":{"a":0,"k":100}},"w":150,"h":150,"refId":"3","ind":3},{"ty":0,"nm":"G","sr":1,"st":0,"op":61,"ip":0,"hasMask":false,"ao":0,"ks":{"a":{"a":0,"k":[8.3,7.51]},"s":{"a":0,"k":[100,100]},"sk":{"a":0,"k":0},"p":{"a":0,"k":[80.69,65.5]},"r":{"a":0,"k":0},"sa":{"a":0,"k":0},"o":{"a":0,"k":100}},"w":150,"h":150,"refId":"4","ind":4},{"ty":4,"nm":"V","sr":1,"st":0,"op":61,"ip":0,"hasMask":false,"ao":0,"ks":{"a":{"a":0,"k":[9.09,4.07]},"s":{"a":0,"k":[100,100]},"sk":{"a":0,"k":0},"p":{"a":0,"k":[103.35,60.25]},"r":{"a":0,"k":0},"sa":{"a":0,"k":0},"o":{"a":0,"k":100}},"shapes":[{"ty":"sh","nm":"","d":1,"ks":{"a":0,"k":{"c":true,"i":[[0,0],[-0.65,0],[0,0.65],[0,0]],"o":[[0,0.65],[0.65,0],[0,0],[0,0]],"v":[[-1.19,6.42],[0,7.61],[1.19,6.42],[-1.19,6.42]]}}},{"ty":"sh","nm":"","d":1,"ks":{"a":0,"k":{"c":true,"i":[[0,0],[0,0],[0,0]],"o":[[0,0],[0,0],[0,0]],"v":[[2.7,1.28],[3.4,2.24],[2.7,1.28]]}}},{"ty":"sh","nm":"","d":1,"ks":{"a":0,"k":{"c":true,"i":[[0,0],[0,0],[0,0]],"o":[[0,0],[0,0],[0,0]],"v":[[10.87,1.02],[10.36,2.09],[10.87,1.02]]}}},{"ty":"sh","nm":"","d":1,"ks":{"a":0,"k":{"c":true,"i":[[0,0],[-0.56,0.34],[0.34,0.56],[0,0]],"o":[[0.34,0.56],[0.56,-0.34],[0,0],[0,0]],"v":[[17.17,8.74],[18.79,9.15],[19.2,7.52],[17.17,8.74]]}}},{"ty":"sh","nm":"","d":1,"ks":{"a":0,"k":{"c":true,"i":[[0,0],[-0.29,0.65],[-1.02,0.74],[0,0],[0.48,-1.08],[0,-0.94],[0,0]],"o":[[0,-0.77],[0.29,-0.64],[0,0],[-1.3,0.94],[-0.48,1.07],[0,0],[0,0]],"v":[[1.19,6.42],[1.56,4.33],[3.4,2.24],[2,0.32],[-0.6,3.36],[-1.19,6.42],[1.19,6.42]]}}},{"ty":"sh","nm":"","d":1,"ks":{"a":0,"k":{"c":true,"i":[[0,0],[-1.8,-0.87],[0,0],[3.44,-2.5],[0,0]],"o":[[2.35,-1.71],[0,0],[-2.04,-0.98],[0,0],[0,0]],"v":[[3.4,2.24],[10.36,2.09],[11.39,-0.05],[2,0.32],[3.4,2.24]]}}},{"ty":"sh","nm":"","d":1,"ks":{"a":0,"k":{"c":true,"i":[[0,0],[-1.51,-2.52],[0,0],[3.45,1.66],[0,0]],"o":[[2.88,1.39],[0,0],[-1.65,-2.75],[0,0],[0,0]],"v":[[10.36,2.09],[17.17,8.74],[19.2,7.52],[11.39,-0.05],[10.36,2.09]]}}},{"ty":"fl","nm":"","c":{"a":0,"k":[0.749,0.384,0.263]},"r":1,"o":{"a":0,"k":100}}],"ind":5},{"ty":4,"nm":"V","sr":1,"st":0,"op":61,"ip":0,"hasMask":false,"ao":0,"ks":{"a":{"a":0,"k":[8.33,4.23]},"s":{"a":0,"k":[100,100]},"sk":{"a":0,"k":0},"p":{"a":0,"k":[100.68,65.88]},"r":{"a":0,"k":0},"sa":{"a":0,"k":0},"o":{"a":0,"k":100}},"shapes":[{"ty":"sh","nm":"","d":1,"ks":{"a":0,"k":{"c":true,"i":[[0,0],[-0.54,0.38],[0.38,0.54],[0,0]],"o":[[0.38,0.54],[0.54,-0.38],[0,0],[0,0]],"v":[[-0.11,8.75],[1.54,9.04],[1.83,7.39],[-0.11,8.75]]}}},{"ty":"sh","nm":"","d":1,"ks":{"a":0,"k":{"c":true,"i":[[0,0],[0,0],[0,0]],"o":[[0,0],[0,0],[0,0]],"v":[[1.12,1.62],[0.2,0.87],[1.12,1.62]]}}},{"ty":"sh","nm":"","d":1,"ks":{"a":0,"k":{"c":true,"i":[[0,0],[0,0],[0,0],[0,0]],"o":[[0,0],[0,0],[0,0],[0,0]],"v":[[8.5,0.83],[7.99,1.9],[7.99,1.9],[8.5,0.83]]}}},{"ty":"sh","nm":"","d":1,"ks":{"a":0,"k":{"c":true,"i":[[0,0],[-0.49,0.43],[0.43,0.49],[0,0]],"o":[[0.43,0.49],[0.49,-0.43],[0,0],[0,0]],"v":[[15.78,9.25],[17.45,9.36],[17.56,7.68],[15.78,9.25]]}}},{"ty":"sh","nm":"","d":1,"ks":{"a":0,"k":{"c":true,"i":[[0,0],[0.03,1],[-0.64,0.78],[0,0],[-0.04,-1.4],[-0.62,-0.88],[0,0]],"o":[[-0.31,-0.44],[-0.03,-0.97],[0,0],[-1.08,1.32],[0.04,1.38],[0,0],[0,0]],"v":[[1.83,7.39],[1.19,5.11],[2.04,2.37],[0.2,0.87],[-1.18,5.17],[-0.11,8.75],[1.83,7.39]]}}},{"ty":"sh","nm":"","d":1,"ks":{"a":0,"k":{"c":true,"i":[[0,0],[-1.09,0.08],[-1.09,-0.52],[0,0],[1.56,-0.11],[1.08,-1.33],[0,0]],"o":[[0.56,-0.69],[1.1,-0.08],[0,0],[-1.42,-0.67],[-1.56,0.11],[0,0],[0,0]],"v":[[2.04,2.37],[4.57,1.2],[7.99,1.9],[9.01,-0.24],[4.4,-1.17],[0.2,0.87],[2.04,2.37]]}}},{"ty":"sh","nm":"","d":1,"ks":{"a":0,"k":{"c":true,"i":[[0,0],[-1.44,-1.46],[-1,-1.14],[0,0],[1.48,1.5],[1.58,0.75],[0,0]],"o":[[1.18,0.56],[1.42,1.43],[0,0],[-0.97,-1.1],[-1.46,-1.47],[0,0],[0,0]],"v":[[7.99,1.9],[12.04,5.14],[15.78,9.25],[17.56,7.68],[13.73,3.47],[9.01,-0.24],[7.99,1.9]]}}},{"ty":"fl","nm":"","c":{"a":0,"k":[0.749,0.384,0.263]},"r":1,"o":{"a":0,"k":100}}],"ind":6},{"ty":0,"nm":"h","sr":1,"st":0,"op":61,"ip":0,"hasMask":false,"ao":0,"ks":{"a":{"a":0,"k":[10.25,19.31]},"s":{"a":0,"k":[100,100]},"sk":{"a":0,"k":0},"p":{"a":0,"k":[107.05,71.37]},"r":{"a":0,"k":0},"sa":{"a":0,"k":0},"o":{"a":0,"k":100}},"w":150,"h":150,"refId":"5","ind":7},{"ty":0,"nm":"f","sr":1,"st":0,"op":61,"ip":0,"hasMask":false,"ao":0,"ks":{"a":{"a":0,"k":[26.97,27.52]},"s":{"a":0,"k":[100,100]},"sk":{"a":0,"k":0},"p":{"a":0,"k":[67.67,47.26]},"r":{"a":0,"k":0},"sa":{"a":0,"k":0},"o":{"a":0,"k":100}},"w":150,"h":150,"refId":"6","ind":8},{"ty":0,"nm":"p","sr":1,"st":0,"op":61,"ip":0,"hasMask":false,"ao":0,"ks":{"a":{"a":0,"k":[30.17,22.4]},"s":{"a":0,"k":[100,100]},"sk":{"a":0,"k":0},"p":{"a":0,"k":[49.06,97.52]},"r":{"a":0,"k":0},"sa":{"a":0,"k":0},"o":{"a":0,"k":100}},"w":150,"h":150,"refId":"7","ind":9},{"ty":4,"nm":"V","sr":1,"st":0,"op":61,"ip":0,"hasMask":false,"ao":0,"ks":{"a":{"a":0,"k":[24.36,14.14]},"s":{"a":0,"k":[100,100]},"sk":{"a":0,"k":0},"p":{"a":0,"k":[66.86,14.14]},"r":{"a":0,"k":0},"sa":{"a":0,"k":0},"o":{"a":0,"k":100}},"shapes":[{"ty":"sh","nm":"","d":1,"ks":{"a":0,"k":{"c":true,"i":[[0,0],[-3.07,1.84],[2.11,3.22],[7.76,2.54],[3.55,0.89],[1.45,2.54],[0.79,-1.19],[-2.27,-5.87],[-15.98,-2.98]],"o":[[10.64,1.98],[-0.22,-1.29],[-2.63,-4.03],[-7.92,-2.59],[-3.55,-0.89],[-1.45,-2.54],[-0.79,1.19],[2.37,6.11],[0,0]],"v":[[25.61,27.22],[48.72,26.28],[46.35,19.04],[31.87,8.45],[12.34,7.93],[4.76,1.44],[1.21,1.44],[1.21,14.27],[25.61,27.22]]}}},{"ty":"fl","nm":"","c":{"a":0,"k":[0.2,0.2,0.2]},"r":1,"o":{"a":0,"k":100}}],"ind":10},{"ty":4,"nm":"E","sr":1,"st":0,"op":61,"ip":0,"hasMask":false,"ao":0,"ks":{"a":{"a":0,"k":[37.16,37.16]},"s":{"a":0,"k":[100,100]},"sk":{"a":0,"k":0},"p":{"a":0,"k":[62.9,50.35]},"r":{"a":0,"k":0},"sa":{"a":0,"k":0},"o":{"a":0,"k":100}},"shapes":[{"ty":"sh","nm":"","d":1,"ks":{"a":0,"k":{"c":true,"i":[[0,0],[20.52,0],[0,20.52],[-20.52,0],[0,-20.52]],"o":[[0,20.52],[-20.52,0],[0,-20.52],[20.52,0],[0,0]],"v":[[74.31,37.16],[37.16,74.31],[0,37.16],[37.16,0],[74.31,37.16]]}}},{"ty":"fl","nm":"","c":{"a":0,"k":[0.882,0.557,0.439]},"r":1,"o":{"a":0,"k":100}}],"ind":11},{"ty":4,"nm":"E","sr":1,"st":0,"op":61,"ip":0,"hasMask":false,"ao":0,"ks":{"a":{"a":0,"k":[44.53,44.53]},"s":{"a":0,"k":[100,100]},"sk":{"a":0,"k":0},"p":{"a":0,"k":[59.54,53.25]},"r":{"a":0,"k":0},"sa":{"a":0,"k":0},"o":{"a":0,"k":100}},"shapes":[{"ty":"sh","nm":"","d":1,"ks":{"a":0,"k":{"c":true,"i":[[0,0],[24.6,0],[0,24.6],[-24.6,0],[0,-24.6]],"o":[[0,24.6],[-24.6,0],[0,-24.6],[24.6,0],[0,0]],"v":[[89.07,44.53],[44.53,89.07],[0,44.53],[44.53,0],[89.07,44.53]]}}},{"ty":"fl","nm":"","c":{"a":0,"k":[0.957,0.714,0.886]},"r":1,"o":{"a":0,"k":100}}],"ind":12},{"ty":4,"nm":"V","sr":1,"st":0,"op":61,"ip":0,"hasMask":false,"ao":0,"ks":{"a":{"a":0,"k":[10.28,4.02]},"s":{"a":0,"k":[100,100]},"sk":{"a":0,"k":0},"p":{"a":0,"k":[72.38,99.95]},"r":{"a":0,"k":0},"sa":{"a":0,"k":0},"o":{"a":0,"k":100}},"shapes":[{"ty":"sh","nm":"","d":1,"ks":{"a":0,"k":{"c":true,"i":[[0,0],[-0.71,-2.14],[-2.14,0.71],[0,0]],"o":[[-2.14,0.71],[0.71,2.14],[0,0],[0,0]],"v":[[-1.29,4.16],[-3.87,9.33],[1.29,11.91],[-1.29,4.16]]}}},{"ty":"sh","nm":"","d":1,"ks":{"a":0,"k":{"c":true,"i":[[0,0],[0,0],[0,0]],"o":[[0,0],[0,0],[0,0]],"v":[[12.45,3.69],[14.15,7.4],[12.45,3.69]]}}},{"ty":"sh","nm":"","d":1,"ks":{"a":0,"k":{"c":true,"i":[[0,0],[0.84,2.09],[2.09,-0.84],[0,0]],"o":[[2.09,-0.84],[-0.84,-2.09],[0,0],[0,0]],"v":[[22.07,3.79],[24.35,-1.52],[19.04,-3.79],[22.07,3.79]]}}},{"ty":"sh","nm":"","d":1,"ks":{"a":0,"k":{"c":true,"i":[[0,0],[-0.09,0.03],[-0.14,0.04],[-0.43,0.13],[-1.25,0.41],[-2.53,1.16],[0,0],[1.15,-0.38],[0,0]],"o":[[0,0],[0.09,-0.03],[0.27,-0.08],[0.86,-0.26],[2.47,-0.8],[0,0],[-4.35,1.99],[0,0],[0,0]],"v":[[1.29,11.91],[1.42,11.87],[1.75,11.77],[2.81,11.45],[6.05,10.44],[14.15,7.4],[10.75,-0.03],[-1.29,4.16],[1.29,11.91]]}}},{"ty":"sh","nm":"","d":1,"ks":{"a":0,"k":{"c":true,"i":[[0,0],[-2.19,0.88],[0,0],[3.48,-1.59],[0,0]],"o":[[3.9,-1.78],[0,0],[-2.42,0.97],[0,0],[0,0]],"v":[[14.15,7.4],[22.07,3.79],[19.04,-3.79],[10.75,-0.03],[14.15,7.4]]}}},{"ty":"fl","nm":"","c":{"a":0,"k":[0.957,0.714,0.886]},"r":1,"o":{"a":0,"k":100}}],"ind":13},{"ty":4,"nm":"V","sr":1,"st":0,"op":61,"ip":0,"hasMask":false,"ao":0,"ks":{"a":{"a":0,"k":[10.34,12.98]},"s":{"a":0,"k":[100,100]},"sk":{"a":0,"k":0},"p":{"a":0,"k":[102.89,96.92]},"r":{"a":0,"k":0},"sa":{"a":0,"k":0},"o":{"a":0,"k":100}},"shapes":[{"ty":"sh","nm":"","d":1,"ks":{"a":0,"k":{"c":true,"i":[[0,0],[0.4,3.69],[0,0],[0,0],[0,0],[-1.05,4.61]],"o":[[0.93,-4.07],[0,0],[0,0],[0,0],[1.84,-2.64],[0,0]],"v":[[5.8,13.57],[6.98,0],[20.69,3.29],[10.67,19.9],[0,25.96],[5.8,13.57]]}}},{"ty":"fl","nm":"","c":{"a":0,"k":[0.314,0.69,0.965]},"r":1,"o":{"a":0,"k":100}}],"ind":14},{"ty":4,"nm":"V","sr":1,"st":0,"op":61,"ip":0,"hasMask":false,"ao":0,"ks":{"a":{"a":0,"k":[12.78,11.33]},"s":{"a":0,"k":[100,100]},"sk":{"a":0,"k":0},"p":{"a":0,"k":[79.63,108.98]},"r":{"a":0,"k":0},"sa":{"a":0,"k":0},"o":{"a":0,"k":100}},"shapes":[{"ty":"sh","nm":"","d":1,"ks":{"a":0,"k":{"c":true,"i":[[0,0],[0,0],[0,0],[0,0],[0,0]],"o":[[0,0],[0,0],[0,0],[0,0],[0,0]],"v":[[14.36,0],[25.56,14.63],[0,22.66],[1.19,4.22],[14.36,0]]}}},{"ty":"fl","nm":"","c":{"a":0,"k":[0.314,0.69,0.965]},"r":1,"o":{"a":0,"k":100}}],"ind":15},{"ty":0,"nm":"G","sr":1,"st":0,"op":61,"ip":0,"hasMask":false,"ao":0,"ks":{"a":{"a":0,"k":[57.05,60.26]},"s":{"a":0,"k":[100,100]},"sk":{"a":0,"k":0},"p":{"a":0,"k":[64.94,69.23]},"r":{"a":0,"k":0},"sa":{"a":0,"k":0},"o":{"a":0,"k":100}},"w":150,"h":150,"refId":"9","ind":16}]},{"nm":"[","id":"2","layers":[{"ty":4,"nm":"E","sr":1,"st":0,"op":61,"ip":0,"hasMask":false,"ao":0,"ks":{"a":{"a":0,"k":[5.9,5.9]},"s":{"a":0,"k":[100,100]},"sk":{"a":0,"k":0},"p":{"a":0,"k":[13.69,11.8]},"r":{"a":0,"k":0},"sa":{"a":0,"k":0},"o":{"a":0,"k":100}},"shapes":[{"ty":"sh","nm":"","d":1,"ks":{"a":0,"k":{"c":true,"i":[[0,0],[3.26,0],[0,3.26],[-3.26,0],[0,-3.26]],"o":[[0,3.26],[-3.26,0],[0,-3.26],[3.26,0],[0,0]],"v":[[11.79,5.9],[5.9,11.79],[0,5.9],[5.9,0],[11.79,5.9]]}}},{"ty":"fl","nm":"","c":{"a":0,"k":[0.988,0.933,0.639]},"r":1,"o":{"a":0,"k":100}}],"ind":1},{"ty":4,"nm":"E","sr":1,"st":0,"op":61,"ip":0,"hasMask":false,"ao":0,"ks":{"a":{"a":0,"k":[5.9,5.9]},"s":{"a":0,"k":[100,100]},"sk":{"a":0,"k":0},"p":{"a":0,"k":[11.4,5.9]},"r":{"a":0,"k":0},"sa":{"a":0,"k":0},"o":{"a":0,"k":100}},"shapes":[{"ty":"sh","nm":"","d":1,"ks":{"a":0,"k":{"c":true,"i":[[0,0],[3.26,0],[0,3.26],[-3.26,0],[0,-3.26]],"o":[[0,3.26],[-3.26,0],[0,-3.26],[3.26,0],[0,0]],"v":[[11.79,5.9],[5.9,11.79],[0,5.9],[5.9,0],[11.79,5.9]]}}},{"ty":"fl","nm":"","c":{"a":0,"k":[0.988,0.933,0.639]},"r":1,"o":{"a":0,"k":100}}],"ind":2},{"ty":4,"nm":"E","sr":1,"st":0,"op":61,"ip":0,"hasMask":false,"ao":0,"ks":{"a":{"a":0,"k":[7.04,7.04]},"s":{"a":0,"k":[100,100]},"sk":{"a":0,"k":0},"p":{"a":0,"k":[7.04,11.39]},"r":{"a":0,"k":0},"sa":{"a":0,"k":0},"o":{"a":0,"k":100}},"shapes":[{"ty":"sh","nm":"","d":1,"ks":{"a":0,"k":{"c":true,"i":[[0,0],[3.89,0],[0,3.89],[-3.89,0],[0,-3.89]],"o":[[0,3.89],[-3.89,0],[0,-3.89],[3.89,0],[0,0]],"v":[[14.09,7.04],[7.04,14.09],[0,7.04],[7.04,0],[14.09,7.04]]}}},{"ty":"fl","nm":"","c":{"a":0,"k":[0.973,0.843,0.486]},"r":1,"o":{"a":0,"k":100}}],"ind":3}]},{"nm":"[","id":"3","layers":[{"ty":4,"nm":"E","sr":1,"st":0,"op":61,"ip":0,"hasMask":false,"ao":0,"ks":{"a":{"a":0,"k":[3.89,3.89]},"s":{"a":0,"k":[100,100]},"sk":{"a":0,"k":0},"p":{"a":0,"k":[9.74,7.79]},"r":{"a":0,"k":0},"sa":{"a":0,"k":0},"o":{"a":0,"k":100}},"shapes":[{"ty":"sh","nm":"","d":1,"ks":{"a":0,"k":{"c":true,"i":[[0,0],[2.15,0],[0,2.15],[-2.15,0],[0,-2.15]],"o":[[0,2.15],[-2.15,0],[0,-2.15],[2.15,0],[0,0]],"v":[[7.79,3.89],[3.89,7.79],[0,3.89],[3.89,0],[7.79,3.89]]}}},{"ty":"fl","nm":"","c":{"a":0,"k":[0.988,0.933,0.639]},"r":1,"o":{"a":0,"k":100}}],"ind":1},{"ty":4,"nm":"E","sr":1,"st":0,"op":61,"ip":0,"hasMask":false,"ao":0,"ks":{"a":{"a":0,"k":[3.89,3.89]},"s":{"a":0,"k":[100,100]},"sk":{"a":0,"k":0},"p":{"a":0,"k":[8.22,3.89]},"r":{"a":0,"k":0},"sa":{"a":0,"k":0},"o":{"a":0,"k":100}},"shapes":[{"ty":"sh","nm":"","d":1,"ks":{"a":0,"k":{"c":true,"i":[[0,0],[2.15,0],[0,2.15],[-2.15,0],[0,-2.15]],"o":[[0,2.15],[-2.15,0],[0,-2.15],[2.15,0],[0,0]],"v":[[7.79,3.89],[3.89,7.79],[0,3.89],[3.89,0],[7.79,3.89]]}}},{"ty":"fl","nm":"","c":{"a":0,"k":[0.988,0.933,0.639]},"r":1,"o":{"a":0,"k":100}}],"ind":2},{"ty":4,"nm":"E","sr":1,"st":0,"op":61,"ip":0,"hasMask":false,"ao":0,"ks":{"a":{"a":0,"k":[4.65,4.65]},"s":{"a":0,"k":[100,100]},"sk":{"a":0,"k":0},"p":{"a":0,"k":[4.65,7.68]},"r":{"a":0,"k":0},"sa":{"a":0,"k":0},"o":{"a":0,"k":100}},"shapes":[{"ty":"sh","nm":"","d":1,"ks":{"a":0,"k":{"c":true,"i":[[0,0],[2.57,0],[0,2.57],[-2.57,0],[0,-2.57]],"o":[[0,2.57],[-2.57,0],[0,-2.57],[2.57,0],[0,0]],"v":[[9.3,4.65],[4.65,9.3],[0,4.65],[4.65,0],[9.3,4.65]]}}},{"ty":"fl","nm":"","c":{"a":0,"k":[0.973,0.843,0.486]},"r":1,"o":{"a":0,"k":100}}],"ind":3}]},{"nm":"[","id":"4","layers":[{"ty":4,"nm":"E","sr":1,"st":0,"op":61,"ip":0,"hasMask":false,"ao":0,"ks":{"a":{"a":0,"k":[4.74,4.74]},"s":{"a":0,"k":[100,100]},"sk":{"a":0,"k":0},"p":{"a":0,"k":[11.86,9.49]},"r":{"a":0,"k":0},"sa":{"a":0,"k":0},"o":{"a":0,"k":100}},"shapes":[{"ty":"sh","nm":"","d":1,"ks":{"a":0,"k":{"c":true,"i":[[0,0],[2.62,0],[0,2.62],[-2.62,0],[0,-2.62]],"o":[[0,2.62],[-2.62,0],[0,-2.62],[2.62,0],[0,0]],"v":[[9.49,4.74],[4.74,9.49],[0,4.74],[4.74,0],[9.49,4.74]]}}},{"ty":"fl","nm":"","c":{"a":0,"k":[0.988,0.933,0.635]},"r":1,"o":{"a":0,"k":100}}],"ind":1},{"ty":4,"nm":"E","sr":1,"st":0,"op":61,"ip":0,"hasMask":false,"ao":0,"ks":{"a":{"a":0,"k":[4.74,4.74]},"s":{"a":0,"k":[100,100]},"sk":{"a":0,"k":0},"p":{"a":0,"k":[10.01,4.74]},"r":{"a":0,"k":0},"sa":{"a":0,"k":0},"o":{"a":0,"k":100}},"shapes":[{"ty":"sh","nm":"","d":1,"ks":{"a":0,"k":{"c":true,"i":[[0,0],[2.62,0],[0,2.62],[-2.62,0],[0,-2.62]],"o":[[0,2.62],[-2.62,0],[0,-2.62],[2.62,0],[0,0]],"v":[[9.49,4.74],[4.74,9.49],[0,4.74],[4.74,0],[9.49,4.74]]}}},{"ty":"fl","nm":"","c":{"a":0,"k":[0.988,0.933,0.635]},"r":1,"o":{"a":0,"k":100}}],"ind":2},{"ty":4,"nm":"E","sr":1,"st":0,"op":61,"ip":0,"hasMask":false,"ao":0,"ks":{"a":{"a":0,"k":[5.67,5.67]},"s":{"a":0,"k":[100,100]},"sk":{"a":0,"k":0},"p":{"a":0,"k":[5.67,9.35]},"r":{"a":0,"k":0},"sa":{"a":0,"k":0},"o":{"a":0,"k":100}},"shapes":[{"ty":"sh","nm":"","d":1,"ks":{"a":0,"k":{"c":true,"i":[[0,0],[3.13,0],[0,3.13],[-3.13,0],[0,-3.13]],"o":[[0,3.13],[-3.13,0],[0,-3.13],[3.13,0],[0,0]],"v":[[11.33,5.67],[5.67,11.33],[0,5.67],[5.67,0],[11.33,5.67]]}}},{"ty":"fl","nm":"","c":{"a":0,"k":[0.973,0.843,0.486]},"r":1,"o":{"a":0,"k":100}}],"ind":3}]},{"nm":"[","id":"5","layers":[{"ty":4,"nm":"V","sr":1,"st":0,"op":61,"ip":0,"hasMask":false,"ao":0,"ks":{"a":{"a":0,"k":[4.22,3.23]},"s":{"a":0,"k":[100,100]},"sk":{"a":0,"k":0},"p":{"a":0,"k":[7.33,12.98]},"r":{"a":0,"k":0},"sa":{"a":0,"k":0},"o":{"a":0,"k":100}},"shapes":[{"ty":"sh","nm":"","d":1,"ks":{"a":0,"k":{"c":true,"i":[[0,0],[-1.02,-2.26],[-2.26,1.02],[0,0]],"o":[[-2.26,1.02],[1.02,2.26],[0,0],[0,0]],"v":[[-1.84,-3.83],[-4.09,2.1],[1.84,4.34],[-1.84,-3.83]]}}},{"ty":"sh","nm":"","d":1,"ks":{"a":0,"k":{"c":true,"i":[[0,0],[-2.09,1.33],[1.33,2.09],[0,0]],"o":[[1.33,2.09],[2.09,-1.33],[0,0],[0,0]],"v":[[4.65,8.86],[10.84,10.23],[12.21,4.05],[4.65,8.86]]}}},{"ty":"sh","nm":"","d":1,"ks":{"a":0,"k":{"c":true,"i":[[0,0],[-0.92,-0.74],[-1.29,-2.03],[0,0],[2,1.61],[3.61,-1.62],[0,0]],"o":[[-0.97,0.44],[0.86,0.7],[0,0],[-1.47,-2.32],[-1.95,-1.57],[0,0],[0,0]],"v":[[1.84,4.34],[1.36,4.77],[4.65,8.86],[12.21,4.05],[6.98,-2.21],[-1.84,-3.83],[1.84,4.34]]}}},{"ty":"fl","nm":"","c":{"a":0,"k":[0.882,0.557,0.439]},"r":1,"o":{"a":0,"k":100}}],"ind":1},{"ty":4,"nm":"V","sr":1,"st":0,"op":61,"ip":0,"hasMask":false,"ao":0,"ks":{"a":{"a":0,"k":[1.84,6.79]},"s":{"a":0,"k":[100,100]},"sk":{"a":0,"k":0},"p":{"a":0,"k":[14.84,6.79]},"r":{"a":0,"k":0},"sa":{"a":0,"k":0},"o":{"a":0,"k":100}},"shapes":[{"ty":"sh","nm":"","d":1,"ks":{"a":0,"k":{"c":true,"i":[[0,0],[2.18,-1.16],[-1.16,-2.18],[0,0]],"o":[[-1.16,-2.18],[-2.18,1.16],[0,0],[0,0]],"v":[[3.95,-2.11],[-2.11,-3.95],[-3.95,2.11],[3.95,-2.11]]}}},{"ty":"sh","nm":"","d":1,"ks":{"a":0,"k":{"c":true,"i":[[0,0],[-2.47,0],[0,2.47],[0,0]],"o":[[0,2.47],[2.47,0],[0,0],[0,0]],"v":[[-0.79,13.57],[3.69,18.05],[8.17,13.57],[-0.79,13.57]]}}},{"ty":"sh","nm":"","d":1,"ks":{"a":0,"k":{"c":true,"i":[[0,0],[0,-4.44],[0,0],[1.18,2.21],[0,0]],"o":[[0.93,1.74],[0,0],[0,-6.62],[0,0],[0,0]],"v":[[-3.95,2.11],[-0.79,13.57],[8.17,13.57],[3.95,-2.11],[-3.95,2.11]]}}},{"ty":"fl","nm":"","c":{"a":0,"k":[0.882,0.557,0.439]},"r":1,"o":{"a":0,"k":100}}],"ind":2},{"ty":4,"nm":"V","sr":1,"st":0,"op":61,"ip":0,"hasMask":false,"ao":0,"ks":{"a":{"a":0,"k":[3.82,4.55]},"s":{"a":0,"k":[100,100]},"sk":{"a":0,"k":0},"p":{"a":0,"k":[5.09,19.17]},"r":{"a":0,"k":0},"sa":{"a":0,"k":0},"o":{"a":0,"k":100}},"shapes":[{"ty":"sh","nm":"","d":1,"ks":{"a":0,"k":{"c":true,"i":[[0,0],[1.55,-1.93],[-1.93,-1.55],[0,0]],"o":[[-1.93,-1.55],[-1.55,1.93],[0,0],[0,0]],"v":[[2.8,-3.5],[-3.5,-2.8],[-2.8,3.5],[2.8,-3.5]]}}},{"ty":"sh","nm":"","d":1,"ks":{"a":0,"k":{"c":true,"i":[[0,0],[-1.99,1.48],[1.48,1.99],[0,0]],"o":[[1.48,1.99],[1.99,-1.48],[0,0],[0,0]],"v":[[4.05,11.76],[10.31,12.69],[11.24,6.42],[4.05,11.76]]}}},{"ty":"sh","nm":"","d":1,"ks":{"a":0,"k":{"c":true,"i":[[0,0],[-1.36,-1.65],[-1.35,-1.82],[0,0],[1.42,1.72],[1.28,1.03],[0,0]],"o":[[0.47,0.38],[1.28,1.55],[0,0],[-1.39,-1.87],[-1.34,-1.62],[0,0],[0,0]],"v":[[-2.8,3.5],[0,6.54],[4.05,11.76],[11.24,6.42],[6.91,0.84],[2.8,-3.5],[-2.8,3.5]]}}},{"ty":"fl","nm":"","c":{"a":0,"k":[0.882,0.557,0.439]},"r":1,"o":{"a":0,"k":100}}],"ind":3},{"ty":4,"nm":"E","sr":1,"st":0,"op":61,"ip":0,"hasMask":false,"ao":0,"ks":{"a":{"a":0,"k":[9.88,12.45]},"s":{"a":0,"k":[100,100]},"sk":{"a":0,"k":0},"p":{"a":0,"k":[10.25,25.89]},"r":{"a":0,"k":1.69},"sa":{"a":0,"k":0},"o":{"a":0,"k":100}},"shapes":[{"ty":"sh","nm":"","d":1,"ks":{"a":0,"k":{"c":true,"i":[[0,0],[5.46,0],[0,6.69],[-5.46,0],[-0.57,-19.41]],"o":[[0,6.69],[-5.46,0],[0,-16.02],[5.46,0],[0,0]],"v":[[19.76,13.46],[9.88,24.9],[0,13.46],[9.88,1.34],[19.76,13.46]]}}},{"ty":"fl","nm":"","c":{"a":0,"k":[0.882,0.557,0.439]},"r":1,"o":{"a":0,"k":100}}],"ind":4}]},{"nm":"[","id":"6","layers":[{"ty":4,"nm":"V","sr":1,"st":0,"op":61,"ip":0,"hasMask":false,"ao":0,"ks":{"a":{"a":0,"k":[3.7,5.09]},"s":{"a":0,"k":[100,-100]},"sk":{"a":0,"k":0},"p":{"a":0,"k":[19.63,12.09]},"r":{"a":0,"k":-180},"sa":{"a":0,"k":0},"o":{"a":0,"k":100}},"shapes":[{"ty":"sh","nm":"","d":1,"ks":{"a":0,"k":{"c":true,"i":[[0,0],[-0.98,2.16],[0.12,-0.14],[2.1,0.08],[-0.09,-0.08],[1.15,-2.61],[-0.12,0.13],[-2.49,0.1],[0.1,0.08]],"o":[[-1.64,-1.29],[0.07,-0.16],[-2.77,3.3],[-0.14,-0.01],[1.58,1.45],[-0.06,0.15],[2.22,-2.41],[0.15,-0.01],[0,0]],"v":[[7.38,6.01],[7.32,0.17],[6.99,0.08],[0.22,3.47],[0.04,3.74],[0.01,10.04],[0.27,10.12],[7.18,6.33],[7.38,6.01]]}}},{"ty":"fl","nm":"","c":{"a":0,"k":[1,1,1]},"r":1,"o":{"a":0,"k":100}}],"ind":1},{"ty":4,"nm":"V","sr":1,"st":0,"op":61,"ip":0,"hasMask":false,"ao":0,"ks":{"a":{"a":0,"k":[3.64,5.09]},"s":{"a":0,"k":[100,-100]},"sk":{"a":0,"k":0},"p":{"a":0,"k":[41.75,19]},"r":{"a":0,"k":-180},"sa":{"a":0,"k":0},"o":{"a":0,"k":100}},"shapes":[{"ty":"sh","nm":"","d":1,"ks":{"a":0,"k":{"c":true,"i":[[0,0],[-0.96,2.16],[0.12,-0.14],[2.06,0.08],[-0.09,-0.08],[1.13,-2.61],[-0.12,0.13],[-2.45,0.1],[0.1,0.08]],"o":[[-1.61,-1.29],[0.07,-0.16],[-2.72,3.29],[-0.14,-0.01],[1.55,1.45],[-0.06,0.15],[2.18,-2.41],[0.15,-0.01],[0,0]],"v":[[7.25,6.01],[7.19,0.17],[6.85,0.08],[0.21,3.46],[0.03,3.73],[0.01,10.02],[0.27,10.11],[7.05,6.33],[7.25,6.01]]}}},{"ty":"fl","nm":"","c":{"a":0,"k":[1,1,1]},"r":1,"o":{"a":0,"k":100}}],"ind":2},{"ty":4,"nm":"V","sr":1,"st":0,"op":61,"ip":0,"hasMask":false,"ao":0,"ks":{"a":{"a":0,"k":[13.22,10.45]},"s":{"a":0,"k":[100,-100]},"sk":{"a":0,"k":0},"p":{"a":0,"k":[15.48,44.59]},"r":{"a":0,"k":-180},"sa":{"a":0,"k":0},"o":{"a":0,"k":100}},"shapes":[{"ty":"sh","nm":"","d":1,"ks":{"a":0,"k":{"c":true,"i":[[0,0],[4.31,-3.65],[7.37,1.45],[-5.59,4.04],[-5.74,-1.76]],"o":[[-0.03,4.9],[-5.78,4.89],[0.02,-6.21],[5.44,-3.93],[0,0]],"v":[[26.45,0.85],[19.26,14.86],[0,20.46],[8.64,3.97],[26.45,0.85]]}}},{"ty":"fl","nm":"","c":{"a":0,"k":[0.882,0.286,0.31]},"r":1,"o":{"a":0,"k":100}}],"ind":3},{"ty":4,"nm":"V","sr":1,"st":0,"op":61,"ip":0,"hasMask":false,"ao":0,"ks":{"a":{"a":0,"k":[17.67,15.18]},"s":{"a":0,"k":[100,-100]},"sk":{"a":0,"k":0},"p":{"a":0,"k":[19.8,39.87]},"r":{"a":0,"k":-180},"sa":{"a":0,"k":0},"o":{"a":0,"k":100}},"shapes":[{"ty":"sh","nm":"","d":1,"ks":{"a":0,"k":{"c":true,"i":[[0,0],[-3.91,2.11],[-4.76,3.14],[-3.54,-5.7],[6.06,-5.13],[7.88,1.91],[-2.39,3.61]],"o":[[2.39,-3.61],[3.91,-2.11],[4.76,-3.14],[3.54,5.7],[-6.06,5.13],[-7.88,-1.91],[0,0]],"v":[[1.1,17.31],[9.81,12.1],[18.93,2.05],[33.86,4.76],[28.15,24.31],[7.79,29.68],[1.1,17.31]]}}},{"ty":"fl","nm":"","c":{"a":0,"k":[0.667,0.133,0.18]},"r":1,"o":{"a":0,"k":100}}],"ind":4},{"ty":4,"nm":"V","sr":1,"st":0,"op":61,"ip":0,"hasMask":false,"ao":0,"ks":{"a":{"a":0,"k":[4.02,5.47]},"s":{"a":0,"k":[100,-100]},"sk":{"a":0,"k":0},"p":{"a":0,"k":[34.92,32.02]},"r":{"a":0,"k":-180},"sa":{"a":0,"k":0},"o":{"a":0,"k":100}},"shapes":[{"ty":"sh","nm":"","d":1,"ks":{"a":0,"k":{"c":true,"i":[[0,0],[2.12,0.77],[-0.71,1.98],[-0.16,-0.06],[0.71,-1.98]],"o":[[-0.71,1.98],[-2.12,-0.77],[0.71,-1.98],[0.16,0.06],[0,0]],"v":[[7.88,8.48],[2.76,10.67],[0.21,5.7],[6.58,0],[7.88,8.48]]}}},{"ty":"fl","nm":"","c":{"a":0,"k":[0.62,0.302,0.192]},"r":1,"o":{"a":0,"k":100}}],"ind":5},{"ty":4,"nm":"V","sr":1,"st":0,"op":61,"ip":0,"hasMask":false,"ao":0,"ks":{"a":{"a":0,"k":[10.67,3.06]},"s":{"a":0,"k":[100,100]},"sk":{"a":0,"k":0},"p":{"a":0,"k":[43.08,34.8]},"r":{"a":0,"k":0},"sa":{"a":0,"k":0},"o":{"a":0,"k":100}},"shapes":[{"ty":"sh","nm":"","d":1,"ks":{"a":0,"k":{"c":true,"i":[[0,0],[1.36,-0.53],[0,0],[0,0],[0,0],[4.61,-0.33]],"o":[[-4.43,0.32],[0,0],[0,0],[0,0],[-2.64,-1.19],[0,0]],"v":[[9.62,0.06],[0,2.03],[3.56,6.12],[17.26,4.67],[21.34,2.03],[9.62,0.06]]}}},{"ty":"fl","nm":"","c":{"a":0,"k":[0.882,0.557,0.439]},"r":1,"o":{"a":0,"k":100}}],"ind":6},{"ty":4,"nm":"V","sr":1,"st":0,"op":61,"ip":0,"hasMask":false,"ao":0,"ks":{"a":{"a":0,"k":[14.76,5.87]},"s":{"a":0,"k":[100,100]},"sk":{"a":0,"k":0},"p":{"a":0,"k":[14.76,25.33]},"r":{"a":0,"k":0},"sa":{"a":0,"k":0},"o":{"a":0,"k":100}},"shapes":[{"ty":"sh","nm":"","d":1,"ks":{"a":0,"k":{"c":true,"i":[[0,0],[1.98,-1.14],[0,0],[0,0],[0,0],[7.48,2.74]],"o":[[-7.48,-2.74],[0,0],[0,0],[0,0],[-1.49,-2.15],[0,0]],"v":[[16.21,1.92],[0,1],[3.82,8.17],[19.1,11.73],[29.51,11.01],[16.21,1.92]]}}},{"ty":"fl","nm":"","c":{"a":0,"k":[0.882,0.557,0.439]},"r":1,"o":{"a":0,"k":100}}],"ind":7},{"ty":4,"nm":"V","sr":1,"st":0,"op":61,"ip":0,"hasMask":false,"ao":0,"ks":{"a":{"a":0,"k":[9.75,7.31]},"s":{"a":0,"k":[100,-100]},"sk":{"a":0,"k":0},"p":{"a":0,"k":[16.29,22.02]},"r":{"a":0,"k":-180},"sa":{"a":0,"k":0},"o":{"a":0,"k":100}},"shapes":[{"ty":"sh","nm":"","d":1,"ks":{"a":0,"k":{"c":true,"i":[[0,0],[3.73,0.11],[1.51,-5.87],[-0.02,-1.54],[-0.03,-0.03],[-8.36,0.84]],"o":[[-1.11,-3.36],[-5.06,-0.15],[-0.38,1.47],[0.03,0.03],[4.18,-4.13],[0,0]],"v":[[19.5,5.51],[11.86,0],[0.58,9.93],[0,14.52],[0.09,14.62],[19.5,5.51]]}}},{"ty":"fl","nm":"","c":{"a":0,"k":[0.103,0.6,0.879]},"r":1,"o":{"a":0,"k":100}}],"ind":8},{"ty":4,"nm":"V","sr":1,"st":0,"op":61,"ip":0,"hasMask":false,"ao":0,"ks":{"a":{"a":0,"k":[11.44,11.97]},"s":{"a":0,"k":[100,-100]},"sk":{"a":0,"k":0},"p":{"a":0,"k":[16.84,17.36]},"r":{"a":0,"k":-180},"sa":{"a":0,"k":0},"o":{"a":0,"k":100}},"shapes":[{"ty":"sh","nm":"","d":1,"ks":{"a":0,"k":{"c":true,"i":[[0,0],[-0.05,1.2],[5.78,0.17],[1.72,-6.71],[-2.65,-3.17],[-8.62,0.7]],"o":[[0.31,-1.32],[0.3,-6.58],[-5.78,-0.17],[-1.11,4.31],[4.28,-4.23],[0,0]],"v":[[22.31,14.78],[22.86,10.96],[13.55,0],[0.66,11.35],[2.32,23.93],[22.31,14.78]]}}},{"ty":"fl","nm":"","c":{"a":0,"k":[0.239,0.239,0.239]},"r":1,"o":{"a":0,"k":100}}],"ind":9},{"ty":4,"nm":"V","sr":1,"st":0,"op":61,"ip":0,"hasMask":false,"ao":0,"ks":{"a":{"a":0,"k":[7.26,5.17]},"s":{"a":0,"k":[100,-100]},"sk":{"a":0,"k":0},"p":{"a":0,"k":[39.85,28.03]},"r":{"a":0,"k":-180},"sa":{"a":0,"k":0},"o":{"a":0,"k":100}},"shapes":[{"ty":"sh","nm":"","d":1,"ks":{"a":0,"k":{"c":true,"i":[[0,0],[1.22,-1.65],[4.29,-0.92],[-3.91,0.46],[-1.15,-3.22]],"o":[[-0.57,2.19],[-3.41,-0.96],[0.75,-5.68],[2.96,-0.35],[0,0]],"v":[[14.51,4.38],[11.85,10.33],[0,9.93],[8.12,0.05],[14.51,4.38]]}}},{"ty":"fl","nm":"","c":{"a":0,"k":[0.103,0.6,0.879]},"r":1,"o":{"a":0,"k":100}}],"ind":10},{"ty":4,"nm":"V","sr":1,"st":0,"op":61,"ip":0,"hasMask":false,"ao":0,"ks":{"a":{"a":0,"k":[8.51,10.46]},"s":{"a":0,"k":[100,-100]},"sk":{"a":0,"k":0},"p":{"a":0,"k":[40.27,22.74]},"r":{"a":0,"k":-180},"sa":{"a":0,"k":0},"o":{"a":0,"k":100}},"shapes":[{"ty":"sh","nm":"","d":1,"ks":{"a":0,"k":{"c":true,"i":[[0,0],[-0.21,3.7],[4.27,0.08],[1.47,-6.08],[-1.65,-2.99],[-3.48,-0.97]],"o":[[2.22,-2.98],[0.36,-6.3],[-4.27,-0.08],[-0.88,3.66],[4.39,-0.98],[0,0]],"v":[[13.5,20.91],[16.99,9.73],[10.56,0],[0.57,9.57],[1.38,20.55],[13.5,20.91]]}}},{"ty":"fl","nm":"","c":{"a":0,"k":[0.239,0.239,0.239]},"r":1,"o":{"a":0,"k":100}}],"ind":11},{"ty":4,"nm":"V","sr":1,"st":0,"op":61,"ip":0,"hasMask":false,"ao":0,"ks":{"a":{"a":0,"k":[15.41,16.38]},"s":{"a":0,"k":[100,-100]},"sk":{"a":0,"k":0},"p":{"a":0,"k":[18.44,16.38]},"r":{"a":0,"k":-180},"sa":{"a":0,"k":0},"o":{"a":0,"k":100}},"shapes":[{"ty":"sh","nm":"","d":1,"ks":{"a":0,"k":{"c":true,"i":[[0,0],[-0.1,1.66],[7.9,0.24],[2.17,-10.02],[-3.26,-4.04],[-13.26,-0.65]],"o":[[0.5,-2],[0.5,-8.38],[-7.9,-0.24],[-1.36,6.27],[3.48,-5.67],[0,0]],"v":[[29.9,19.65],[30.78,14.08],[18.25,0.01],[0.86,15.99],[2.76,32.76],[29.9,19.65]]}}},{"ty":"fl","nm":"","c":{"a":0,"k":[1,1,1]},"r":1,"o":{"a":0,"k":100}}],"ind":12},{"ty":4,"nm":"V","sr":1,"st":0,"op":61,"ip":0,"hasMask":false,"ao":0,"ks":{"a":{"a":0,"k":[11.54,12.93]},"s":{"a":0,"k":[100,-100]},"sk":{"a":0,"k":0},"p":{"a":0,"k":[42.39,20.85]},"r":{"a":0,"k":-180},"sa":{"a":0,"k":0},"o":{"a":0,"k":100}},"shapes":[{"ty":"sh","nm":"","d":1,"ks":{"a":0,"k":{"c":true,"i":[[0,0],[-0.22,4.17],[5.77,-0.04],[1.92,-7.81],[-1.58,-3.73],[-4.64,-1.87]],"o":[[2.33,-3.86],[0.42,-8.09],[-5.77,0.04],[-1.03,4.17],[6.71,-2.64],[0,0]],"v":[[19.35,25.87],[23.05,12.74],[13.93,0],[0.73,13],[1.24,25.75],[19.35,25.87]]}}},{"ty":"fl","nm":"","c":{"a":0,"k":[1,1,1]},"r":1,"o":{"a":0,"k":100}}],"ind":13}]},{"nm":"[","id":"7","layers":[{"ty":4,"nm":"S","sr":1,"st":0,"op":61,"ip":0,"hasMask":false,"ao":0,"ks":{"a":{"a":0,"k":[13.9,7.25]},"s":{"a":0,"k":[100,100]},"sk":{"a":0,"k":0},"p":{"a":0,"k":[30.58,37.36]},"r":{"a":0,"k":0},"sa":{"a":0,"k":0},"o":{"a":0,"k":100}},"shapes":[{"ty":"sh","nm":"","d":1,"ks":{"a":0,"k":{"c":true,"i":[[0,0],[0,0],[0.49,-2.82],[0.52,-0.65],[0,0],[-0.14,0.81],[4.83,0.84],[0,0],[1.11,-4.49],[0,0],[-0.02,0.09],[-2.82,-0.49]],"o":[[0,0],[2.82,0.49],[-0.15,0.88],[0,0],[0.34,-0.71],[0.84,-4.83],[0,0],[-4.62,-0.81],[0,0],[0.01,-0.09],[0.49,-2.82],[0,0]],"v":[[9.5,3.77],[19.82,5.57],[24.04,11.57],[23,13.88],[26.94,14.49],[27.67,12.2],[20.46,1.94],[10.14,0.13],[0,6.74],[3.47,8.25],[3.51,7.98],[9.5,3.77]]}}},{"ty":"fl","nm":"","c":{"a":0,"k":[0.843,0.251,0.216]},"r":2,"o":{"a":0,"k":100}}],"ind":1},{"ty":4,"nm":"V","sr":1,"st":0,"op":61,"ip":0,"hasMask":false,"ao":0,"ks":{"a":{"a":0,"k":[28.86,6.19]},"s":{"a":0,"k":[100,100]},"sk":{"a":0,"k":0},"p":{"a":0,"k":[30.83,26.35]},"r":{"a":0,"k":0},"sa":{"a":0,"k":0},"o":{"a":0,"k":100}},"shapes":[{"ty":"sh","nm":"","d":1,"ks":{"a":0,"k":{"c":true,"i":[[0,0],[-0.4,-1.48],[-1.48,0.4],[0,0]],"o":[[-1.48,0.4],[0.4,1.48],[0,0],[0,0]],"v":[[-0.72,-0.04],[-2.67,3.36],[0.72,5.3],[-0.72,-0.04]]}}},{"ty":"sh","nm":"","d":1,"ks":{"a":0,"k":{"c":true,"i":[[0,0],[0,0],[0,0]],"o":[[0,0],[0,0],[0,0]],"v":[[30.04,0.66],[29.67,3.4],[30.04,0.66]]}}},{"ty":"sh","nm":"","d":1,"ks":{"a":0,"k":{"c":true,"i":[[0,0],[-1.03,1.13],[1.13,1.03],[0,0]],"o":[[1.13,1.03],[1.03,-1.13],[0,0],[0,0]],"v":[[55.84,14.42],[59.75,14.25],[59.58,10.34],[55.84,14.42]]}}},{"ty":"sh","nm":"","d":1,"ks":{"a":0,"k":{"c":true,"i":[[0,0],[-13.06,-1.78],[0,0],[5.06,-1.37],[0,0]],"o":[[4.69,-1.27],[0,0],[-14.08,-1.92],[0,0],[0,0]],"v":[[0.72,5.3],[29.67,3.4],[30.41,-2.08],[-0.72,-0.04],[0.72,5.3]]}}},{"ty":"sh","nm":"","d":1,"ks":{"a":0,"k":{"c":true,"i":[[0,0],[-4.3,-3.94],[0,0],[13.04,1.78],[0,0]],"o":[[12,1.64],[0,0],[-5.19,-4.75],[0,0],[0,0]],"v":[[29.67,3.4],[55.84,14.42],[59.58,10.34],[30.41,-2.08],[29.67,3.4]]}}},{"ty":"fl","nm":"","c":{"a":0,"k":[0.898,0.898,0.898]},"r":1,"o":{"a":0,"k":100}}],"ind":2},{"ty":4,"nm":"V","sr":1,"st":0,"op":61,"ip":0,"hasMask":false,"ao":0,"ks":{"a":{"a":0,"k":[27.47,11.73]},"s":{"a":0,"k":[100,100]},"sk":{"a":0,"k":0},"p":{"a":0,"k":[31.29,33.07]},"r":{"a":0,"k":0},"sa":{"a":0,"k":0},"o":{"a":0,"k":100}},"shapes":[{"ty":"sh","nm":"","d":1,"ks":{"a":0,"k":{"c":true,"i":[[0,0],[0,0],[0,0],[0,0],[0,0]],"o":[[0,0],[0,0],[0,0],[0,0],[0,0]],"v":[[54.94,9.49],[52.04,21.74],[42.03,23.45],[46.64,5.67],[54.94,9.49]]}}},{"ty":"sh","nm":"","d":1,"ks":{"a":0,"k":{"c":true,"i":[[0,0],[0,0],[0,0],[0,0],[0,0]],"o":[[0,0],[0,0],[0,0],[0,0],[0,0]],"v":[[34.26,12.65],[35.84,1.71],[24.11,0],[22.66,10.67],[34.26,12.65]]}}},{"ty":"sh","nm":"","d":1,"ks":{"a":0,"k":{"c":true,"i":[[0,0],[0,0],[0,0],[0,0]],"o":[[0,0],[0,0],[0,0],[0,0]],"v":[[9.75,12.65],[11.07,0],[0,2.37],[9.75,12.65]]}}},{"ty":"fl","nm":"","c":{"a":0,"k":[0.843,0.251,0.216]},"r":1,"o":{"a":0,"k":100}}],"ind":3},{"ty":4,"nm":"V","sr":1,"st":0,"op":61,"ip":0,"hasMask":false,"ao":0,"ks":{"a":{"a":0,"k":[21.41,12.12]},"s":{"a":0,"k":[100,100]},"sk":{"a":0,"k":0},"p":{"a":0,"k":[32.74,32.54]},"r":{"a":0,"k":0},"sa":{"a":0,"k":0},"o":{"a":0,"k":100}},"shapes":[{"ty":"sh","nm":"","d":1,"ks":{"a":0,"k":{"c":true,"i":[[0,0],[0,0],[0,0],[0,0],[0,0],[0,0],[0,0]],"o":[[0,0],[0,0],[0,0],[0,0],[0,0],[0,0],[0,0]],"v":[[38.87,24.24],[42.82,8.7],[20.03,0],[1.32,1.05],[0,12.91],[19.1,22.14],[38.87,24.24]]}}},{"ty":"fl","nm":"","c":{"a":0,"k":[1,1,1]},"r":1,"o":{"a":0,"k":100}}],"ind":4},{"ty":0,"nm":"k","sr":1,"st":0,"op":61,"ip":0,"hasMask":false,"ao":0,"ks":{"a":{"a":0,"k":[30.17,14.49]},"s":{"a":0,"k":[100,100]},"sk":{"a":0,"k":0},"p":{"a":0,"k":[30.17,14.49]},"r":{"a":0,"k":0},"sa":{"a":0,"k":0},"o":{"a":0,"k":100}},"w":150,"h":150,"refId":"8","ind":5}]},{"nm":"[","id":"8","layers":[{"ty":4,"nm":"E","sr":1,"st":0,"op":61,"ip":0,"hasMask":false,"ao":0,"ks":{"a":{"a":0,"k":[8.17,8.17]},"s":{"a":0,"k":[100,100]},"sk":{"a":0,"k":0},"p":{"a":0,"k":[34.52,16.6]},"r":{"a":0,"k":0},"sa":{"a":0,"k":0},"o":{"a":0,"k":100}},"shapes":[{"ty":"sh","nm":"","d":1,"ks":{"a":0,"k":{"c":true,"i":[[0,0],[4.51,0],[0,4.51],[-4.51,0],[0,-4.51]],"o":[[0,4.51],[-4.51,0],[0,-4.51],[4.51,0],[0,0]],"v":[[16.34,8.17],[8.17,16.34],[0,8.17],[8.17,0],[16.34,8.17]]}}},{"ty":"fl","nm":"","c":{"a":0,"k":[0.973,0.843,0.486]},"r":1,"o":{"a":0,"k":100}}],"ind":1},{"ty":4,"nm":"E","sr":1,"st":0,"op":61,"ip":0,"hasMask":false,"ao":0,"ks":{"a":{"a":0,"k":[7.11,7.11]},"s":{"a":0,"k":[100,100]},"sk":{"a":0,"k":0},"p":{"a":0,"k":[25.56,11.33]},"r":{"a":0,"k":0},"sa":{"a":0,"k":0},"o":{"a":0,"k":100}},"shapes":[{"ty":"sh","nm":"","d":1,"ks":{"a":0,"k":{"c":true,"i":[[0,0],[3.93,0],[0,3.93],[-3.93,0],[0,-3.93]],"o":[[0,3.93],[-3.93,0],[0,-3.93],[3.93,0],[0,0]],"v":[[14.23,7.11],[7.11,14.23],[0,7.11],[7.11,0],[14.23,7.11]]}}},{"ty":"fl","nm":"","c":{"a":0,"k":[0.988,0.933,0.639]},"r":1,"o":{"a":0,"k":100}}],"ind":2},{"ty":4,"nm":"E","sr":1,"st":0,"op":61,"ip":0,"hasMask":false,"ao":0,"ks":{"a":{"a":0,"k":[7.77,7.77]},"s":{"a":0,"k":[100,100]},"sk":{"a":0,"k":0},"p":{"a":0,"k":[30.96,7.77]},"r":{"a":0,"k":0},"sa":{"a":0,"k":0},"o":{"a":0,"k":100}},"shapes":[{"ty":"sh","nm":"","d":1,"ks":{"a":0,"k":{"c":true,"i":[[0,0],[4.29,0],[0,4.29],[-4.29,0],[0,-4.29]],"o":[[0,4.29],[-4.29,0],[0,-4.29],[4.29,0],[0,0]],"v":[[15.55,7.77],[7.77,15.55],[0,7.77],[7.77,0],[15.55,7.77]]}}},{"ty":"fl","nm":"","c":{"a":0,"k":[0.973,0.843,0.486]},"r":1,"o":{"a":0,"k":100}}],"ind":3},{"ty":4,"nm":"E","sr":1,"st":0,"op":61,"ip":0,"hasMask":false,"ao":0,"ks":{"a":{"a":0,"k":[6.46,6.46]},"s":{"a":0,"k":[100,100]},"sk":{"a":0,"k":0},"p":{"a":0,"k":[16.47,15.42]},"r":{"a":0,"k":0},"sa":{"a":0,"k":0},"o":{"a":0,"k":100}},"shapes":[{"ty":"sh","nm":"","d":1,"ks":{"a":0,"k":{"c":true,"i":[[0,0],[3.57,0],[0,3.57],[-3.57,0],[0,-3.57]],"o":[[0,3.57],[-3.57,0],[0,-3.57],[3.57,0],[0,0]],"v":[[12.91,6.46],[6.46,12.91],[0,6.46],[6.46,0],[12.91,6.46]]}}},{"ty":"fl","nm":"","c":{"a":0,"k":[0.988,0.933,0.639]},"r":1,"o":{"a":0,"k":100}}],"ind":4},{"ty":4,"nm":"E","sr":1,"st":0,"op":61,"ip":0,"hasMask":false,"ao":0,"ks":{"a":{"a":0,"k":[6.98,6.98]},"s":{"a":0,"k":[100,100]},"sk":{"a":0,"k":0},"p":{"a":0,"k":[23.58,7.25]},"r":{"a":0,"k":0},"sa":{"a":0,"k":0},"o":{"a":0,"k":100}},"shapes":[{"ty":"sh","nm":"","d":1,"ks":{"a":0,"k":{"c":true,"i":[[0,0],[3.86,0],[0,3.86],[-3.86,0],[0,-3.86]],"o":[[0,3.86],[-3.86,0],[0,-3.86],[3.86,0],[0,0]],"v":[[13.97,6.98],[6.98,13.97],[0,6.98],[6.98,0],[13.97,6.98]]}}},{"ty":"fl","nm":"","c":{"a":0,"k":[0.973,0.843,0.486]},"r":1,"o":{"a":0,"k":100}}],"ind":5},{"ty":4,"nm":"E","sr":1,"st":0,"op":61,"ip":0,"hasMask":false,"ao":0,"ks":{"a":{"a":0,"k":[6.06,6.06]},"s":{"a":0,"k":[100,100]},"sk":{"a":0,"k":0},"p":{"a":0,"k":[12.39,7.38]},"r":{"a":0,"k":0},"sa":{"a":0,"k":0},"o":{"a":0,"k":100}},"shapes":[{"ty":"sh","nm":"","d":1,"ks":{"a":0,"k":{"c":true,"i":[[0,0],[3.35,0],[0,3.35],[-3.35,0],[0,-3.35]],"o":[[0,3.35],[-3.35,0],[0,-3.35],[3.35,0],[0,0]],"v":[[12.12,6.06],[6.06,12.12],[0,6.06],[6.06,0],[12.12,6.06]]}}},{"ty":"fl","nm":"","c":{"a":0,"k":[0.973,0.843,0.486]},"r":1,"o":{"a":0,"k":100}}],"ind":6},{"ty":4,"nm":"E","sr":1,"st":0,"op":61,"ip":0,"hasMask":false,"ao":0,"ks":{"a":{"a":0,"k":[6.46,6.46]},"s":{"a":0,"k":[100,100]},"sk":{"a":0,"k":0},"p":{"a":0,"k":[6.46,16.21]},"r":{"a":0,"k":0},"sa":{"a":0,"k":0},"o":{"a":0,"k":100}},"shapes":[{"ty":"sh","nm":"","d":1,"ks":{"a":0,"k":{"c":true,"i":[[0,0],[3.57,0],[0,3.57],[-3.57,0],[0,-3.57]],"o":[[0,3.57],[-3.57,0],[0,-3.57],[3.57,0],[0,0]],"v":[[12.91,6.46],[6.46,12.91],[0,6.46],[6.46,0],[12.91,6.46]]}}},{"ty":"fl","nm":"","c":{"a":0,"k":[0.973,0.843,0.486]},"r":1,"o":{"a":0,"k":100}}],"ind":7},{"ty":4,"nm":"E","sr":1,"st":0,"op":61,"ip":0,"hasMask":false,"ao":0,"ks":{"a":{"a":0,"k":[6.72,6.72]},"s":{"a":0,"k":[100,100]},"sk":{"a":0,"k":0},"p":{"a":0,"k":[47.04,17.52]},"r":{"a":0,"k":0},"sa":{"a":0,"k":0},"o":{"a":0,"k":100}},"shapes":[{"ty":"sh","nm":"","d":1,"ks":{"a":0,"k":{"c":true,"i":[[0,0],[3.71,0],[0,3.71],[-3.71,0],[0,-3.71]],"o":[[0,3.71],[-3.71,0],[0,-3.71],[3.71,0],[0,0]],"v":[[13.44,6.72],[6.72,13.44],[0,6.72],[6.72,0],[13.44,6.72]]}}},{"ty":"fl","nm":"","c":{"a":0,"k":[0.988,0.933,0.639]},"r":1,"o":{"a":0,"k":100}}],"ind":8},{"ty":4,"nm":"E","sr":1,"st":0,"op":61,"ip":0,"hasMask":false,"ao":0,"ks":{"a":{"a":0,"k":[6.32,6.32]},"s":{"a":0,"k":[100,100]},"sk":{"a":0,"k":0},"p":{"a":0,"k":[54.02,22.66]},"r":{"a":0,"k":0},"sa":{"a":0,"k":0},"o":{"a":0,"k":100}},"shapes":[{"ty":"sh","nm":"","d":1,"ks":{"a":0,"k":{"c":true,"i":[[0,0],[3.49,0],[0,3.49],[-3.49,0],[0,-3.49]],"o":[[0,3.49],[-3.49,0],[0,-3.49],[3.49,0],[0,0]],"v":[[12.65,6.32],[6.32,12.65],[0,6.32],[6.32,0],[12.65,6.32]]}}},{"ty":"fl","nm":"","c":{"a":0,"k":[0.973,0.843,0.486]},"r":1,"o":{"a":0,"k":100}}],"ind":9},{"ty":4,"nm":"E","sr":1,"st":0,"op":61,"ip":0,"hasMask":false,"ao":0,"ks":{"a":{"a":0,"k":[6.32,6.32]},"s":{"a":0,"k":[100,100]},"sk":{"a":0,"k":0},"p":{"a":0,"k":[43.74,12.38]},"r":{"a":0,"k":0},"sa":{"a":0,"k":0},"o":{"a":0,"k":100}},"shapes":[{"ty":"sh","nm":"","d":1,"ks":{"a":0,"k":{"c":true,"i":[[0,0],[3.49,0],[0,3.49],[-3.49,0],[0,-3.49]],"o":[[0,3.49],[-3.49,0],[0,-3.49],[3.49,0],[0,0]],"v":[[12.65,6.32],[6.32,12.65],[0,6.32],[6.32,0],[12.65,6.32]]}}},{"ty":"fl","nm":"","c":{"a":0,"k":[0.973,0.843,0.486]},"r":1,"o":{"a":0,"k":100}}],"ind":10}]},{"nm":"[","id":"9","layers":[{"ty":4,"nm":"E","sr":1,"st":0,"op":61,"ip":0,"hasMask":false,"ao":0,"ks":{"a":{"a":0,"k":[57.05,57.05]},"s":{"a":0,"k":[100,100]},"sk":{"a":0,"k":0},"p":{"a":0,"k":[60.26,60.26]},"r":{"a":0,"k":0},"sa":{"a":0,"k":0},"o":{"a":0,"k":100}},"shapes":[{"ty":"sh","nm":"","d":1,"ks":{"a":0,"k":{"c":true,"i":[[0,0],[29.74,0],[0,29.74],[-29.74,0],[0,-29.74]],"o":[[0,29.74],[-29.74,0],[0,-29.74],[29.74,0],[0,0]],"v":[[107.69,53.845],[53.845,107.69],[0,53.845],[53.845,0],[107.69,53.845]]}}},{"ty":"st","nm":"","lc":1,"lj":1,"ml":4,"o":{"a":0,"k":100},"w":{"a":0,"k":6.41},"c":{"a":0,"k":[1,0.765,0.906]}}],"ind":1},{"ty":4,"nm":"E","sr":1,"st":0,"op":61,"ip":0,"hasMask":false,"ao":0,"ks":{"a":{"a":0,"k":[54.01,54.01]},"s":{"a":0,"k":[100,100]},"sk":{"a":0,"k":0},"p":{"a":0,"k":[56.91,56.2]},"r":{"a":0,"k":0},"sa":{"a":0,"k":0},"o":{"a":0,"k":100}},"shapes":[{"ty":"sh","nm":"","d":1,"ks":{"a":0,"k":{"c":true,"i":[[0,0],[29.83,0],[0,29.83],[-29.83,0],[0,-29.83]],"o":[[0,29.83],[-29.83,0],[0,-29.83],[29.83,0],[0,0]],"v":[[108.03,54.01],[54.01,108.03],[0,54.01],[54.01,0],[108.03,54.01]]}}},{"ty":"fl","nm":"","c":{"a":0,"k":[0.388,0.067,0.254]},"r":1,"o":{"a":0,"k":100}}],"ind":2},{"ty":4,"nm":"E","sr":1,"st":0,"op":61,"ip":0,"hasMask":false,"ao":0,"ks":{"a":{"a":0,"k":[57.05,57.05]},"s":{"a":0,"k":[100,100]},"sk":{"a":0,"k":0},"p":{"a":0,"k":[60.26,66.67]},"r":{"a":0,"k":0},"sa":{"a":0,"k":0},"o":{"a":0,"k":100}},"shapes":[{"ty":"sh","nm":"","d":1,"ks":{"a":0,"k":{"c":true,"i":[[0,0],[29.74,0],[0,29.74],[-29.74,0],[0,-29.74]],"o":[[0,29.74],[-29.74,0],[0,-29.74],[29.74,0],[0,0]],"v":[[107.69,53.845],[53.845,107.69],[0,53.845],[53.845,0],[107.69,53.845]]}}},{"ty":"st","nm":"","lc":1,"lj":1,"ml":4,"o":{"a":0,"k":100},"w":{"a":0,"k":6.41},"c":{"a":0,"k":[0.922,0.577,0.78]}}],"ind":3}]}]}