{"v":"4.8.0","meta":{"g":"LottieFiles AE 3.5.2","a":"","k":"","d":"","tc":""},"fr":60,"ip":0,"op":300,"w":150,"h":150,"nm":"J","assets":[{"id":"comp_0","layers":[{"ind":1,"ty":3,"nm":"â","sr":1,"ks":{"o":{"a":0,"k":100},"r":{"a":0,"k":0},"p":{"a":0,"k":[75,78,0]},"a":{"a":0,"k":[57.05,60.255,0]},"s":{"a":0,"k":[100,100,100]}},"ao":0,"ip":0,"op":300,"st":0},{"ind":2,"ty":4,"nm":"S","parent":1,"sr":1,"ks":{"o":{"a":0,"k":100},"r":{"a":0,"k":0},"p":{"a":0,"k":[42.491,87.45,0]},"a":{"a":0,"k":[0,0,0]},"s":{"a":0,"k":[100,100,100]}},"ao":0,"shapes":[{"ty":"gr","it":[{"ind":0,"ty":"sh","ks":{"a":0,"k":{"i":[[-24.84,0],[-6.318,2.832],[4.55,0],[3.51,-2.609],[5.146,-0.137],[0.37,-0.038],[7.709,0],[1.594,-0.595],[7.072,3.764]],"o":[[7.372,0],[-3.449,-2.458],[-4.701,0],[-2.734,-3.954],[-0.378,0.01],[-0.628,-7.586],[-1.8,0],[-0.801,-7.633],[4.311,23.595]],"v":[[14.559,20.74],[35.254,16.332],[23.041,12.429],[10.487,16.581],[-1.992,10.227],[-3.115,10.3],[-17.777,-3.247],[-22.895,-2.327],[-35.254,-20.74]],"c":true}},"nm":"P"},{"ty":"fl","c":{"a":0,"k":[0.847,0.965,1,1]},"o":{"a":0,"k":100},"r":1,"nm":"F"},{"ty":"tr","p":{"a":0,"k":[0,0]},"a":{"a":0,"k":[0,0]},"s":{"a":0,"k":[100,100]},"r":{"a":0,"k":0},"o":{"a":0,"k":100},"sk":{"a":0,"k":0},"sa":{"a":0,"k":0},"nm":"T"}],"nm":"S"}],"ip":0,"op":300,"st":0},{"ind":3,"ty":4,"nm":"V","parent":1,"sr":1,"ks":{"o":{"a":0,"k":100},"r":{"a":0,"k":0},"p":{"a":0,"k":[62.744,53.447,0]},"a":{"a":0,"k":[0,0,0]},"s":{"a":0,"k":[100,100,100]}},"ao":0,"shapes":[{"ty":"gr","it":[{"ind":0,"ty":"sh","ks":{"a":0,"k":{"i":[[-1.276,0],[0,1.649],[1.276,0],[0,-1.649]],"o":[[1.276,0],[0,-1.649],[-1.276,0],[0,1.649]],"v":[[0,2.986],[2.311,0],[0,-2.986],[-2.311,0]],"c":true}},"nm":"P"},{"ty":"fl","c":{"a":0,"k":[0.988,0.996,1,1]},"o":{"a":0,"k":100},"r":1,"nm":"F"},{"ty":"tr","p":{"a":0,"k":[0,0]},"a":{"a":0,"k":[0,0]},"s":{"a":0,"k":[100,100]},"r":{"a":0,"k":0},"o":{"a":0,"k":100},"sk":{"a":0,"k":0},"sa":{"a":0,"k":0},"nm":"T"}],"nm":"V"}],"ip":0,"op":300,"st":0},{"ind":4,"ty":4,"nm":"V","parent":1,"sr":1,"ks":{"o":{"a":0,"k":100},"r":{"a":0,"k":0},"p":{"a":0,"k":[56.967,53.447,0]},"a":{"a":0,"k":[0,0,0]},"s":{"a":0,"k":[100,100,100]}},"ao":0,"shapes":[{"ty":"gr","it":[{"ind":0,"ty":"sh","ks":{"a":0,"k":{"i":[[0,0],[-4.424,3.254],[0,0],[0,0],[4.515,-2.414]],"o":[[4.516,3.332],[0,0],[0,0],[-4.621,-2.389],[0,0]],"v":[[-4.621,-2.389],[4.729,-2.612],[4.787,-2.655],[4.787,2.655],[-4.787,2.655]],"c":true}},"nm":"P"},{"ty":"fl","c":{"a":0,"k":[0.988,0.996,1,1]},"o":{"a":0,"k":100},"r":1,"nm":"F"},{"ty":"tr","p":{"a":0,"k":[0,0]},"a":{"a":0,"k":[0,0]},"s":{"a":0,"k":[100,100]},"r":{"a":0,"k":0},"o":{"a":0,"k":100},"sk":{"a":0,"k":0},"sa":{"a":0,"k":0},"nm":"T"}],"nm":"V"}],"ip":0,"op":300,"st":0},{"ind":5,"ty":4,"nm":"V","parent":1,"sr":1,"ks":{"o":{"a":0,"k":100},"r":{"a":0,"k":0},"p":{"a":0,"k":[51.191,53.447,0]},"a":{"a":0,"k":[0,0,0]},"s":{"a":0,"k":[100,100,100]}},"ao":0,"shapes":[{"ty":"gr","it":[{"ind":0,"ty":"sh","ks":{"a":0,"k":{"i":[[-1.276,0],[0,1.649],[1.276,0],[0,-1.649]],"o":[[1.276,0],[0,-1.649],[-1.276,0],[0,1.649]],"v":[[0,2.986],[2.311,0],[0,-2.986],[-2.311,0]],"c":true}},"nm":"P"},{"ty":"fl","c":{"a":0,"k":[0.988,0.996,1,1]},"o":{"a":0,"k":100},"r":1,"nm":"F"},{"ty":"tr","p":{"a":0,"k":[0,0]},"a":{"a":0,"k":[0,0]},"s":{"a":0,"k":[100,100]},"r":{"a":0,"k":0},"o":{"a":0,"k":100},"sk":{"a":0,"k":0},"sa":{"a":0,"k":0},"nm":"T"}],"nm":"V"}],"ip":0,"op":300,"st":0},{"ind":6,"ty":4,"nm":"U","parent":1,"sr":1,"ks":{"o":{"a":0,"k":100},"r":{"a":0,"k":0},"p":{"a":0,"k":[57.402,83.02,0]},"a":{"a":0,"k":[0,0,0]},"s":{"a":0,"k":[100,100,100]}},"ao":0,"shapes":[{"ty":"gr","it":[{"ind":0,"ty":"sh","ks":{"a":0,"k":{"i":[[0.584,0],[0,0],[-0.18,-0.53],[-2.876,0.001],[-0.867,2.545]],"o":[[0,0],[-0.584,0],[0.865,2.544],[2.876,-0.001],[0.181,-0.53]],"v":[[14.962,10.942],[4.075,10.946],[3.258,12.019],[9.517,16.318],[15.779,12.014]],"c":true}},"nm":"P"},{"ind":1,"ty":"sh","ks":{"a":0,"k":{"i":[[0.584,0],[0,0],[-0.18,-0.53],[-2.876,0.001],[-0.867,2.545]],"o":[[0,0],[-0.584,0],[0.865,2.544],[2.876,-0.001],[0.181,-0.53]],"v":[[31.825,10.942],[20.938,10.946],[20.121,12.019],[26.379,16.318],[32.642,12.014]],"c":true}},"nm":"P"},{"ind":2,"ty":"sh","ks":{"a":0,"k":{"i":[[0.584,-0.001],[0,0],[-0.18,-0.529],[-2.876,0.001],[-0.867,2.545]],"o":[[0,0],[-0.584,0],[0.865,2.544],[2.877,-0.001],[0.181,-0.53]],"v":[[23.302,19.172],[12.416,19.176],[11.599,20.249],[17.857,24.548],[24.119,20.245]],"c":true}},"nm":"P"},{"ty":"mm","mm":1,"nm":"M"},{"ty":"fl","c":{"a":0,"k":[0.451,0.867,1,1]},"o":{"a":0,"k":100},"r":1,"nm":"F"},{"ty":"tr","p":{"a":0,"k":[0,0]},"a":{"a":0,"k":[0,0]},"s":{"a":0,"k":[100,100]},"r":{"a":0,"k":0},"o":{"a":0,"k":100},"sk":{"a":0,"k":0},"sa":{"a":0,"k":0},"nm":"T"}],"nm":"U"}],"ip":0,"op":300,"st":0},{"ind":7,"ty":4,"nm":"V","parent":1,"sr":1,"ks":{"o":{"a":0,"k":100},"r":{"a":0,"k":0},"p":{"a":0,"k":[87.252,14.111,0]},"a":{"a":0,"k":[0,0,0]},"s":{"a":0,"k":[100,100,100]}},"ao":0,"shapes":[{"ty":"gr","it":[{"ind":0,"ty":"sh","ks":{"a":0,"k":{"i":[[0,0],[0,0],[-0.078,0.118],[-0.108,0.102],[-0.335,0.22],[-1.083,0.531],[-2.621,0.787],[-4.392,-1.921],[-1.404,-2.11],[-0.235,-1.438],[0.042,-1.53],[0.101,-0.531],[0.11,-0.218],[0.148,-0.12],[0.28,0.049],[0.079,0.103],[0.051,0.116],[0.089,0.314],[0.073,0.274],[0.163,0.53],[0.366,0.608],[0.356,0.083],[0.59,1.021],[0.66,0.166],[0.53,-0.275],[1.485,0.332],[0.97,1.428],[1.351,-0.568],[0.43,-0.198],[2.818,0.548],[0.327,0.276],[0.093,0.411]],"o":[[0,0],[-0.003,-0.262],[0.086,-0.13],[0.217,-0.206],[0.675,-0.445],[2.169,-1.063],[5.199,-1.561],[2.344,1.025],[1.402,2.108],[0.208,1.271],[-0.021,0.763],[-0.049,0.257],[-0.054,0.108],[-0.168,0.135],[-0.307,-0.054],[-0.091,-0.12],[-0.103,-0.235],[-0.071,-0.249],[-0.124,-0.465],[-0.255,-0.826],[-0.374,-0.621],[-1.557,-0.366],[-0.351,-0.608],[-0.66,-0.166],[-0.957,0.497],[-1.485,-0.332],[-0.97,-1.428],[-0.437,0.184],[-4.096,2.121],[-0.495,-0.096],[-0.316,-0.266],[0,0]],"v":[[-17.174,-3.273],[-17.175,-3.349],[-16.989,-3.935],[-16.686,-4.285],[-15.842,-4.929],[-13.145,-6.42],[-5.533,-9.424],[8.638,-8.632],[14.336,-3.403],[16.907,2.384],[17.165,7.05],[16.989,9.059],[16.761,9.803],[16.469,10.178],[15.779,10.36],[15.211,9.996],[15.002,9.626],[14.716,8.775],[14.503,7.99],[14.083,6.495],[13.165,4.271],[12.063,3.255],[9.064,0.769],[7.678,-1.644],[5.532,-0.98],[1.076,-0.317],[-3.051,-3.199],[-6.286,-4.682],[-7.567,-4.067],[-15.225,-1.569],[-16.477,-2.161],[-17.157,-3.199]],"c":true}},"nm":"P"},{"ind":1,"ty":"sh","ks":{"a":0,"k":{"i":[[0.152,0.027],[0.397,2.428],[0.278,-1.408],[0.006,-0.026]],"o":[[0.664,0.117],[0.3,1.836],[-0.005,0.027],[-0.088,0.405]],"v":[[15.902,9.65],[16.199,2.5],[16.278,8.96],[16.262,9.04]],"c":true}},"nm":"P"},{"ty":"mm","mm":1,"nm":"M"},{"ty":"fl","c":{"a":0,"k":[0.804,0.957,1,1]},"o":{"a":0,"k":100},"r":1,"nm":"F"},{"ty":"tr","p":{"a":0,"k":[0,0]},"a":{"a":0,"k":[0,0]},"s":{"a":0,"k":[100,100]},"r":{"a":0,"k":0},"o":{"a":0,"k":100},"sk":{"a":0,"k":0},"sa":{"a":0,"k":0},"nm":"T"}],"nm":"V"}],"ip":0,"op":300,"st":0},{"ind":8,"ty":4,"nm":"V","parent":1,"sr":1,"ks":{"o":{"a":0,"k":100},"r":{"a":0,"k":0},"p":{"a":0,"k":[23.94,14.369,0]},"a":{"a":0,"k":[0,0,0]},"s":{"a":0,"k":[100,100,100]}},"ao":0,"shapes":[{"ty":"gr","it":[{"ind":0,"ty":"sh","ks":{"a":0,"k":{"i":[[0,0],[0,0],[2.336,0.226],[0.802,-0.269],[0.273,-0.704],[0.991,-0.879],[1.084,-0.419],[0.721,-2.096],[0.856,-1.454],[0.406,-0.505],[0.205,-0.175],[0.349,-0.03],[0.192,0.225],[0.078,0.238],[0.057,0.688],[-0.061,1.55],[-0.813,2.28],[-1.834,1.641],[-5.657,-2.201],[0,0],[-1.485,-0.753],[-0.504,-0.46],[-0.009,-0.705]],"o":[[0,0],[-1.897,-0.715],[-1.17,-0.113],[-0.778,0.261],[-0.761,1.959],[-0.986,0.874],[-2.13,0.824],[-0.437,1.271],[-0.429,0.728],[-0.202,0.251],[-0.179,0.153],[-0.409,0.035],[-0.177,-0.208],[-0.159,-0.484],[-0.116,-1.392],[0.064,-1.617],[0.811,-2.275],[3.55,-3.176],[0,0],[2.345,0.911],[0.816,0.414],[0.501,0.458],[0,0]],"v":[[14.476,-4.247],[14.047,-4.391],[6.674,-6.535],[3.666,-6.324],[2.082,-4.909],[-0.522,-0.813],[-3.665,0.933],[-7.951,4.579],[-10.097,9.069],[-11.374,10.975],[-11.989,11.629],[-12.802,12.019],[-13.713,11.623],[-14.08,10.919],[-14.391,9.103],[-14.427,4.384],[-13.16,-1.802],[-9.261,-8.051],[4.957,-11.112],[5.669,-10.836],[11.534,-8.382],[13.553,-7.081],[14.461,-5.345]],"c":true}},"nm":"P"},{"ind":1,"ty":"sh","ks":{"a":0,"k":{"i":[[-0.022,-1.6],[0.264,0.307],[3.947,1.533],[0,0],[-0.231,-0.09]],"o":[[-0.004,-0.324],[-1.041,-1.212],[0,0],[0.237,0.092],[4.947,1.921]],"v":[[13.745,-5.335],[13.335,-6.278],[5.4,-10.167],[4.698,-10.44],[5.4,-10.167]],"c":true}},"nm":"P"},{"ty":"mm","mm":1,"nm":"M"},{"ty":"fl","c":{"a":0,"k":[0.804,0.957,1,1]},"o":{"a":0,"k":100},"r":1,"nm":"F"},{"ty":"tr","p":{"a":0,"k":[0,0]},"a":{"a":0,"k":[0,0]},"s":{"a":0,"k":[100,100]},"r":{"a":0,"k":0},"o":{"a":0,"k":100},"sk":{"a":0,"k":0},"sa":{"a":0,"k":0},"nm":"T"}],"nm":"V"}],"ip":0,"op":300,"st":0},{"ind":9,"ty":4,"nm":"V","parent":1,"sr":1,"ks":{"o":{"a":0,"k":100},"r":{"a":0,"k":0},"p":{"a":0,"k":[56.969,50.655,0]},"a":{"a":0,"k":[0,0,0]},"s":{"a":0,"k":[100,100,100]}},"ao":0,"shapes":[{"ty":"gr","it":[{"ind":0,"ty":"sh","ks":{"a":0,"k":{"i":[[0,0],[0.05,0.314],[4.877,-0.074],[1.182,-6.53],[-0.271,0.115],[0,0],[-1.644,0]],"o":[[0.265,0.1],[-1.009,-6.317],[-4.872,0.074],[-0.059,0.324],[0,0],[1.849,0],[0,0]],"v":[[9.093,5.15],[9.571,4.683],[0.101,-5.171],[-9.57,4.451],[-9.08,4.923],[-1.982,3.455],[2.144,3.455]],"c":true}},"nm":"P"},{"ty":"fl","c":{"a":0,"k":[0.866,0.848,0.221,1]},"o":{"a":0,"k":100},"r":1,"nm":"F"},{"ty":"tr","p":{"a":0,"k":[0,0]},"a":{"a":0,"k":[0,0]},"s":{"a":0,"k":[100,100]},"r":{"a":0,"k":0},"o":{"a":0,"k":100},"sk":{"a":0,"k":0},"sa":{"a":0,"k":0},"nm":"T"}],"nm":"V"}],"ip":0,"op":300,"st":0},{"ind":10,"ty":4,"nm":"p","parent":1,"sr":1,"ks":{"o":{"a":0,"k":100},"r":{"a":0,"k":0},"p":{"a":0,"k":[43.241,43.776,0]},"a":{"a":0,"k":[0,0,0]},"s":{"a":0,"k":[100,100,100]}},"ao":0,"shapes":[{"ty":"gr","it":[{"ind":0,"ty":"sh","ks":{"a":0,"k":{"i":[[0,0],[-1.846,0.065],[-0.064,-1.856],[0,0],[1.846,-0.065],[0.064,1.856]],"o":[[-0.064,-1.856],[1.846,-0.064],[0,0],[0.064,1.856],[-1.846,0.064],[0,0]],"v":[[-3.346,0.016],[-0.12,-3.461],[3.339,-0.218],[3.346,-0.016],[0.12,3.461],[-3.339,0.218]],"c":true}},"nm":"P"},{"ty":"fl","c":{"a":0,"k":[0.061,0.351,0.56,1]},"o":{"a":0,"k":100},"r":1,"nm":"F"},{"ty":"tr","p":{"a":0,"k":[0,0]},"a":{"a":0,"k":[0,0]},"s":{"a":0,"k":[100,100]},"r":{"a":0,"k":0},"o":{"a":0,"k":100},"sk":{"a":0,"k":0},"sa":{"a":0,"k":0},"nm":"T"}],"nm":"p"}],"ip":0,"op":300,"st":0},{"ind":11,"ty":4,"nm":"p","parent":1,"sr":1,"ks":{"o":{"a":0,"k":100},"r":{"a":0,"k":0},"p":{"a":0,"k":[70.488,44.454,0]},"a":{"a":0,"k":[0,0,0]},"s":{"a":0,"k":[100,100,100]}},"ao":0,"shapes":[{"ty":"gr","it":[{"ind":0,"ty":"sh","ks":{"a":0,"k":{"i":[[0,0],[-1.846,0.065],[-0.064,-1.856],[0,0],[1.846,-0.065],[0.064,1.856]],"o":[[-0.064,-1.856],[1.846,-0.065],[0,0],[0.064,1.856],[-1.846,0.065],[0,0]],"v":[[-3.346,0.016],[-0.12,-3.461],[3.339,-0.218],[3.346,-0.016],[0.12,3.461],[-3.339,0.218]],"c":true}},"nm":"P"},{"ty":"fl","c":{"a":0,"k":[0.061,0.351,0.56,1]},"o":{"a":0,"k":100},"r":1,"nm":"F"},{"ty":"tr","p":{"a":0,"k":[0,0]},"a":{"a":0,"k":[0,0]},"s":{"a":0,"k":[100,100]},"r":{"a":0,"k":0},"o":{"a":0,"k":100},"sk":{"a":0,"k":0},"sa":{"a":0,"k":0},"nm":"T"}],"nm":"p"}],"ip":0,"op":300,"st":0},{"ind":12,"ty":4,"nm":"V","parent":1,"sr":1,"ks":{"o":{"a":0,"k":100},"r":{"a":0,"k":0},"p":{"a":0,"k":[56.802,54.94,0]},"a":{"a":0,"k":[0,0,0]},"s":{"a":0,"k":[100,100,100]}},"ao":0,"shapes":[{"ty":"gr","it":[{"ind":0,"ty":"sh","ks":{"a":0,"k":{"i":[[0,0],[-0.049,-3.75],[-3.67,0.05],[0,0],[0.049,3.75],[3.67,-0.05]],"o":[[-3.67,0.05],[0.049,3.749],[0,0],[3.67,-0.05],[-0.049,-3.749],[0,0]],"v":[[-1.035,-6.776],[-7.592,0.103],[-0.858,6.802],[1.035,6.776],[7.592,-0.103],[0.858,-6.802]],"c":true}},"nm":"P"},{"ty":"fl","c":{"a":0,"k":[0.81,0.669,0.195,1]},"o":{"a":0,"k":100},"r":1,"nm":"F"},{"ty":"tr","p":{"a":0,"k":[0,0]},"a":{"a":0,"k":[0,0]},"s":{"a":0,"k":[100,100]},"r":{"a":0,"k":0},"o":{"a":0,"k":100},"sk":{"a":0,"k":0},"sa":{"a":0,"k":0},"nm":"T"}],"nm":"V"}],"ip":0,"op":300,"st":0},{"ind":13,"ty":4,"nm":"V","parent":1,"sr":1,"ks":{"o":{"a":0,"k":100},"r":{"a":0,"k":0},"p":{"a":0,"k":[48.88,53.446,0]},"a":{"a":0,"k":[0,0,0]},"s":{"a":0,"k":[100,100,100]}},"ao":0,"shapes":[{"ty":"gr","it":[{"ind":0,"ty":"sh","ks":{"a":0,"k":{"i":[[-2.188,0],[0,2.199],[2.188,0],[0,-2.199]],"o":[[2.188,0],[0,-2.199],[-2.188,0],[0,2.199]],"v":[[0,3.982],[3.961,0],[0,-3.982],[-3.961,0]],"c":true}},"nm":"P"},{"ty":"fl","c":{"a":0,"k":[0.866,0.848,0.221,1]},"o":{"a":0,"k":100},"r":1,"nm":"F"},{"ty":"tr","p":{"a":0,"k":[0,0]},"a":{"a":0,"k":[0,0]},"s":{"a":0,"k":[100,100]},"r":{"a":0,"k":0},"o":{"a":0,"k":100},"sk":{"a":0,"k":0},"sa":{"a":0,"k":0},"nm":"T"}],"nm":"V"}],"ip":0,"op":300,"st":0},{"ind":14,"ty":4,"nm":"V","parent":1,"sr":1,"ks":{"o":{"a":0,"k":100},"r":{"a":0,"k":0},"p":{"a":0,"k":[65.054,53.446,0]},"a":{"a":0,"k":[0,0,0]},"s":{"a":0,"k":[100,100,100]}},"ao":0,"shapes":[{"ty":"gr","it":[{"ind":0,"ty":"sh","ks":{"a":0,"k":{"i":[[-2.188,0],[0,2.199],[2.188,0],[0,-2.199]],"o":[[2.188,0],[0,-2.199],[-2.188,0],[0,2.199]],"v":[[0,3.982],[3.961,0],[0,-3.982],[-3.961,0]],"c":true}},"nm":"P"},{"ty":"fl","c":{"a":0,"k":[0.866,0.848,0.221,1]},"o":{"a":0,"k":100},"r":1,"nm":"F"},{"ty":"tr","p":{"a":0,"k":[0,0]},"a":{"a":0,"k":[0,0]},"s":{"a":0,"k":[100,100]},"r":{"a":0,"k":0},"o":{"a":0,"k":100},"sk":{"a":0,"k":0},"sa":{"a":0,"k":0},"nm":"T"}],"nm":"V"}],"ip":0,"op":300,"st":0},{"ind":15,"ty":4,"nm":"V","parent":1,"sr":1,"ks":{"o":{"a":0,"k":100},"r":{"a":0,"k":0},"p":{"a":0,"k":[49.375,58.093,0]},"a":{"a":0,"k":[0,0,0]},"s":{"a":0,"k":[100,100,100]}},"ao":0,"shapes":[{"ty":"gr","it":[{"ind":0,"ty":"sh","ks":{"a":0,"k":{"i":[[0,0],[1.367,0],[0,-1.374],[0,0],[-1.367,0],[0,1.374]],"o":[[0,-1.374],[-1.367,0],[0,0],[0,1.374],[1.367,0],[0,0]],"v":[[2.476,-5.143],[0,-7.632],[-2.476,-5.143],[-2.476,5.143],[0,7.632],[2.476,5.143]],"c":true}},"nm":"P"},{"ty":"fl","c":{"a":0,"k":[0.847,0.965,1,1]},"o":{"a":0,"k":100},"r":1,"nm":"F"},{"ty":"tr","p":{"a":0,"k":[0,0]},"a":{"a":0,"k":[0,0]},"s":{"a":0,"k":[100,100]},"r":{"a":0,"k":0},"o":{"a":0,"k":100},"sk":{"a":0,"k":0},"sa":{"a":0,"k":0},"nm":"T"}],"nm":"V"}],"ip":0,"op":300,"st":0},{"ind":16,"ty":4,"nm":"V","parent":1,"sr":1,"ks":{"o":{"a":0,"k":100},"r":{"a":0,"k":0},"p":{"a":0,"k":[64.23,61.079,0]},"a":{"a":0,"k":[0,0,0]},"s":{"a":0,"k":[100,100,100]}},"ao":0,"shapes":[{"ty":"gr","it":[{"ind":0,"ty":"sh","ks":{"a":0,"k":{"i":[[0,0],[1.367,0],[0,-1.374],[0,0],[-1.367,0],[0,1.374]],"o":[[0,-1.374],[-1.367,0],[0,0],[0,1.374],[1.367,0],[0,0]],"v":[[2.476,-5.143],[0,-7.632],[-2.476,-5.143],[-2.476,5.143],[0,7.632],[2.476,5.143]],"c":true}},"nm":"P"},{"ty":"fl","c":{"a":0,"k":[0.847,0.965,1,1]},"o":{"a":0,"k":100},"r":1,"nm":"F"},{"ty":"tr","p":{"a":0,"k":[0,0]},"a":{"a":0,"k":[0,0]},"s":{"a":0,"k":[100,100]},"r":{"a":0,"k":0},"o":{"a":0,"k":100},"sk":{"a":0,"k":0},"sa":{"a":0,"k":0},"nm":"T"}],"nm":"V"}],"ip":0,"op":300,"st":0},{"ind":17,"ty":4,"nm":"e","parent":1,"sr":1,"ks":{"o":{"a":0,"k":100},"r":{"a":0,"k":0},"p":{"a":0,"k":[78.759,43.832,0]},"a":{"a":0,"k":[0,0,0]},"s":{"a":0,"k":[100,100,100]}},"ao":0,"shapes":[{"ty":"gr","it":[{"ind":0,"ty":"sh","ks":{"a":0,"k":{"i":[[7.081,-0.095],[-0.094,-7.118],[0,0],[-7.081,0.095],[0.094,7.118],[0,0]],"o":[[-7.081,0.095],[0,0],[0.094,7.118],[7.081,-0.095],[0,0],[-0.094,-7.118]],"v":[[-0.218,-16.514],[-12.87,-3.453],[-12.774,3.796],[0.218,16.514],[12.87,3.453],[12.774,-3.796]],"c":true}},"nm":"P"},{"ty":"fl","c":{"a":0,"k":[0.988,0.996,1,1]},"o":{"a":0,"k":100},"r":1,"nm":"F"},{"ty":"tr","p":{"a":0,"k":[0,0]},"a":{"a":0,"k":[0,0]},"s":{"a":0,"k":[100,100]},"r":{"a":0,"k":0},"o":{"a":0,"k":100},"sk":{"a":0,"k":0},"sa":{"a":0,"k":0},"nm":"T"}],"nm":"e"}],"ip":0,"op":300,"st":0},{"ind":18,"ty":4,"nm":"e","parent":1,"sr":1,"ks":{"o":{"a":0,"k":100},"r":{"a":0,"k":0},"p":{"a":0,"k":[35.125,43.986,0]},"a":{"a":0,"k":[0,0,0]},"s":{"a":0,"k":[100,100,100]}},"ao":0,"shapes":[{"ty":"gr","it":[{"ind":0,"ty":"sh","ks":{"a":0,"k":{"i":[[7.081,-0.095],[-0.094,-7.118],[0,0],[-7.081,0.095],[0.094,7.118],[0,0]],"o":[[-7.081,0.095],[0,0],[0.094,7.118],[7.081,-0.095],[0,0],[-0.094,-7.118]],"v":[[-0.218,-16.514],[-12.87,-3.454],[-12.774,3.796],[0.219,16.514],[12.87,3.453],[12.774,-3.796]],"c":true}},"nm":"P"},{"ty":"fl","c":{"a":0,"k":[0.988,0.996,1,1]},"o":{"a":0,"k":100},"r":1,"nm":"F"},{"ty":"tr","p":{"a":0,"k":[0,0]},"a":{"a":0,"k":[0,0]},"s":{"a":0,"k":[100,100]},"r":{"a":0,"k":0},"o":{"a":0,"k":100},"sk":{"a":0,"k":0},"sa":{"a":0,"k":0},"nm":"T"}],"nm":"e"}],"ip":0,"op":300,"st":0},{"ind":19,"ty":4,"nm":"m","parent":1,"sr":1,"ks":{"o":{"a":0,"k":100},"r":{"a":0,"k":0},"p":{"a":0,"k":[57.101,40.683,0]},"a":{"a":0,"k":[0,0,0]},"s":{"a":0,"k":[100,100,100]}},"ao":0,"shapes":[{"ty":"gr","it":[{"ind":0,"ty":"sh","ks":{"a":0,"k":{"i":[[4.958,4.633],[0,0],[0.506,-0.89],[-0.45,-2.577],[0.044,-0.007],[0,0],[0.476,-0.837],[-0.403,-2.402],[-0.08,-6.055],[0,0],[-9.795,0.131],[-2.705,6.214],[-1.185,0.02],[-1.419,0.016],[-7.197,0.096],[0.13,9.846],[0,0],[4.432,3.186],[1.316,2.229],[0.692,-0.795],[0,0],[1.327,2.248],[0.692,-0.795],[0,0],[0.102,-0.096]],"o":[[0,0],[-0.691,-0.76],[-1.332,2.344],[-0.044,0.007],[0,0],[-0.65,-0.715],[-1.24,2.183],[-4.548,3.283],[0,0],[0.13,9.846],[7.186,-0.096],[2.638,-0.047],[2.504,-0.041],[2.862,6.155],[9.795,-0.131],[0,0],[-0.078,-5.897],[0.27,-2.494],[-0.535,-0.907],[0,0],[0.285,-2.514],[-0.535,-0.907],[0,0],[-0.094,0.068],[-5.246,4.943]],"v":[[-9.401,-13.44],[-21.147,-26.365],[-23.57,-26.101],[-24.875,-18.482],[-25.007,-18.461],[-28.87,-22.711],[-31.15,-22.464],[-32.389,-15.37],[-39.79,-0.641],[-39.631,9.821],[-21.661,27.411],[-5.639,16.723],[0.051,14.945],[5.979,16.537],[22.291,26.824],[39.79,8.759],[39.631,-1.703],[32.203,-15.976],[30.644,-23.26],[28.158,-23.487],[24.521,-19.307],[22.97,-26.654],[20.484,-26.881],[9.447,-14.195],[9.153,-13.949]],"c":true}},"nm":"P"},{"ty":"fl","c":{"a":0,"k":[0.554,0.892,1,1]},"o":{"a":0,"k":100},"r":1,"nm":"F"},{"ty":"tr","p":{"a":0,"k":[0,0]},"a":{"a":0,"k":[0,0]},"s":{"a":0,"k":[100,100]},"r":{"a":0,"k":0},"o":{"a":0,"k":100},"sk":{"a":0,"k":0},"sa":{"a":0,"k":0},"nm":"T"}],"nm":"m"}],"ip":0,"op":300,"st":0},{"ind":20,"ty":4,"nm":"o","parent":1,"sr":1,"ks":{"o":{"a":0,"k":100},"r":{"a":0,"k":0},"p":{"a":0,"k":[57.184,56.954,0]},"a":{"a":0,"k":[0,0,0]},"s":{"a":0,"k":[100,100,100]}},"ao":0,"shapes":[{"ty":"gr","it":[{"ind":0,"ty":"sh","ks":{"a":0,"k":{"i":[[0,0],[-10.025,-4.078],[-5.274,0.07],[-9.245,4.052],[-0.144,-10.87],[0,0],[20.681,0],[8.227,16.84]],"o":[[-0.144,-10.871],[9.348,3.803],[5.274,-0.07],[9.914,-4.345],[0,0],[-7.864,17.769],[-20.004,0],[0,0]],"v":[[-46.196,-35.196],[-24.956,-49.271],[-0.334,-42.076],[24.088,-49.927],[45.693,-36.425],[46.197,21.069],[-0.134,51.236],[-45.66,22.797]],"c":true}},"nm":"P"},{"ty":"fl","c":{"a":0,"k":[0.138,0.788,1,1]},"o":{"a":0,"k":100},"r":1,"nm":"F"},{"ty":"tr","p":{"a":0,"k":[0,0]},"a":{"a":0,"k":[0,0]},"s":{"a":0,"k":[100,100]},"r":{"a":0,"k":0},"o":{"a":0,"k":100},"sk":{"a":0,"k":0},"sa":{"a":0,"k":0},"nm":"T"}],"nm":"o"}],"ip":0,"op":300,"st":0},{"ind":21,"ty":4,"nm":"S","parent":1,"sr":1,"ks":{"o":{"a":0,"k":100},"r":{"a":0,"k":0},"p":{"a":0,"k":[57.05,57.05,0]},"a":{"a":0,"k":[0,0,0]},"s":{"a":0,"k":[100,100,100]}},"ao":0,"shapes":[{"ty":"gr","it":[{"ind":0,"ty":"sh","ks":{"a":0,"k":{"i":[[-27.968,0],[0,27.968],[27.968,0],[0,-27.968]],"o":[[27.968,0],[0,-27.968],[-27.968,0],[0,27.968]],"v":[[0,50.64],[50.64,0],[0,-50.64],[-50.64,0]],"c":true}},"nm":"P"},{"ty":"fl","c":{"a":0,"k":[0.061,0.351,0.56,1]},"o":{"a":0,"k":100},"r":1,"nm":"F"},{"ty":"tr","p":{"a":0,"k":[0,0]},"a":{"a":0,"k":[0,0]},"s":{"a":0,"k":[100,100]},"r":{"a":0,"k":0},"o":{"a":0,"k":100},"sk":{"a":0,"k":0},"sa":{"a":0,"k":0},"nm":"T"}],"nm":"S"}],"ip":0,"op":300,"st":0},{"ind":22,"ty":4,"nm":"b","parent":1,"sr":1,"ks":{"o":{"a":0,"k":100},"r":{"a":0,"k":0},"p":{"a":0,"k":[57.05,63.46,0]},"a":{"a":0,"k":[0,0,0]},"s":{"a":0,"k":[100,100,100]}},"ao":0,"shapes":[{"ty":"gr","it":[{"ind":0,"ty":"sh","ks":{"a":0,"k":{"i":[[26.891,0],[1.653,-26.474],[0,1.077],[-27.968,0],[0,-27.968],[0.066,-1.06]],"o":[[-26.891,0],[-0.066,-1.06],[0,-27.968],[27.968,0],[0,1.077],[-1.653,-26.474]],"v":[[0,-50.64],[-50.54,-3.205],[-50.64,-6.41],[0,-57.05],[50.64,-6.41],[50.54,-3.205]],"c":true}},"nm":"P"},{"ind":1,"ty":"sh","ks":{"a":0,"k":{"i":[[-30.432,0],[-1.662,30.017],[0,-1.076],[31.508,0],[0,31.508],[-0.059,1.061]],"o":[[30.432,0],[0.059,1.061],[0,31.508],[-31.508,0],[0,-1.076],[1.662,30.017]],"v":[[0,50.64],[56.961,-3.205],[57.05,0],[0,57.05],[-57.05,0],[-56.961,-3.205]],"c":true}},"nm":"P"},{"ty":"mm","mm":1,"nm":"M"},{"ty":"fl","c":{"a":0,"k":[0.282,0.69,0.859,1]},"o":{"a":0,"k":100},"r":1,"nm":"F"},{"ty":"tr","p":{"a":0,"k":[0,0]},"a":{"a":0,"k":[0,0]},"s":{"a":0,"k":[100,100]},"r":{"a":0,"k":0},"o":{"a":0,"k":100},"sk":{"a":0,"k":0},"sa":{"a":0,"k":0},"nm":"T"}],"nm":"b"}],"ip":0,"op":300,"st":0},{"ind":23,"ty":4,"nm":"b","parent":1,"sr":1,"ks":{"o":{"a":0,"k":100},"r":{"a":0,"k":0},"p":{"a":0,"k":[57.05,57.05,0]},"a":{"a":0,"k":[0,0,0]},"s":{"a":0,"k":[100,100,100]}},"ao":0,"shapes":[{"ty":"gr","it":[{"ind":0,"ty":"sh","ks":{"a":0,"k":{"i":[[0,-27.968],[27.968,0],[0,27.968],[-27.968,0]],"o":[[0,27.968],[-27.968,0],[0,-27.968],[27.968,0]],"v":[[50.64,0],[0,50.64],[-50.64,0],[0,-50.64]],"c":true}},"nm":"P"},{"ind":1,"ty":"sh","ks":{"a":0,"k":{"i":[[0,-31.508],[31.508,0],[0,31.508],[-31.508,0]],"o":[[0,31.508],[-31.508,0],[0,-31.508],[31.508,0]],"v":[[57.05,0],[0,57.05],[-57.05,0],[0,-57.05]],"c":true}},"nm":"P"},{"ty":"mm","mm":1,"nm":"M"},{"ty":"fl","c":{"a":0,"k":[0.554,0.892,1,1]},"o":{"a":0,"k":100},"r":1,"nm":"F"},{"ty":"tr","p":{"a":0,"k":[0,0]},"a":{"a":0,"k":[0,0]},"s":{"a":0,"k":[100,100]},"r":{"a":0,"k":0},"o":{"a":0,"k":100},"sk":{"a":0,"k":0},"sa":{"a":0,"k":0},"nm":"T"}],"nm":"b"}],"ip":0,"op":300,"st":0},{"ind":24,"ty":4,"nm":"J","sr":1,"ks":{"o":{"a":0,"k":100},"r":{"a":0,"k":0},"p":{"a":0,"k":[75,75,0]},"a":{"a":0,"k":[0,0,0]},"s":{"a":0,"k":[100,100,100]}},"ao":0,"shapes":[{"ty":"gr","it":[{"ty":"rc","d":1,"s":{"a":0,"k":[150,150]},"p":{"a":0,"k":[0,0]},"r":{"a":0,"k":0},"nm":"R"},{"ty":"tr","p":{"a":0,"k":[0,0]},"a":{"a":0,"k":[0,0]},"s":{"a":0,"k":[100,100]},"r":{"a":0,"k":0},"o":{"a":0,"k":100},"sk":{"a":0,"k":0},"sa":{"a":0,"k":0},"nm":"T"}],"nm":"J"}],"ip":0,"op":300,"st":0}]}],"layers":[{"ind":1,"ty":0,"nm":"J","refId":"comp_0","sr":1,"ks":{"o":{"a":0,"k":100},"r":{"a":0,"k":0},"p":{"a":0,"k":[75,75,0]},"a":{"a":0,"k":[75,75,0]},"s":{"a":0,"k":[100,100,100]}},"ao":0,"w":150,"h":150,"ip":0,"op":300,"st":0}],"markers":[]}