{"v":"4.8.0","meta":{"g":"LottieFiles AE 3.5.2","a":"","k":"","d":"","tc":""},"fr":60,"ip":0,"op":300,"w":150,"h":150,"nm":"F","assets":[{"id":"comp_0","layers":[{"ind":1,"ty":3,"nm":"â","sr":1,"ks":{"o":{"a":0,"k":100},"r":{"a":0,"k":0},"p":{"a":0,"k":[76.079,78.205,0]},"a":{"a":0,"k":[58.129,60.255,0]},"s":{"a":0,"k":[100,100,100]}},"ao":0,"ip":0,"op":300,"st":0},{"ind":2,"ty":4,"nm":"E","parent":1,"sr":1,"ks":{"o":{"a":0,"k":100},"r":{"a":0,"k":0},"p":{"a":0,"k":[99.228,50.614,0]},"a":{"a":0,"k":[0,0,0]},"s":{"a":0,"k":[100,100,100]}},"ao":0,"shapes":[{"ty":"gr","it":[{"d":1,"ty":"el","s":{"a":0,"k":[18.478,20.888]},"p":{"a":0,"k":[0,0]},"nm":"E"},{"ty":"fl","c":{"a":0,"k":[0.239,0.239,0.239,1]},"o":{"a":0,"k":100},"r":1,"nm":"F"},{"ty":"tr","p":{"a":0,"k":[0,0]},"a":{"a":0,"k":[0,0]},"s":{"a":0,"k":[100,100]},"r":{"a":0,"k":0},"o":{"a":0,"k":100},"sk":{"a":0,"k":0},"sa":{"a":0,"k":0},"nm":"T"}],"nm":"E"}],"ip":0,"op":300,"st":0},{"ind":3,"ty":4,"nm":"V","parent":1,"sr":1,"ks":{"o":{"a":0,"k":100},"r":{"a":0,"k":0},"p":{"a":0,"k":[78.064,48.335,0]},"a":{"a":0,"k":[0,0,0]},"s":{"a":0,"k":[100,100,100]}},"ao":0,"shapes":[{"ty":"gr","it":[{"ind":0,"ty":"sh","ks":{"a":0,"k":{"i":[[0.662,1.789],[0.228,-0.615],[1.789,-0.662],[-0.615,-0.228],[-0.662,-1.789],[-0.228,0.615],[-1.789,0.662],[0.615,0.228]],"o":[[-0.228,-0.615],[-0.662,1.789],[-0.615,0.228],[1.789,0.662],[0.228,0.615],[0.662,-1.789],[0.615,-0.228],[-1.789,-0.662]],"v":[[-2.395,-0.161],[-3.721,-0.161],[-7.583,3.702],[-7.583,5.027],[-3.721,8.89],[-2.395,8.89],[1.467,5.027],[1.467,3.702]],"c":true}},"nm":"P"},{"ind":1,"ty":"sh","ks":{"a":0,"k":{"i":[[0.44,1.19],[0.151,-0.409],[1.19,-0.44],[-0.409,-0.151],[-0.44,-1.19],[-0.151,0.409],[-1.19,0.44],[0.409,0.151]],"o":[[-0.151,-0.409],[-0.44,1.19],[-0.409,0.151],[1.19,0.44],[0.151,0.409],[0.44,-1.19],[0.409,-0.151],[-1.19,-0.44]],"v":[[5.17,-9.044],[4.289,-9.044],[1.721,-6.476],[1.721,-5.595],[4.289,-3.027],[5.17,-3.027],[7.738,-5.595],[7.738,-6.476]],"c":true}},"nm":"P"},{"ty":"mm","mm":1,"nm":"M"},{"ty":"fl","c":{"a":0,"k":[1,0.953,0.98,1]},"o":{"a":0,"k":100},"r":1,"nm":"F"},{"ty":"tr","p":{"a":0,"k":[0,0]},"a":{"a":0,"k":[0,0]},"s":{"a":0,"k":[100,100]},"r":{"a":0,"k":0},"o":{"a":0,"k":100},"sk":{"a":0,"k":0},"sa":{"a":0,"k":0},"nm":"T"}],"nm":"V"}],"ip":0,"op":300,"st":0},{"ind":4,"ty":4,"nm":"S","parent":1,"sr":1,"ks":{"o":{"a":0,"k":100},"r":{"a":0,"k":0},"p":{"a":0,"k":[53.699,75.332,0]},"a":{"a":0,"k":[0,0,0]},"s":{"a":0,"k":[100,100,100]}},"ao":0,"shapes":[{"ty":"gr","it":[{"ind":0,"ty":"sh","ks":{"a":0,"k":{"i":[[0,31.561],[-2.462,6.386],[0,0],[0,-6.324],[-28.152,0],[-8.554,15.791],[0,0],[21.816,0]],"o":[[0,-7.256],[0,0],[-2.072,5.564],[0,28.199],[19.374,0],[0,0],[-9.626,17.966],[-31.508,0]],"v":[[-53.699,-18.186],[-49.887,-38.768],[-44.086,-36.113],[-47.289,-18.186],[3.255,32.358],[47.92,5.984],[53.699,8.628],[3.255,38.768]],"c":true}},"nm":"P"},{"ty":"fl","c":{"a":0,"k":[1,0.765,0.906,1]},"o":{"a":0,"k":100},"r":1,"nm":"F"},{"ty":"tr","p":{"a":0,"k":[0,0]},"a":{"a":0,"k":[0,0]},"s":{"a":0,"k":[100,100]},"r":{"a":0,"k":0},"o":{"a":0,"k":100},"sk":{"a":0,"k":0},"sa":{"a":0,"k":0},"nm":"T"}],"nm":"S"}],"ip":0,"op":300,"st":0},{"ind":5,"ty":4,"nm":"V","parent":1,"sr":1,"ks":{"o":{"a":0,"k":100},"r":{"a":0,"k":0},"p":{"a":0,"k":[32.084,31.207,0]},"a":{"a":0,"k":[0,0,0]},"s":{"a":0,"k":[-100,-100,100]}},"ao":0,"shapes":[{"ty":"gr","it":[{"ind":0,"ty":"sh","ks":{"a":0,"k":{"i":[[0,0],[0.933,-1.782],[-1.767,-0.939],[0,0],[-0.032,-0.018],[-0.143,-0.092],[-0.451,-0.383],[-0.508,-1.242],[-1.861,0.762],[0.762,1.861],[1.441,1.225],[0.502,0.324],[0.158,0.092],[0.051,0.028],[0.018,0.01],[0,0],[0,0],[0,0],[0,0],[1.689,-3.226]],"o":[[-1.782,-0.933],[-0.93,1.775],[0,0],[0.007,0.004],[0.064,0.037],[0.288,0.186],[0.934,0.794],[0.762,1.861],[1.861,-0.762],[-1.106,-2.704],[-0.736,-0.626],[-0.252,-0.163],[-0.079,-0.046],[-0.026,-0.014],[0,0],[0,0],[0,0],[0,0],[-0.001,-0.001],[0,0]],"v":[[-1.089,-6.231],[-6.004,-4.695],[-4.488,0.21],[-4.488,0.21],[-4.429,0.244],[-4.114,0.437],[-2.964,1.295],[-0.592,4.384],[4.157,6.375],[6.149,1.626],[1.753,-4.254],[-0.161,-5.679],[-0.783,-6.061],[-0.98,-6.172],[-1.046,-6.208],[-1.071,-6.221],[-1.081,-6.227],[-1.085,-6.229],[-1.087,-6.23],[-2.779,-3.005]],"c":true}},"nm":"P"},{"ty":"fl","c":{"a":0,"k":[0.239,0.239,0.239,1]},"o":{"a":0,"k":100},"r":1,"nm":"F"},{"ty":"tr","p":{"a":0,"k":[0,0]},"a":{"a":0,"k":[0,0]},"s":{"a":0,"k":[100,100]},"r":{"a":0,"k":-57.226},"o":{"a":0,"k":100},"sk":{"a":0,"k":0},"sa":{"a":0,"k":0},"nm":"T"}],"nm":"V"}],"ip":0,"op":300,"st":0},{"ind":6,"ty":4,"nm":"E","parent":1,"sr":1,"ks":{"o":{"a":0,"k":100},"r":{"a":0,"k":0},"p":{"a":0,"k":[53.989,64.204,0]},"a":{"a":0,"k":[0,0,0]},"s":{"a":0,"k":[100,100,100]}},"ao":0,"shapes":[{"ty":"gr","it":[{"ind":0,"ty":"sh","ks":{"a":0,"k":{"i":[[-0.445,0.443],[0,2.749],[1.149,1.142],[0.445,-0.443],[0,-2.749],[-1.149,-1.142]],"o":[[1.149,-1.142],[0,-2.749],[-0.445,-0.443],[-1.149,1.142],[0,2.749],[0.445,0.443]],"v":[[0.792,6.27],[3.933,0],[0.792,-6.27],[-0.792,-6.27],[-3.933,0],[-0.792,6.27]],"c":true}},"nm":"P"},{"ty":"fl","c":{"a":0,"k":[0.318,0.686,0.196,1]},"o":{"a":0,"k":100},"r":1,"nm":"F"},{"ty":"tr","p":{"a":0,"k":[0,0]},"a":{"a":0,"k":[0,0]},"s":{"a":0,"k":[100,100]},"r":{"a":0,"k":36.395},"o":{"a":0,"k":100},"sk":{"a":0,"k":0},"sa":{"a":0,"k":0},"nm":"T"}],"nm":"E"}],"ip":0,"op":300,"st":0},{"ind":7,"ty":4,"nm":"I","parent":1,"sr":1,"ks":{"o":{"a":0,"k":100},"r":{"a":0,"k":0},"p":{"a":0,"k":[77.75,80.081,0]},"a":{"a":0,"k":[0,0,0]},"s":{"a":0,"k":[100,100,100]}},"ao":0,"shapes":[{"ty":"gr","it":[{"ind":0,"ty":"sh","ks":{"a":0,"k":{"i":[[-0.809,1.696],[0,0],[2.09,1.147],[0.332,1.566],[-1.248,2.581],[-0.892,0.416],[-0.742,-0.351],[0.717,-2.097],[0.416,0.089],[0.124,0.288],[-0.293,0.759],[0.625,0.241],[0.241,-0.625],[-0.427,-0.992],[-1.028,-0.22],[-1.023,2.99],[2.641,1.25],[1.564,-0.729],[1.076,-2.225],[-0.474,-2.235],[-1.807,-0.991],[-1.936,0.349]],"o":[[0,0],[-2.931,2.736],[-1.18,-0.647],[-0.336,-1.581],[0.913,-1.888],[0.871,-0.406],[1.554,0.735],[-0.822,2.403],[-0.246,-0.053],[-0.126,-0.293],[0.241,-0.625],[-0.625,-0.241],[-0.472,1.223],[0.43,0.997],[2.132,0.456],[1.128,-3.296],[-1.356,-0.641],[-1.543,0.72],[-1.42,2.935],[0.477,2.25],[1.599,0.877],[1.53,-0.84]],"v":[[6.076,5.342],[6.516,4.42],[-1.813,6.254],[-4.22,2.915],[-3.084,-3.362],[-0.247,-6.621],[2.218,-6.625],[4.133,-1.732],[1.643,0.795],[1.059,0.294],[1.16,-1.277],[0.464,-2.847],[-1.105,-2.151],[-1.171,1.255],[1.135,3.169],[6.43,-0.946],[3.256,-8.819],[-1.273,-8.821],[-5.269,-4.42],[-6.595,3.419],[-2.981,8.382],[2.447,9.189]],"c":true}},"nm":"P"},{"ty":"fl","c":{"a":0,"k":[0.82,0.176,0.169,1]},"o":{"a":0,"k":100},"r":1,"nm":"F"},{"ty":"tr","p":{"a":0,"k":[0,0]},"a":{"a":0,"k":[0,0]},"s":{"a":0,"k":[100,100]},"r":{"a":0,"k":0},"o":{"a":0,"k":100},"sk":{"a":0,"k":0},"sa":{"a":0,"k":0},"nm":"T"}],"nm":"I"}],"ip":0,"op":300,"st":0},{"ind":8,"ty":4,"nm":"R","parent":1,"sr":1,"ks":{"o":{"a":0,"k":100},"r":{"a":0,"k":0},"p":{"a":0,"k":[73.364,77.032,0]},"a":{"a":0,"k":[0,0,0]},"s":{"a":0,"k":[100,100,100]}},"ao":0,"shapes":[{"ty":"gr","it":[{"ind":0,"ty":"sh","ks":{"a":0,"k":{"i":[[0,0],[0,-6.257],[0,0],[-6.257,0],[0,0],[0,4.767],[0,0],[4.767,0]],"o":[[-6.257,0],[0,0],[0,6.257],[0,0],[4.767,0],[0,0],[0,-4.767],[0,0]],"v":[[-1.727,-11.701],[-13.056,-0.372],[-13.056,0.372],[-1.727,11.701],[4.425,11.701],[13.056,3.069],[13.056,-3.069],[4.425,-11.701]],"c":true}},"nm":"P"},{"ty":"fl","c":{"a":0,"k":[0.922,0.275,0.278,1]},"o":{"a":0,"k":100},"r":1,"nm":"F"},{"ty":"tr","p":{"a":0,"k":[0,0]},"a":{"a":0,"k":[0,0]},"s":{"a":0,"k":[100,100]},"r":{"a":0,"k":25.506},"o":{"a":0,"k":100},"sk":{"a":0,"k":0},"sa":{"a":0,"k":0},"nm":"T"}],"nm":"R"}],"ip":0,"op":300,"st":0},{"ind":9,"ty":4,"nm":"I","parent":1,"sr":1,"ks":{"o":{"a":0,"k":100},"r":{"a":0,"k":0},"p":{"a":0,"k":[47.966,96.123,0]},"a":{"a":0,"k":[0,0,0]},"s":{"a":0,"k":[100,100,100]}},"ao":0,"shapes":[{"ty":"gr","it":[{"ind":0,"ty":"sh","ks":{"a":0,"k":{"i":[[-1.92,-0.43],[-11.512,-5.797],[11.105,0],[8.391,16.71],[-6.558,-0.977],[-0.588,-2.136],[0,0],[-1.012,1.066],[0,0]],"o":[[13.234,2.962],[-8.379,6.02],[-19.973,0],[4.595,0.358],[2.192,0.327],[0,0],[0.39,1.417],[0,0],[1.355,-1.427]],"v":[[-0.939,-8.449],[37.709,4.523],[7.948,14.089],[-37.709,-14.089],[-20.71,-12.115],[-16.15,-8.05],[-14.542,-2.21],[-11.352,-1.411],[-6.214,-6.825]],"c":true}},"nm":"P"},{"ty":"fl","c":{"a":0,"k":[0.949,0.675,0.894,1]},"o":{"a":0,"k":100},"r":1,"nm":"F"},{"ty":"tr","p":{"a":0,"k":[0,0]},"a":{"a":0,"k":[0,0]},"s":{"a":0,"k":[100,100]},"r":{"a":0,"k":0},"o":{"a":0,"k":100},"sk":{"a":0,"k":0},"sa":{"a":0,"k":0},"nm":"T"}],"nm":"I"}],"ip":0,"op":300,"st":0},{"ind":10,"ty":4,"nm":"I","parent":1,"sr":1,"ks":{"o":{"a":0,"k":100},"r":{"a":0,"k":0},"p":{"a":0,"k":[90.358,56.238,0]},"a":{"a":0,"k":[0,0,0]},"s":{"a":0,"k":[100,100,100]}},"ao":0,"shapes":[{"ty":"gr","it":[{"ind":0,"ty":"sh","ks":{"a":0,"k":{"i":[[0,0],[6.212,9.38],[0,-6.7],[-7.705,-2.83]],"o":[[3.075,-11.739],[-5.032,3.663],[0,8.687],[0,0]],"v":[[6.218,15.394],[0.738,-17.61],[-7.565,-1.309],[5.638,17.61]],"c":true}},"nm":"P"},{"ty":"fl","c":{"a":0,"k":[0.239,0.239,0.239,1]},"o":{"a":0,"k":100},"r":1,"nm":"F"},{"ty":"tr","p":{"a":0,"k":[0,0]},"a":{"a":0,"k":[0,0]},"s":{"a":0,"k":[100,100]},"r":{"a":0,"k":0},"o":{"a":0,"k":100},"sk":{"a":0,"k":0},"sa":{"a":0,"k":0},"nm":"T"}],"nm":"I"}],"ip":0,"op":300,"st":0},{"ind":11,"ty":4,"nm":"E","parent":1,"sr":1,"ks":{"o":{"a":0,"k":100},"r":{"a":0,"k":0},"p":{"a":0,"k":[34.567,49.747,0]},"a":{"a":0,"k":[0,0,0]},"s":{"a":0,"k":[100,100,100]}},"ao":0,"shapes":[{"ty":"gr","it":[{"ind":0,"ty":"sh","ks":{"a":0,"k":{"i":[[-2.71,0],[0,2.71],[2.71,0],[0,-2.71]],"o":[[2.71,0],[0,-2.71],[-2.71,0],[0,2.71]],"v":[[0,4.908],[4.908,0],[0,-4.908],[-4.908,0]],"c":true}},"nm":"P"},{"ty":"fl","c":{"a":0,"k":[0.855,0.557,0.455,1]},"o":{"a":0,"k":100},"r":1,"nm":"F"},{"ty":"tr","p":{"a":0,"k":[0,0]},"a":{"a":0,"k":[0,0]},"s":{"a":0,"k":[100,100]},"r":{"a":0,"k":0},"o":{"a":0,"k":100},"sk":{"a":0,"k":0},"sa":{"a":0,"k":0},"nm":"T"}],"nm":"E"}],"ip":0,"op":300,"st":0},{"ind":12,"ty":4,"nm":"V","parent":1,"sr":1,"ks":{"o":{"a":0,"k":100},"r":{"a":0,"k":0},"p":{"a":0,"k":[44.411,74.006,0]},"a":{"a":0,"k":[0,0,0]},"s":{"a":0,"k":[100,100,100]}},"ao":0,"shapes":[{"ty":"gr","it":[{"ind":0,"ty":"sh","ks":{"a":0,"k":{"i":[[-0.9,0.781],[-14.817,-6.827],[-0.499,1.082],[1.082,0.499],[5.898,-5.12],[-0.781,-0.9]],"o":[[5.219,-4.53],[1.082,0.499],[0.499,-1.082],[-16.971,-7.819],[-0.9,0.781],[0.781,0.9]],"v":[[-16.857,5.79],[17.368,0.798],[20.231,-0.259],[19.174,-3.122],[-19.686,2.53],[-19.901,5.575]],"c":true}},"nm":"P"},{"ty":"fl","c":{"a":0,"k":[0.318,0.686,0.196,1]},"o":{"a":0,"k":100},"r":1,"nm":"F"},{"ty":"tr","p":{"a":0,"k":[0,0]},"a":{"a":0,"k":[0,0]},"s":{"a":0,"k":[100,100]},"r":{"a":0,"k":0},"o":{"a":0,"k":100},"sk":{"a":0,"k":0},"sa":{"a":0,"k":0},"nm":"T"}],"nm":"V"}],"ip":0,"op":300,"st":0},{"ind":13,"ty":4,"nm":"V","parent":1,"sr":1,"ks":{"o":{"a":0,"k":100},"r":{"a":0,"k":0},"p":{"a":0,"k":[42.891,61.512,0]},"a":{"a":0,"k":[0,0,0]},"s":{"a":0,"k":[100,100,100]}},"ao":0,"shapes":[{"ty":"gr","it":[{"ind":0,"ty":"sh","ks":{"a":0,"k":{"i":[[0,0],[2.174,-2.221],[0,0],[-4.259,-4.168],[-4.168,4.259],[0,0],[0,0],[-0.327,5.95],[5.95,0.327]],"o":[[-3.103,-0.171],[0,0],[-4.168,4.259],[4.259,4.168],[0,0],[0,0],[5.95,0.327],[0.327,-5.95],[0,0]],"v":[[-3.977,-14.611],[-12.281,-11.384],[-19.792,-3.709],[-19.627,11.549],[-4.369,11.384],[-0.279,7.204],[11.488,7.851],[22.853,-2.33],[12.672,-13.696]],"c":true}},"nm":"P"},{"ty":"fl","c":{"a":0,"k":[0.239,0.239,0.239,1]},"o":{"a":0,"k":100},"r":1,"nm":"F"},{"ty":"tr","p":{"a":0,"k":[0,0]},"a":{"a":0,"k":[0,0]},"s":{"a":0,"k":[100,100]},"r":{"a":0,"k":0},"o":{"a":0,"k":100},"sk":{"a":0,"k":0},"sa":{"a":0,"k":0},"nm":"T"}],"nm":"V"}],"ip":0,"op":300,"st":0},{"ind":14,"ty":4,"nm":"E","parent":1,"sr":1,"ks":{"o":{"a":0,"k":100},"r":{"a":0,"k":0},"p":{"a":0,"k":[41.843,67.419,0]},"a":{"a":0,"k":[0,0,0]},"s":{"a":0,"k":[100,100,100]}},"ao":0,"shapes":[{"ty":"gr","it":[{"ind":0,"ty":"sh","ks":{"a":0,"k":{"i":[[-5.309,0],[0,5.309],[5.309,0],[0,-5.309]],"o":[[5.309,0],[0,-5.309],[-5.309,0],[0,5.309]],"v":[[0,9.612],[9.612,0],[0,-9.612],[-9.612,0]],"c":true}},"nm":"P"},{"ty":"fl","c":{"a":0,"k":[1,1,1,1]},"o":{"a":0,"k":100},"r":1,"nm":"F"},{"ty":"tr","p":{"a":0,"k":[0,0]},"a":{"a":0,"k":[0,0]},"s":{"a":0,"k":[100,100]},"r":{"a":0,"k":0},"o":{"a":0,"k":100},"sk":{"a":0,"k":0},"sa":{"a":0,"k":0},"nm":"T"}],"nm":"E"}],"ip":0,"op":300,"st":0},{"ind":15,"ty":4,"nm":"I","parent":1,"sr":1,"ks":{"o":{"a":0,"k":100},"r":{"a":0,"k":0},"p":{"a":0,"k":[36.744,38.453,0]},"a":{"a":0,"k":[0,0,0]},"s":{"a":0,"k":[100,100,100]}},"ao":0,"shapes":[{"ty":"gr","it":[{"ind":0,"ty":"sh","ks":{"a":0,"k":{"i":[[0,0],[0,0],[0,0],[-2.2,-0.36],[-0.52,0.131]],"o":[[0,0],[0,0],[-0.36,2.2],[0.562,0.092],[0,0]],"v":[[3.108,-3.253],[-2.459,-4.163],[-3.054,-0.526],[0.278,4.109],[1.915,4.042]],"c":true}},"nm":"P"},{"ty":"fl","c":{"a":0,"k":[0.239,0.239,0.239,1]},"o":{"a":0,"k":100},"r":1,"nm":"F"},{"ty":"tr","p":{"a":0,"k":[0,0]},"a":{"a":0,"k":[0,0]},"s":{"a":0,"k":[100,100]},"r":{"a":0,"k":0},"o":{"a":0,"k":100},"sk":{"a":0,"k":0},"sa":{"a":0,"k":0},"nm":"T"}],"nm":"I"}],"ip":0,"op":300,"st":0},{"ind":16,"ty":4,"nm":"R","parent":1,"sr":1,"ks":{"o":{"a":0,"k":100},"r":{"a":0,"k":0},"p":{"a":0,"k":[56.187,42.011,0]},"a":{"a":0,"k":[0,0,0]},"s":{"a":0,"k":[100,100,100]}},"ao":0,"shapes":[{"ty":"gr","it":[{"ind":0,"ty":"sh","ks":{"a":0,"k":{"i":[[0,0],[0,0],[0,0],[-3.136,0],[0,3.136]],"o":[[0,0],[0,0],[0,3.136],[3.136,0],[0,0]],"v":[[5.678,-3.395],[-5.678,-3.395],[-5.678,-2.283],[0,3.395],[5.678,-2.283]],"c":true}},"nm":"P"},{"ty":"fl","c":{"a":0,"k":[0.239,0.239,0.239,1]},"o":{"a":0,"k":100},"r":1,"nm":"F"},{"ty":"tr","p":{"a":0,"k":[0,0]},"a":{"a":0,"k":[0,0]},"s":{"a":0,"k":[100,100]},"r":{"a":0,"k":9.289},"o":{"a":0,"k":100},"sk":{"a":0,"k":0},"sa":{"a":0,"k":0},"nm":"T"}],"nm":"R"}],"ip":0,"op":300,"st":0},{"ind":17,"ty":4,"nm":"R","parent":1,"sr":1,"ks":{"o":{"a":0,"k":100},"r":{"a":0,"k":0},"p":{"a":0,"k":[32.328,41.269,0]},"a":{"a":0,"k":[0,0,0]},"s":{"a":0,"k":[100,100,100]}},"ao":0,"shapes":[{"ty":"gr","it":[{"ind":0,"ty":"sh","ks":{"a":0,"k":{"i":[[0,0],[0,0],[0,0],[-3.56,0],[0,3.56]],"o":[[0,0],[0,0],[0,3.56],[3.56,0],[0,0]],"v":[[6.446,-7.203],[-6.446,-7.203],[-6.446,0.757],[0,7.203],[6.446,0.757]],"c":true}},"nm":"P"},{"ty":"fl","c":{"a":0,"k":[1,1,1,1]},"o":{"a":0,"k":100},"r":1,"nm":"F"},{"ty":"tr","p":{"a":0,"k":[0,0]},"a":{"a":0,"k":[0,0]},"s":{"a":0,"k":[100,100]},"r":{"a":0,"k":9.289},"o":{"a":0,"k":100},"sk":{"a":0,"k":0},"sa":{"a":0,"k":0},"nm":"T"}],"nm":"R"}],"ip":0,"op":300,"st":0},{"ind":18,"ty":4,"nm":"R","parent":1,"sr":1,"ks":{"o":{"a":0,"k":100},"r":{"a":0,"k":0},"p":{"a":0,"k":[52.09,43.869,0]},"a":{"a":0,"k":[0,0,0]},"s":{"a":0,"k":[100,100,100]}},"ao":0,"shapes":[{"ty":"gr","it":[{"ind":0,"ty":"sh","ks":{"a":0,"k":{"i":[[0,0],[0,0],[0,0],[-5.203,0],[0,5.203]],"o":[[0,0],[0,0],[0,5.203],[5.203,0],[0,0]],"v":[[9.42,-5.89],[-9.42,-5.89],[-9.42,-3.531],[0,5.89],[9.42,-3.531]],"c":true}},"nm":"P"},{"ty":"fl","c":{"a":0,"k":[1,1,1,1]},"o":{"a":0,"k":100},"r":1,"nm":"F"},{"ty":"tr","p":{"a":0,"k":[0,0]},"a":{"a":0,"k":[0,0]},"s":{"a":0,"k":[100,100]},"r":{"a":0,"k":9.289},"o":{"a":0,"k":100},"sk":{"a":0,"k":0},"sa":{"a":0,"k":0},"nm":"T"}],"nm":"R"}],"ip":0,"op":300,"st":0},{"ind":19,"ty":4,"nm":"R","parent":1,"sr":1,"ks":{"o":{"a":0,"k":100},"r":{"a":0,"k":0},"p":{"a":0,"k":[84.637,34.78,0]},"a":{"a":0,"k":[0,0,0]},"s":{"a":0,"k":[100,100,100]}},"ao":0,"shapes":[{"ty":"gr","it":[{"ind":0,"ty":"sh","ks":{"a":0,"k":{"i":[[0,0],[0,0],[0,0],[-9.385,0],[0,0]],"o":[[0,0],[0,0],[0,9.385],[0,0],[0,0]],"v":[[13.316,-21.948],[-13.316,-21.948],[-13.316,4.954],[3.678,21.948],[13.316,21.948]],"c":true}},"nm":"P"},{"ty":"fl","c":{"a":0,"k":[0.239,0.239,0.239,1]},"o":{"a":0,"k":100},"r":1,"nm":"F"},{"ty":"tr","p":{"a":0,"k":[0,0]},"a":{"a":0,"k":[0,0]},"s":{"a":0,"k":[100,100]},"r":{"a":0,"k":7.418},"o":{"a":0,"k":100},"sk":{"a":0,"k":0},"sa":{"a":0,"k":0},"nm":"T"}],"nm":"R"}],"ip":0,"op":300,"st":0},{"ind":20,"ty":4,"nm":"V","parent":1,"sr":1,"ks":{"o":{"a":0,"k":100},"r":{"a":0,"k":0},"p":{"a":0,"k":[54.211,27.275,0]},"a":{"a":0,"k":[0,0,0]},"s":{"a":0,"k":[100,100,100]}},"ao":0,"shapes":[{"ty":"gr","it":[{"ind":0,"ty":"sh","ks":{"a":0,"k":{"i":[[0,0],[0.146,-2.006],[-1.99,-0.162],[-0.018,-0.002],[-0.13,-0.022],[-0.455,-0.145],[-0.811,-0.811],[-1.422,1.422],[1.422,1.422],[1.626,0.517],[0.53,0.091],[0.167,0.02],[0.055,0.005],[0.02,0.002],[0,0],[0,0],[0,0],[0.265,-3.632]],"o":[[-2.006,-0.146],[-0.146,1.995],[0.006,0.001],[0.05,0.006],[0.262,0.045],[0.937,0.298],[1.422,1.422],[1.422,-1.422],[-1.899,-1.899],[-0.827,-0.263],[-0.266,-0.046],[-0.083,-0.01],[-0.028,-0.003],[0,0],[0,0],[0,0],[-0.001,0],[0,0]],"v":[[-2.976,-5.124],[-6.872,-1.758],[-3.537,2.137],[-3.501,2.141],[-3.227,2.181],[-2.12,2.454],[0.666,4.068],[5.816,4.068],[5.816,-1.082],[0.087,-4.487],[-1.991,-4.996],[-2.646,-5.092],[-2.855,-5.114],[-2.927,-5.121],[-2.954,-5.123],[-2.966,-5.124],[-2.973,-5.124],[-3.241,-1.493]],"c":true}},"nm":"P"},{"ty":"fl","c":{"a":0,"k":[0.239,0.239,0.239,1]},"o":{"a":0,"k":100},"r":1,"nm":"F"},{"ty":"tr","p":{"a":0,"k":[0,0]},"a":{"a":0,"k":[0,0]},"s":{"a":0,"k":[100,100]},"r":{"a":0,"k":0},"o":{"a":0,"k":100},"sk":{"a":0,"k":0},"sa":{"a":0,"k":0},"nm":"T"}],"nm":"V"}],"ip":0,"op":300,"st":0},{"ind":21,"ty":4,"nm":"I","parent":1,"sr":1,"ks":{"o":{"a":0,"k":100},"r":{"a":0,"k":0},"p":{"a":0,"k":[53.945,65.267,0]},"a":{"a":0,"k":[0,0,0]},"s":{"a":0,"k":[100,100,100]}},"ao":0,"shapes":[{"ty":"gr","it":[{"ind":0,"ty":"sh","ks":{"a":0,"k":{"i":[[5.729,-21.869],[0,0],[12.362,0],[7.769,18.285],[0,0],[-21.869,-5.729]],"o":[[0,0],[-8.834,7.311],[-21.12,0],[0,0],[5.729,-21.869],[21.869,5.729]],"v":[[42.619,6.372],[35.581,33.24],[3.049,44.944],[-43.965,13.836],[-36.576,-14.373],[13.394,-43.598]],"c":true}},"nm":"P"},{"ty":"fl","c":{"a":0,"k":[0.855,0.557,0.455,1]},"o":{"a":0,"k":100},"r":1,"nm":"F"},{"ty":"tr","p":{"a":0,"k":[0,0]},"a":{"a":0,"k":[0,0]},"s":{"a":0,"k":[100,100]},"r":{"a":0,"k":0},"o":{"a":0,"k":100},"sk":{"a":0,"k":0},"sa":{"a":0,"k":0},"nm":"T"}],"nm":"I"}],"ip":0,"op":300,"st":0},{"ind":22,"ty":4,"nm":"E","parent":1,"sr":1,"ks":{"o":{"a":0,"k":100},"r":{"a":0,"k":0},"p":{"a":0,"k":[96.971,47.071,0]},"a":{"a":0,"k":[0,0,0]},"s":{"a":0,"k":[100,100,100]}},"ao":0,"shapes":[{"ty":"gr","it":[{"ind":0,"ty":"sh","ks":{"a":0,"k":{"i":[[-10.652,0],[0,10.652],[10.652,0],[0,-10.652]],"o":[[10.652,0],[0,-10.652],[-10.652,0],[0,10.652]],"v":[[0,19.286],[19.286,0],[0,-19.286],[-19.286,0]],"c":true}},"nm":"P"},{"ty":"fl","c":{"a":0,"k":[0.239,0.239,0.239,1]},"o":{"a":0,"k":100},"r":1,"nm":"F"},{"ty":"tr","p":{"a":0,"k":[0,0]},"a":{"a":0,"k":[0,0]},"s":{"a":0,"k":[100,100]},"r":{"a":0,"k":0},"o":{"a":0,"k":100},"sk":{"a":0,"k":0},"sa":{"a":0,"k":0},"nm":"T"}],"nm":"E"}],"ip":0,"op":300,"st":0},{"ind":23,"ty":4,"nm":"U","parent":1,"sr":1,"ks":{"o":{"a":0,"k":100},"r":{"a":0,"k":0},"p":{"a":0,"k":[67.6,27.968,0]},"a":{"a":0,"k":[0,0,0]},"s":{"a":0,"k":[100,100,100]}},"ao":0,"shapes":[{"ty":"gr","it":[{"ind":0,"ty":"sh","ks":{"a":0,"k":{"i":[[0,-13.53],[13.53,0],[3.826,2.473],[3.206,-2.324],[4.49,0],[0,11.323],[-11.323,0],[-2.377,-0.963],[-2.721,2.879],[-7.014,0]],"o":[[0,13.53],[-4.895,0],[-3.325,-2.149],[-3.377,2.448],[-11.323,0],[0,-11.323],[2.722,0],[3.671,1.488],[4.466,-4.724],[13.53,0]],"v":[[40.918,-0.233],[16.42,24.266],[3.139,20.357],[-8.396,20.84],[-20.415,24.731],[-40.918,4.229],[-20.415,-16.274],[-12.718,-14.78],[-1.386,-17.059],[16.42,-24.731]],"c":true}},"nm":"P"},{"ty":"fl","c":{"a":0,"k":[0.239,0.239,0.239,1]},"o":{"a":0,"k":100},"r":1,"nm":"F"},{"ty":"tr","p":{"a":0,"k":[0,0]},"a":{"a":0,"k":[0,0]},"s":{"a":0,"k":[100,100]},"r":{"a":0,"k":0},"o":{"a":0,"k":100},"sk":{"a":0,"k":0},"sa":{"a":0,"k":0},"nm":"T"}],"nm":"U"}],"ip":0,"op":300,"st":0},{"ind":24,"ty":4,"nm":"E","parent":1,"sr":1,"ks":{"o":{"a":0,"k":100},"r":{"a":0,"k":0},"p":{"a":0,"k":[57.05,57.05,0]},"a":{"a":0,"k":[0,0,0]},"s":{"a":0,"k":[100,100,100]}},"ao":0,"shapes":[{"ty":"gr","it":[{"ind":0,"ty":"sh","ks":{"a":0,"k":{"i":[[0,28.199],[-28.152,0],[0,-28.199],[28.152,0]],"o":[[0,-28.199],[28.152,0],[0,28.199],[-28.152,0]],"v":[[-50.64,0.096],[0,-50.64],[50.64,0.096],[-0.096,50.64]],"c":true}},"nm":"P"},{"ind":1,"ty":"sh","ks":{"a":0,"k":{"i":[[31.508,0],[0,-31.561],[-31.508,0],[0,31.561]],"o":[[-31.508,0],[0,31.561],[31.508,0],[0,-31.561]],"v":[[0,-57.05],[-57.05,0.096],[-0.096,57.05],[57.05,0.096]],"c":true}},"nm":"P"},{"ty":"mm","mm":1,"nm":"M"},{"ty":"fl","c":{"a":0,"k":[1,0.765,0.906,1]},"o":{"a":0,"k":100},"r":1,"nm":"F"},{"ty":"tr","p":{"a":0,"k":[0,0]},"a":{"a":0,"k":[0,0]},"s":{"a":0,"k":[100,100]},"r":{"a":0,"k":0},"o":{"a":0,"k":100},"sk":{"a":0,"k":0},"sa":{"a":0,"k":0},"nm":"T"}],"nm":"E"}],"ip":0,"op":300,"st":0},{"ind":25,"ty":4,"nm":"E","parent":1,"sr":1,"ks":{"o":{"a":0,"k":100},"r":{"a":0,"k":0},"p":{"a":0,"k":[57.012,57.259,0]},"a":{"a":0,"k":[0,0,0]},"s":{"a":0,"k":[100,100,100]}},"ao":0,"shapes":[{"ty":"gr","it":[{"ind":0,"ty":"sh","ks":{"a":0,"k":{"i":[[-29.88,0],[0,29.88],[29.88,0],[0,-29.88]],"o":[[29.88,0],[0,-29.88],[-29.88,0],[0,29.88]],"v":[[0,54.103],[54.103,0],[0,-54.103],[-54.103,0]],"c":true}},"nm":"P"},{"ty":"fl","c":{"a":0,"k":[1,0.953,0.98,1]},"o":{"a":0,"k":100},"r":1,"nm":"F"},{"ty":"tr","p":{"a":0,"k":[0,0]},"a":{"a":0,"k":[0,0]},"s":{"a":0,"k":[100,100]},"r":{"a":0,"k":0},"o":{"a":0,"k":100},"sk":{"a":0,"k":0},"sa":{"a":0,"k":0},"nm":"T"}],"nm":"E"}],"ip":0,"op":300,"st":0},{"ind":26,"ty":4,"nm":"E","parent":1,"sr":1,"ks":{"o":{"a":0,"k":100},"r":{"a":0,"k":0},"p":{"a":0,"k":[57.05,63.46,0]},"a":{"a":0,"k":[0,0,0]},"s":{"a":0,"k":[100,100,100]}},"ao":0,"shapes":[{"ty":"gr","it":[{"ind":0,"ty":"sh","ks":{"a":0,"k":{"i":[[0,28.152],[-28.152,0],[0,-28.152],[28.152,0]],"o":[[0,-28.152],[28.152,0],[0,28.152],[-28.152,0]],"v":[[-50.64,0],[0,-50.64],[50.64,0],[0,50.64]],"c":true}},"nm":"P"},{"ind":1,"ty":"sh","ks":{"a":0,"k":{"i":[[31.508,0],[0,-31.508],[-31.508,0],[0,31.508]],"o":[[-31.508,0],[0,31.508],[31.508,0],[0,-31.508]],"v":[[0,-57.05],[-57.05,0],[0,57.05],[57.05,0]],"c":true}},"nm":"P"},{"ty":"mm","mm":1,"nm":"M"},{"ty":"fl","c":{"a":0,"k":[0.878,0.463,0.71,1]},"o":{"a":0,"k":100},"r":1,"nm":"F"},{"ty":"tr","p":{"a":0,"k":[0,0]},"a":{"a":0,"k":[0,0]},"s":{"a":0,"k":[100,100]},"r":{"a":0,"k":0},"o":{"a":0,"k":100},"sk":{"a":0,"k":0},"sa":{"a":0,"k":0},"nm":"T"}],"nm":"E"}],"ip":0,"op":300,"st":0},{"ind":27,"ty":4,"nm":"F","sr":1,"ks":{"o":{"a":0,"k":100},"r":{"a":0,"k":0},"p":{"a":0,"k":[75,75,0]},"a":{"a":0,"k":[0,0,0]},"s":{"a":0,"k":[100,100,100]}},"ao":0,"shapes":[{"ty":"gr","it":[{"ty":"rc","d":1,"s":{"a":0,"k":[150,150]},"p":{"a":0,"k":[0,0]},"r":{"a":0,"k":0},"nm":"R"},{"ty":"tr","p":{"a":0,"k":[0,0]},"a":{"a":0,"k":[0,0]},"s":{"a":0,"k":[100,100]},"r":{"a":0,"k":0},"o":{"a":0,"k":100},"sk":{"a":0,"k":0},"sa":{"a":0,"k":0},"nm":"T"}],"nm":"F"}],"ip":0,"op":300,"st":0}]}],"layers":[{"ind":1,"ty":0,"nm":"F","refId":"comp_0","sr":1,"ks":{"o":{"a":0,"k":100},"r":{"a":0,"k":0},"p":{"a":0,"k":[75,75,0]},"a":{"a":0,"k":[75,75,0]},"s":{"a":0,"k":[100,100,100]}},"ao":0,"w":150,"h":150,"ip":0,"op":300,"st":0}],"markers":[]}