{"v":"4.8.0","meta":{"g":"LottieFiles AE 0.1.21","a":"","k":"","d":"","tc":""},"fr":60,"ip":0,"op":164,"w":250,"h":280,"nm":"Badge shine export","ddd":0,"assets":[{"id":"comp_0","layers":[{"ddd":0,"ind":1,"ty":0,"nm":"Sparkle Particle","refId":"comp_1","sr":1,"ks":{"o":{"a":0,"k":100,"ix":11},"r":{"a":0,"k":0,"ix":10},"p":{"a":0,"k":[148,53.5,0],"ix":2},"a":{"a":0,"k":[100,100,0],"ix":1},"s":{"a":0,"k":[200,200,100],"ix":6}},"ao":0,"w":200,"h":200,"ip":145,"op":228,"st":145,"bm":0},{"ddd":0,"ind":2,"ty":4,"nm":"ICON","td":1,"sr":1,"ks":{"o":{"a":0,"k":100,"ix":11},"r":{"a":0,"k":0,"ix":10},"p":{"a":0,"k":[100.25,100,0],"ix":2},"a":{"a":0,"k":[0,0,0],"ix":1},"s":{"a":0,"k":[100.08,100.08,100],"ix":6}},"ao":0,"shapes":[{"ty":"gr","it":[{"d":1,"ty":"el","s":{"a":0,"k":[78,78],"ix":2},"p":{"a":0,"k":[0,0],"ix":3},"nm":"Ellipse Path 1","mn":"ADBE Vector Shape - Ellipse","hd":false},{"ty":"fl","c":{"a":0,"k":[0.996078014374,0.784313976765,0.015685999766,1],"ix":4},"o":{"a":0,"k":100,"ix":5},"r":1,"bm":0,"nm":"Fill 1","mn":"ADBE Vector Graphic - Fill","hd":false},{"ty":"tr","p":{"a":0,"k":[0,0],"ix":2},"a":{"a":0,"k":[0,0],"ix":1},"s":{"a":0,"k":[200,200],"ix":3},"r":{"a":0,"k":0,"ix":6},"o":{"a":0,"k":100,"ix":7},"sk":{"a":0,"k":0,"ix":4},"sa":{"a":0,"k":0,"ix":5},"nm":"Transform"}],"nm":"ICON","np":2,"cix":2,"bm":0,"ix":1,"mn":"ADBE Vector Group","hd":false}],"ip":0,"op":3600,"st":0,"bm":0},{"ddd":0,"ind":3,"ty":4,"nm":"Shape Layer 1","tt":1,"sr":1,"ks":{"o":{"a":0,"k":70,"ix":11},"r":{"a":0,"k":45,"ix":10},"p":{"s":true,"x":{"a":1,"k":[{"i":{"x":[0.336],"y":[1]},"o":{"x":[0.672],"y":[0]},"t":115,"s":[-4]},{"t":175,"s":[204]}],"ix":3},"y":{"a":1,"k":[{"i":{"x":[0.332],"y":[1]},"o":{"x":[0.672],"y":[0]},"t":115,"s":[6]},{"t":175,"s":[194]}],"ix":4}},"a":{"a":0,"k":[0,0,0],"ix":1},"s":{"a":0,"k":[100,100,100],"ix":6}},"ao":0,"shapes":[{"ind":0,"ty":"sh","ix":1,"ks":{"a":1,"k":[{"i":{"x":0,"y":1},"o":{"x":0,"y":0},"t":115,"s":[{"i":[[0,0],[0,0],[0,0],[0,0]],"o":[[0,0],[0,0],[0,0],[0,0]],"v":[[-0.707,-115],[-0.707,112.5],[-27.5,112.5],[-27.5,-115]],"c":true}]},{"i":{"x":1,"y":1},"o":{"x":1,"y":0},"t":145,"s":[{"i":[[0,0],[0,0],[0,0],[0,0]],"o":[[0,0],[0,0],[0,0],[0,0]],"v":[[52.24,-115],[52.24,112.5],[-53.826,112.5],[-53.826,-115]],"c":true}]},{"t":175,"s":[{"i":[[0,0],[0,0],[0,0],[0,0]],"o":[[0,0],[0,0],[0,0],[0,0]],"v":[[30,-115],[30,112.5],[-0.707,112.5],[-0.707,-115]],"c":true}]}],"ix":2},"nm":"Path 1","mn":"ADBE Vector Shape - Group","hd":false},{"ty":"fl","c":{"a":0,"k":[1,1,1,1],"ix":4},"o":{"a":0,"k":100,"ix":5},"r":1,"bm":0,"nm":"Fill 1","mn":"ADBE Vector Graphic - Fill","hd":false}],"ip":0,"op":600,"st":0,"bm":0},{"ddd":0,"ind":4,"ty":0,"nm":"Badge_layers","refId":"comp_2","sr":1,"ks":{"o":{"a":0,"k":100,"ix":11},"r":{"a":0,"k":0,"ix":10},"p":{"a":0,"k":[99.5,94.5,0],"ix":2},"a":{"a":0,"k":[337.5,291,0],"ix":1},"s":{"a":0,"k":[36.598,36.598,100],"ix":6}},"ao":0,"w":675,"h":582,"ip":0,"op":300,"st":0,"bm":0}]},{"id":"comp_1","layers":[{"ddd":0,"ind":1,"ty":4,"nm":"Shape Layer 2","sr":1,"ks":{"o":{"a":1,"k":[{"i":{"x":[0.059],"y":[1]},"o":{"x":[0.333],"y":[0]},"t":0,"s":[0]},{"i":{"x":[0.2],"y":[1]},"o":{"x":[0.131],"y":[0]},"t":5,"s":[100]},{"t":26,"s":[0]}],"ix":11},"r":{"a":1,"k":[{"i":{"x":[0.667],"y":[1]},"o":{"x":[0.333],"y":[0]},"t":0,"s":[108]},{"t":63,"s":[720]}],"ix":10},"p":{"a":0,"k":[100.062,99.844,0],"ix":2},"a":{"a":0,"k":[0.062,-0.156,0],"ix":1},"s":{"a":1,"k":[{"i":{"x":[0.322,0.322,0.667],"y":[1,1,1]},"o":{"x":[0.333,0.333,0.333],"y":[0,0,0]},"t":0,"s":[33,33,100]},{"i":{"x":[0.667,0.667,0.667],"y":[1,1,1]},"o":{"x":[0.652,0.652,0.333],"y":[0,0,0]},"t":7,"s":[150,150,100]},{"t":43,"s":[50,50,100]}],"ix":6}},"ao":0,"shapes":[{"ty":"gr","it":[{"ind":0,"ty":"sh","ix":1,"ks":{"a":0,"k":{"i":[[0,0],[0,0]],"o":[[0,0],[0,0]],"v":[[-5.375,5.75],[5.375,-5.875]],"c":false},"ix":2},"nm":"Path 1","mn":"ADBE Vector Shape - Group","hd":false},{"ty":"st","c":{"a":0,"k":[1,1,1,1],"ix":3},"o":{"a":0,"k":100,"ix":4},"w":{"a":0,"k":2,"ix":5},"lc":2,"lj":1,"ml":4,"bm":0,"nm":"Stroke 1","mn":"ADBE Vector Graphic - Stroke","hd":false},{"ty":"fl","c":{"a":0,"k":[1,1,1,1],"ix":4},"o":{"a":0,"k":100,"ix":5},"r":1,"bm":0,"nm":"Fill 1","mn":"ADBE Vector Graphic - Fill","hd":false},{"ty":"tr","p":{"a":0,"k":[0,0],"ix":2},"a":{"a":0,"k":[0,0],"ix":1},"s":{"a":0,"k":[100,100],"ix":3},"r":{"a":0,"k":0,"ix":6},"o":{"a":0,"k":100,"ix":7},"sk":{"a":0,"k":0,"ix":4},"sa":{"a":0,"k":0,"ix":5},"nm":"Transform"}],"nm":"Shape 1","np":3,"cix":2,"bm":0,"ix":1,"mn":"ADBE Vector Group","hd":false}],"ip":0,"op":83,"st":0,"bm":0},{"ddd":0,"ind":2,"ty":4,"nm":"Shape Layer 1","sr":1,"ks":{"o":{"a":1,"k":[{"i":{"x":[0.059],"y":[1]},"o":{"x":[0.333],"y":[0]},"t":0,"s":[0]},{"i":{"x":[0.2],"y":[1]},"o":{"x":[0.131],"y":[0]},"t":5,"s":[100]},{"t":26,"s":[0]}],"ix":11},"r":{"a":1,"k":[{"i":{"x":[0.667],"y":[1]},"o":{"x":[0.333],"y":[0]},"t":0,"s":[0]},{"t":63,"s":[720]}],"ix":10},"p":{"a":0,"k":[100.062,99.844,0],"ix":2},"a":{"a":0,"k":[0.062,-0.156,0],"ix":1},"s":{"a":1,"k":[{"i":{"x":[0.322,0.322,0.667],"y":[1,1,1]},"o":{"x":[0.333,0.333,0.333],"y":[0,0,0]},"t":0,"s":[33,33,100]},{"i":{"x":[0.667,0.667,0.667],"y":[1,1,1]},"o":{"x":[0.652,0.652,0.333],"y":[0,0,0]},"t":7,"s":[150,150,100]},{"t":43,"s":[50,50,100]}],"ix":6}},"ao":0,"shapes":[{"ty":"gr","it":[{"ind":0,"ty":"sh","ix":1,"ks":{"a":0,"k":{"i":[[0,0],[0,0]],"o":[[0,0],[0,0]],"v":[[-5.375,5.75],[5.375,-5.875]],"c":false},"ix":2},"nm":"Path 1","mn":"ADBE Vector Shape - Group","hd":false},{"ty":"st","c":{"a":0,"k":[1,1,1,1],"ix":3},"o":{"a":0,"k":100,"ix":4},"w":{"a":0,"k":2,"ix":5},"lc":2,"lj":1,"ml":4,"bm":0,"nm":"Stroke 1","mn":"ADBE Vector Graphic - Stroke","hd":false},{"ty":"fl","c":{"a":0,"k":[1,1,1,1],"ix":4},"o":{"a":0,"k":100,"ix":5},"r":1,"bm":0,"nm":"Fill 1","mn":"ADBE Vector Graphic - Fill","hd":false},{"ty":"tr","p":{"a":0,"k":[0,0],"ix":2},"a":{"a":0,"k":[0,0],"ix":1},"s":{"a":0,"k":[100,100],"ix":3},"r":{"a":0,"k":0,"ix":6},"o":{"a":0,"k":100,"ix":7},"sk":{"a":0,"k":0,"ix":4},"sa":{"a":0,"k":0,"ix":5},"nm":"Transform"}],"nm":"Shape 1","np":3,"cix":2,"bm":0,"ix":1,"mn":"ADBE Vector Group","hd":false}],"ip":0,"op":83,"st":0,"bm":0},{"ddd":0,"ind":3,"ty":4,"nm":"sparkle 14","sr":1,"ks":{"o":{"a":1,"k":[{"i":{"x":[0.16],"y":[1]},"o":{"x":[0.163],"y":[0.41]},"t":0,"s":[0]},{"i":{"x":[0.319],"y":[0.762]},"o":{"x":[0.167],"y":[0]},"t":5,"s":[74]},{"i":{"x":[0.682],"y":[0.829]},"o":{"x":[0.388],"y":[0.52]},"t":38.732,"s":[13.434]},{"i":{"x":[0.607],"y":[1]},"o":{"x":[0.295],"y":[0.726]},"t":63,"s":[2.046]},{"t":83,"s":[0]}],"ix":11},"r":{"a":1,"k":[{"i":{"x":[0.549],"y":[0.67]},"o":{"x":[0.333],"y":[0]},"t":0,"s":[0]},{"i":{"x":[0.643],"y":[0.922]},"o":{"x":[0.268],"y":[0.691]},"t":46.988,"s":[235.834]},{"i":{"x":[0.702],"y":[1]},"o":{"x":[0.356],"y":[1.071]},"t":113.855,"s":[331.093]},{"t":150,"s":[334.861]}],"ix":10},"p":{"s":true,"x":{"a":0,"k":100,"ix":3},"y":{"a":0,"k":100,"ix":4}},"a":{"a":0,"k":[0,0,0],"ix":1},"s":{"a":1,"k":[{"i":{"x":[0.667,0.667,0.667],"y":[1,1,1]},"o":{"x":[0.333,0.333,0.333],"y":[0,0,0]},"t":0,"s":[0,0,100]},{"i":{"x":[0.388,0.388,0.833],"y":[0.072,0.072,5.021]},"o":{"x":[0.172,0.172,0.333],"y":[0,0,0]},"t":12.752,"s":[35,35,100]},{"i":{"x":[0.68,0.68,0.7],"y":[1,1,1]},"o":{"x":[0.23,0.23,0.177],"y":[0.905,0.905,-8.082]},"t":37,"s":[14.774,14.774,100]},{"t":83,"s":[0,0,100]}],"ix":6}},"ao":0,"shapes":[{"ty":"gr","it":[{"ind":0,"ty":"sh","ix":1,"ks":{"a":0,"k":{"i":[[0,0],[1.12,-0.65],[0,0],[0.65,1.12],[0,0],[-1.13,0.65],[0,0],[-0.65,-1.13]],"o":[[0.65,1.12],[0,0],[-1.13,0.65],[0,0],[-0.65,-1.13],[0,0],[1.12,-0.65],[0,0]],"v":[[5.652,-0.208],[4.792,3.012],[0.212,5.652],[-3.008,4.792],[-5.648,0.212],[-4.788,-3.008],[-0.208,-5.648],[3.012,-4.788]],"c":true},"ix":2},"nm":"Path 1","mn":"ADBE Vector Shape - Group","hd":false},{"ty":"fl","c":{"a":0,"k":[1,1,1,1],"ix":4},"o":{"a":0,"k":100,"ix":5},"r":1,"bm":0,"nm":"Fill 1","mn":"ADBE Vector Graphic - Fill","hd":false},{"ty":"tr","p":{"a":0,"k":[0,0],"ix":2},"a":{"a":0,"k":[0,0],"ix":1},"s":{"a":0,"k":[600,600],"ix":3},"r":{"a":0,"k":0,"ix":6},"o":{"a":0,"k":100,"ix":7},"sk":{"a":0,"k":0,"ix":4},"sa":{"a":0,"k":0,"ix":5},"nm":"Transform"}],"nm":"Group 1","np":2,"cix":2,"bm":0,"ix":1,"mn":"ADBE Vector Group","hd":false}],"ip":0,"op":83,"st":-270,"bm":0}]},{"id":"comp_2","layers":[{"ddd":0,"ind":1,"ty":0,"nm":"badge_earth_sm","refId":"comp_3","sr":1,"ks":{"o":{"a":0,"k":100,"ix":11},"r":{"a":0,"k":0,"ix":10},"p":{"a":0,"k":[339.75,318,0],"ix":2},"a":{"a":0,"k":[255,262.5,0],"ix":1},"s":{"a":0,"k":[100,100,100],"ix":6}},"ao":0,"w":510,"h":525,"ip":0,"op":300,"st":0,"bm":0}]},{"id":"comp_3","layers":[{"ddd":0,"ind":1,"ty":4,"nm":"highlight","sr":1,"ks":{"o":{"a":0,"k":10,"ix":11},"r":{"a":0,"k":0,"ix":10},"p":{"a":0,"k":[286.05,219.947,0],"ix":2},"a":{"a":0,"k":[0,0,0],"ix":1},"s":{"a":0,"k":[100,100,100],"ix":6}},"ao":0,"shapes":[{"ty":"gr","it":[{"ind":0,"ty":"sh","ix":1,"ks":{"a":0,"k":{"i":[[-19.675,0],[0,-39.35],[12.894,-12.894],[0,0]],"o":[[39.35,0],[0,19.675],[0,0],[12.894,-12.894]],"v":[[-10.434,-60.816],[60.816,10.434],[39.947,60.816],[-60.816,-39.947]],"c":true},"ix":2},"nm":"Path 1","mn":"ADBE Vector Shape - Group","hd":false},{"ty":"fl","c":{"a":0,"k":[1,1,1,1],"ix":4},"o":{"a":0,"k":100,"ix":5},"r":1,"bm":0,"nm":"Fill 1","mn":"ADBE Vector Graphic - Fill","hd":false},{"ty":"tr","p":{"a":0,"k":[0,0],"ix":2},"a":{"a":0,"k":[0,0],"ix":1},"s":{"a":0,"k":[300,300],"ix":3},"r":{"a":0,"k":0,"ix":6},"o":{"a":0,"k":100,"ix":7},"sk":{"a":0,"k":0,"ix":4},"sa":{"a":0,"k":0,"ix":5},"nm":"Transform"}],"nm":"highlight","np":2,"cix":2,"bm":0,"ix":1,"mn":"ADBE Vector Group","hd":false}],"ip":0,"op":300,"st":0,"bm":0},{"ddd":0,"ind":2,"ty":0,"nm":"july ","refId":"comp_4","sr":1,"ks":{"o":{"a":0,"k":100,"ix":11},"r":{"a":0,"k":0,"ix":10},"p":{"a":0,"k":[252.433,257.133,0],"ix":2},"a":{"a":0,"k":[106,157.5,0],"ix":1},"s":{"a":0,"k":[100,100,100],"ix":6}},"ao":0,"w":212,"h":315,"ip":0,"op":300,"st":0,"bm":0},{"ddd":0,"ind":3,"ty":4,"nm":"Ellipse 165","sr":1,"ks":{"o":{"a":0,"k":100,"ix":11},"r":{"a":0,"k":0,"ix":10},"p":{"a":0,"k":[254.75,251.25,0],"ix":2},"a":{"a":0,"k":[0,0,0],"ix":1},"s":{"a":0,"k":[100,100,100],"ix":6}},"ao":0,"shapes":[{"ty":"gr","it":[{"d":1,"ty":"el","s":{"a":0,"k":[142.5,142.5],"ix":2},"p":{"a":0,"k":[0,0],"ix":3},"nm":"Ellipse Path 1","mn":"ADBE Vector Shape - Ellipse","hd":false},{"ty":"fl","c":{"a":0,"k":[1,0.349019616842,0.349019616842,1],"ix":4},"o":{"a":0,"k":100,"ix":5},"r":1,"bm":0,"nm":"Fill 1","mn":"ADBE Vector Graphic - Fill","hd":false},{"ty":"tr","p":{"a":0,"k":[0,0],"ix":2},"a":{"a":0,"k":[0,0],"ix":1},"s":{"a":0,"k":[300,300],"ix":3},"r":{"a":0,"k":0,"ix":6},"o":{"a":0,"k":100,"ix":7},"sk":{"a":0,"k":0,"ix":4},"sa":{"a":0,"k":0,"ix":5},"nm":"Transform"}],"nm":"Ellipse 162","np":2,"cix":2,"bm":0,"ix":1,"mn":"ADBE Vector Group","hd":false}],"ip":0,"op":300,"st":0,"bm":0},{"ddd":0,"ind":4,"ty":4,"nm":"Ellipse 162","sr":1,"ks":{"o":{"a":0,"k":100,"ix":11},"r":{"a":0,"k":0,"ix":10},"p":{"a":0,"k":[254.75,251.25,0],"ix":2},"a":{"a":0,"k":[0,0,0],"ix":1},"s":{"a":0,"k":[100,100,100],"ix":6}},"ao":0,"shapes":[{"ty":"gr","it":[{"d":1,"ty":"el","s":{"a":0,"k":[142.5,142.5],"ix":2},"p":{"a":0,"k":[0,0],"ix":3},"nm":"Ellipse Path 1","mn":"ADBE Vector Shape - Ellipse","hd":false},{"ty":"fl","c":{"a":0,"k":[0.909803926945,0.184313729405,0.184313729405,1],"ix":4},"o":{"a":0,"k":100,"ix":5},"r":1,"bm":0,"nm":"Fill 1","mn":"ADBE Vector Graphic - Fill","hd":false},{"ty":"tr","p":{"a":0,"k":[0,18],"ix":2},"a":{"a":0,"k":[0,0],"ix":1},"s":{"a":0,"k":[300,300],"ix":3},"r":{"a":0,"k":0,"ix":6},"o":{"a":0,"k":100,"ix":7},"sk":{"a":0,"k":0,"ix":4},"sa":{"a":0,"k":0,"ix":5},"nm":"Transform"}],"nm":"Ellipse 162","np":2,"cix":2,"bm":0,"ix":1,"mn":"ADBE Vector Group","hd":false}],"ip":0,"op":300,"st":0,"bm":0},{"ddd":0,"ind":5,"ty":4,"nm":"Ellipse 164","sr":1,"ks":{"o":{"a":0,"k":10,"ix":11},"r":{"a":0,"k":0,"ix":10},"p":{"a":0,"k":[255.5,261,0],"ix":2},"a":{"a":0,"k":[0,0,0],"ix":1},"s":{"a":0,"k":[106.264,106.264,100],"ix":6}},"ao":0,"shapes":[{"ty":"gr","it":[{"d":1,"ty":"el","s":{"a":0,"k":[143,149],"ix":2},"p":{"a":0,"k":[0,0],"ix":3},"nm":"Ellipse Path 1","mn":"ADBE Vector Shape - Ellipse","hd":false},{"ty":"st","c":{"a":0,"k":[1,0.349019616842,0.349019616842,1],"ix":3},"o":{"a":0,"k":100,"ix":4},"w":{"a":0,"k":14,"ix":5},"lc":1,"lj":1,"ml":4,"bm":0,"nm":"Stroke 1","mn":"ADBE Vector Graphic - Stroke","hd":false},{"ty":"fl","c":{"a":0,"k":[0.109803922474,0.690196096897,0.964705884457,1],"ix":4},"o":{"a":0,"k":100,"ix":5},"r":1,"bm":0,"nm":"Fill 1","mn":"ADBE Vector Graphic - Fill","hd":false},{"ty":"tr","p":{"a":0,"k":[0,0],"ix":2},"a":{"a":0,"k":[0,0],"ix":1},"s":{"a":0,"k":[300,300],"ix":3},"r":{"a":0,"k":0,"ix":6},"o":{"a":0,"k":100,"ix":7},"sk":{"a":0,"k":0,"ix":4},"sa":{"a":0,"k":0,"ix":5},"nm":"Transform"}],"nm":"Ellipse 164","np":3,"cix":2,"bm":0,"ix":1,"mn":"ADBE Vector Group","hd":false}],"ip":0,"op":300,"st":0,"bm":0}]},{"id":"comp_4","layers":[{"ddd":0,"ind":1,"ty":3,"nm":"▽ Group 3902","sr":1,"ks":{"o":{"a":0,"k":100,"ix":11},"r":{"a":0,"k":0,"ix":10},"p":{"a":0,"k":[106.081,157.533,0],"ix":2},"a":{"a":0,"k":[106.081,157.533,0],"ix":1},"s":{"a":0,"k":[100,100,100],"ix":6}},"ao":0,"ip":0,"op":300,"st":0,"bm":0},{"ddd":0,"ind":2,"ty":4,"nm":"Union","parent":1,"sr":1,"ks":{"o":{"a":0,"k":100,"ix":11},"r":{"a":0,"k":0,"ix":10},"p":{"a":0,"k":[87.48,225.521,0],"ix":2},"a":{"a":0,"k":[0,0,0],"ix":1},"s":{"a":0,"k":[100,100,100],"ix":6}},"ao":0,"shapes":[{"ty":"gr","it":[{"ind":0,"ty":"sh","ix":1,"ks":{"a":0,"k":{"i":[[0,0],[-1.178,-1.574],[0,0],[-1.923,0.515],[0,0],[0,0],[-1.102,0.295],[0,0],[0.049,1.14],[0,0],[0,0],[-0.236,1.977],[0,0],[1.899,-0.509]],"o":[[-1.899,0.509],[0,0],[1.192,1.594],[0,0],[0,0],[0.527,1.012],[0,0],[1.102,-0.295],[0,0],[0,0],[1.923,-0.515],[0,0],[0.233,-1.952],[0,0]],"v":[[-36.533,-20.216],[-38.039,-15.866],[-26.842,-0.901],[-21.685,0.885],[-11.349,-1.884],[9.542,38.196],[12.33,39.422],[22.598,36.671],[24.399,34.215],[22.451,-10.941],[32.787,-13.71],[36.361,-17.836],[38.574,-36.395],[35.095,-39.408]],"c":true},"ix":2},"nm":"Path 1","mn":"ADBE Vector Shape - Group","hd":false},{"ty":"fl","c":{"a":0,"k":[0.624321758747,0,0,1],"ix":4},"o":{"a":0,"k":100,"ix":5},"r":1,"bm":0,"nm":"Fill 1","mn":"ADBE Vector Graphic - Fill","hd":false},{"ty":"tr","p":{"a":0,"k":[0,0],"ix":2},"a":{"a":0,"k":[0,0],"ix":1},"s":{"a":0,"k":[226.667,226.667],"ix":3},"r":{"a":0,"k":0,"ix":6},"o":{"a":0,"k":100,"ix":7},"sk":{"a":0,"k":0,"ix":4},"sa":{"a":0,"k":0,"ix":5},"nm":"Transform"}],"nm":"Union","np":2,"cix":2,"bm":0,"ix":1,"mn":"ADBE Vector Group","hd":false}],"ip":0,"op":300,"st":0,"bm":0},{"ddd":0,"ind":3,"ty":4,"nm":"Rectangle 2555","parent":1,"sr":1,"ks":{"o":{"a":0,"k":100,"ix":11},"r":{"a":0,"k":0,"ix":10},"p":{"a":0,"k":[91.999,151.447,0],"ix":2},"a":{"a":0,"k":[0,0,0],"ix":1},"s":{"a":0,"k":[100,100,100],"ix":6}},"ao":0,"shapes":[{"ty":"gr","it":[{"ind":0,"ty":"sh","ix":1,"ks":{"a":0,"k":{"i":[[0,0],[-0.688,-1.191],[14.291,-8.251],[0,0],[0,0],[-9.313,5.377]],"o":[[1.191,-0.688],[8.251,14.291],[0,0],[0,0],[-5.377,-9.313],[0,0]],"v":[[9.844,-23.729],[13.245,-22.817],[2.308,18],[-8.192,24.063],[-14.642,12.892],[-7.514,-13.707]],"c":true},"ix":2},"nm":"Path 1","mn":"ADBE Vector Shape - Group","hd":false},{"ty":"fl","c":{"a":0,"k":[1,0.474509805441,0.474509805441,1],"ix":4},"o":{"a":0,"k":100,"ix":5},"r":1,"bm":0,"nm":"Fill 1","mn":"ADBE Vector Graphic - Fill","hd":false},{"ty":"tr","p":{"a":0,"k":[0,0],"ix":2},"a":{"a":0,"k":[0,0],"ix":1},"s":{"a":0,"k":[226.667,226.667],"ix":3},"r":{"a":0,"k":0,"ix":6},"o":{"a":0,"k":100,"ix":7},"sk":{"a":0,"k":0,"ix":4},"sa":{"a":0,"k":0,"ix":5},"nm":"Transform"}],"nm":"Rectangle 2555","np":2,"cix":2,"bm":0,"ix":1,"mn":"ADBE Vector Group","hd":false}],"ip":0,"op":300,"st":0,"bm":0},{"ddd":0,"ind":4,"ty":4,"nm":"Union","parent":1,"sr":1,"ks":{"o":{"a":0,"k":100,"ix":11},"r":{"a":0,"k":0,"ix":10},"p":{"a":0,"k":[108.593,109.667,0],"ix":2},"a":{"a":0,"k":[0,0,0],"ix":1},"s":{"a":0,"k":[100,100,100],"ix":6}},"ao":0,"shapes":[{"ty":"gr","it":[{"ind":0,"ty":"sh","ix":1,"ks":{"a":0,"k":{"i":[[2.328,4.031],[1.562,-0.902],[0,0],[-11.721,-20.301],[0,0],[-1.719,-2.977],[0,0],[9.132,15.817],[1.318,-0.761],[0,0]],"o":[[-0.902,-1.562],[0,0],[-20.301,11.721],[0,0],[0.791,3.177],[0,0],[15.817,-9.132],[-0.761,-1.318],[0,0],[-0.781,-4.332]],"v":[[13.929,-37.372],[9.468,-38.567],[-24.463,-18.977],[-39.999,39.005],[-18.179,26.407],[-14.427,35.681],[29.152,10.521],[41.256,-34.653],[37.492,-35.662],[18.567,-24.735]],"c":true},"ix":2},"nm":"Path 1","mn":"ADBE Vector Shape - Group","hd":false},{"ty":"fl","c":{"a":0,"k":[0.870160400867,0.084598660469,0.084598660469,1],"ix":4},"o":{"a":0,"k":100,"ix":5},"r":1,"bm":0,"nm":"Fill 1","mn":"ADBE Vector Graphic - Fill","hd":false},{"ty":"tr","p":{"a":0,"k":[0,0],"ix":2},"a":{"a":0,"k":[0,0],"ix":1},"s":{"a":0,"k":[226.667,226.667],"ix":3},"r":{"a":0,"k":0,"ix":6},"o":{"a":0,"k":100,"ix":7},"sk":{"a":0,"k":0,"ix":4},"sa":{"a":0,"k":0,"ix":5},"nm":"Transform"}],"nm":"Union","np":2,"cix":2,"bm":0,"ix":1,"mn":"ADBE Vector Group","hd":false}],"ip":0,"op":300,"st":0,"bm":0},{"ddd":0,"ind":5,"ty":4,"nm":"Rectangle 2557","parent":1,"sr":1,"ks":{"o":{"a":0,"k":100,"ix":11},"r":{"a":0,"k":0,"ix":10},"p":{"a":0,"k":[31.555,38.388,0],"ix":2},"a":{"a":0,"k":[0,0,0],"ix":1},"s":{"a":0,"k":[100,100,100],"ix":6}},"ao":0,"shapes":[{"ty":"gr","it":[{"ind":0,"ty":"sh","ix":1,"ks":{"a":0,"k":{"i":[[0,0],[-0.672,-1.164],[0,0],[8.149,-4.705],[0,0],[0.672,1.164],[0,0],[-8.149,4.705]],"o":[[1.164,-0.672],[0,0],[4.705,8.149],[0,0],[-1.164,0.672],[0,0],[-4.705,-8.149],[0,0]],"v":[[7.149,-16.61],[10.474,-15.719],[11.548,-13.859],[5.311,9.416],[-7.149,16.61],[-10.474,15.719],[-11.548,13.859],[-5.311,-9.416]],"c":true},"ix":2},"nm":"Path 1","mn":"ADBE Vector Shape - Group","hd":false},{"ty":"fl","c":{"a":0,"k":[0.870160400867,0.084598660469,0.084598660469,1],"ix":4},"o":{"a":0,"k":100,"ix":5},"r":1,"bm":0,"nm":"Fill 1","mn":"ADBE Vector Graphic - Fill","hd":false},{"ty":"tr","p":{"a":0,"k":[0,0],"ix":2},"a":{"a":0,"k":[0,0],"ix":1},"s":{"a":0,"k":[226.667,226.667],"ix":3},"r":{"a":0,"k":0,"ix":6},"o":{"a":0,"k":100,"ix":7},"sk":{"a":0,"k":0,"ix":4},"sa":{"a":0,"k":0,"ix":5},"nm":"Transform"}],"nm":"Rectangle 2557","np":2,"cix":2,"bm":0,"ix":1,"mn":"ADBE Vector Group","hd":false}],"ip":0,"op":300,"st":0,"bm":0},{"ddd":0,"ind":6,"ty":4,"nm":"july ","sr":1,"ks":{"o":{"a":0,"k":100,"ix":11},"r":{"a":0,"k":0,"ix":10},"p":{"a":0,"k":[106.081,157.533,0],"ix":2},"a":{"a":0,"k":[0,0,0],"ix":1},"s":{"a":0,"k":[100,100,100],"ix":6}},"ao":0,"shapes":[{"ty":"gr","it":[{"ty":"rc","d":1,"s":{"a":0,"k":[93.601,139],"ix":2},"p":{"a":0,"k":[0,0],"ix":3},"r":{"a":0,"k":0,"ix":4},"nm":"Rectangle Path 1","mn":"ADBE Vector Shape - Rect","hd":false},{"ty":"tr","p":{"a":0,"k":[0,0],"ix":2},"a":{"a":0,"k":[0,0],"ix":1},"s":{"a":0,"k":[226.667,226.667],"ix":3},"r":{"a":0,"k":0,"ix":6},"o":{"a":0,"k":100,"ix":7},"sk":{"a":0,"k":0,"ix":4},"sa":{"a":0,"k":0,"ix":5},"nm":"Transform"}],"nm":"july ","np":1,"cix":2,"bm":0,"ix":1,"mn":"ADBE Vector Group","hd":false}],"ip":0,"op":300,"st":0,"bm":0}]},{"id":"comp_5","layers":[{"ddd":0,"ind":1,"ty":3,"nm":"Null 2","sr":1,"ks":{"o":{"a":0,"k":0,"ix":11},"r":{"a":0,"k":0,"ix":10},"p":{"a":0,"k":[93,97,0],"ix":2},"a":{"a":0,"k":[0,0,0],"ix":1},"s":{"a":0,"k":[369,369,100],"ix":6}},"ao":0,"ip":0,"op":73,"st":-23,"bm":0},{"ddd":0,"ind":2,"ty":4,"nm":"Shape Layer 9","parent":1,"sr":1,"ks":{"o":{"a":1,"k":[{"i":{"x":[0.833],"y":[0.833]},"o":{"x":[0.167],"y":[0.167]},"t":2,"s":[0]},{"i":{"x":[0.833],"y":[0.833]},"o":{"x":[0.167],"y":[0.167]},"t":2.908,"s":[74.334]},{"i":{"x":[0],"y":[1.033]},"o":{"x":[0.127],"y":[0.11]},"t":28.818,"s":[74.334]},{"t":65.091796875,"s":[0]}],"ix":11},"r":{"a":0,"k":0,"ix":10},"p":{"a":1,"k":[{"i":{"x":0.617,"y":1},"o":{"x":0.167,"y":0.167},"t":-23,"s":[0.219,1.576,0],"to":[0,0,0],"ti":[0,0,0]},{"i":{"x":0.689,"y":1},"o":{"x":0.351,"y":0},"t":-2,"s":[0.219,2.118,0],"to":[0,0,0],"ti":[0,0,0]},{"i":{"x":0.083,"y":1},"o":{"x":0.081,"y":0},"t":2.908,"s":[0.219,1.576,0],"to":[-1.396,-3.866,0],"ti":[1.396,3.866,0]},{"t":42.63671875,"s":[-8.155,-21.62,0]}],"ix":2},"a":{"a":0,"k":[611.414,-960.086,0],"ix":1},"s":{"a":1,"k":[{"i":{"x":[0,0,0.667],"y":[1,1,1]},"o":{"x":[0.199,0.199,0.333],"y":[0,0,0]},"t":2.908,"s":[0.662,0.662,100]},{"t":42.63671875,"s":[0.662,0.662,100]}],"ix":6}},"ao":0,"shapes":[{"ty":"gr","it":[{"ty":"rc","d":1,"s":{"a":0,"k":[294.828,294.828],"ix":2},"p":{"a":0,"k":[0,0],"ix":3},"r":{"a":0,"k":70,"ix":4},"nm":"Rectangle Path 1","mn":"ADBE Vector Shape - Rect","hd":false},{"ty":"fl","c":{"a":0,"k":[1,0.349019607843,0.349019607843,1],"ix":4},"o":{"a":0,"k":100,"ix":5},"r":1,"bm":0,"nm":"Fill 1","mn":"ADBE Vector Graphic - Fill","hd":false},{"ty":"tr","p":{"a":0,"k":[611.414,-960.086],"ix":2},"a":{"a":0,"k":[0,0],"ix":1},"s":{"a":0,"k":[100,100],"ix":3},"r":{"a":0,"k":45,"ix":6},"o":{"a":0,"k":100,"ix":7},"sk":{"a":0,"k":0,"ix":4},"sa":{"a":0,"k":0,"ix":5},"nm":"Transform"}],"nm":"Rectangle 1","np":2,"cix":2,"bm":0,"ix":1,"mn":"ADBE Vector Group","hd":false}],"ip":0,"op":73,"st":-23,"bm":0},{"ddd":0,"ind":3,"ty":4,"nm":"Shape Layer 5","parent":1,"sr":1,"ks":{"o":{"a":1,"k":[{"i":{"x":[0.833],"y":[0.833]},"o":{"x":[0.167],"y":[0.167]},"t":2,"s":[0]},{"i":{"x":[0.833],"y":[0.833]},"o":{"x":[0.167],"y":[0.167]},"t":2.908,"s":[74.334]},{"i":{"x":[0],"y":[1.033]},"o":{"x":[0.127],"y":[0.11]},"t":31.467,"s":[74.334]},{"t":56.455078125,"s":[0]}],"ix":11},"r":{"a":0,"k":0,"ix":10},"p":{"a":1,"k":[{"i":{"x":0.667,"y":0.667},"o":{"x":0.167,"y":0.167},"t":-23,"s":[0.219,1.576,0],"to":[0,0,0],"ti":[0,0,0]},{"i":{"x":0.083,"y":1},"o":{"x":0.081,"y":0},"t":2.908,"s":[0.219,1.576,0],"to":[-3.94,0.939,0],"ti":[3.94,-0.939,0]},{"t":40.98828125,"s":[-23.419,7.212,0]}],"ix":2},"a":{"a":0,"k":[611.414,-960.086,0],"ix":1},"s":{"a":1,"k":[{"i":{"x":[0,0,0.667],"y":[1,1,1]},"o":{"x":[0.199,0.199,0.333],"y":[0,0,0]},"t":2.908,"s":[0.662,0.662,100]},{"t":40.98828125,"s":[0.662,0.662,100]}],"ix":6}},"ao":0,"shapes":[{"ty":"gr","it":[{"ty":"rc","d":1,"s":{"a":0,"k":[294.828,294.828],"ix":2},"p":{"a":0,"k":[0,0],"ix":3},"r":{"a":0,"k":70,"ix":4},"nm":"Rectangle Path 1","mn":"ADBE Vector Shape - Rect","hd":false},{"ty":"fl","c":{"a":0,"k":[1,0.349019607843,0.349019607843,1],"ix":4},"o":{"a":0,"k":100,"ix":5},"r":1,"bm":0,"nm":"Fill 1","mn":"ADBE Vector Graphic - Fill","hd":false},{"ty":"tr","p":{"a":0,"k":[611.414,-960.086],"ix":2},"a":{"a":0,"k":[0,0],"ix":1},"s":{"a":0,"k":[100,100],"ix":3},"r":{"a":0,"k":45,"ix":6},"o":{"a":0,"k":100,"ix":7},"sk":{"a":0,"k":0,"ix":4},"sa":{"a":0,"k":0,"ix":5},"nm":"Transform"}],"nm":"Rectangle 1","np":2,"cix":2,"bm":0,"ix":1,"mn":"ADBE Vector Group","hd":false}],"ip":0,"op":73,"st":-23,"bm":0},{"ddd":0,"ind":4,"ty":4,"nm":"Shape Layer 7","parent":1,"sr":1,"ks":{"o":{"a":1,"k":[{"i":{"x":[0.833],"y":[0.833]},"o":{"x":[0.167],"y":[0.167]},"t":1.182,"s":[74.334]},{"i":{"x":[0],"y":[1.033]},"o":{"x":[0.127],"y":[0.11]},"t":35.727,"s":[74.334]},{"t":72,"s":[0]}],"ix":11},"r":{"a":0,"k":0,"ix":10},"p":{"a":1,"k":[{"i":{"x":0.667,"y":0.667},"o":{"x":0.167,"y":0.167},"t":-23,"s":[0.219,1.576,0],"to":[0,0,0],"ti":[0,0,0]},{"i":{"x":0.083,"y":1},"o":{"x":0.081,"y":0},"t":1.182,"s":[0.219,1.576,0],"to":[2.473,2.517,0],"ti":[-2.473,-2.517,0]},{"t":49.544921875,"s":[15.059,16.681,0]}],"ix":2},"a":{"a":0,"k":[611.414,-960.086,0],"ix":1},"s":{"a":1,"k":[{"i":{"x":[0,0,0.667],"y":[1,1,1]},"o":{"x":[0.199,0.199,0.333],"y":[0,0,0]},"t":1.182,"s":[0.265,0.265,100]},{"t":49.544921875,"s":[1.192,1.192,100]}],"ix":6}},"ao":0,"shapes":[{"ty":"gr","it":[{"ty":"rc","d":1,"s":{"a":0,"k":[294.828,294.828],"ix":2},"p":{"a":0,"k":[0,0],"ix":3},"r":{"a":0,"k":70,"ix":4},"nm":"Rectangle Path 1","mn":"ADBE Vector Shape - Rect","hd":false},{"ty":"fl","c":{"a":0,"k":[1,0.349019607843,0.349019607843,1],"ix":4},"o":{"a":0,"k":100,"ix":5},"r":1,"bm":0,"nm":"Fill 1","mn":"ADBE Vector Graphic - Fill","hd":false},{"ty":"tr","p":{"a":0,"k":[611.414,-960.086],"ix":2},"a":{"a":0,"k":[0,0],"ix":1},"s":{"a":0,"k":[100,100],"ix":3},"r":{"a":0,"k":45,"ix":6},"o":{"a":0,"k":100,"ix":7},"sk":{"a":0,"k":0,"ix":4},"sa":{"a":0,"k":0,"ix":5},"nm":"Transform"}],"nm":"Rectangle 1","np":2,"cix":2,"bm":0,"ix":1,"mn":"ADBE Vector Group","hd":false}],"ip":0,"op":73,"st":-23,"bm":0},{"ddd":0,"ind":5,"ty":4,"nm":"Shape Layer 4","parent":1,"sr":1,"ks":{"o":{"a":1,"k":[{"i":{"x":[0.833],"y":[0.833]},"o":{"x":[0.167],"y":[0.167]},"t":2.908,"s":[74.334]},{"i":{"x":[0],"y":[1.033]},"o":{"x":[0.127],"y":[0.11]},"t":21.908,"s":[74.334]},{"t":58.181640625,"s":[0]}],"ix":11},"r":{"a":0,"k":0,"ix":10},"p":{"a":1,"k":[{"i":{"x":0.667,"y":0.667},"o":{"x":0.167,"y":0.167},"t":-23,"s":[0.219,1.576,0],"to":[0,0,0],"ti":[0,0,0]},{"i":{"x":0.083,"y":1},"o":{"x":0.081,"y":0},"t":2.908,"s":[0.219,1.576,0],"to":[-2.297,3.047,0],"ti":[2.297,-3.047,0]},{"t":40.908203125,"s":[-13.561,19.861,0]}],"ix":2},"a":{"a":0,"k":[611.414,-960.086,0],"ix":1},"s":{"a":1,"k":[{"i":{"x":[0,0,0.667],"y":[1,1,1]},"o":{"x":[0.199,0.199,0.333],"y":[0,0,0]},"t":2.908,"s":[0.265,0.265,100]},{"t":40.908203125,"s":[2.252,2.252,100]}],"ix":6}},"ao":0,"shapes":[{"ty":"gr","it":[{"ty":"rc","d":1,"s":{"a":0,"k":[294.828,294.828],"ix":2},"p":{"a":0,"k":[0,0],"ix":3},"r":{"a":0,"k":70,"ix":4},"nm":"Rectangle Path 1","mn":"ADBE Vector Shape - Rect","hd":false},{"ty":"fl","c":{"a":0,"k":[1,0.349019607843,0.349019607843,1],"ix":4},"o":{"a":0,"k":100,"ix":5},"r":1,"bm":0,"nm":"Fill 1","mn":"ADBE Vector Graphic - Fill","hd":false},{"ty":"tr","p":{"a":0,"k":[611.414,-960.086],"ix":2},"a":{"a":0,"k":[0,0],"ix":1},"s":{"a":0,"k":[100,100],"ix":3},"r":{"a":0,"k":45,"ix":6},"o":{"a":0,"k":100,"ix":7},"sk":{"a":0,"k":0,"ix":4},"sa":{"a":0,"k":0,"ix":5},"nm":"Transform"}],"nm":"Rectangle 1","np":2,"cix":2,"bm":0,"ix":1,"mn":"ADBE Vector Group","hd":false}],"ip":0,"op":73,"st":-23,"bm":0},{"ddd":0,"ind":6,"ty":4,"nm":"Shape Layer 8","parent":1,"sr":1,"ks":{"o":{"a":1,"k":[{"i":{"x":[0.833],"y":[0.833]},"o":{"x":[0.167],"y":[0.167]},"t":4.637,"s":[74.334]},{"i":{"x":[0],"y":[1.022]},"o":{"x":[0.127],"y":[0.074]},"t":21.908,"s":[74.334]},{"t":46.091796875,"s":[0]}],"ix":11},"r":{"a":0,"k":0,"ix":10},"p":{"a":1,"k":[{"i":{"x":0.667,"y":0.667},"o":{"x":0.167,"y":0.167},"t":-23,"s":[0.219,1.576,0],"to":[0,0,0],"ti":[0,0,0]},{"i":{"x":0.083,"y":1},"o":{"x":0.081,"y":0},"t":4.637,"s":[0.219,1.576,0],"to":[0.352,2.501,0],"ti":[-0.352,-2.501,0]},{"t":42.63671875,"s":[2.329,16.585,0]}],"ix":2},"a":{"a":0,"k":[611.414,-960.086,0],"ix":1},"s":{"a":1,"k":[{"i":{"x":[0,0,0.667],"y":[1,1,1]},"o":{"x":[0.199,0.199,0.333],"y":[0,0,0]},"t":4.637,"s":[0.265,0.265,100]},{"t":42.63671875,"s":[0.662,0.662,100]}],"ix":6}},"ao":0,"shapes":[{"ty":"gr","it":[{"ty":"rc","d":1,"s":{"a":0,"k":[294.828,294.828],"ix":2},"p":{"a":0,"k":[0,0],"ix":3},"r":{"a":0,"k":70,"ix":4},"nm":"Rectangle Path 1","mn":"ADBE Vector Shape - Rect","hd":false},{"ty":"fl","c":{"a":0,"k":[1,0.349019607843,0.349019607843,1],"ix":4},"o":{"a":0,"k":100,"ix":5},"r":1,"bm":0,"nm":"Fill 1","mn":"ADBE Vector Graphic - Fill","hd":false},{"ty":"tr","p":{"a":0,"k":[611.414,-960.086],"ix":2},"a":{"a":0,"k":[0,0],"ix":1},"s":{"a":0,"k":[100,100],"ix":3},"r":{"a":0,"k":45,"ix":6},"o":{"a":0,"k":100,"ix":7},"sk":{"a":0,"k":0,"ix":4},"sa":{"a":0,"k":0,"ix":5},"nm":"Transform"}],"nm":"Rectangle 1","np":2,"cix":2,"bm":0,"ix":1,"mn":"ADBE Vector Group","hd":false}],"ip":0,"op":73,"st":-23,"bm":0},{"ddd":0,"ind":7,"ty":4,"nm":"Shape Layer 6","parent":1,"sr":1,"ks":{"o":{"a":1,"k":[{"i":{"x":[0.833],"y":[0.833]},"o":{"x":[0.167],"y":[0.167]},"t":-0.545,"s":[74.334]},{"i":{"x":[0],"y":[1.033]},"o":{"x":[0.127],"y":[0.11]},"t":23.637,"s":[74.334]},{"t":59.908203125,"s":[0]}],"ix":11},"r":{"a":0,"k":0,"ix":10},"p":{"a":1,"k":[{"i":{"x":0.667,"y":0.667},"o":{"x":0.167,"y":0.167},"t":-23,"s":[0.219,1.576,0],"to":[0,0,0],"ti":[0,0,0]},{"i":{"x":0.083,"y":1},"o":{"x":0.081,"y":0},"t":-0.545,"s":[0.219,1.576,0],"to":[3.691,0.046,0],"ti":[-3.691,-0.046,0]},{"t":37.455078125,"s":[22.363,1.851,0]}],"ix":2},"a":{"a":0,"k":[611.414,-960.086,0],"ix":1},"s":{"a":1,"k":[{"i":{"x":[0,0,0.667],"y":[1,1,1]},"o":{"x":[0.199,0.199,0.333],"y":[0,0,0]},"t":-0.545,"s":[0.265,0.265,100]},{"t":37.455078125,"s":[0.662,0.662,100]}],"ix":6}},"ao":0,"shapes":[{"ty":"gr","it":[{"ty":"rc","d":1,"s":{"a":0,"k":[294.828,294.828],"ix":2},"p":{"a":0,"k":[0,0],"ix":3},"r":{"a":0,"k":70,"ix":4},"nm":"Rectangle Path 1","mn":"ADBE Vector Shape - Rect","hd":false},{"ty":"fl","c":{"a":0,"k":[1,0.349019607843,0.349019607843,1],"ix":4},"o":{"a":0,"k":100,"ix":5},"r":1,"bm":0,"nm":"Fill 1","mn":"ADBE Vector Graphic - Fill","hd":false},{"ty":"tr","p":{"a":0,"k":[611.414,-960.086],"ix":2},"a":{"a":0,"k":[0,0],"ix":1},"s":{"a":0,"k":[100,100],"ix":3},"r":{"a":0,"k":45,"ix":6},"o":{"a":0,"k":100,"ix":7},"sk":{"a":0,"k":0,"ix":4},"sa":{"a":0,"k":0,"ix":5},"nm":"Transform"}],"nm":"Rectangle 1","np":2,"cix":2,"bm":0,"ix":1,"mn":"ADBE Vector Group","hd":false}],"ip":0,"op":73,"st":-23,"bm":0},{"ddd":0,"ind":8,"ty":4,"nm":"Shape Layer 10","parent":1,"sr":1,"ks":{"o":{"a":1,"k":[{"i":{"x":[0.833],"y":[0.833]},"o":{"x":[0.167],"y":[0.167]},"t":-0.545,"s":[74.334]},{"i":{"x":[0],"y":[1.033]},"o":{"x":[0.127],"y":[0.11]},"t":18.801,"s":[74.334]},{"t":58.181640625,"s":[0]}],"ix":11},"r":{"a":0,"k":0,"ix":10},"p":{"a":1,"k":[{"i":{"x":0.667,"y":0.667},"o":{"x":0.167,"y":0.167},"t":-23,"s":[0.219,1.576,0],"to":[0,0,0],"ti":[0,0,0]},{"i":{"x":0.083,"y":1},"o":{"x":0.081,"y":0},"t":-0.545,"s":[0.219,1.576,0],"to":[0.617,-4.071,0],"ti":[-0.617,4.071,0]},{"t":34,"s":[3.919,-22.847,0]}],"ix":2},"a":{"a":0,"k":[611.414,-960.086,0],"ix":1},"s":{"a":1,"k":[{"i":{"x":[0,0,0.667],"y":[1,1,1]},"o":{"x":[0.199,0.199,0.333],"y":[0,0,0]},"t":-0.545,"s":[0.265,0.265,100]},{"t":34,"s":[1.59,1.59,100]}],"ix":6}},"ao":0,"shapes":[{"ty":"gr","it":[{"ty":"rc","d":1,"s":{"a":0,"k":[294.828,294.828],"ix":2},"p":{"a":0,"k":[0,0],"ix":3},"r":{"a":0,"k":70,"ix":4},"nm":"Rectangle Path 1","mn":"ADBE Vector Shape - Rect","hd":false},{"ty":"fl","c":{"a":0,"k":[1,0.349019607843,0.349019607843,1],"ix":4},"o":{"a":0,"k":100,"ix":5},"r":1,"bm":0,"nm":"Fill 1","mn":"ADBE Vector Graphic - Fill","hd":false},{"ty":"tr","p":{"a":0,"k":[611.414,-960.086],"ix":2},"a":{"a":0,"k":[0,0],"ix":1},"s":{"a":0,"k":[100,100],"ix":3},"r":{"a":0,"k":45,"ix":6},"o":{"a":0,"k":100,"ix":7},"sk":{"a":0,"k":0,"ix":4},"sa":{"a":0,"k":0,"ix":5},"nm":"Transform"}],"nm":"Rectangle 1","np":2,"cix":2,"bm":0,"ix":1,"mn":"ADBE Vector Group","hd":false}],"ip":0,"op":73,"st":-23,"bm":0},{"ddd":0,"ind":9,"ty":4,"nm":"Shape Layer 3","parent":1,"sr":1,"ks":{"o":{"a":1,"k":[{"i":{"x":[0.833],"y":[0.833]},"o":{"x":[0.167],"y":[0.167]},"t":2.908,"s":[74.334]},{"i":{"x":[0],"y":[1.033]},"o":{"x":[0.127],"y":[0.11]},"t":27.092,"s":[74.334]},{"t":63.36328125,"s":[0]}],"ix":11},"r":{"a":0,"k":0,"ix":10},"p":{"a":1,"k":[{"i":{"x":0.667,"y":0.667},"o":{"x":0.167,"y":0.167},"t":-23,"s":[0.219,1.576,0],"to":[0,0,0],"ti":[0,0,0]},{"i":{"x":0.083,"y":1},"o":{"x":0.081,"y":0},"t":2.908,"s":[0.219,1.576,0],"to":[-0.655,4.657,0],"ti":[0.655,-4.657,0]},{"t":40.908203125,"s":[-3.713,29.517,0]}],"ix":2},"a":{"a":0,"k":[611.414,-960.086,0],"ix":1},"s":{"a":1,"k":[{"i":{"x":[0,0,0.667],"y":[1,1,1]},"o":{"x":[0.199,0.199,0.333],"y":[0,0,0]},"t":2.908,"s":[0.265,0.265,100]},{"t":40.908203125,"s":[1.59,1.59,100]}],"ix":6}},"ao":0,"shapes":[{"ty":"gr","it":[{"ty":"rc","d":1,"s":{"a":0,"k":[294.828,294.828],"ix":2},"p":{"a":0,"k":[0,0],"ix":3},"r":{"a":0,"k":70,"ix":4},"nm":"Rectangle Path 1","mn":"ADBE Vector Shape - Rect","hd":false},{"ty":"fl","c":{"a":0,"k":[1,0.349019607843,0.349019607843,1],"ix":4},"o":{"a":0,"k":100,"ix":5},"r":1,"bm":0,"nm":"Fill 1","mn":"ADBE Vector Graphic - Fill","hd":false},{"ty":"tr","p":{"a":0,"k":[611.414,-960.086],"ix":2},"a":{"a":0,"k":[0,0],"ix":1},"s":{"a":0,"k":[100,100],"ix":3},"r":{"a":0,"k":45,"ix":6},"o":{"a":0,"k":100,"ix":7},"sk":{"a":0,"k":0,"ix":4},"sa":{"a":0,"k":0,"ix":5},"nm":"Transform"}],"nm":"Rectangle 1","np":2,"cix":2,"bm":0,"ix":1,"mn":"ADBE Vector Group","hd":false}],"ip":0,"op":73,"st":-23,"bm":0},{"ddd":0,"ind":10,"ty":4,"nm":"Shape Layer 2","parent":1,"sr":1,"ks":{"o":{"a":1,"k":[{"i":{"x":[0.833],"y":[0.833]},"o":{"x":[0.167],"y":[0.167]},"t":-2.273,"s":[74.334]},{"i":{"x":[0],"y":[1.033]},"o":{"x":[0.127],"y":[0.11]},"t":35.727,"s":[74.334]},{"t":72,"s":[0]}],"ix":11},"r":{"a":0,"k":0,"ix":10},"p":{"a":1,"k":[{"i":{"x":0.667,"y":0.667},"o":{"x":0.167,"y":0.167},"t":-23,"s":[0.219,1.576,0],"to":[0,0,0],"ti":[0,0,0]},{"i":{"x":0.083,"y":1},"o":{"x":0.081,"y":0},"t":-2.273,"s":[0.219,1.576,0],"to":[-2.685,-2.718,0],"ti":[2.685,2.718,0]},{"t":49.544921875,"s":[-15.893,-14.73,0]}],"ix":2},"a":{"a":0,"k":[611.414,-960.086,0],"ix":1},"s":{"a":1,"k":[{"i":{"x":[0,0,0.667],"y":[1,1,1]},"o":{"x":[0.199,0.199,0.333],"y":[0,0,0]},"t":-2.273,"s":[0.265,0.265,100]},{"t":49.544921875,"s":[2.385,2.385,100]}],"ix":6}},"ao":0,"shapes":[{"ty":"gr","it":[{"ty":"rc","d":1,"s":{"a":0,"k":[294.828,294.828],"ix":2},"p":{"a":0,"k":[0,0],"ix":3},"r":{"a":0,"k":70,"ix":4},"nm":"Rectangle Path 1","mn":"ADBE Vector Shape - Rect","hd":false},{"ty":"fl","c":{"a":0,"k":[1,0.349019607843,0.349019607843,1],"ix":4},"o":{"a":0,"k":100,"ix":5},"r":1,"bm":0,"nm":"Fill 1","mn":"ADBE Vector Graphic - Fill","hd":false},{"ty":"tr","p":{"a":0,"k":[611.414,-960.086],"ix":2},"a":{"a":0,"k":[0,0],"ix":1},"s":{"a":0,"k":[100,100],"ix":3},"r":{"a":0,"k":45,"ix":6},"o":{"a":0,"k":100,"ix":7},"sk":{"a":0,"k":0,"ix":4},"sa":{"a":0,"k":0,"ix":5},"nm":"Transform"}],"nm":"Rectangle 1","np":2,"cix":2,"bm":0,"ix":1,"mn":"ADBE Vector Group","hd":false}],"ip":0,"op":73,"st":-23,"bm":0},{"ddd":0,"ind":11,"ty":4,"nm":"Shape Layer 1","parent":1,"sr":1,"ks":{"o":{"a":1,"k":[{"i":{"x":[0.833],"y":[0.833]},"o":{"x":[0.167],"y":[0.167]},"t":2.908,"s":[74.334]},{"i":{"x":[0],"y":[1.033]},"o":{"x":[0.127],"y":[0.11]},"t":27.092,"s":[74.334]},{"t":63.36328125,"s":[0]}],"ix":11},"r":{"a":0,"k":0,"ix":10},"p":{"a":1,"k":[{"i":{"x":0.667,"y":0.667},"o":{"x":0.167,"y":0.167},"t":-23,"s":[0.219,1.576,0],"to":[0,0,0],"ti":[0,0,0]},{"i":{"x":0.083,"y":1},"o":{"x":0.081,"y":0},"t":2.908,"s":[0.219,1.576,0],"to":[2.191,-2.888,0],"ti":[-2.191,2.888,0]},{"t":40.908203125,"s":[13.363,-15.755,0]}],"ix":2},"a":{"a":0,"k":[611.414,-960.086,0],"ix":1},"s":{"a":1,"k":[{"i":{"x":[0,0,0.667],"y":[1,1,1]},"o":{"x":[0.199,0.199,0.333],"y":[0,0,0]},"t":2.908,"s":[0.265,0.265,100]},{"t":40.908203125,"s":[1.298,1.298,100]}],"ix":6}},"ao":0,"shapes":[{"ty":"gr","it":[{"ty":"rc","d":1,"s":{"a":0,"k":[294.828,294.828],"ix":2},"p":{"a":0,"k":[0,0],"ix":3},"r":{"a":0,"k":70,"ix":4},"nm":"Rectangle Path 1","mn":"ADBE Vector Shape - Rect","hd":false},{"ty":"fl","c":{"a":0,"k":[1,0.349019607843,0.349019607843,1],"ix":4},"o":{"a":0,"k":100,"ix":5},"r":1,"bm":0,"nm":"Fill 1","mn":"ADBE Vector Graphic - Fill","hd":false},{"ty":"tr","p":{"a":0,"k":[611.414,-960.086],"ix":2},"a":{"a":0,"k":[0,0],"ix":1},"s":{"a":0,"k":[100,100],"ix":3},"r":{"a":0,"k":45,"ix":6},"o":{"a":0,"k":100,"ix":7},"sk":{"a":0,"k":0,"ix":4},"sa":{"a":0,"k":0,"ix":5},"nm":"Transform"}],"nm":"Rectangle 1","np":2,"cix":2,"bm":0,"ix":1,"mn":"ADBE Vector Group","hd":false}],"ip":0,"op":73,"st":-23,"bm":0}]}],"layers":[{"ddd":0,"ind":1,"ty":0,"nm":"Badge SHINE","refId":"comp_0","sr":1,"ks":{"o":{"a":0,"k":100,"ix":11},"r":{"a":0,"k":0,"ix":10},"p":{"a":0,"k":[125,140,0],"ix":2},"a":{"a":0,"k":[100,100,0],"ix":1},"s":{"a":0,"k":[100,100,100],"ix":6}},"ao":0,"w":200,"h":200,"ip":-44,"op":556,"st":-44,"bm":0},{"ddd":0,"ind":2,"ty":0,"nm":"Sparkles - JSON EXPORT","refId":"comp_5","sr":1,"ks":{"o":{"a":0,"k":70,"ix":11},"r":{"a":0,"k":0,"ix":10},"p":{"a":0,"k":[128,145,0],"ix":2},"a":{"a":0,"k":[91,109,0],"ix":1},"s":{"a":0,"k":[120.642,120.642,100],"ix":6}},"ao":0,"w":182,"h":218,"ip":2,"op":75,"st":2,"bm":0}],"markers":[]}